mkdir -p -- ./binutils
mkdir -p -- ./libiberty
mkdir -p -- ./zlib
mkdir -p -- ./libsframe
Configuring in ./binutils
Configuring in ./libiberty
Configuring in ./zlib
Configuring in ./libsframe
configure: loading site script /etc/config.site
configure: creating cache ./config.cache
configure: loading site script /etc/config.site
configure: loading site script /etc/config.site
configure: loading site script /etc/config.site
configure: creating cache ./config.cache
configure: creating cache ./config.cache
configure: creating cache ./config.cache
checking whether to enable maintainer-specific portions of Makefiles... no
checking for makeinfo... /c/Users/Syf/Desktop/BS4/tools/binutils-src/missing makeinfo
configure: WARNING:
*** Makeinfo is missing. Info documentation will not be built.
checking for perl... perl
checking build system type... checking build system type... checking build system type... checking build system type... x86_64-pc-cygwin
checking host system type... x86_64-pc-cygwin
checking host system type... x86_64-pc-cygwin
x86_64-pc-cygwin
checking host system type... checking host system type... x86_64-pc-cygwin
checking target system type... x86_64-pc-cygwin
checking target system type... x86_64-pc-cygwin
checking target system type... x86_64-pc-cygwin
checking for x86_64-pc-cygwin-ar... ar 
checking for x86_64-pc-cygwin-ranlib... ranlib 
checking whether to install libiberty headers and static library... no
configure: target_header_dir = 
checking for x86_64-pc-cygwin-gcc... gcc
i686-pc-elf
checking for a BSD-compatible install... i686-pc-elf
checking for a BSD-compatible install... i686-pc-elf
checking for x86_64-pc-cygwin-gcc... gcc
/usr/bin/install -c
checking whether build environment is sane... /usr/bin/install -c
checking whether build environment is sane... yes
yes
checking for a thread-safe mkdir -p... checking for a thread-safe mkdir -p... /usr/bin/mkdir -p
checking for gawk... gawk
checking whether make sets $(MAKE)... /usr/bin/mkdir -p
checking for gawk... gawk
checking whether make sets $(MAKE)... checking whether the C compiler works... yes
yes
checking whether make supports nested variables... checking whether make supports nested variables... yes
yes
checking whether the C compiler works... checking whether to enable maintainer-specific portions of Makefiles... checking whether make supports nested variables... no
(cached) yes
checking for x86_64-pc-cygwin-gcc... checking for x86_64-pc-cygwin-gcc... gcc
gcc
yes
checking for C compiler default output file name... a.exe
checking for suffix of executables... checking whether the C compiler works... yes
checking for C compiler default output file name... a.exe
checking for suffix of executables... .exe
checking whether we are cross compiling... yes
checking for C compiler default output file name... a.exe
checking for suffix of executables... .exe
checking whether we are cross compiling... .exe
checking whether we are cross compiling... no
checking for suffix of object files... o
checking whether we are using the GNU C compiler... yes
checking whether gcc accepts -g... yes
checking for gcc option to accept ISO C89... no
checking for suffix of object files... checking whether the C compiler works... none needed
checking whether gcc understands -c and -o together... o
checking whether we are using the GNU C compiler... yes
checking how to run the C preprocessor... no
checking for suffix of object files... yes
checking whether gcc accepts -g... o
checking whether we are using the GNU C compiler... yes
checking for gcc option to accept ISO C89... yes
checking for C compiler default output file name... a.exe
checking for suffix of executables... gcc -E
yes
checking whether gcc accepts -g... yes
checking for gcc option to accept ISO C89... none needed
checking whether gcc understands -c and -o together... .exe
checking for grep that handles long lines and -e... /usr/bin/grep
checking for egrep... checking whether we are cross compiling... yes
/usr/bin/grep -E
checking for ANSI C header files... checking for style of include used by make... none needed
checking how to run the C preprocessor... GNU
checking dependency style of gcc... gcc -E
gcc3
checking how to run the C preprocessor... checking for grep that handles long lines and -e... /usr/bin/grep
checking for egrep... /usr/bin/grep -E
checking for ANSI C header files... gcc -E
no
checking for suffix of object files... o
checking whether we are using the GNU C compiler... checking for grep that handles long lines and -e... /usr/bin/grep
checking for egrep... /usr/bin/grep -E
checking for ANSI C header files... yes
checking whether gcc accepts -g... yes
checking for gcc option to accept ISO C89... yes
checking for sys/types.h... none needed
checking whether gcc understands -c and -o together... yes
checking for style of include used by make... yes
GNU
checking dependency style of gcc... checking for sys/stat.h... yes
gcc3
checking for CET support... no
checking how to print strings... yes
checking for stdlib.h... printf
checking for a sed that does not truncate output... /usr/bin/sed
checking for sys/types.h... checking for grep that handles long lines and -e... /usr/bin/grep
checking for egrep... /usr/bin/grep -E
checking for fgrep... /usr/bin/grep -F
checking for ld used by gcc... yes
yes
checking for string.h... checking for sys/stat.h... yes
yes
/usr/lib/gcc/x86_64-pc-cygwin/15.3.0/../../../../x86_64-pc-cygwin/bin/ld.exe
checking if the linker (/usr/lib/gcc/x86_64-pc-cygwin/15.3.0/../../../../x86_64-pc-cygwin/bin/ld.exe) is GNU ld... yes
checking for BSD- or MS-compatible name lister (nm)... checking for memory.h... checking for stdlib.h... yes
yes
checking for string.h... checking for strings.h... yes
yes
checking for memory.h... checking for inttypes.h... yes
yes
checking for strings.h... checking for stdint.h... yes
yes
checking for inttypes.h... checking for unistd.h... no
checking for x86_64-pc-cygwin-dumpbin... no
checking for x86_64-pc-cygwin-link... no
checking for dumpbin... no
checking for link... link -dump
checking the name lister (nm ) interface... yes
yes
checking minix/config.h usability... checking for stdint.h... BSD nm
checking whether ln -s works... no, using cp -pR
checking the maximum length of command line arguments... 8192
checking whether the shell understands some XSI constructs... yes
yes
checking whether the shell understands "+="... yes
no
checking minix/config.h presence... checking for /usr/lib/gcc/x86_64-pc-cygwin/15.3.0/../../../../x86_64-pc-cygwin/bin/ld.exe option to reload object files... -r
checking for x86_64-pc-cygwin-objdump... objdump
checking how to recognize dependent libraries... file_magic ^x86 archive import|^x86 DLL
checking how to run the C preprocessor... checking for unistd.h... no
checking for minix/config.h... no
checking whether it is safe to define __EXTENSIONS__... yes
gcc -E
checking minix/config.h usability... yes
checking for a BSD-compatible install... /usr/bin/install -c
checking whether build environment is sane... yes
checking for clang... no
checking minix/config.h presence... no
checking for x86_64-pc-cygwin-llvm-config... no
checking for llvm-config... llvm-config
checking for x86_64-pc-cygwin-ar... ar 
checking for -plugin option... checking for a thread-safe mkdir -p... /usr/bin/mkdir -p
checking for gawk... gawk
checking whether make sets $(MAKE)... no
checking for minix/config.h... no
checking whether it is safe to define __EXTENSIONS__... no
checking for x86_64-pc-cygwin-ar... (cached) ar 
checking for x86_64-pc-cygwin-strip... no
checking for strip... strip
checking for x86_64-pc-cygwin-ranlib... ranlib 
checking command to parse nm  output from gcc object... yes
checking for style of include used by make... yes
checking whether byte ordering is bigendian... GNU
checking whether make supports nested variables... yes
checking dependency style of gcc... gcc3
checking whether make supports nested variables... (cached) yes
checking whether make sets $(MAKE)... no
checking how to print strings... (cached) yes
checking for x86_64-pc-cygwin-gcc... (cached) gcc
ok
checking for ANSI C header files... printf
checking for a sed that does not truncate output... /usr/bin/sed
checking for fgrep... /usr/bin/grep -F
checking for ld used by gcc... checking whether we are using the GNU C compiler... (cached) yes
checking whether gcc accepts -g... (cached) yes
checking for gcc option to accept ISO C89... (cached) none needed
checking whether gcc understands -c and -o together... (cached) yes
checking for x86_64-pc-cygwin-ranlib... ranlib 
checking for x86_64-pc-cygwin-ar... ar 
checking the archiver (ar ) interface... /usr/lib/gcc/x86_64-pc-cygwin/15.3.0/../../../../x86_64-pc-cygwin/bin/ld.exe
checking if the linker (/usr/lib/gcc/x86_64-pc-cygwin/15.3.0/../../../../x86_64-pc-cygwin/bin/ld.exe) is GNU ld... yes
checking for BSD- or MS-compatible name lister (nm)... ar
checking how to print strings... printf
checking for a sed that does not truncate output... /usr/bin/sed
checking for fgrep... /usr/bin/grep -F
checking for ld used by gcc... yes
checking for sys/types.h... yes
/usr/lib/gcc/x86_64-pc-cygwin/15.3.0/../../../../x86_64-pc-cygwin/bin/ld.exe
checking if the linker (/usr/lib/gcc/x86_64-pc-cygwin/15.3.0/../../../../x86_64-pc-cygwin/bin/ld.exe) is GNU ld... yes
checking for BSD- or MS-compatible name lister (nm)... checking for sys/stat.h... yes
checking for stdlib.h... yes
checking for string.h... no
checking for x86_64-pc-cygwin-dumpbin... no
checking for x86_64-pc-cygwin-link... no
checking for dumpbin... no
checking for link... link -dump
yes
checking the name lister (nm ) interface... checking for memory.h... BSD nm
checking whether ln -s works... no, using cp -pR
checking the maximum length of command line arguments... 8192
checking whether the shell understands some XSI constructs... yes
checking whether the shell understands "+="... yes
yes
checking for /usr/lib/gcc/x86_64-pc-cygwin/15.3.0/../../../../x86_64-pc-cygwin/bin/ld.exe option to reload object files... -r
checking for x86_64-pc-cygwin-objdump... objdump
checking how to recognize dependent libraries... file_magic ^x86 archive import|^x86 DLL
checking for clang... checking for strings.h... no
checking for x86_64-pc-cygwin-llvm-config... no
checking for llvm-config... llvm-config
checking for x86_64-pc-cygwin-ar... ar 
checking for -plugin option... no
checking for x86_64-pc-cygwin-dumpbin... no
checking for x86_64-pc-cygwin-link... no
checking for dumpbin... no
checking for link... link -dump
no
checking for x86_64-pc-cygwin-ar... (cached) ar 
checking for x86_64-pc-cygwin-strip... no
checking for strip... strip
checking for x86_64-pc-cygwin-ranlib... ranlib 
checking command to parse nm  output from gcc object... checking the name lister (nm ) interface... yes
checking for inttypes.h... yes
checking for sys/types.h... BSD nm
checking whether ln -s works... no, using cp -pR
checking the maximum length of command line arguments... 8192
checking whether the shell understands some XSI constructs... yes
checking whether the shell understands "+="... yes
yes
checking for /usr/lib/gcc/x86_64-pc-cygwin/15.3.0/../../../../x86_64-pc-cygwin/bin/ld.exe option to reload object files... -r
checking for x86_64-pc-cygwin-objdump... objdump
checking how to recognize dependent libraries... file_magic ^x86 archive import|^x86 DLL
checking for clang... yes
no
checking for x86_64-pc-cygwin-llvm-config... no
checking for llvm-config... llvm-config
checking for x86_64-pc-cygwin-ar... (cached) ar 
checking for -plugin option... checking for stdint.h... checking for sys/stat.h... no
checking for x86_64-pc-cygwin-ar... (cached) ar 
checking for x86_64-pc-cygwin-strip... no
checking for strip... strip
checking for x86_64-pc-cygwin-ranlib... (cached) ranlib 
checking command to parse nm  output from gcc object... yes
yes
checking for unistd.h... ok
checking for dlfcn.h... checking for stdlib.h... yes
checking for objdir... .libs
yes
yes
checking minix/config.h usability... checking for string.h... ok
checking for dlfcn.h... yes
no
checking minix/config.h presence... yes
checking if gcc supports -fno-rtti -fno-exceptions... checking for memory.h... checking for objdir... .libs
no
checking for minix/config.h... no
checking whether it is safe to define __EXTENSIONS__... yes
yes
no
checking for gcc option to produce PIC... -DDLL_EXPORT -DPIC
checking if gcc PIC flag -DDLL_EXPORT -DPIC works... checking for special C compiler options needed for large files... no
checking for _FILE_OFFSET_BITS value needed for large files... checking for strings.h... no
checking for clang... yes
yes
checking if gcc static flag -static works... checking if gcc supports -fno-rtti -fno-exceptions... no
checking for x86_64-pc-cygwin-llvm-config... no
checking for llvm-config... llvm-config
checking for x86_64-pc-cygwin-ar... (cached) ar 
checking for -plugin option... checking for inttypes.h... no
checking whether gcc supports -W... yes
yes
checking if gcc supports -c -o file.o... no
checking for gcc option to produce PIC... -DDLL_EXPORT -DPIC
checking if gcc PIC flag -DDLL_EXPORT -DPIC works... yes
checking whether gcc supports -Wall... checking for stdint.h... yes
checking if gcc static flag -static works... yes
yes
checking whether gcc supports -Wwrite-strings... yes
checking if gcc supports -c -o file.o... (cached) yes
checking whether the gcc linker (/usr/lib/gcc/x86_64-pc-cygwin/15.3.0/../../../../x86_64-pc-cygwin/bin/ld.exe) supports shared libraries... checking for unistd.h... yes
yes
checking dynamic linker characteristics... checking whether gcc supports -Wc++-compat... yes
checking if gcc supports -c -o file.o... yes
yes
Win32 ld.exe
checking how to hardcode library paths into programs... immediate
checking whether stripping libraries is possible... checking for dlfcn.h... checking whether gcc supports -Wstrict-prototypes... yes
checking if libtool supports shared libraries... yes
checking whether to build shared libraries... no
checking whether to build static libraries... yes
checking for dlfcn.h... (cached) yes
checking for windows.h... yes
checking for objdir... yes
checking if gcc supports -c -o file.o... (cached) yes
checking whether the gcc linker (/usr/lib/gcc/x86_64-pc-cygwin/15.3.0/../../../../x86_64-pc-cygwin/bin/ld.exe) supports shared libraries... .libs
yes
yes
checking dynamic linker characteristics... checking whether gcc supports -Wshadow=local... yes
checking whether gcc supports -pedantic ... Win32 ld.exe
checking how to hardcode library paths into programs... immediate
checking whether stripping libraries is possible... yes
checking if libtool supports shared libraries... yes
checking whether to build shared libraries... no
checking whether to build static libraries... yes
checking for special C compiler options needed for large files... no
checking for _FILE_OFFSET_BITS value needed for large files... yes
checking whether gcc and cc understand -c and -o together... checking if gcc supports -fno-rtti -fno-exceptions... no
checking for aclocal... ${SHELL} /c/Users/Syf/Desktop/BS4/tools/binutils-src/missing aclocal-1.15
checking for autoconf... ${SHELL} /c/Users/Syf/Desktop/BS4/tools/binutils-src/missing autoconf
checking for autoheader... ${SHELL} /c/Users/Syf/Desktop/BS4/tools/binutils-src/missing autoheader
checking whether gcc supports -Wall... yes
no
checking for gcc option to produce PIC... -DDLL_EXPORT -DPIC
checking if gcc PIC flag -DDLL_EXPORT -DPIC works... checking whether gcc supports -Wextra... yes
yes
checking for an ANSI C-conforming const... checking whether gcc supports -Wwrite-strings... yes
checking if gcc static flag -static works... yes
checking for inline... yes
checking whether gcc supports -Wmissing-format-attribute... inline
checking whether byte ordering is bigendian... yes
yes
checking if gcc supports -c -o file.o... checking whether gcc supports -Wstrict-prototypes... yes
yes
checking if gcc supports -c -o file.o... (cached) yes
checking whether the gcc linker (/usr/lib/gcc/x86_64-pc-cygwin/15.3.0/../../../../x86_64-pc-cygwin/bin/ld.exe) supports shared libraries... checking whether gcc supports -Wmissing-prototypes... no
checking for a BSD-compatible install... yes
checking dynamic linker characteristics... yes
checking for incompatibility between DejaGnu and GCC... 
/usr/bin/install -c
checking for CET support... no
checking target system type... i686-pc-elf
Win32 ld.exe
checking how to hardcode library paths into programs... immediate
checking whether stripping libraries is possible... yes
checking if libtool supports shared libraries... yes
checking whether to build shared libraries... no
checking whether to build static libraries... yes
checking how to run the C preprocessor... gcc -E
no
checking for makeinfo... /c/Users/Syf/Desktop/BS4/tools/binutils-src/missing makeinfo
configure: WARNING:
*** Makeinfo is missing. Info documentation will not be built.
checking if using Solaris linker... checking for sys/file.h... no
yes
checking whether to enable maintainer-specific portions of Makefiles... no
checking whether to install libbfd... no
yes
checking for stdlib.h... (cached) yes
checking for library containing dlsym... yes
checking for unistd.h... (cached) yes
checking for stdlib.h... (cached) yes
checking for sys/param.h... checking for sys/param.h... yes
checking for unistd.h... (cached) yes
checking for sys/param.h... checking for limits.h... yes
none required
checking for special C compiler options needed for large files... no
checking for _FILE_OFFSET_BITS value needed for large files... checking for getpagesize... yes
yes
no
checking for stdlib.h... (cached) yes
checking for getpagesize... checking for x86_64-pc-cygwin-pkg-config... /usr/bin/x86_64-pc-cygwin-pkg-config
checking pkg-config is at least version 0.9.0... checking for malloc.h... yes
checking whether to use debuginfod... auto
checking for libdebuginfod >= 0.188... no
yes
configure: WARNING: libdebuginfod is missing or some features may be unavailable.
checking for libdebuginfod >= 0.179... no
checking for string.h... (cached) yes
configure: WARNING: libdebuginfod is missing or unusable; some features may be unavailable.
yes
checking for working mmap... yes
checking for working mmap... checking for unistd.h... (cached) yes
checking for strings.h... (cached) yes
checking for sys/time.h... yes
Setting warning flags = -W -Wall -Wstrict-prototypes -Wmissing-prototypes -Wshadow -Wstack-usage=262144
checking for bison... bison -y
checking for flex... flex
checking for time.h... yes
checking lex output file root... lex.yy
checking lex library... checking for sys/resource.h... yes
yes
checking for sys/stat.h... (cached) yes
checking byteswap.h usability... checking for sys/mman.h... yes
checking byteswap.h presence... yes
yes
checking for byteswap.h... yes
checking for fcntl.h... checking endian.h usability... yes
yes
checking endian.h presence... checking for alloca.h... yes
checking for endian.h... yes
yes
checking for sys/pstat.h... checking whether bswap_16 is declared... yes
checking for memcpy... yes
no
checking whether bswap_32 is declared... checking for sys/sysmp.h... yes
no
checking whether bswap_64 is declared... checking for sys/sysinfo.h... yes
yes
checking for machine/hal_sysinfo.h... configure: updating cache ./config.cache
checking that generated files are newer than configure... done
configure: creating ./config.status
no
checking for sys/table.h... -lfl
checking whether yytext is a pointer... no
checking for sys/sysctl.h... no
checking for sys/systemcfg.h... yes
checking for strerror... no
checking for stdint.h... (cached) yes
yes
checking whether NLS is requested... no
checking for msgfmt... checking for stdio_ext.h... /usr/bin/msgfmt
checking for gmsgfmt... /usr/bin/msgfmt
yes
checking for xgettext... yes
checking for process.h... checking for unistd.h... (cached) yes
/usr/bin/xgettext
checking for msgmerge... yes
/usr/bin/msgmerge
checking for sys/prctl.h... configure: updating cache ./config.cache
checking for ld used by GCC... checking that generated files are newer than configure... done
configure: creating ./config.status
no
checking for spawn.h... yes
/usr/lib/gcc/x86_64-pc-cygwin/15.3.0/../../../../x86_64-pc-cygwin/bin/ld.exe
checking if the linker (/usr/lib/gcc/x86_64-pc-cygwin/15.3.0/../../../../x86_64-pc-cygwin/bin/ld.exe) is GNU ld... yes
checking for shared library run path origin... checking for libgen.h... yes
checking for sys/wait.h that is POSIX.1 compatible... done
checking for CFPreferencesCopyAppValue... yes
checking whether time.h and sys/time.h may both be included... yes
checking whether errno must be declared... no
checking for CFLocaleCopyPreferredLanguages... no
checking size of int... no
checking whether to use NLS... no
checking whether NLS is requested... no
checking whether to enable maintainer-specific portions of Makefiles... no
checking for x86_64-pc-cygwin-ranlib... (cached) ranlib 
checking fcntl.h usability... yes
checking fcntl.h presence... yes
checking for fcntl.h... yes
4
checking for inttypes.h... (cached) yes
checking size of long... checking for stdint.h... (cached) yes
checking sys/file.h usability... yes
checking sys/file.h presence... yes
checking for sys/file.h... yes
checking for sys/stat.h... (cached) yes
checking sys/time.h usability... 8
checking size of size_t... yes
checking sys/time.h presence... yes
checking for sys/time.h... yes
checking for sys/types.h... (cached) yes
checking for unistd.h... (cached) yes
checking for sys/wait.h that is POSIX.1 compatible... 8
checking for long long... yes
checking for stdlib.h... (cached) yes
checking for unistd.h... (cached) yes
checking for sys/param.h... yes
checking size of long long... yes
checking for getpagesize... yes
checking for working mmap... 8
checking for a 64-bit type... uint64_t
checking for intptr_t... yes
checking for uintptr_t... yes
checking for fseeko... yes
checking for ssize_t... yes
checking for fseeko64... yes
checking for pid_t... config.status: creating Makefile
no
checking for getc_unlocked... config.status: creating config.h
yes
checking for library containing strerror... config.status: executing depfiles commands
none required
checking for asprintf... yes
config.status: executing libtool commands
checking for atexit... config.status: creating Makefile
config.status: executing depfiles commands
yes
yes
checking for mkdtemp... checking for basename... mkdir -p -- ./gas
Configuring in ./gas
yes
yes
checking for mkstemp... checking for bcmp... yes
config.status: executing libtool commands
checking for utimensat... yes
checking for bcopy... yes
checking for utimes... yes
make[1]: Entering directory '/c/Users/Syf/Desktop/BS4/tools/binutils-build/libsframe'
make  all-am
yes
make[2]: Entering directory '/c/Users/Syf/Desktop/BS4/tools/binutils-build/libsframe'
checking for bsearch...   CC       libsframe_la-sframe.lo
checking for mbstate_t... yes
checking for struct stat.st_atim.tv_nsec... yes
yes
checking whether struct stat.st_atim is of type struct timespec... checking for bzero... yes
checking for library containing frexp... configure: loading site script /etc/config.site
configure: creating cache ./config.cache
checking build system type... yes
  CC       libsframe_la-sframe-dump.lo
x86_64-pc-cygwin
checking host system type... x86_64-pc-cygwin
checking target system type... checking for calloc... i686-pc-elf
checking for a BSD-compatible install... /usr/bin/install -c
checking whether build environment is sane... yes
checking for a thread-safe mkdir -p... /usr/bin/mkdir -p
checking for gawk... gawk
checking whether make sets $(MAKE)...   CC       libsframe_la-sframe-error.lo
yes
yes
checking for clock... checking whether make supports nested variables... yes
checking whether make supports nested variables... (cached) yes
checking for x86_64-pc-cygwin-gcc... gcc
none required
checking for LC_MESSAGES...   CCLD     libsframe.la
yes
libtool: link: warning: `-version-info/-version-number' is ignored for convenience libraries
checking for ffs... checking whether the C compiler works... yes
checking for a known getopt prototype in unistd.h... yes
checking for utime.h... yes
checking for C compiler default output file name... a.exe
checking for suffix of executables... yes
make[2]: Leaving directory '/c/Users/Syf/Desktop/BS4/tools/binutils-build/libsframe'
make[1]: Leaving directory '/c/Users/Syf/Desktop/BS4/tools/binutils-build/libsframe'
checking whether environ is declared... .exe
yes
make[1]: Entering directory '/c/Users/Syf/Desktop/BS4/tools/binutils-build/zlib'
gcc -DPACKAGE_NAME=\"zlib\" -DPACKAGE_TARNAME=\"zlib\" -DPACKAGE_VERSION=\"1.3.1\" -DPACKAGE_STRING=\"zlib\ 1.3.1\" -DPACKAGE_BUGREPORT=\"\" -DPACKAGE_URL=\"\" -DPACKAGE=\"zlib\" -DVERSION=\"1.3.1\" -DSTDC_HEADERS=1 -DHAVE_SYS_TYPES_H=1 -DHAVE_SYS_STAT_H=1 -DHAVE_STDLIB_H=1 -DHAVE_STRING_H=1 -DHAVE_MEMORY_H=1 -DHAVE_STRINGS_H=1 -DHAVE_INTTYPES_H=1 -DHAVE_STDINT_H=1 -DHAVE_UNISTD_H=1 -DHAVE_DLFCN_H=1 -DLT_OBJDIR=\".libs/\" -DHAVE_STDLIB_H=1 -DHAVE_UNISTD_H=1 -DHAVE_SYS_PARAM_H=1 -DHAVE_GETPAGESIZE=1 -DHAVE_MMAP=1 -DHAVE_MEMCPY=1 -DHAVE_STRERROR=1 -DHAVE_UNISTD_H=1 -I. -I/c/Users/Syf/Desktop/BS4/tools/binutils-src/zlib      -g -O2   -MT libz_a-adler32.o -MD -MP -MF .deps/libz_a-adler32.Tpo -c -o libz_a-adler32.o `test -f 'adler32.c' || echo '/c/Users/Syf/Desktop/BS4/tools/binutils-src/zlib/'`adler32.c
checking whether we are cross compiling... checking whether getc_unlocked is declared... mv -f .deps/libz_a-adler32.Tpo .deps/libz_a-adler32.Po
gcc -DPACKAGE_NAME=\"zlib\" -DPACKAGE_TARNAME=\"zlib\" -DPACKAGE_VERSION=\"1.3.1\" -DPACKAGE_STRING=\"zlib\ 1.3.1\" -DPACKAGE_BUGREPORT=\"\" -DPACKAGE_URL=\"\" -DPACKAGE=\"zlib\" -DVERSION=\"1.3.1\" -DSTDC_HEADERS=1 -DHAVE_SYS_TYPES_H=1 -DHAVE_SYS_STAT_H=1 -DHAVE_STDLIB_H=1 -DHAVE_STRING_H=1 -DHAVE_MEMORY_H=1 -DHAVE_STRINGS_H=1 -DHAVE_INTTYPES_H=1 -DHAVE_STDINT_H=1 -DHAVE_UNISTD_H=1 -DHAVE_DLFCN_H=1 -DLT_OBJDIR=\".libs/\" -DHAVE_STDLIB_H=1 -DHAVE_UNISTD_H=1 -DHAVE_SYS_PARAM_H=1 -DHAVE_GETPAGESIZE=1 -DHAVE_MMAP=1 -DHAVE_MEMCPY=1 -DHAVE_STRERROR=1 -DHAVE_UNISTD_H=1 -I. -I/c/Users/Syf/Desktop/BS4/tools/binutils-src/zlib      -g -O2   -MT libz_a-compress.o -MD -MP -MF .deps/libz_a-compress.Tpo -c -o libz_a-compress.o `test -f 'compress.c' || echo '/c/Users/Syf/Desktop/BS4/tools/binutils-src/zlib/'`compress.c
yes
mv -f .deps/libz_a-compress.Tpo .deps/libz_a-compress.Po
checking whether stpcpy is declared... gcc -DPACKAGE_NAME=\"zlib\" -DPACKAGE_TARNAME=\"zlib\" -DPACKAGE_VERSION=\"1.3.1\" -DPACKAGE_STRING=\"zlib\ 1.3.1\" -DPACKAGE_BUGREPORT=\"\" -DPACKAGE_URL=\"\" -DPACKAGE=\"zlib\" -DVERSION=\"1.3.1\" -DSTDC_HEADERS=1 -DHAVE_SYS_TYPES_H=1 -DHAVE_SYS_STAT_H=1 -DHAVE_STDLIB_H=1 -DHAVE_STRING_H=1 -DHAVE_MEMORY_H=1 -DHAVE_STRINGS_H=1 -DHAVE_INTTYPES_H=1 -DHAVE_STDINT_H=1 -DHAVE_UNISTD_H=1 -DHAVE_DLFCN_H=1 -DLT_OBJDIR=\".libs/\" -DHAVE_STDLIB_H=1 -DHAVE_UNISTD_H=1 -DHAVE_SYS_PARAM_H=1 -DHAVE_GETPAGESIZE=1 -DHAVE_MMAP=1 -DHAVE_MEMCPY=1 -DHAVE_STRERROR=1 -DHAVE_UNISTD_H=1 -I. -I/c/Users/Syf/Desktop/BS4/tools/binutils-src/zlib      -g -O2   -MT libz_a-crc32.o -MD -MP -MF .deps/libz_a-crc32.Tpo -c -o libz_a-crc32.o `test -f 'crc32.c' || echo '/c/Users/Syf/Desktop/BS4/tools/binutils-src/zlib/'`crc32.c
yes
yes
mv -f .deps/libz_a-crc32.Tpo .deps/libz_a-crc32.Po
gcc -DPACKAGE_NAME=\"zlib\" -DPACKAGE_TARNAME=\"zlib\" -DPACKAGE_VERSION=\"1.3.1\" -DPACKAGE_STRING=\"zlib\ 1.3.1\" -DPACKAGE_BUGREPORT=\"\" -DPACKAGE_URL=\"\" -DPACKAGE=\"zlib\" -DVERSION=\"1.3.1\" -DSTDC_HEADERS=1 -DHAVE_SYS_TYPES_H=1 -DHAVE_SYS_STAT_H=1 -DHAVE_STDLIB_H=1 -DHAVE_STRING_H=1 -DHAVE_MEMORY_H=1 -DHAVE_STRINGS_H=1 -DHAVE_INTTYPES_H=1 -DHAVE_STDINT_H=1 -DHAVE_UNISTD_H=1 -DHAVE_DLFCN_H=1 -DLT_OBJDIR=\".libs/\" -DHAVE_STDLIB_H=1 -DHAVE_UNISTD_H=1 -DHAVE_SYS_PARAM_H=1 -DHAVE_GETPAGESIZE=1 -DHAVE_MMAP=1 -DHAVE_MEMCPY=1 -DHAVE_STRERROR=1 -DHAVE_UNISTD_H=1 -I. -I/c/Users/Syf/Desktop/BS4/tools/binutils-src/zlib      -g -O2   -MT libz_a-deflate.o -MD -MP -MF .deps/libz_a-deflate.Tpo -c -o libz_a-deflate.o `test -f 'deflate.c' || echo '/c/Users/Syf/Desktop/BS4/tools/binutils-src/zlib/'`deflate.c
checking whether strnlen is declared... checking for getcwd... yes
checking for libzstd >= 1.4.0... no
checking for msgpack... no
checking iconv.h usability... yes
mv -f .deps/libz_a-deflate.Tpo .deps/libz_a-deflate.Po
gcc -DPACKAGE_NAME=\"zlib\" -DPACKAGE_TARNAME=\"zlib\" -DPACKAGE_VERSION=\"1.3.1\" -DPACKAGE_STRING=\"zlib\ 1.3.1\" -DPACKAGE_BUGREPORT=\"\" -DPACKAGE_URL=\"\" -DPACKAGE=\"zlib\" -DVERSION=\"1.3.1\" -DSTDC_HEADERS=1 -DHAVE_SYS_TYPES_H=1 -DHAVE_SYS_STAT_H=1 -DHAVE_STDLIB_H=1 -DHAVE_STRING_H=1 -DHAVE_MEMORY_H=1 -DHAVE_STRINGS_H=1 -DHAVE_INTTYPES_H=1 -DHAVE_STDINT_H=1 -DHAVE_UNISTD_H=1 -DHAVE_DLFCN_H=1 -DLT_OBJDIR=\".libs/\" -DHAVE_STDLIB_H=1 -DHAVE_UNISTD_H=1 -DHAVE_SYS_PARAM_H=1 -DHAVE_GETPAGESIZE=1 -DHAVE_MMAP=1 -DHAVE_MEMCPY=1 -DHAVE_STRERROR=1 -DHAVE_UNISTD_H=1 -I. -I/c/Users/Syf/Desktop/BS4/tools/binutils-src/zlib      -g -O2   -MT libz_a-gzread.o -MD -MP -MF .deps/libz_a-gzread.Tpo -c -o libz_a-gzread.o `test -f 'gzread.c' || echo '/c/Users/Syf/Desktop/BS4/tools/binutils-src/zlib/'`gzread.c
checking for getpagesize... yes
checking iconv.h presence... yes
checking for iconv.h... yes
checking for iconv... mv -f .deps/libz_a-gzread.Tpo .deps/libz_a-gzread.Po
gcc -DPACKAGE_NAME=\"zlib\" -DPACKAGE_TARNAME=\"zlib\" -DPACKAGE_VERSION=\"1.3.1\" -DPACKAGE_STRING=\"zlib\ 1.3.1\" -DPACKAGE_BUGREPORT=\"\" -DPACKAGE_URL=\"\" -DPACKAGE=\"zlib\" -DVERSION=\"1.3.1\" -DSTDC_HEADERS=1 -DHAVE_SYS_TYPES_H=1 -DHAVE_SYS_STAT_H=1 -DHAVE_STDLIB_H=1 -DHAVE_STRING_H=1 -DHAVE_MEMORY_H=1 -DHAVE_STRINGS_H=1 -DHAVE_INTTYPES_H=1 -DHAVE_STDINT_H=1 -DHAVE_UNISTD_H=1 -DHAVE_DLFCN_H=1 -DLT_OBJDIR=\".libs/\" -DHAVE_STDLIB_H=1 -DHAVE_UNISTD_H=1 -DHAVE_SYS_PARAM_H=1 -DHAVE_GETPAGESIZE=1 -DHAVE_MMAP=1 -DHAVE_MEMCPY=1 -DHAVE_STRERROR=1 -DHAVE_UNISTD_H=1 -I. -I/c/Users/Syf/Desktop/BS4/tools/binutils-src/zlib      -g -O2   -MT libz_a-gzclose.o -MD -MP -MF .deps/libz_a-gzclose.Tpo -c -o libz_a-gzclose.o `test -f 'gzclose.c' || echo '/c/Users/Syf/Desktop/BS4/tools/binutils-src/zlib/'`gzclose.c
no
checking for suffix of object files... yes
mv -f .deps/libz_a-gzclose.Tpo .deps/libz_a-gzclose.Po
o
checking whether we are using the GNU C compiler... gcc -DPACKAGE_NAME=\"zlib\" -DPACKAGE_TARNAME=\"zlib\" -DPACKAGE_VERSION=\"1.3.1\" -DPACKAGE_STRING=\"zlib\ 1.3.1\" -DPACKAGE_BUGREPORT=\"\" -DPACKAGE_URL=\"\" -DPACKAGE=\"zlib\" -DVERSION=\"1.3.1\" -DSTDC_HEADERS=1 -DHAVE_SYS_TYPES_H=1 -DHAVE_SYS_STAT_H=1 -DHAVE_STDLIB_H=1 -DHAVE_STRING_H=1 -DHAVE_MEMORY_H=1 -DHAVE_STRINGS_H=1 -DHAVE_INTTYPES_H=1 -DHAVE_STDINT_H=1 -DHAVE_UNISTD_H=1 -DHAVE_DLFCN_H=1 -DLT_OBJDIR=\".libs/\" -DHAVE_STDLIB_H=1 -DHAVE_UNISTD_H=1 -DHAVE_SYS_PARAM_H=1 -DHAVE_GETPAGESIZE=1 -DHAVE_MMAP=1 -DHAVE_MEMCPY=1 -DHAVE_STRERROR=1 -DHAVE_UNISTD_H=1 -I. -I/c/Users/Syf/Desktop/BS4/tools/binutils-src/zlib      -g -O2   -MT libz_a-gzwrite.o -MD -MP -MF .deps/libz_a-gzwrite.Tpo -c -o libz_a-gzwrite.o `test -f 'gzwrite.c' || echo '/c/Users/Syf/Desktop/BS4/tools/binutils-src/zlib/'`gzwrite.c
checking for gettimeofday... yes
checking whether gcc accepts -g... yes
checking for gcc option to accept ISO C89... mv -f .deps/libz_a-gzwrite.Tpo .deps/libz_a-gzwrite.Po
gcc -DPACKAGE_NAME=\"zlib\" -DPACKAGE_TARNAME=\"zlib\" -DPACKAGE_VERSION=\"1.3.1\" -DPACKAGE_STRING=\"zlib\ 1.3.1\" -DPACKAGE_BUGREPORT=\"\" -DPACKAGE_URL=\"\" -DPACKAGE=\"zlib\" -DVERSION=\"1.3.1\" -DSTDC_HEADERS=1 -DHAVE_SYS_TYPES_H=1 -DHAVE_SYS_STAT_H=1 -DHAVE_STDLIB_H=1 -DHAVE_STRING_H=1 -DHAVE_MEMORY_H=1 -DHAVE_STRINGS_H=1 -DHAVE_INTTYPES_H=1 -DHAVE_STDINT_H=1 -DHAVE_UNISTD_H=1 -DHAVE_DLFCN_H=1 -DLT_OBJDIR=\".libs/\" -DHAVE_STDLIB_H=1 -DHAVE_UNISTD_H=1 -DHAVE_SYS_PARAM_H=1 -DHAVE_GETPAGESIZE=1 -DHAVE_MMAP=1 -DHAVE_MEMCPY=1 -DHAVE_STRERROR=1 -DHAVE_UNISTD_H=1 -I. -I/c/Users/Syf/Desktop/BS4/tools/binutils-src/zlib      -g -O2   -MT libz_a-gzlib.o -MD -MP -MF .deps/libz_a-gzlib.Tpo -c -o libz_a-gzlib.o `test -f 'gzlib.c' || echo '/c/Users/Syf/Desktop/BS4/tools/binutils-src/zlib/'`gzlib.c
none needed
checking whether gcc understands -c and -o together... yes
mv -f .deps/libz_a-gzlib.Tpo .deps/libz_a-gzlib.Po
gcc -DPACKAGE_NAME=\"zlib\" -DPACKAGE_TARNAME=\"zlib\" -DPACKAGE_VERSION=\"1.3.1\" -DPACKAGE_STRING=\"zlib\ 1.3.1\" -DPACKAGE_BUGREPORT=\"\" -DPACKAGE_URL=\"\" -DPACKAGE=\"zlib\" -DVERSION=\"1.3.1\" -DSTDC_HEADERS=1 -DHAVE_SYS_TYPES_H=1 -DHAVE_SYS_STAT_H=1 -DHAVE_STDLIB_H=1 -DHAVE_STRING_H=1 -DHAVE_MEMORY_H=1 -DHAVE_STRINGS_H=1 -DHAVE_INTTYPES_H=1 -DHAVE_STDINT_H=1 -DHAVE_UNISTD_H=1 -DHAVE_DLFCN_H=1 -DLT_OBJDIR=\".libs/\" -DHAVE_STDLIB_H=1 -DHAVE_UNISTD_H=1 -DHAVE_SYS_PARAM_H=1 -DHAVE_GETPAGESIZE=1 -DHAVE_MMAP=1 -DHAVE_MEMCPY=1 -DHAVE_STRERROR=1 -DHAVE_UNISTD_H=1 -I. -I/c/Users/Syf/Desktop/BS4/tools/binutils-src/zlib      -g -O2   -MT libz_a-infback.o -MD -MP -MF .deps/libz_a-infback.Tpo -c -o libz_a-infback.o `test -f 'infback.c' || echo '/c/Users/Syf/Desktop/BS4/tools/binutils-src/zlib/'`infback.c
checking for index... yes
checking for style of include used by make... yes
checking for working iconv... GNU
checking dependency style of gcc... mv -f .deps/libz_a-infback.Tpo .deps/libz_a-infback.Po
gcc -DPACKAGE_NAME=\"zlib\" -DPACKAGE_TARNAME=\"zlib\" -DPACKAGE_VERSION=\"1.3.1\" -DPACKAGE_STRING=\"zlib\ 1.3.1\" -DPACKAGE_BUGREPORT=\"\" -DPACKAGE_URL=\"\" -DPACKAGE=\"zlib\" -DVERSION=\"1.3.1\" -DSTDC_HEADERS=1 -DHAVE_SYS_TYPES_H=1 -DHAVE_SYS_STAT_H=1 -DHAVE_STDLIB_H=1 -DHAVE_STRING_H=1 -DHAVE_MEMORY_H=1 -DHAVE_STRINGS_H=1 -DHAVE_INTTYPES_H=1 -DHAVE_STDINT_H=1 -DHAVE_UNISTD_H=1 -DHAVE_DLFCN_H=1 -DLT_OBJDIR=\".libs/\" -DHAVE_STDLIB_H=1 -DHAVE_UNISTD_H=1 -DHAVE_SYS_PARAM_H=1 -DHAVE_GETPAGESIZE=1 -DHAVE_MMAP=1 -DHAVE_MEMCPY=1 -DHAVE_STRERROR=1 -DHAVE_UNISTD_H=1 -I. -I/c/Users/Syf/Desktop/BS4/tools/binutils-src/zlib      -g -O2   -MT libz_a-inffast.o -MD -MP -MF .deps/libz_a-inffast.Tpo -c -o libz_a-inffast.o `test -f 'inffast.c' || echo '/c/Users/Syf/Desktop/BS4/tools/binutils-src/zlib/'`inffast.c
yes
mv -f .deps/libz_a-inffast.Tpo .deps/libz_a-inffast.Po
gcc -DPACKAGE_NAME=\"zlib\" -DPACKAGE_TARNAME=\"zlib\" -DPACKAGE_VERSION=\"1.3.1\" -DPACKAGE_STRING=\"zlib\ 1.3.1\" -DPACKAGE_BUGREPORT=\"\" -DPACKAGE_URL=\"\" -DPACKAGE=\"zlib\" -DVERSION=\"1.3.1\" -DSTDC_HEADERS=1 -DHAVE_SYS_TYPES_H=1 -DHAVE_SYS_STAT_H=1 -DHAVE_STDLIB_H=1 -DHAVE_STRING_H=1 -DHAVE_MEMORY_H=1 -DHAVE_STRINGS_H=1 -DHAVE_INTTYPES_H=1 -DHAVE_STDINT_H=1 -DHAVE_UNISTD_H=1 -DHAVE_DLFCN_H=1 -DLT_OBJDIR=\".libs/\" -DHAVE_STDLIB_H=1 -DHAVE_UNISTD_H=1 -DHAVE_SYS_PARAM_H=1 -DHAVE_GETPAGESIZE=1 -DHAVE_MMAP=1 -DHAVE_MEMCPY=1 -DHAVE_STRERROR=1 -DHAVE_UNISTD_H=1 -I. -I/c/Users/Syf/Desktop/BS4/tools/binutils-src/zlib      -g -O2   -MT libz_a-inflate.o -MD -MP -MF .deps/libz_a-inflate.Tpo -c -o libz_a-inflate.o `test -f 'inflate.c' || echo '/c/Users/Syf/Desktop/BS4/tools/binutils-src/zlib/'`inflate.c
gcc3
checking how to run the C preprocessor... checking for insque... gcc -E
yes
checking how to link with libiconv... -liconv
checking whether iconv is compatible with its POSIX signature... mv -f .deps/libz_a-inflate.Tpo .deps/libz_a-inflate.Po
gcc -DPACKAGE_NAME=\"zlib\" -DPACKAGE_TARNAME=\"zlib\" -DPACKAGE_VERSION=\"1.3.1\" -DPACKAGE_STRING=\"zlib\ 1.3.1\" -DPACKAGE_BUGREPORT=\"\" -DPACKAGE_URL=\"\" -DPACKAGE=\"zlib\" -DVERSION=\"1.3.1\" -DSTDC_HEADERS=1 -DHAVE_SYS_TYPES_H=1 -DHAVE_SYS_STAT_H=1 -DHAVE_STDLIB_H=1 -DHAVE_STRING_H=1 -DHAVE_MEMORY_H=1 -DHAVE_STRINGS_H=1 -DHAVE_INTTYPES_H=1 -DHAVE_STDINT_H=1 -DHAVE_UNISTD_H=1 -DHAVE_DLFCN_H=1 -DLT_OBJDIR=\".libs/\" -DHAVE_STDLIB_H=1 -DHAVE_UNISTD_H=1 -DHAVE_SYS_PARAM_H=1 -DHAVE_GETPAGESIZE=1 -DHAVE_MMAP=1 -DHAVE_MEMCPY=1 -DHAVE_STRERROR=1 -DHAVE_UNISTD_H=1 -I. -I/c/Users/Syf/Desktop/BS4/tools/binutils-src/zlib      -g -O2   -MT libz_a-inftrees.o -MD -MP -MF .deps/libz_a-inftrees.Tpo -c -o libz_a-inftrees.o `test -f 'inftrees.c' || echo '/c/Users/Syf/Desktop/BS4/tools/binutils-src/zlib/'`inftrees.c
checking for grep that handles long lines and -e... /usr/bin/grep
checking for egrep... yes
yes
/usr/bin/grep -E
checking for ANSI C header files... mv -f .deps/libz_a-inftrees.Tpo .deps/libz_a-inftrees.Po
gcc -DPACKAGE_NAME=\"zlib\" -DPACKAGE_TARNAME=\"zlib\" -DPACKAGE_VERSION=\"1.3.1\" -DPACKAGE_STRING=\"zlib\ 1.3.1\" -DPACKAGE_BUGREPORT=\"\" -DPACKAGE_URL=\"\" -DPACKAGE=\"zlib\" -DVERSION=\"1.3.1\" -DSTDC_HEADERS=1 -DHAVE_SYS_TYPES_H=1 -DHAVE_SYS_STAT_H=1 -DHAVE_STDLIB_H=1 -DHAVE_STRING_H=1 -DHAVE_MEMORY_H=1 -DHAVE_STRINGS_H=1 -DHAVE_INTTYPES_H=1 -DHAVE_STDINT_H=1 -DHAVE_UNISTD_H=1 -DHAVE_DLFCN_H=1 -DLT_OBJDIR=\".libs/\" -DHAVE_STDLIB_H=1 -DHAVE_UNISTD_H=1 -DHAVE_SYS_PARAM_H=1 -DHAVE_GETPAGESIZE=1 -DHAVE_MMAP=1 -DHAVE_MEMCPY=1 -DHAVE_STRERROR=1 -DHAVE_UNISTD_H=1 -I. -I/c/Users/Syf/Desktop/BS4/tools/binutils-src/zlib      -g -O2   -MT libz_a-trees.o -MD -MP -MF .deps/libz_a-trees.Tpo -c -o libz_a-trees.o `test -f 'trees.c' || echo '/c/Users/Syf/Desktop/BS4/tools/binutils-src/zlib/'`trees.c
checking for memchr... configure: updating cache ./config.cache
checking that generated files are newer than configure... done
configure: creating ./config.status
mv -f .deps/libz_a-trees.Tpo .deps/libz_a-trees.Po
gcc -DPACKAGE_NAME=\"zlib\" -DPACKAGE_TARNAME=\"zlib\" -DPACKAGE_VERSION=\"1.3.1\" -DPACKAGE_STRING=\"zlib\ 1.3.1\" -DPACKAGE_BUGREPORT=\"\" -DPACKAGE_URL=\"\" -DPACKAGE=\"zlib\" -DVERSION=\"1.3.1\" -DSTDC_HEADERS=1 -DHAVE_SYS_TYPES_H=1 -DHAVE_SYS_STAT_H=1 -DHAVE_STDLIB_H=1 -DHAVE_STRING_H=1 -DHAVE_MEMORY_H=1 -DHAVE_STRINGS_H=1 -DHAVE_INTTYPES_H=1 -DHAVE_STDINT_H=1 -DHAVE_UNISTD_H=1 -DHAVE_DLFCN_H=1 -DLT_OBJDIR=\".libs/\" -DHAVE_STDLIB_H=1 -DHAVE_UNISTD_H=1 -DHAVE_SYS_PARAM_H=1 -DHAVE_GETPAGESIZE=1 -DHAVE_MMAP=1 -DHAVE_MEMCPY=1 -DHAVE_STRERROR=1 -DHAVE_UNISTD_H=1 -I. -I/c/Users/Syf/Desktop/BS4/tools/binutils-src/zlib      -g -O2   -MT libz_a-uncompr.o -MD -MP -MF .deps/libz_a-uncompr.Tpo -c -o libz_a-uncompr.o `test -f 'uncompr.c' || echo '/c/Users/Syf/Desktop/BS4/tools/binutils-src/zlib/'`uncompr.c
yes
mv -f .deps/libz_a-uncompr.Tpo .deps/libz_a-uncompr.Po
gcc -DPACKAGE_NAME=\"zlib\" -DPACKAGE_TARNAME=\"zlib\" -DPACKAGE_VERSION=\"1.3.1\" -DPACKAGE_STRING=\"zlib\ 1.3.1\" -DPACKAGE_BUGREPORT=\"\" -DPACKAGE_URL=\"\" -DPACKAGE=\"zlib\" -DVERSION=\"1.3.1\" -DSTDC_HEADERS=1 -DHAVE_SYS_TYPES_H=1 -DHAVE_SYS_STAT_H=1 -DHAVE_STDLIB_H=1 -DHAVE_STRING_H=1 -DHAVE_MEMORY_H=1 -DHAVE_STRINGS_H=1 -DHAVE_INTTYPES_H=1 -DHAVE_STDINT_H=1 -DHAVE_UNISTD_H=1 -DHAVE_DLFCN_H=1 -DLT_OBJDIR=\".libs/\" -DHAVE_STDLIB_H=1 -DHAVE_UNISTD_H=1 -DHAVE_SYS_PARAM_H=1 -DHAVE_GETPAGESIZE=1 -DHAVE_MMAP=1 -DHAVE_MEMCPY=1 -DHAVE_STRERROR=1 -DHAVE_UNISTD_H=1 -I. -I/c/Users/Syf/Desktop/BS4/tools/binutils-src/zlib      -g -O2   -MT libz_a-zutil.o -MD -MP -MF .deps/libz_a-zutil.Tpo -c -o libz_a-zutil.o `test -f 'zutil.c' || echo '/c/Users/Syf/Desktop/BS4/tools/binutils-src/zlib/'`zutil.c
checking for memrchr... mv -f .deps/libz_a-zutil.Tpo .deps/libz_a-zutil.Po
true "AR_FLAGS=rc" "CC_FOR_BUILD=gcc" "CFLAGS=-g -O2  " "CXXFLAGS=-g -O2  " "CFLAGS_FOR_BUILD=-g -O2" "CFLAGS_FOR_TARGET=-g -O2" "INSTALL=/usr/bin/install -c" "INSTALL_DATA=/usr/bin/install -c -m 644" "INSTALL_PROGRAM=/usr/bin/install -c" "INSTALL_SCRIPT=/usr/bin/install -c" "LDFLAGS=-Wl,--stack,12582912" "LIBCFLAGS=-g -O2  " "LIBCFLAGS_FOR_TARGET=-g -O2" "MAKE=make" "MAKEINFO=/c/Users/Syf/Desktop/BS4/tools/binutils-src/missing makeinfo --split-size=5000000 " "PICFLAG=" "PICFLAG_FOR_TARGET=" "SHELL=/bin/sh" "EXPECT=expect" "RUNTEST=runtest" "RUNTESTFLAGS=" "exec_prefix=/c/Users/Syf/Desktop/BS4/tools/i686-elf" "infodir=/c/Users/Syf/Desktop/BS4/tools/i686-elf/share/info" "libdir=/c/Users/Syf/Desktop/BS4/tools/i686-elf/lib" "prefix=/c/Users/Syf/Desktop/BS4/tools/i686-elf" "tooldir=/c/Users/Syf/Desktop/BS4/tools/i686-elf/i686-elf" "AR=ar " "AS=as" "CC=gcc" "CXX=g++" "LD=/usr/lib/gcc/x86_64-pc-cygwin/15.3.0/../../../../x86_64-pc-cygwin/bin/ld.exe" "LIBCFLAGS=-g -O2  " "NM=nm " "PICFLAG=" "RANLIB=ranlib " "DESTDIR=" DO=all multi-do # make
rm -f libz.a
ar  cru libz.a libz_a-adler32.o libz_a-compress.o libz_a-crc32.o libz_a-deflate.o libz_a-gzread.o libz_a-gzclose.o libz_a-gzwrite.o libz_a-gzlib.o libz_a-infback.o libz_a-inffast.o libz_a-inflate.o libz_a-inftrees.o libz_a-trees.o libz_a-uncompr.o libz_a-zutil.o 
ranlib  libz.a
make[1]: Leaving directory '/c/Users/Syf/Desktop/BS4/tools/binutils-build/zlib'
yes
checking for sys/types.h... yes
yes
checking for memcmp... checking for sys/stat.h... yes
checking for stdlib.h... yes
yes
checking for memcpy... checking for string.h... yes
checking for memory.h... yes
yes
checking for memmem... checking for strings.h... yes
checking for inttypes.h... yes
checking for memmove... yes
checking for stdint.h... yes
checking for unistd.h... yes
checking for mempcpy... yes
checking minix/config.h usability... no
checking minix/config.h presence... yes
no
checking for minix/config.h... no
checking whether it is safe to define __EXTENSIONS__... checking for memset... yes
checking how to print strings... printf
checking for a sed that does not truncate output... /usr/bin/sed
checking for fgrep... /usr/bin/grep -F
checking for ld used by gcc... yes
checking for mkstemps... /usr/lib/gcc/x86_64-pc-cygwin/15.3.0/../../../../x86_64-pc-cygwin/bin/ld.exe
checking if the linker (/usr/lib/gcc/x86_64-pc-cygwin/15.3.0/../../../../x86_64-pc-cygwin/bin/ld.exe) is GNU ld... yes
checking for BSD- or MS-compatible name lister (nm)... yes
checking for putenv... yes
checking for random... no
checking for x86_64-pc-cygwin-dumpbin... no
checking for x86_64-pc-cygwin-link... no
checking for dumpbin... no
checking for link... link -dump
yes
checking the name lister (nm ) interface... checking for rename... BSD nm
checking whether ln -s works... no, using cp -pR
checking the maximum length of command line arguments... 8192
checking whether the shell understands some XSI constructs... yes
checking whether the shell understands "+="... yes
checking for /usr/lib/gcc/x86_64-pc-cygwin/15.3.0/../../../../x86_64-pc-cygwin/bin/ld.exe option to reload object files... -r
checking for x86_64-pc-cygwin-objdump... objdump
checking how to recognize dependent libraries... file_magic ^x86 archive import|^x86 DLL
checking for clang... no
checking for x86_64-pc-cygwin-llvm-config... no
checking for llvm-config... llvm-config
checking for x86_64-pc-cygwin-ar... ar 
checking for -plugin option... yes
no
checking for x86_64-pc-cygwin-ar... (cached) ar 
checking for x86_64-pc-cygwin-strip... no
checking for strip... strip
checking for x86_64-pc-cygwin-ranlib... ranlib 
checking command to parse nm  output from gcc object... checking for rindex... yes
checking for setenv... ok
checking for dlfcn.h... yes
checking for objdir... .libs
yes
config.status: creating Makefile
checking for snprintf... config.status: creating po/Makefile.in
checking if gcc supports -fno-rtti -fno-exceptions... config.status: creating config.h
yes
no
checking for gcc option to produce PIC... -DDLL_EXPORT -DPIC
checking if gcc PIC flag -DDLL_EXPORT -DPIC works... config.status: executing depfiles commands
checking for sigsetmask... yes
checking if gcc static flag -static works... no
checking for stpcpy... yes
checking for stpncpy... yes
checking if gcc supports -c -o file.o... yes
checking for strcasecmp... yes
checking if gcc supports -c -o file.o... (cached) yes
checking whether the gcc linker (/usr/lib/gcc/x86_64-pc-cygwin/15.3.0/../../../../x86_64-pc-cygwin/bin/ld.exe) supports shared libraries... yes
checking dynamic linker characteristics... Win32 ld.exe
checking how to hardcode library paths into programs... immediate
checking whether stripping libraries is possible... yes
checking if libtool supports shared libraries... yes
checking whether to build shared libraries... no
checking whether to build static libraries... yes
checking for dlfcn.h... (cached) yes
checking for windows.h... yes
config.status: executing libtool commands
checking for strchr... config.status: executing default-1 commands
config.status: creating po/POTFILES
config.status: creating po/Makefile
yes
checking for strdup... yes
checking for library containing dlsym... none required
checking for special C compiler options needed for large files... no
checking for _FILE_OFFSET_BITS value needed for large files... yes
no
checking how to compare bootstrapped objects... checking for strncasecmp... cmp --ignore-initial=16 $$f1 $$f2
yes
checking for strndup... Setting warning flags = -W -Wall -Wstrict-prototypes -Wmissing-prototypes -Wshadow -Wstack-usage=262144
checking whether byte ordering is bigendian... yes
checking for strnlen... no
yes
checking for strrchr... checking for bison... bison -y
checking for flex... flex
checking lex output file root... lex.yy
checking lex library... yes
checking for strstr... yes
checking for strtod... -lfl
checking whether yytext is a pointer... yes
checking for strtol... yes
checking whether NLS is requested... no
yes
checking for msgfmt... /usr/bin/msgfmt
checking for gmsgfmt... /usr/bin/msgfmt
checking for xgettext... checking for strtoul... /usr/bin/xgettext
checking for msgmerge... /usr/bin/msgmerge
checking for ld used by GCC... yes
checking for strtoll... /usr/lib/gcc/x86_64-pc-cygwin/15.3.0/../../../../x86_64-pc-cygwin/bin/ld.exe
checking if the linker (/usr/lib/gcc/x86_64-pc-cygwin/15.3.0/../../../../x86_64-pc-cygwin/bin/ld.exe) is GNU ld... yes
checking for shared library run path origin... yes
checking for strtoull... done
checking for CFPreferencesCopyAppValue... no
checking for CFLocaleCopyPreferredLanguages... yes
no
checking whether to use NLS... no
checking whether NLS is requested... no
checking whether to enable maintainer-specific portions of Makefiles... no
checking for strverscmp... checking for memory.h... (cached) yes
checking for sys/stat.h... (cached) yes
checking for sys/types.h... (cached) yes
yes
checking for unistd.h... (cached) yes
checking whether compiling a cross-assembler... yes
checking for strsignal... checking for tmpnam... yes
yes
checking for LC_MESSAGES... checking for vasprintf... yes
checking for working assert macro... yes
yes
checking for a known getopt prototype in unistd.h... checking for vfprintf... yes
checking whether declaration is required for environ... no
checking whether declaration is required for ffs... yes
checking for vprintf... yes
checking for vsnprintf... yes
checking for vsprintf... no
checking whether mempcpy is declared... yes
checking whether stpcpy is declared... yes
yes
checking for waitpid... checking for x86_64-pc-cygwin-pkg-config... /usr/bin/x86_64-pc-cygwin-pkg-config
checking pkg-config is at least version 0.9.0... yes
checking for libzstd >= 1.4.0... no
checking for struct stat.st_mtim.tv_sec in sys/stat.h... yes
checking for struct stat.st_mtim.tv_nsec in sys/stat.h... yes
yes
checking for setproctitle... configure: updating cache ./config.cache
checking that generated files are newer than configure... done
configure: creating ./config.status
yes
checking whether alloca needs Cray hooks... no
checking stack direction for C alloca... 1
checking for vfork.h... no
checking for fork... yes
checking for vfork... yes
checking for working fork... yes
checking for working vfork... (cached) yes
checking for _doprnt... no
checking for sys_errlist... yes
checking for sys_nerr... yes
checking for sys_siglist... yes
checking for external symbol _system_configuration... no
checking for __fsetlocking... yes
checking for canonicalize_file_name... config.status: creating .gdbinit
yes
checking for dup3... config.status: creating Makefile
config.status: creating po/Makefile.in
yes
checking for getrlimit... config.status: creating config.h
config.status: executing depfiles commands
yes
checking for getrusage... yes
checking for getsysinfo... no
checking for gettimeofday... (cached) yes
checking for on_exit... yes
checking for pipe2... yes
checking for posix_spawn... yes
checking for posix_spawnp... yes
checking for psignal... yes
checking for pstat_getdynamic... no
config.status: executing libtool commands
checking for pstat_getstatic... config.status: executing default-1 commands
config.status: creating po/POTFILES
no
config.status: creating po/Makefile
checking for realpath... config.status: executing default commands
yes
checking for setrlimit... yes
checking for spawnve... yes
checking for spawnvpe... yes
checking for strerror... yes
checking for strsignal... yes
checking for sysconf... yes
checking for sysctl... no
checking for sysmp... no
checking for table... no
checking for times... yes
checking for wait3... yes
checking for wait4... yes
checking for sbrk... yes
checking whether basename is declared... yes
checking whether ffs is declared... yes
checking whether asprintf is declared... yes
checking whether vasprintf is declared... yes
checking whether snprintf is declared... yes
checking whether vsnprintf is declared... yes
checking whether calloc is declared... yes
checking whether getenv is declared... yes
checking whether getopt is declared... yes
checking whether malloc is declared... yes
checking whether realloc is declared... yes
checking whether sbrk is declared... yes
checking whether strtol is declared... yes
checking whether strtoul is declared... yes
checking whether strtoll is declared... yes
checking whether strtoull is declared... yes
checking whether strverscmp is declared... yes
checking whether strnlen is declared... yes
checking whether canonicalize_file_name must be declared... no
checking for SHA1 HW acceleration support... x86 SHA1
checking for stdlib.h... (cached) yes
checking for unistd.h... (cached) yes
checking for sys/param.h... (cached) yes
checking for getpagesize... (cached) yes
checking for working mmap... yes
checking for working strncmp... yes
configure: updating cache ./config.cache
configure: creating ./config.status
config.status: creating Makefile
config.status: creating testsuite/Makefile
config.status: creating config.h
config.status: executing default commands
mkdir -p -- ./bfd
Configuring in ./bfd
make[1]: Entering directory '/c/Users/Syf/Desktop/BS4/tools/binutils-build/libiberty'
if [ x"" != x ] && [ ! -d pic ]; then \
  mkdir pic; \
else true; fi
if [ x"" != x ] && [ ! -d noasan ]; then \
  mkdir noasan; \
else true; fi
touch stamp-picdir
touch stamp-noasandir
echo ./regex.o ./cplus-dem.o ./cp-demangle.o ./md5.o ./sha1.o ./alloca.o ./argv.o ./bsearch_r.o ./choose-temp.o ./concat.o ./cp-demint.o ./crc32.o ./d-demangle.o ./dwarfnames.o ./dyn-string.o ./fdmatch.o ./fibheap.o ./filedescriptor.o ./filename_cmp.o ./floatformat.o ./fnmatch.o ./fopen_unlocked.o ./getopt.o ./getopt1.o ./getpwd.o ./getruntime.o ./hashtab.o ./hex.o ./lbasename.o ./ldirname.o ./lrealpath.o ./make-relative-prefix.o ./make-temp-file.o ./objalloc.o ./obstack.o ./partition.o ./pexecute.o ./physmem.o ./pex-common.o ./pex-one.o ./pex-unix.o ./vprintf-support.o ./rust-demangle.o ./safe-ctype.o ./simple-object.o ./simple-object-coff.o ./simple-object-elf.o ./simple-object-mach-o.o ./simple-object-xcoff.o ./sort.o ./spaces.o ./splay-tree.o ./stack-limit.o ./strerror.o ./strsignal.o ./timeval-utils.o ./unlink-if-ordinary.o ./xasprintf.o ./xatexit.o ./xexit.o ./xmalloc.o ./xmemdup.o ./xstrdup.o ./xstrerror.o ./xstrndup.o ./xvasprintf.o > required-list
if [ x"" != x ]; then \
  gcc -c -DHAVE_CONFIG_H -g -O2    -I. -I/c/Users/Syf/Desktop/BS4/tools/binutils-src/libiberty/../include  -W -Wall -Wwrite-strings -Wc++-compat -Wstrict-prototypes -Wshadow=local -pedantic  -D_GNU_SOURCE   /c/Users/Syf/Desktop/BS4/tools/binutils-src/libiberty/regex.c -o pic/regex.o; \
else true; fi
if [ x"" != x ]; then \
  gcc -c -DHAVE_CONFIG_H -g -O2    -I. -I/c/Users/Syf/Desktop/BS4/tools/binutils-src/libiberty/../include  -W -Wall -Wwrite-strings -Wc++-compat -Wstrict-prototypes -Wshadow=local -pedantic  -D_GNU_SOURCE   /c/Users/Syf/Desktop/BS4/tools/binutils-src/libiberty/cplus-dem.c -o pic/cplus-dem.o; \
else true; fi
if [ x"" != x ]; then \
  gcc -c -DHAVE_CONFIG_H -g -O2    -I. -I/c/Users/Syf/Desktop/BS4/tools/binutils-src/libiberty/../include  -W -Wall -Wwrite-strings -Wc++-compat -Wstrict-prototypes -Wshadow=local -pedantic  -D_GNU_SOURCE    /c/Users/Syf/Desktop/BS4/tools/binutils-src/libiberty/regex.c -o noasan/regex.o; \
else true; fi
if [ x"" != x ]; then \
  gcc -c -DHAVE_CONFIG_H -g -O2    -I. -I/c/Users/Syf/Desktop/BS4/tools/binutils-src/libiberty/../include  -W -Wall -Wwrite-strings -Wc++-compat -Wstrict-prototypes -Wshadow=local -pedantic  -D_GNU_SOURCE    /c/Users/Syf/Desktop/BS4/tools/binutils-src/libiberty/cplus-dem.c -o noasan/cplus-dem.o; \
else true; fi
gcc -c -DHAVE_CONFIG_H -g -O2    -I. -I/c/Users/Syf/Desktop/BS4/tools/binutils-src/libiberty/../include  -W -Wall -Wwrite-strings -Wc++-compat -Wstrict-prototypes -Wshadow=local -pedantic  -D_GNU_SOURCE  /c/Users/Syf/Desktop/BS4/tools/binutils-src/libiberty/regex.c -o regex.o
gcc -c -DHAVE_CONFIG_H -g -O2    -I. -I/c/Users/Syf/Desktop/BS4/tools/binutils-src/libiberty/../include  -W -Wall -Wwrite-strings -Wc++-compat -Wstrict-prototypes -Wshadow=local -pedantic  -D_GNU_SOURCE  /c/Users/Syf/Desktop/BS4/tools/binutils-src/libiberty/cplus-dem.c -o cplus-dem.o
make[2]: Entering directory '/c/Users/Syf/Desktop/BS4/tools/binutils-build/libiberty/testsuite'
make[2]: Nothing to be done for 'all'.
make[2]: Leaving directory '/c/Users/Syf/Desktop/BS4/tools/binutils-build/libiberty/testsuite'
if [ x"" != x ]; then \
  gcc -c -DHAVE_CONFIG_H -g -O2    -I. -I/c/Users/Syf/Desktop/BS4/tools/binutils-src/libiberty/../include  -W -Wall -Wwrite-strings -Wc++-compat -Wstrict-prototypes -Wshadow=local -pedantic  -D_GNU_SOURCE   /c/Users/Syf/Desktop/BS4/tools/binutils-src/libiberty/cp-demangle.c -o pic/cp-demangle.o; \
else true; fi
if [ x"" != x ]; then \
  gcc -c -DHAVE_CONFIG_H -g -O2    -I. -I/c/Users/Syf/Desktop/BS4/tools/binutils-src/libiberty/../include  -W -Wall -Wwrite-strings -Wc++-compat -Wstrict-prototypes -Wshadow=local -pedantic  -D_GNU_SOURCE    /c/Users/Syf/Desktop/BS4/tools/binutils-src/libiberty/cp-demangle.c -o noasan/cp-demangle.o; \
else true; fi
gcc -c -DHAVE_CONFIG_H -g -O2    -I. -I/c/Users/Syf/Desktop/BS4/tools/binutils-src/libiberty/../include  -W -Wall -Wwrite-strings -Wc++-compat -Wstrict-prototypes -Wshadow=local -pedantic  -D_GNU_SOURCE  /c/Users/Syf/Desktop/BS4/tools/binutils-src/libiberty/cp-demangle.c -o cp-demangle.o
if [ x"" != x ]; then \
  gcc -c -DHAVE_CONFIG_H -g -O2    -I. -I/c/Users/Syf/Desktop/BS4/tools/binutils-src/libiberty/../include  -W -Wall -Wwrite-strings -Wc++-compat -Wstrict-prototypes -Wshadow=local -pedantic  -D_GNU_SOURCE   /c/Users/Syf/Desktop/BS4/tools/binutils-src/libiberty/md5.c -o pic/md5.o; \
else true; fi
if [ x"" != x ]; then \
  gcc -c -DHAVE_CONFIG_H -g -O2    -I. -I/c/Users/Syf/Desktop/BS4/tools/binutils-src/libiberty/../include  -W -Wall -Wwrite-strings -Wc++-compat -Wstrict-prototypes -Wshadow=local -pedantic  -D_GNU_SOURCE    /c/Users/Syf/Desktop/BS4/tools/binutils-src/libiberty/md5.c -o noasan/md5.o; \
else true; fi
gcc -c -DHAVE_CONFIG_H -g -O2    -I. -I/c/Users/Syf/Desktop/BS4/tools/binutils-src/libiberty/../include  -W -Wall -Wwrite-strings -Wc++-compat -Wstrict-prototypes -Wshadow=local -pedantic  -D_GNU_SOURCE  /c/Users/Syf/Desktop/BS4/tools/binutils-src/libiberty/md5.c -o md5.o
if [ x"" != x ]; then \
  gcc -c -DHAVE_CONFIG_H -g -O2    -I. -I/c/Users/Syf/Desktop/BS4/tools/binutils-src/libiberty/../include  -W -Wall -Wwrite-strings -Wc++-compat -Wstrict-prototypes -Wshadow=local -pedantic  -D_GNU_SOURCE   /c/Users/Syf/Desktop/BS4/tools/binutils-src/libiberty/sha1.c -o pic/sha1.o; \
else true; fi
if [ x"" != x ]; then \
  gcc -c -DHAVE_CONFIG_H -g -O2    -I. -I/c/Users/Syf/Desktop/BS4/tools/binutils-src/libiberty/../include  -W -Wall -Wwrite-strings -Wc++-compat -Wstrict-prototypes -Wshadow=local -pedantic  -D_GNU_SOURCE    /c/Users/Syf/Desktop/BS4/tools/binutils-src/libiberty/sha1.c -o noasan/sha1.o; \
else true; fi
gcc -c -DHAVE_CONFIG_H -g -O2    -I. -I/c/Users/Syf/Desktop/BS4/tools/binutils-src/libiberty/../include  -W -Wall -Wwrite-strings -Wc++-compat -Wstrict-prototypes -Wshadow=local -pedantic  -D_GNU_SOURCE  /c/Users/Syf/Desktop/BS4/tools/binutils-src/libiberty/sha1.c -o sha1.o
configure: loading site script /etc/config.site
configure: creating cache ./config.cache
if [ x"" != x ]; then \
  gcc -c -DHAVE_CONFIG_H -g -O2    -I. -I/c/Users/Syf/Desktop/BS4/tools/binutils-src/libiberty/../include  -W -Wall -Wwrite-strings -Wc++-compat -Wstrict-prototypes -Wshadow=local -pedantic  -D_GNU_SOURCE   /c/Users/Syf/Desktop/BS4/tools/binutils-src/libiberty/alloca.c -o pic/alloca.o; \
else true; fi
if [ x"" != x ]; then \
  gcc -c -DHAVE_CONFIG_H -g -O2    -I. -I/c/Users/Syf/Desktop/BS4/tools/binutils-src/libiberty/../include  -W -Wall -Wwrite-strings -Wc++-compat -Wstrict-prototypes -Wshadow=local -pedantic  -D_GNU_SOURCE    /c/Users/Syf/Desktop/BS4/tools/binutils-src/libiberty/alloca.c -o noasan/alloca.o; \
else true; fi
gcc -c -DHAVE_CONFIG_H -g -O2    -I. -I/c/Users/Syf/Desktop/BS4/tools/binutils-src/libiberty/../include  -W -Wall -Wwrite-strings -Wc++-compat -Wstrict-prototypes -Wshadow=local -pedantic  -D_GNU_SOURCE  /c/Users/Syf/Desktop/BS4/tools/binutils-src/libiberty/alloca.c -o alloca.o
checking build system type... x86_64-pc-cygwin
checking host system type... x86_64-pc-cygwin
checking target system type... if [ x"" != x ]; then \
  gcc -c -DHAVE_CONFIG_H -g -O2    -I. -I/c/Users/Syf/Desktop/BS4/tools/binutils-src/libiberty/../include  -W -Wall -Wwrite-strings -Wc++-compat -Wstrict-prototypes -Wshadow=local -pedantic  -D_GNU_SOURCE   /c/Users/Syf/Desktop/BS4/tools/binutils-src/libiberty/argv.c -o pic/argv.o; \
else true; fi
if [ x"" != x ]; then \
  gcc -c -DHAVE_CONFIG_H -g -O2    -I. -I/c/Users/Syf/Desktop/BS4/tools/binutils-src/libiberty/../include  -W -Wall -Wwrite-strings -Wc++-compat -Wstrict-prototypes -Wshadow=local -pedantic  -D_GNU_SOURCE    /c/Users/Syf/Desktop/BS4/tools/binutils-src/libiberty/argv.c -o noasan/argv.o; \
else true; fi
gcc -c -DHAVE_CONFIG_H -g -O2    -I. -I/c/Users/Syf/Desktop/BS4/tools/binutils-src/libiberty/../include  -W -Wall -Wwrite-strings -Wc++-compat -Wstrict-prototypes -Wshadow=local -pedantic  -D_GNU_SOURCE  /c/Users/Syf/Desktop/BS4/tools/binutils-src/libiberty/argv.c -o argv.o
if [ x"" != x ]; then \
  gcc -c -DHAVE_CONFIG_H -g -O2    -I. -I/c/Users/Syf/Desktop/BS4/tools/binutils-src/libiberty/../include  -W -Wall -Wwrite-strings -Wc++-compat -Wstrict-prototypes -Wshadow=local -pedantic  -D_GNU_SOURCE   /c/Users/Syf/Desktop/BS4/tools/binutils-src/libiberty/bsearch_r.c -o pic/bsearch_r.o; \
else true; fi
i686-pc-elf
checking for a BSD-compatible install... if [ x"" != x ]; then \
  gcc -c -DHAVE_CONFIG_H -g -O2    -I. -I/c/Users/Syf/Desktop/BS4/tools/binutils-src/libiberty/../include  -W -Wall -Wwrite-strings -Wc++-compat -Wstrict-prototypes -Wshadow=local -pedantic  -D_GNU_SOURCE   /c/Users/Syf/Desktop/BS4/tools/binutils-src/libiberty/choose-temp.c -o pic/choose-temp.o; \
else true; fi
if [ x"" != x ]; then \
  gcc -c -DHAVE_CONFIG_H -g -O2    -I. -I/c/Users/Syf/Desktop/BS4/tools/binutils-src/libiberty/../include  -W -Wall -Wwrite-strings -Wc++-compat -Wstrict-prototypes -Wshadow=local -pedantic  -D_GNU_SOURCE    /c/Users/Syf/Desktop/BS4/tools/binutils-src/libiberty/bsearch_r.c -o noasan/bsearch_r.o; \
else true; fi
if [ x"" != x ]; then \
  gcc -c -DHAVE_CONFIG_H -g -O2    -I. -I/c/Users/Syf/Desktop/BS4/tools/binutils-src/libiberty/../include  -W -Wall -Wwrite-strings -Wc++-compat -Wstrict-prototypes -Wshadow=local -pedantic  -D_GNU_SOURCE    /c/Users/Syf/Desktop/BS4/tools/binutils-src/libiberty/choose-temp.c -o noasan/choose-temp.o; \
else true; fi
gcc -c -DHAVE_CONFIG_H -g -O2    -I. -I/c/Users/Syf/Desktop/BS4/tools/binutils-src/libiberty/../include  -W -Wall -Wwrite-strings -Wc++-compat -Wstrict-prototypes -Wshadow=local -pedantic  -D_GNU_SOURCE  /c/Users/Syf/Desktop/BS4/tools/binutils-src/libiberty/bsearch_r.c -o bsearch_r.o
gcc -c -DHAVE_CONFIG_H -g -O2    -I. -I/c/Users/Syf/Desktop/BS4/tools/binutils-src/libiberty/../include  -W -Wall -Wwrite-strings -Wc++-compat -Wstrict-prototypes -Wshadow=local -pedantic  -D_GNU_SOURCE  /c/Users/Syf/Desktop/BS4/tools/binutils-src/libiberty/choose-temp.c -o choose-temp.o
/usr/bin/install -c
checking whether build environment is sane... yes
checking for a thread-safe mkdir -p... if [ x"" != x ]; then \
  gcc -c -DHAVE_CONFIG_H -g -O2    -I. -I/c/Users/Syf/Desktop/BS4/tools/binutils-src/libiberty/../include  -W -Wall -Wwrite-strings -Wc++-compat -Wstrict-prototypes -Wshadow=local -pedantic  -D_GNU_SOURCE   /c/Users/Syf/Desktop/BS4/tools/binutils-src/libiberty/concat.c -o pic/concat.o; \
else true; fi
if [ x"" != x ]; then \
  gcc -c -DHAVE_CONFIG_H -g -O2    -I. -I/c/Users/Syf/Desktop/BS4/tools/binutils-src/libiberty/../include  -W -Wall -Wwrite-strings -Wc++-compat -Wstrict-prototypes -Wshadow=local -pedantic  -D_GNU_SOURCE    /c/Users/Syf/Desktop/BS4/tools/binutils-src/libiberty/concat.c -o noasan/concat.o; \
else true; fi
/usr/bin/mkdir -p
checking for gawk... gawk
checking whether make sets $(MAKE)... gcc -c -DHAVE_CONFIG_H -g -O2    -I. -I/c/Users/Syf/Desktop/BS4/tools/binutils-src/libiberty/../include  -W -Wall -Wwrite-strings -Wc++-compat -Wstrict-prototypes -Wshadow=local -pedantic  -D_GNU_SOURCE  /c/Users/Syf/Desktop/BS4/tools/binutils-src/libiberty/concat.c -o concat.o
/c/Users/Syf/Desktop/BS4/tools/binutils-src/libiberty/choose-temp.c: In function 'choose_temp_base':
/c/Users/Syf/Desktop/BS4/tools/binutils-src/libiberty/choose-temp.c:71:3: warning: 'mktemp' is deprecated: the use of `mktemp' is dangerous; use `mkstemp' instead [-Wdeprecated-declarations]
   71 |   if (mktemp (temp_filename) == 0)
      |   ^~
In file included from /c/Users/Syf/Desktop/BS4/tools/binutils-src/libiberty/choose-temp.c:30:
/usr/include/stdlib.h:134:9: note: declared here
  134 | char *  mktemp (char *) _ATTRIBUTE ((__deprecated__("the use of `mktemp' is dangerous; use `mkstemp' instead")));
      |         ^~~~~~
if [ x"" != x ]; then \
  gcc -c -DHAVE_CONFIG_H -g -O2    -I. -I/c/Users/Syf/Desktop/BS4/tools/binutils-src/libiberty/../include  -W -Wall -Wwrite-strings -Wc++-compat -Wstrict-prototypes -Wshadow=local -pedantic  -D_GNU_SOURCE   /c/Users/Syf/Desktop/BS4/tools/binutils-src/libiberty/cp-demint.c -o pic/cp-demint.o; \
else true; fi
if [ x"" != x ]; then \
  gcc -c -DHAVE_CONFIG_H -g -O2    -I. -I/c/Users/Syf/Desktop/BS4/tools/binutils-src/libiberty/../include  -W -Wall -Wwrite-strings -Wc++-compat -Wstrict-prototypes -Wshadow=local -pedantic  -D_GNU_SOURCE   /c/Users/Syf/Desktop/BS4/tools/binutils-src/libiberty/crc32.c -o pic/crc32.o; \
else true; fi
if [ x"" != x ]; then \
  gcc -c -DHAVE_CONFIG_H -g -O2    -I. -I/c/Users/Syf/Desktop/BS4/tools/binutils-src/libiberty/../include  -W -Wall -Wwrite-strings -Wc++-compat -Wstrict-prototypes -Wshadow=local -pedantic  -D_GNU_SOURCE    /c/Users/Syf/Desktop/BS4/tools/binutils-src/libiberty/cp-demint.c -o noasan/cp-demint.o; \
else true; fi
if [ x"" != x ]; then \
  gcc -c -DHAVE_CONFIG_H -g -O2    -I. -I/c/Users/Syf/Desktop/BS4/tools/binutils-src/libiberty/../include  -W -Wall -Wwrite-strings -Wc++-compat -Wstrict-prototypes -Wshadow=local -pedantic  -D_GNU_SOURCE    /c/Users/Syf/Desktop/BS4/tools/binutils-src/libiberty/crc32.c -o noasan/crc32.o; \
else true; fi
gcc -c -DHAVE_CONFIG_H -g -O2    -I. -I/c/Users/Syf/Desktop/BS4/tools/binutils-src/libiberty/../include  -W -Wall -Wwrite-strings -Wc++-compat -Wstrict-prototypes -Wshadow=local -pedantic  -D_GNU_SOURCE  /c/Users/Syf/Desktop/BS4/tools/binutils-src/libiberty/cp-demint.c -o cp-demint.o
gcc -c -DHAVE_CONFIG_H -g -O2    -I. -I/c/Users/Syf/Desktop/BS4/tools/binutils-src/libiberty/../include  -W -Wall -Wwrite-strings -Wc++-compat -Wstrict-prototypes -Wshadow=local -pedantic  -D_GNU_SOURCE  /c/Users/Syf/Desktop/BS4/tools/binutils-src/libiberty/crc32.c -o crc32.o
yes
checking whether make supports nested variables... yes
if [ x"" != x ]; then \
  gcc -c -DHAVE_CONFIG_H -g -O2    -I. -I/c/Users/Syf/Desktop/BS4/tools/binutils-src/libiberty/../include  -W -Wall -Wwrite-strings -Wc++-compat -Wstrict-prototypes -Wshadow=local -pedantic  -D_GNU_SOURCE   /c/Users/Syf/Desktop/BS4/tools/binutils-src/libiberty/d-demangle.c -o pic/d-demangle.o; \
else true; fi
if [ x"" != x ]; then \
  gcc -c -DHAVE_CONFIG_H -g -O2    -I. -I/c/Users/Syf/Desktop/BS4/tools/binutils-src/libiberty/../include  -W -Wall -Wwrite-strings -Wc++-compat -Wstrict-prototypes -Wshadow=local -pedantic  -D_GNU_SOURCE    /c/Users/Syf/Desktop/BS4/tools/binutils-src/libiberty/d-demangle.c -o noasan/d-demangle.o; \
else true; fi
if [ x"" != x ]; then \
  gcc -c -DHAVE_CONFIG_H -g -O2    -I. -I/c/Users/Syf/Desktop/BS4/tools/binutils-src/libiberty/../include  -W -Wall -Wwrite-strings -Wc++-compat -Wstrict-prototypes -Wshadow=local -pedantic  -D_GNU_SOURCE   /c/Users/Syf/Desktop/BS4/tools/binutils-src/libiberty/dwarfnames.c -o pic/dwarfnames.o; \
else true; fi
checking whether make supports nested variables... (cached) yes
checking for x86_64-pc-cygwin-ar... ar 
checking for x86_64-pc-cygwin-ranlib... ranlib 
checking for x86_64-pc-cygwin-gcc... gcc
gcc -c -DHAVE_CONFIG_H -g -O2    -I. -I/c/Users/Syf/Desktop/BS4/tools/binutils-src/libiberty/../include  -W -Wall -Wwrite-strings -Wc++-compat -Wstrict-prototypes -Wshadow=local -pedantic  -D_GNU_SOURCE  /c/Users/Syf/Desktop/BS4/tools/binutils-src/libiberty/d-demangle.c -o d-demangle.o
if [ x"" != x ]; then \
  gcc -c -DHAVE_CONFIG_H -g -O2    -I. -I/c/Users/Syf/Desktop/BS4/tools/binutils-src/libiberty/../include  -W -Wall -Wwrite-strings -Wc++-compat -Wstrict-prototypes -Wshadow=local -pedantic  -D_GNU_SOURCE   /c/Users/Syf/Desktop/BS4/tools/binutils-src/libiberty/dyn-string.c -o pic/dyn-string.o; \
else true; fi
if [ x"" != x ]; then \
  gcc -c -DHAVE_CONFIG_H -g -O2    -I. -I/c/Users/Syf/Desktop/BS4/tools/binutils-src/libiberty/../include  -W -Wall -Wwrite-strings -Wc++-compat -Wstrict-prototypes -Wshadow=local -pedantic  -D_GNU_SOURCE    /c/Users/Syf/Desktop/BS4/tools/binutils-src/libiberty/dwarfnames.c -o noasan/dwarfnames.o; \
else true; fi
if [ x"" != x ]; then \
  gcc -c -DHAVE_CONFIG_H -g -O2    -I. -I/c/Users/Syf/Desktop/BS4/tools/binutils-src/libiberty/../include  -W -Wall -Wwrite-strings -Wc++-compat -Wstrict-prototypes -Wshadow=local -pedantic  -D_GNU_SOURCE    /c/Users/Syf/Desktop/BS4/tools/binutils-src/libiberty/dyn-string.c -o noasan/dyn-string.o; \
else true; fi
gcc -c -DHAVE_CONFIG_H -g -O2    -I. -I/c/Users/Syf/Desktop/BS4/tools/binutils-src/libiberty/../include  -W -Wall -Wwrite-strings -Wc++-compat -Wstrict-prototypes -Wshadow=local -pedantic  -D_GNU_SOURCE  /c/Users/Syf/Desktop/BS4/tools/binutils-src/libiberty/dwarfnames.c -o dwarfnames.o
gcc -c -DHAVE_CONFIG_H -g -O2    -I. -I/c/Users/Syf/Desktop/BS4/tools/binutils-src/libiberty/../include  -W -Wall -Wwrite-strings -Wc++-compat -Wstrict-prototypes -Wshadow=local -pedantic  -D_GNU_SOURCE  /c/Users/Syf/Desktop/BS4/tools/binutils-src/libiberty/dyn-string.c -o dyn-string.o
if [ x"" != x ]; then \
  gcc -c -DHAVE_CONFIG_H -g -O2    -I. -I/c/Users/Syf/Desktop/BS4/tools/binutils-src/libiberty/../include  -W -Wall -Wwrite-strings -Wc++-compat -Wstrict-prototypes -Wshadow=local -pedantic  -D_GNU_SOURCE   /c/Users/Syf/Desktop/BS4/tools/binutils-src/libiberty/fdmatch.c -o pic/fdmatch.o; \
else true; fi
checking whether the C compiler works... if [ x"" != x ]; then \
  gcc -c -DHAVE_CONFIG_H -g -O2    -I. -I/c/Users/Syf/Desktop/BS4/tools/binutils-src/libiberty/../include  -W -Wall -Wwrite-strings -Wc++-compat -Wstrict-prototypes -Wshadow=local -pedantic  -D_GNU_SOURCE    /c/Users/Syf/Desktop/BS4/tools/binutils-src/libiberty/fdmatch.c -o noasan/fdmatch.o; \
else true; fi
gcc -c -DHAVE_CONFIG_H -g -O2    -I. -I/c/Users/Syf/Desktop/BS4/tools/binutils-src/libiberty/../include  -W -Wall -Wwrite-strings -Wc++-compat -Wstrict-prototypes -Wshadow=local -pedantic  -D_GNU_SOURCE  /c/Users/Syf/Desktop/BS4/tools/binutils-src/libiberty/fdmatch.c -o fdmatch.o
if [ x"" != x ]; then \
  gcc -c -DHAVE_CONFIG_H -g -O2    -I. -I/c/Users/Syf/Desktop/BS4/tools/binutils-src/libiberty/../include  -W -Wall -Wwrite-strings -Wc++-compat -Wstrict-prototypes -Wshadow=local -pedantic  -D_GNU_SOURCE   /c/Users/Syf/Desktop/BS4/tools/binutils-src/libiberty/fibheap.c -o pic/fibheap.o; \
else true; fi
yes
checking for C compiler default output file name... a.exe
if [ x"" != x ]; then \
  gcc -c -DHAVE_CONFIG_H -g -O2    -I. -I/c/Users/Syf/Desktop/BS4/tools/binutils-src/libiberty/../include  -W -Wall -Wwrite-strings -Wc++-compat -Wstrict-prototypes -Wshadow=local -pedantic  -D_GNU_SOURCE    /c/Users/Syf/Desktop/BS4/tools/binutils-src/libiberty/fibheap.c -o noasan/fibheap.o; \
else true; fi
checking for suffix of executables... gcc -c -DHAVE_CONFIG_H -g -O2    -I. -I/c/Users/Syf/Desktop/BS4/tools/binutils-src/libiberty/../include  -W -Wall -Wwrite-strings -Wc++-compat -Wstrict-prototypes -Wshadow=local -pedantic  -D_GNU_SOURCE  /c/Users/Syf/Desktop/BS4/tools/binutils-src/libiberty/fibheap.c -o fibheap.o
if [ x"" != x ]; then \
  gcc -c -DHAVE_CONFIG_H -g -O2    -I. -I/c/Users/Syf/Desktop/BS4/tools/binutils-src/libiberty/../include  -W -Wall -Wwrite-strings -Wc++-compat -Wstrict-prototypes -Wshadow=local -pedantic  -D_GNU_SOURCE   /c/Users/Syf/Desktop/BS4/tools/binutils-src/libiberty/filedescriptor.c -o pic/filedescriptor.o; \
else true; fi
if [ x"" != x ]; then \
  gcc -c -DHAVE_CONFIG_H -g -O2    -I. -I/c/Users/Syf/Desktop/BS4/tools/binutils-src/libiberty/../include  -W -Wall -Wwrite-strings -Wc++-compat -Wstrict-prototypes -Wshadow=local -pedantic  -D_GNU_SOURCE    /c/Users/Syf/Desktop/BS4/tools/binutils-src/libiberty/filedescriptor.c -o noasan/filedescriptor.o; \
else true; fi
gcc -c -DHAVE_CONFIG_H -g -O2    -I. -I/c/Users/Syf/Desktop/BS4/tools/binutils-src/libiberty/../include  -W -Wall -Wwrite-strings -Wc++-compat -Wstrict-prototypes -Wshadow=local -pedantic  -D_GNU_SOURCE  /c/Users/Syf/Desktop/BS4/tools/binutils-src/libiberty/filedescriptor.c -o filedescriptor.o
if [ x"" != x ]; then \
  gcc -c -DHAVE_CONFIG_H -g -O2    -I. -I/c/Users/Syf/Desktop/BS4/tools/binutils-src/libiberty/../include  -W -Wall -Wwrite-strings -Wc++-compat -Wstrict-prototypes -Wshadow=local -pedantic  -D_GNU_SOURCE   /c/Users/Syf/Desktop/BS4/tools/binutils-src/libiberty/filename_cmp.c -o pic/filename_cmp.o; \
else true; fi
if [ x"" != x ]; then \
  gcc -c -DHAVE_CONFIG_H -g -O2    -I. -I/c/Users/Syf/Desktop/BS4/tools/binutils-src/libiberty/../include  -W -Wall -Wwrite-strings -Wc++-compat -Wstrict-prototypes -Wshadow=local -pedantic  -D_GNU_SOURCE    /c/Users/Syf/Desktop/BS4/tools/binutils-src/libiberty/filename_cmp.c -o noasan/filename_cmp.o; \
else true; fi
gcc -c -DHAVE_CONFIG_H -g -O2    -I. -I/c/Users/Syf/Desktop/BS4/tools/binutils-src/libiberty/../include  -W -Wall -Wwrite-strings -Wc++-compat -Wstrict-prototypes -Wshadow=local -pedantic  -D_GNU_SOURCE  /c/Users/Syf/Desktop/BS4/tools/binutils-src/libiberty/filename_cmp.c -o filename_cmp.o
.exe
checking whether we are cross compiling... if [ x"" != x ]; then \
  gcc -c -DHAVE_CONFIG_H -g -O2    -I. -I/c/Users/Syf/Desktop/BS4/tools/binutils-src/libiberty/../include  -W -Wall -Wwrite-strings -Wc++-compat -Wstrict-prototypes -Wshadow=local -pedantic  -D_GNU_SOURCE   /c/Users/Syf/Desktop/BS4/tools/binutils-src/libiberty/floatformat.c -o pic/floatformat.o; \
else true; fi
if [ x"" != x ]; then \
  gcc -c -DHAVE_CONFIG_H -g -O2    -I. -I/c/Users/Syf/Desktop/BS4/tools/binutils-src/libiberty/../include  -W -Wall -Wwrite-strings -Wc++-compat -Wstrict-prototypes -Wshadow=local -pedantic  -D_GNU_SOURCE    /c/Users/Syf/Desktop/BS4/tools/binutils-src/libiberty/floatformat.c -o noasan/floatformat.o; \
else true; fi
gcc -c -DHAVE_CONFIG_H -g -O2    -I. -I/c/Users/Syf/Desktop/BS4/tools/binutils-src/libiberty/../include  -W -Wall -Wwrite-strings -Wc++-compat -Wstrict-prototypes -Wshadow=local -pedantic  -D_GNU_SOURCE  /c/Users/Syf/Desktop/BS4/tools/binutils-src/libiberty/floatformat.c -o floatformat.o
if [ x"" != x ]; then \
  gcc -c -DHAVE_CONFIG_H -g -O2    -I. -I/c/Users/Syf/Desktop/BS4/tools/binutils-src/libiberty/../include  -W -Wall -Wwrite-strings -Wc++-compat -Wstrict-prototypes -Wshadow=local -pedantic  -D_GNU_SOURCE   /c/Users/Syf/Desktop/BS4/tools/binutils-src/libiberty/fnmatch.c -o pic/fnmatch.o; \
else true; fi
if [ x"" != x ]; then \
  gcc -c -DHAVE_CONFIG_H -g -O2    -I. -I/c/Users/Syf/Desktop/BS4/tools/binutils-src/libiberty/../include  -W -Wall -Wwrite-strings -Wc++-compat -Wstrict-prototypes -Wshadow=local -pedantic  -D_GNU_SOURCE    /c/Users/Syf/Desktop/BS4/tools/binutils-src/libiberty/fnmatch.c -o noasan/fnmatch.o; \
else true; fi
gcc -c -DHAVE_CONFIG_H -g -O2    -I. -I/c/Users/Syf/Desktop/BS4/tools/binutils-src/libiberty/../include  -W -Wall -Wwrite-strings -Wc++-compat -Wstrict-prototypes -Wshadow=local -pedantic  -D_GNU_SOURCE  /c/Users/Syf/Desktop/BS4/tools/binutils-src/libiberty/fnmatch.c -o fnmatch.o
if [ x"" != x ]; then \
  gcc -c -DHAVE_CONFIG_H -g -O2    -I. -I/c/Users/Syf/Desktop/BS4/tools/binutils-src/libiberty/../include  -W -Wall -Wwrite-strings -Wc++-compat -Wstrict-prototypes -Wshadow=local -pedantic  -D_GNU_SOURCE   /c/Users/Syf/Desktop/BS4/tools/binutils-src/libiberty/fopen_unlocked.c -o pic/fopen_unlocked.o; \
else true; fi
if [ x"" != x ]; then \
  gcc -c -DHAVE_CONFIG_H -g -O2    -I. -I/c/Users/Syf/Desktop/BS4/tools/binutils-src/libiberty/../include  -W -Wall -Wwrite-strings -Wc++-compat -Wstrict-prototypes -Wshadow=local -pedantic  -D_GNU_SOURCE   /c/Users/Syf/Desktop/BS4/tools/binutils-src/libiberty/getopt.c -o pic/getopt.o; \
else true; fi
if [ x"" != x ]; then \
  gcc -c -DHAVE_CONFIG_H -g -O2    -I. -I/c/Users/Syf/Desktop/BS4/tools/binutils-src/libiberty/../include  -W -Wall -Wwrite-strings -Wc++-compat -Wstrict-prototypes -Wshadow=local -pedantic  -D_GNU_SOURCE    /c/Users/Syf/Desktop/BS4/tools/binutils-src/libiberty/fopen_unlocked.c -o noasan/fopen_unlocked.o; \
else true; fi
if [ x"" != x ]; then \
  gcc -c -DHAVE_CONFIG_H -g -O2    -I. -I/c/Users/Syf/Desktop/BS4/tools/binutils-src/libiberty/../include  -W -Wall -Wwrite-strings -Wc++-compat -Wstrict-prototypes -Wshadow=local -pedantic  -D_GNU_SOURCE    /c/Users/Syf/Desktop/BS4/tools/binutils-src/libiberty/getopt.c -o noasan/getopt.o; \
else true; fi
gcc -c -DHAVE_CONFIG_H -g -O2    -I. -I/c/Users/Syf/Desktop/BS4/tools/binutils-src/libiberty/../include  -W -Wall -Wwrite-strings -Wc++-compat -Wstrict-prototypes -Wshadow=local -pedantic  -D_GNU_SOURCE  /c/Users/Syf/Desktop/BS4/tools/binutils-src/libiberty/fopen_unlocked.c -o fopen_unlocked.o
gcc -c -DHAVE_CONFIG_H -g -O2    -I. -I/c/Users/Syf/Desktop/BS4/tools/binutils-src/libiberty/../include  -W -Wall -Wwrite-strings -Wc++-compat -Wstrict-prototypes -Wshadow=local -pedantic  -D_GNU_SOURCE  /c/Users/Syf/Desktop/BS4/tools/binutils-src/libiberty/getopt.c -o getopt.o
no
checking for suffix of object files... o
checking whether we are using the GNU C compiler... if [ x"" != x ]; then \
  gcc -c -DHAVE_CONFIG_H -g -O2    -I. -I/c/Users/Syf/Desktop/BS4/tools/binutils-src/libiberty/../include  -W -Wall -Wwrite-strings -Wc++-compat -Wstrict-prototypes -Wshadow=local -pedantic  -D_GNU_SOURCE   /c/Users/Syf/Desktop/BS4/tools/binutils-src/libiberty/getopt1.c -o pic/getopt1.o; \
else true; fi
if [ x"" != x ]; then \
  gcc -c -DHAVE_CONFIG_H -g -O2    -I. -I/c/Users/Syf/Desktop/BS4/tools/binutils-src/libiberty/../include  -W -Wall -Wwrite-strings -Wc++-compat -Wstrict-prototypes -Wshadow=local -pedantic  -D_GNU_SOURCE    /c/Users/Syf/Desktop/BS4/tools/binutils-src/libiberty/getopt1.c -o noasan/getopt1.o; \
else true; fi
gcc -c -DHAVE_CONFIG_H -g -O2    -I. -I/c/Users/Syf/Desktop/BS4/tools/binutils-src/libiberty/../include  -W -Wall -Wwrite-strings -Wc++-compat -Wstrict-prototypes -Wshadow=local -pedantic  -D_GNU_SOURCE  /c/Users/Syf/Desktop/BS4/tools/binutils-src/libiberty/getopt1.c -o getopt1.o
yes
checking whether gcc accepts -g... if [ x"" != x ]; then \
  gcc -c -DHAVE_CONFIG_H -g -O2    -I. -I/c/Users/Syf/Desktop/BS4/tools/binutils-src/libiberty/../include  -W -Wall -Wwrite-strings -Wc++-compat -Wstrict-prototypes -Wshadow=local -pedantic  -D_GNU_SOURCE   /c/Users/Syf/Desktop/BS4/tools/binutils-src/libiberty/getpwd.c -o pic/getpwd.o; \
else true; fi
if [ x"" != x ]; then \
  gcc -c -DHAVE_CONFIG_H -g -O2    -I. -I/c/Users/Syf/Desktop/BS4/tools/binutils-src/libiberty/../include  -W -Wall -Wwrite-strings -Wc++-compat -Wstrict-prototypes -Wshadow=local -pedantic  -D_GNU_SOURCE    /c/Users/Syf/Desktop/BS4/tools/binutils-src/libiberty/getpwd.c -o noasan/getpwd.o; \
else true; fi
gcc -c -DHAVE_CONFIG_H -g -O2    -I. -I/c/Users/Syf/Desktop/BS4/tools/binutils-src/libiberty/../include  -W -Wall -Wwrite-strings -Wc++-compat -Wstrict-prototypes -Wshadow=local -pedantic  -D_GNU_SOURCE  /c/Users/Syf/Desktop/BS4/tools/binutils-src/libiberty/getpwd.c -o getpwd.o
yes
checking for gcc option to accept ISO C89... none needed
checking whether gcc understands -c and -o together... if [ x"" != x ]; then \
  gcc -c -DHAVE_CONFIG_H -g -O2    -I. -I/c/Users/Syf/Desktop/BS4/tools/binutils-src/libiberty/../include  -W -Wall -Wwrite-strings -Wc++-compat -Wstrict-prototypes -Wshadow=local -pedantic  -D_GNU_SOURCE   /c/Users/Syf/Desktop/BS4/tools/binutils-src/libiberty/getruntime.c -o pic/getruntime.o; \
else true; fi
if [ x"" != x ]; then \
  gcc -c -DHAVE_CONFIG_H -g -O2    -I. -I/c/Users/Syf/Desktop/BS4/tools/binutils-src/libiberty/../include  -W -Wall -Wwrite-strings -Wc++-compat -Wstrict-prototypes -Wshadow=local -pedantic  -D_GNU_SOURCE    /c/Users/Syf/Desktop/BS4/tools/binutils-src/libiberty/getruntime.c -o noasan/getruntime.o; \
else true; fi
if [ x"" != x ]; then \
  gcc -c -DHAVE_CONFIG_H -g -O2    -I. -I/c/Users/Syf/Desktop/BS4/tools/binutils-src/libiberty/../include  -W -Wall -Wwrite-strings -Wc++-compat -Wstrict-prototypes -Wshadow=local -pedantic  -D_GNU_SOURCE   /c/Users/Syf/Desktop/BS4/tools/binutils-src/libiberty/hashtab.c -o pic/hashtab.o; \
else true; fi
gcc -c -DHAVE_CONFIG_H -g -O2    -I. -I/c/Users/Syf/Desktop/BS4/tools/binutils-src/libiberty/../include  -W -Wall -Wwrite-strings -Wc++-compat -Wstrict-prototypes -Wshadow=local -pedantic  -D_GNU_SOURCE  /c/Users/Syf/Desktop/BS4/tools/binutils-src/libiberty/getruntime.c -o getruntime.o
if [ x"" != x ]; then \
  gcc -c -DHAVE_CONFIG_H -g -O2    -I. -I/c/Users/Syf/Desktop/BS4/tools/binutils-src/libiberty/../include  -W -Wall -Wwrite-strings -Wc++-compat -Wstrict-prototypes -Wshadow=local -pedantic  -D_GNU_SOURCE    /c/Users/Syf/Desktop/BS4/tools/binutils-src/libiberty/hashtab.c -o noasan/hashtab.o; \
else true; fi
gcc -c -DHAVE_CONFIG_H -g -O2    -I. -I/c/Users/Syf/Desktop/BS4/tools/binutils-src/libiberty/../include  -W -Wall -Wwrite-strings -Wc++-compat -Wstrict-prototypes -Wshadow=local -pedantic  -D_GNU_SOURCE  /c/Users/Syf/Desktop/BS4/tools/binutils-src/libiberty/hashtab.c -o hashtab.o
yes
checking for style of include used by make... if [ x"" != x ]; then \
  gcc -c -DHAVE_CONFIG_H -g -O2    -I. -I/c/Users/Syf/Desktop/BS4/tools/binutils-src/libiberty/../include  -W -Wall -Wwrite-strings -Wc++-compat -Wstrict-prototypes -Wshadow=local -pedantic  -D_GNU_SOURCE   /c/Users/Syf/Desktop/BS4/tools/binutils-src/libiberty/hex.c -o pic/hex.o; \
else true; fi
if [ x"" != x ]; then \
  gcc -c -DHAVE_CONFIG_H -g -O2    -I. -I/c/Users/Syf/Desktop/BS4/tools/binutils-src/libiberty/../include  -W -Wall -Wwrite-strings -Wc++-compat -Wstrict-prototypes -Wshadow=local -pedantic  -D_GNU_SOURCE    /c/Users/Syf/Desktop/BS4/tools/binutils-src/libiberty/hex.c -o noasan/hex.o; \
else true; fi
GNU
gcc -c -DHAVE_CONFIG_H -g -O2    -I. -I/c/Users/Syf/Desktop/BS4/tools/binutils-src/libiberty/../include  -W -Wall -Wwrite-strings -Wc++-compat -Wstrict-prototypes -Wshadow=local -pedantic  -D_GNU_SOURCE  /c/Users/Syf/Desktop/BS4/tools/binutils-src/libiberty/hex.c -o hex.o
checking dependency style of gcc... if [ x"" != x ]; then \
  gcc -c -DHAVE_CONFIG_H -g -O2    -I. -I/c/Users/Syf/Desktop/BS4/tools/binutils-src/libiberty/../include  -W -Wall -Wwrite-strings -Wc++-compat -Wstrict-prototypes -Wshadow=local -pedantic  -D_GNU_SOURCE   /c/Users/Syf/Desktop/BS4/tools/binutils-src/libiberty/lbasename.c -o pic/lbasename.o; \
else true; fi
if [ x"" != x ]; then \
  gcc -c -DHAVE_CONFIG_H -g -O2    -I. -I/c/Users/Syf/Desktop/BS4/tools/binutils-src/libiberty/../include  -W -Wall -Wwrite-strings -Wc++-compat -Wstrict-prototypes -Wshadow=local -pedantic  -D_GNU_SOURCE    /c/Users/Syf/Desktop/BS4/tools/binutils-src/libiberty/lbasename.c -o noasan/lbasename.o; \
else true; fi
gcc -c -DHAVE_CONFIG_H -g -O2    -I. -I/c/Users/Syf/Desktop/BS4/tools/binutils-src/libiberty/../include  -W -Wall -Wwrite-strings -Wc++-compat -Wstrict-prototypes -Wshadow=local -pedantic  -D_GNU_SOURCE  /c/Users/Syf/Desktop/BS4/tools/binutils-src/libiberty/lbasename.c -o lbasename.o
gcc3
checking how to run the C preprocessor... if [ x"" != x ]; then \
  gcc -c -DHAVE_CONFIG_H -g -O2    -I. -I/c/Users/Syf/Desktop/BS4/tools/binutils-src/libiberty/../include  -W -Wall -Wwrite-strings -Wc++-compat -Wstrict-prototypes -Wshadow=local -pedantic  -D_GNU_SOURCE   /c/Users/Syf/Desktop/BS4/tools/binutils-src/libiberty/ldirname.c -o pic/ldirname.o; \
else true; fi
if [ x"" != x ]; then \
  gcc -c -DHAVE_CONFIG_H -g -O2    -I. -I/c/Users/Syf/Desktop/BS4/tools/binutils-src/libiberty/../include  -W -Wall -Wwrite-strings -Wc++-compat -Wstrict-prototypes -Wshadow=local -pedantic  -D_GNU_SOURCE    /c/Users/Syf/Desktop/BS4/tools/binutils-src/libiberty/ldirname.c -o noasan/ldirname.o; \
else true; fi
gcc -c -DHAVE_CONFIG_H -g -O2    -I. -I/c/Users/Syf/Desktop/BS4/tools/binutils-src/libiberty/../include  -W -Wall -Wwrite-strings -Wc++-compat -Wstrict-prototypes -Wshadow=local -pedantic  -D_GNU_SOURCE  /c/Users/Syf/Desktop/BS4/tools/binutils-src/libiberty/ldirname.c -o ldirname.o
gcc -E
if [ x"" != x ]; then \
  gcc -c -DHAVE_CONFIG_H -g -O2    -I. -I/c/Users/Syf/Desktop/BS4/tools/binutils-src/libiberty/../include  -W -Wall -Wwrite-strings -Wc++-compat -Wstrict-prototypes -Wshadow=local -pedantic  -D_GNU_SOURCE   /c/Users/Syf/Desktop/BS4/tools/binutils-src/libiberty/lrealpath.c -o pic/lrealpath.o; \
else true; fi
if [ x"" != x ]; then \
  gcc -c -DHAVE_CONFIG_H -g -O2    -I. -I/c/Users/Syf/Desktop/BS4/tools/binutils-src/libiberty/../include  -W -Wall -Wwrite-strings -Wc++-compat -Wstrict-prototypes -Wshadow=local -pedantic  -D_GNU_SOURCE    /c/Users/Syf/Desktop/BS4/tools/binutils-src/libiberty/lrealpath.c -o noasan/lrealpath.o; \
else true; fi
gcc -c -DHAVE_CONFIG_H -g -O2    -I. -I/c/Users/Syf/Desktop/BS4/tools/binutils-src/libiberty/../include  -W -Wall -Wwrite-strings -Wc++-compat -Wstrict-prototypes -Wshadow=local -pedantic  -D_GNU_SOURCE  /c/Users/Syf/Desktop/BS4/tools/binutils-src/libiberty/lrealpath.c -o lrealpath.o
checking for grep that handles long lines and -e... /usr/bin/grep
checking for egrep... /usr/bin/grep -E
checking for ANSI C header files... if [ x"" != x ]; then \
  gcc -c -DHAVE_CONFIG_H -g -O2    -I. -I/c/Users/Syf/Desktop/BS4/tools/binutils-src/libiberty/../include  -W -Wall -Wwrite-strings -Wc++-compat -Wstrict-prototypes -Wshadow=local -pedantic  -D_GNU_SOURCE   /c/Users/Syf/Desktop/BS4/tools/binutils-src/libiberty/make-relative-prefix.c -o pic/make-relative-prefix.o; \
else true; fi
if [ x"" != x ]; then \
  gcc -c -DHAVE_CONFIG_H -g -O2    -I. -I/c/Users/Syf/Desktop/BS4/tools/binutils-src/libiberty/../include  -W -Wall -Wwrite-strings -Wc++-compat -Wstrict-prototypes -Wshadow=local -pedantic  -D_GNU_SOURCE    /c/Users/Syf/Desktop/BS4/tools/binutils-src/libiberty/make-relative-prefix.c -o noasan/make-relative-prefix.o; \
else true; fi
gcc -c -DHAVE_CONFIG_H -g -O2    -I. -I/c/Users/Syf/Desktop/BS4/tools/binutils-src/libiberty/../include  -W -Wall -Wwrite-strings -Wc++-compat -Wstrict-prototypes -Wshadow=local -pedantic  -D_GNU_SOURCE  /c/Users/Syf/Desktop/BS4/tools/binutils-src/libiberty/make-relative-prefix.c -o make-relative-prefix.o
if [ x"" != x ]; then \
  gcc -c -DHAVE_CONFIG_H -g -O2    -I. -I/c/Users/Syf/Desktop/BS4/tools/binutils-src/libiberty/../include  -W -Wall -Wwrite-strings -Wc++-compat -Wstrict-prototypes -Wshadow=local -pedantic  -D_GNU_SOURCE   /c/Users/Syf/Desktop/BS4/tools/binutils-src/libiberty/make-temp-file.c -o pic/make-temp-file.o; \
else true; fi
if [ x"" != x ]; then \
  gcc -c -DHAVE_CONFIG_H -g -O2    -I. -I/c/Users/Syf/Desktop/BS4/tools/binutils-src/libiberty/../include  -W -Wall -Wwrite-strings -Wc++-compat -Wstrict-prototypes -Wshadow=local -pedantic  -D_GNU_SOURCE    /c/Users/Syf/Desktop/BS4/tools/binutils-src/libiberty/make-temp-file.c -o noasan/make-temp-file.o; \
else true; fi
gcc -c -DHAVE_CONFIG_H -g -O2    -I. -I/c/Users/Syf/Desktop/BS4/tools/binutils-src/libiberty/../include  -W -Wall -Wwrite-strings -Wc++-compat -Wstrict-prototypes -Wshadow=local -pedantic  -D_GNU_SOURCE  /c/Users/Syf/Desktop/BS4/tools/binutils-src/libiberty/make-temp-file.c -o make-temp-file.o
if [ x"" != x ]; then \
  gcc -c -DHAVE_CONFIG_H -g -O2    -I. -I/c/Users/Syf/Desktop/BS4/tools/binutils-src/libiberty/../include  -W -Wall -Wwrite-strings -Wc++-compat -Wstrict-prototypes -Wshadow=local -pedantic  -D_GNU_SOURCE   /c/Users/Syf/Desktop/BS4/tools/binutils-src/libiberty/objalloc.c -o pic/objalloc.o; \
else true; fi
if [ x"" != x ]; then \
  gcc -c -DHAVE_CONFIG_H -g -O2    -I. -I/c/Users/Syf/Desktop/BS4/tools/binutils-src/libiberty/../include  -W -Wall -Wwrite-strings -Wc++-compat -Wstrict-prototypes -Wshadow=local -pedantic  -D_GNU_SOURCE    /c/Users/Syf/Desktop/BS4/tools/binutils-src/libiberty/objalloc.c -o noasan/objalloc.o; \
else true; fi
gcc -c -DHAVE_CONFIG_H -g -O2    -I. -I/c/Users/Syf/Desktop/BS4/tools/binutils-src/libiberty/../include  -W -Wall -Wwrite-strings -Wc++-compat -Wstrict-prototypes -Wshadow=local -pedantic  -D_GNU_SOURCE  /c/Users/Syf/Desktop/BS4/tools/binutils-src/libiberty/objalloc.c -o objalloc.o
if [ x"" != x ]; then \
  gcc -c -DHAVE_CONFIG_H -g -O2    -I. -I/c/Users/Syf/Desktop/BS4/tools/binutils-src/libiberty/../include  -W -Wall -Wwrite-strings -Wc++-compat -Wstrict-prototypes -Wshadow=local -pedantic  -D_GNU_SOURCE   /c/Users/Syf/Desktop/BS4/tools/binutils-src/libiberty/obstack.c -o pic/obstack.o; \
else true; fi
if [ x"" != x ]; then \
  gcc -c -DHAVE_CONFIG_H -g -O2    -I. -I/c/Users/Syf/Desktop/BS4/tools/binutils-src/libiberty/../include  -W -Wall -Wwrite-strings -Wc++-compat -Wstrict-prototypes -Wshadow=local -pedantic  -D_GNU_SOURCE    /c/Users/Syf/Desktop/BS4/tools/binutils-src/libiberty/obstack.c -o noasan/obstack.o; \
else true; fi
if [ x"" != x ]; then \
  gcc -c -DHAVE_CONFIG_H -g -O2    -I. -I/c/Users/Syf/Desktop/BS4/tools/binutils-src/libiberty/../include  -W -Wall -Wwrite-strings -Wc++-compat -Wstrict-prototypes -Wshadow=local -pedantic  -D_GNU_SOURCE   /c/Users/Syf/Desktop/BS4/tools/binutils-src/libiberty/partition.c -o pic/partition.o; \
else true; fi
gcc -c -DHAVE_CONFIG_H -g -O2    -I. -I/c/Users/Syf/Desktop/BS4/tools/binutils-src/libiberty/../include  -W -Wall -Wwrite-strings -Wc++-compat -Wstrict-prototypes -Wshadow=local -pedantic  -D_GNU_SOURCE  /c/Users/Syf/Desktop/BS4/tools/binutils-src/libiberty/obstack.c -o obstack.o
if [ x"" != x ]; then \
  gcc -c -DHAVE_CONFIG_H -g -O2    -I. -I/c/Users/Syf/Desktop/BS4/tools/binutils-src/libiberty/../include  -W -Wall -Wwrite-strings -Wc++-compat -Wstrict-prototypes -Wshadow=local -pedantic  -D_GNU_SOURCE    /c/Users/Syf/Desktop/BS4/tools/binutils-src/libiberty/partition.c -o noasan/partition.o; \
else true; fi
gcc -c -DHAVE_CONFIG_H -g -O2    -I. -I/c/Users/Syf/Desktop/BS4/tools/binutils-src/libiberty/../include  -W -Wall -Wwrite-strings -Wc++-compat -Wstrict-prototypes -Wshadow=local -pedantic  -D_GNU_SOURCE  /c/Users/Syf/Desktop/BS4/tools/binutils-src/libiberty/partition.c -o partition.o
if [ x"" != x ]; then \
  gcc -c -DHAVE_CONFIG_H -g -O2    -I. -I/c/Users/Syf/Desktop/BS4/tools/binutils-src/libiberty/../include  -W -Wall -Wwrite-strings -Wc++-compat -Wstrict-prototypes -Wshadow=local -pedantic  -D_GNU_SOURCE   /c/Users/Syf/Desktop/BS4/tools/binutils-src/libiberty/pexecute.c -o pic/pexecute.o; \
else true; fi
if [ x"" != x ]; then \
  gcc -c -DHAVE_CONFIG_H -g -O2    -I. -I/c/Users/Syf/Desktop/BS4/tools/binutils-src/libiberty/../include  -W -Wall -Wwrite-strings -Wc++-compat -Wstrict-prototypes -Wshadow=local -pedantic  -D_GNU_SOURCE   /c/Users/Syf/Desktop/BS4/tools/binutils-src/libiberty/physmem.c -o pic/physmem.o; \
else true; fi
if [ x"" != x ]; then \
  gcc -c -DHAVE_CONFIG_H -g -O2    -I. -I/c/Users/Syf/Desktop/BS4/tools/binutils-src/libiberty/../include  -W -Wall -Wwrite-strings -Wc++-compat -Wstrict-prototypes -Wshadow=local -pedantic  -D_GNU_SOURCE    /c/Users/Syf/Desktop/BS4/tools/binutils-src/libiberty/pexecute.c -o noasan/pexecute.o; \
else true; fi
if [ x"" != x ]; then \
  gcc -c -DHAVE_CONFIG_H -g -O2    -I. -I/c/Users/Syf/Desktop/BS4/tools/binutils-src/libiberty/../include  -W -Wall -Wwrite-strings -Wc++-compat -Wstrict-prototypes -Wshadow=local -pedantic  -D_GNU_SOURCE    /c/Users/Syf/Desktop/BS4/tools/binutils-src/libiberty/physmem.c -o noasan/physmem.o; \
else true; fi
gcc -c -DHAVE_CONFIG_H -g -O2    -I. -I/c/Users/Syf/Desktop/BS4/tools/binutils-src/libiberty/../include  -W -Wall -Wwrite-strings -Wc++-compat -Wstrict-prototypes -Wshadow=local -pedantic  -D_GNU_SOURCE  /c/Users/Syf/Desktop/BS4/tools/binutils-src/libiberty/pexecute.c -o pexecute.o
gcc -c -DHAVE_CONFIG_H -g -O2    -I. -I/c/Users/Syf/Desktop/BS4/tools/binutils-src/libiberty/../include  -W -Wall -Wwrite-strings -Wc++-compat -Wstrict-prototypes -Wshadow=local -pedantic  -D_GNU_SOURCE  /c/Users/Syf/Desktop/BS4/tools/binutils-src/libiberty/physmem.c -o physmem.o
yes
if [ x"" != x ]; then \
  gcc -c -DHAVE_CONFIG_H -g -O2    -I. -I/c/Users/Syf/Desktop/BS4/tools/binutils-src/libiberty/../include  -W -Wall -Wwrite-strings -Wc++-compat -Wstrict-prototypes -Wshadow=local -pedantic  -D_GNU_SOURCE   /c/Users/Syf/Desktop/BS4/tools/binutils-src/libiberty/pex-common.c -o pic/pex-common.o; \
else true; fi
checking for sys/types.h... if [ x"" != x ]; then \
  gcc -c -DHAVE_CONFIG_H -g -O2    -I. -I/c/Users/Syf/Desktop/BS4/tools/binutils-src/libiberty/../include  -W -Wall -Wwrite-strings -Wc++-compat -Wstrict-prototypes -Wshadow=local -pedantic  -D_GNU_SOURCE    /c/Users/Syf/Desktop/BS4/tools/binutils-src/libiberty/pex-common.c -o noasan/pex-common.o; \
else true; fi
gcc -c -DHAVE_CONFIG_H -g -O2    -I. -I/c/Users/Syf/Desktop/BS4/tools/binutils-src/libiberty/../include  -W -Wall -Wwrite-strings -Wc++-compat -Wstrict-prototypes -Wshadow=local -pedantic  -D_GNU_SOURCE  /c/Users/Syf/Desktop/BS4/tools/binutils-src/libiberty/pex-common.c -o pex-common.o
if [ x"" != x ]; then \
  gcc -c -DHAVE_CONFIG_H -g -O2    -I. -I/c/Users/Syf/Desktop/BS4/tools/binutils-src/libiberty/../include  -W -Wall -Wwrite-strings -Wc++-compat -Wstrict-prototypes -Wshadow=local -pedantic  -D_GNU_SOURCE   /c/Users/Syf/Desktop/BS4/tools/binutils-src/libiberty/pex-one.c -o pic/pex-one.o; \
else true; fi
if [ x"" != x ]; then \
  gcc -c -DHAVE_CONFIG_H -g -O2    -I. -I/c/Users/Syf/Desktop/BS4/tools/binutils-src/libiberty/../include  -W -Wall -Wwrite-strings -Wc++-compat -Wstrict-prototypes -Wshadow=local -pedantic  -D_GNU_SOURCE    /c/Users/Syf/Desktop/BS4/tools/binutils-src/libiberty/pex-one.c -o noasan/pex-one.o; \
else true; fi
gcc -c -DHAVE_CONFIG_H -g -O2    -I. -I/c/Users/Syf/Desktop/BS4/tools/binutils-src/libiberty/../include  -W -Wall -Wwrite-strings -Wc++-compat -Wstrict-prototypes -Wshadow=local -pedantic  -D_GNU_SOURCE  /c/Users/Syf/Desktop/BS4/tools/binutils-src/libiberty/pex-one.c -o pex-one.o
if [ x"" != x ]; then \
  gcc -c -DHAVE_CONFIG_H -g -O2    -I. -I/c/Users/Syf/Desktop/BS4/tools/binutils-src/libiberty/../include  -W -Wall -Wwrite-strings -Wc++-compat -Wstrict-prototypes -Wshadow=local -pedantic  -D_GNU_SOURCE   /c/Users/Syf/Desktop/BS4/tools/binutils-src/libiberty/pex-unix.c -o pic/pex-unix.o; \
else true; fi
if [ x"" != x ]; then \
  gcc -c -DHAVE_CONFIG_H -g -O2    -I. -I/c/Users/Syf/Desktop/BS4/tools/binutils-src/libiberty/../include  -W -Wall -Wwrite-strings -Wc++-compat -Wstrict-prototypes -Wshadow=local -pedantic  -D_GNU_SOURCE    /c/Users/Syf/Desktop/BS4/tools/binutils-src/libiberty/pex-unix.c -o noasan/pex-unix.o; \
else true; fi
gcc -c -DHAVE_CONFIG_H -g -O2    -I. -I/c/Users/Syf/Desktop/BS4/tools/binutils-src/libiberty/../include  -W -Wall -Wwrite-strings -Wc++-compat -Wstrict-prototypes -Wshadow=local -pedantic  -D_GNU_SOURCE  /c/Users/Syf/Desktop/BS4/tools/binutils-src/libiberty/pex-unix.c -o pex-unix.o
yes
checking for sys/stat.h... if [ x"" != x ]; then \
  gcc -c -DHAVE_CONFIG_H -g -O2    -I. -I/c/Users/Syf/Desktop/BS4/tools/binutils-src/libiberty/../include  -W -Wall -Wwrite-strings -Wc++-compat -Wstrict-prototypes -Wshadow=local -pedantic  -D_GNU_SOURCE   /c/Users/Syf/Desktop/BS4/tools/binutils-src/libiberty/vprintf-support.c -o pic/vprintf-support.o; \
else true; fi
if [ x"" != x ]; then \
  gcc -c -DHAVE_CONFIG_H -g -O2    -I. -I/c/Users/Syf/Desktop/BS4/tools/binutils-src/libiberty/../include  -W -Wall -Wwrite-strings -Wc++-compat -Wstrict-prototypes -Wshadow=local -pedantic  -D_GNU_SOURCE    /c/Users/Syf/Desktop/BS4/tools/binutils-src/libiberty/vprintf-support.c -o noasan/vprintf-support.o; \
else true; fi
gcc -c -DHAVE_CONFIG_H -g -O2    -I. -I/c/Users/Syf/Desktop/BS4/tools/binutils-src/libiberty/../include  -W -Wall -Wwrite-strings -Wc++-compat -Wstrict-prototypes -Wshadow=local -pedantic  -D_GNU_SOURCE  /c/Users/Syf/Desktop/BS4/tools/binutils-src/libiberty/vprintf-support.c -o vprintf-support.o
if [ x"" != x ]; then \
  gcc -c -DHAVE_CONFIG_H -g -O2    -I. -I/c/Users/Syf/Desktop/BS4/tools/binutils-src/libiberty/../include  -W -Wall -Wwrite-strings -Wc++-compat -Wstrict-prototypes -Wshadow=local -pedantic  -D_GNU_SOURCE   /c/Users/Syf/Desktop/BS4/tools/binutils-src/libiberty/rust-demangle.c -o pic/rust-demangle.o; \
else true; fi
if [ x"" != x ]; then \
  gcc -c -DHAVE_CONFIG_H -g -O2    -I. -I/c/Users/Syf/Desktop/BS4/tools/binutils-src/libiberty/../include  -W -Wall -Wwrite-strings -Wc++-compat -Wstrict-prototypes -Wshadow=local -pedantic  -D_GNU_SOURCE    /c/Users/Syf/Desktop/BS4/tools/binutils-src/libiberty/rust-demangle.c -o noasan/rust-demangle.o; \
else true; fi
yes
gcc -c -DHAVE_CONFIG_H -g -O2    -I. -I/c/Users/Syf/Desktop/BS4/tools/binutils-src/libiberty/../include  -W -Wall -Wwrite-strings -Wc++-compat -Wstrict-prototypes -Wshadow=local -pedantic  -D_GNU_SOURCE  /c/Users/Syf/Desktop/BS4/tools/binutils-src/libiberty/rust-demangle.c -o rust-demangle.o
if [ x"" != x ]; then \
  gcc -c -DHAVE_CONFIG_H -g -O2    -I. -I/c/Users/Syf/Desktop/BS4/tools/binutils-src/libiberty/../include  -W -Wall -Wwrite-strings -Wc++-compat -Wstrict-prototypes -Wshadow=local -pedantic  -D_GNU_SOURCE   /c/Users/Syf/Desktop/BS4/tools/binutils-src/libiberty/safe-ctype.c -o pic/safe-ctype.o; \
else true; fi
if [ x"" != x ]; then \
  gcc -c -DHAVE_CONFIG_H -g -O2    -I. -I/c/Users/Syf/Desktop/BS4/tools/binutils-src/libiberty/../include  -W -Wall -Wwrite-strings -Wc++-compat -Wstrict-prototypes -Wshadow=local -pedantic  -D_GNU_SOURCE    /c/Users/Syf/Desktop/BS4/tools/binutils-src/libiberty/safe-ctype.c -o noasan/safe-ctype.o; \
else true; fi
checking for stdlib.h... gcc -c -DHAVE_CONFIG_H -g -O2    -I. -I/c/Users/Syf/Desktop/BS4/tools/binutils-src/libiberty/../include  -W -Wall -Wwrite-strings -Wc++-compat -Wstrict-prototypes -Wshadow=local -pedantic  -D_GNU_SOURCE  /c/Users/Syf/Desktop/BS4/tools/binutils-src/libiberty/safe-ctype.c -o safe-ctype.o
yes
if [ x"" != x ]; then \
  gcc -c -DHAVE_CONFIG_H -g -O2    -I. -I/c/Users/Syf/Desktop/BS4/tools/binutils-src/libiberty/../include  -W -Wall -Wwrite-strings -Wc++-compat -Wstrict-prototypes -Wshadow=local -pedantic  -D_GNU_SOURCE   /c/Users/Syf/Desktop/BS4/tools/binutils-src/libiberty/simple-object.c -o pic/simple-object.o; \
else true; fi
if [ x"" != x ]; then \
  gcc -c -DHAVE_CONFIG_H -g -O2    -I. -I/c/Users/Syf/Desktop/BS4/tools/binutils-src/libiberty/../include  -W -Wall -Wwrite-strings -Wc++-compat -Wstrict-prototypes -Wshadow=local -pedantic  -D_GNU_SOURCE    /c/Users/Syf/Desktop/BS4/tools/binutils-src/libiberty/simple-object.c -o noasan/simple-object.o; \
else true; fi
gcc -c -DHAVE_CONFIG_H -g -O2    -I. -I/c/Users/Syf/Desktop/BS4/tools/binutils-src/libiberty/../include  -W -Wall -Wwrite-strings -Wc++-compat -Wstrict-prototypes -Wshadow=local -pedantic  -D_GNU_SOURCE  /c/Users/Syf/Desktop/BS4/tools/binutils-src/libiberty/simple-object.c -o simple-object.o
checking for string.h... yes
if [ x"" != x ]; then \
  gcc -c -DHAVE_CONFIG_H -g -O2    -I. -I/c/Users/Syf/Desktop/BS4/tools/binutils-src/libiberty/../include  -W -Wall -Wwrite-strings -Wc++-compat -Wstrict-prototypes -Wshadow=local -pedantic  -D_GNU_SOURCE   /c/Users/Syf/Desktop/BS4/tools/binutils-src/libiberty/simple-object-coff.c -o pic/simple-object-coff.o; \
else true; fi
if [ x"" != x ]; then \
  gcc -c -DHAVE_CONFIG_H -g -O2    -I. -I/c/Users/Syf/Desktop/BS4/tools/binutils-src/libiberty/../include  -W -Wall -Wwrite-strings -Wc++-compat -Wstrict-prototypes -Wshadow=local -pedantic  -D_GNU_SOURCE    /c/Users/Syf/Desktop/BS4/tools/binutils-src/libiberty/simple-object-coff.c -o noasan/simple-object-coff.o; \
else true; fi
gcc -c -DHAVE_CONFIG_H -g -O2    -I. -I/c/Users/Syf/Desktop/BS4/tools/binutils-src/libiberty/../include  -W -Wall -Wwrite-strings -Wc++-compat -Wstrict-prototypes -Wshadow=local -pedantic  -D_GNU_SOURCE  /c/Users/Syf/Desktop/BS4/tools/binutils-src/libiberty/simple-object-coff.c -o simple-object-coff.o
checking for memory.h... yes
if [ x"" != x ]; then \
  gcc -c -DHAVE_CONFIG_H -g -O2    -I. -I/c/Users/Syf/Desktop/BS4/tools/binutils-src/libiberty/../include  -W -Wall -Wwrite-strings -Wc++-compat -Wstrict-prototypes -Wshadow=local -pedantic  -D_GNU_SOURCE   /c/Users/Syf/Desktop/BS4/tools/binutils-src/libiberty/simple-object-elf.c -o pic/simple-object-elf.o; \
else true; fi
if [ x"" != x ]; then \
  gcc -c -DHAVE_CONFIG_H -g -O2    -I. -I/c/Users/Syf/Desktop/BS4/tools/binutils-src/libiberty/../include  -W -Wall -Wwrite-strings -Wc++-compat -Wstrict-prototypes -Wshadow=local -pedantic  -D_GNU_SOURCE    /c/Users/Syf/Desktop/BS4/tools/binutils-src/libiberty/simple-object-elf.c -o noasan/simple-object-elf.o; \
else true; fi
checking for strings.h... gcc -c -DHAVE_CONFIG_H -g -O2    -I. -I/c/Users/Syf/Desktop/BS4/tools/binutils-src/libiberty/../include  -W -Wall -Wwrite-strings -Wc++-compat -Wstrict-prototypes -Wshadow=local -pedantic  -D_GNU_SOURCE  /c/Users/Syf/Desktop/BS4/tools/binutils-src/libiberty/simple-object-elf.c -o simple-object-elf.o
yes
if [ x"" != x ]; then \
  gcc -c -DHAVE_CONFIG_H -g -O2    -I. -I/c/Users/Syf/Desktop/BS4/tools/binutils-src/libiberty/../include  -W -Wall -Wwrite-strings -Wc++-compat -Wstrict-prototypes -Wshadow=local -pedantic  -D_GNU_SOURCE   /c/Users/Syf/Desktop/BS4/tools/binutils-src/libiberty/simple-object-mach-o.c -o pic/simple-object-mach-o.o; \
else true; fi
if [ x"" != x ]; then \
  gcc -c -DHAVE_CONFIG_H -g -O2    -I. -I/c/Users/Syf/Desktop/BS4/tools/binutils-src/libiberty/../include  -W -Wall -Wwrite-strings -Wc++-compat -Wstrict-prototypes -Wshadow=local -pedantic  -D_GNU_SOURCE    /c/Users/Syf/Desktop/BS4/tools/binutils-src/libiberty/simple-object-mach-o.c -o noasan/simple-object-mach-o.o; \
else true; fi
gcc -c -DHAVE_CONFIG_H -g -O2    -I. -I/c/Users/Syf/Desktop/BS4/tools/binutils-src/libiberty/../include  -W -Wall -Wwrite-strings -Wc++-compat -Wstrict-prototypes -Wshadow=local -pedantic  -D_GNU_SOURCE  /c/Users/Syf/Desktop/BS4/tools/binutils-src/libiberty/simple-object-mach-o.c -o simple-object-mach-o.o
checking for inttypes.h... yes
if [ x"" != x ]; then \
  gcc -c -DHAVE_CONFIG_H -g -O2    -I. -I/c/Users/Syf/Desktop/BS4/tools/binutils-src/libiberty/../include  -W -Wall -Wwrite-strings -Wc++-compat -Wstrict-prototypes -Wshadow=local -pedantic  -D_GNU_SOURCE   /c/Users/Syf/Desktop/BS4/tools/binutils-src/libiberty/simple-object-xcoff.c -o pic/simple-object-xcoff.o; \
else true; fi
if [ x"" != x ]; then \
  gcc -c -DHAVE_CONFIG_H -g -O2    -I. -I/c/Users/Syf/Desktop/BS4/tools/binutils-src/libiberty/../include  -W -Wall -Wwrite-strings -Wc++-compat -Wstrict-prototypes -Wshadow=local -pedantic  -D_GNU_SOURCE    /c/Users/Syf/Desktop/BS4/tools/binutils-src/libiberty/simple-object-xcoff.c -o noasan/simple-object-xcoff.o; \
else true; fi
gcc -c -DHAVE_CONFIG_H -g -O2    -I. -I/c/Users/Syf/Desktop/BS4/tools/binutils-src/libiberty/../include  -W -Wall -Wwrite-strings -Wc++-compat -Wstrict-prototypes -Wshadow=local -pedantic  -D_GNU_SOURCE  /c/Users/Syf/Desktop/BS4/tools/binutils-src/libiberty/simple-object-xcoff.c -o simple-object-xcoff.o
if [ x"" != x ]; then \
  gcc -c -DHAVE_CONFIG_H -g -O2    -I. -I/c/Users/Syf/Desktop/BS4/tools/binutils-src/libiberty/../include  -W -Wall -Wwrite-strings -Wc++-compat -Wstrict-prototypes -Wshadow=local -pedantic  -D_GNU_SOURCE   /c/Users/Syf/Desktop/BS4/tools/binutils-src/libiberty/sort.c -o pic/sort.o; \
else true; fi
if [ x"" != x ]; then \
  gcc -c -DHAVE_CONFIG_H -g -O2    -I. -I/c/Users/Syf/Desktop/BS4/tools/binutils-src/libiberty/../include  -W -Wall -Wwrite-strings -Wc++-compat -Wstrict-prototypes -Wshadow=local -pedantic  -D_GNU_SOURCE    /c/Users/Syf/Desktop/BS4/tools/binutils-src/libiberty/sort.c -o noasan/sort.o; \
else true; fi
checking for stdint.h... gcc -c -DHAVE_CONFIG_H -g -O2    -I. -I/c/Users/Syf/Desktop/BS4/tools/binutils-src/libiberty/../include  -W -Wall -Wwrite-strings -Wc++-compat -Wstrict-prototypes -Wshadow=local -pedantic  -D_GNU_SOURCE  /c/Users/Syf/Desktop/BS4/tools/binutils-src/libiberty/sort.c -o sort.o
if [ x"" != x ]; then \
  gcc -c -DHAVE_CONFIG_H -g -O2    -I. -I/c/Users/Syf/Desktop/BS4/tools/binutils-src/libiberty/../include  -W -Wall -Wwrite-strings -Wc++-compat -Wstrict-prototypes -Wshadow=local -pedantic  -D_GNU_SOURCE   /c/Users/Syf/Desktop/BS4/tools/binutils-src/libiberty/spaces.c -o pic/spaces.o; \
else true; fi
if [ x"" != x ]; then \
  gcc -c -DHAVE_CONFIG_H -g -O2    -I. -I/c/Users/Syf/Desktop/BS4/tools/binutils-src/libiberty/../include  -W -Wall -Wwrite-strings -Wc++-compat -Wstrict-prototypes -Wshadow=local -pedantic  -D_GNU_SOURCE    /c/Users/Syf/Desktop/BS4/tools/binutils-src/libiberty/spaces.c -o noasan/spaces.o; \
else true; fi
yes
gcc -c -DHAVE_CONFIG_H -g -O2    -I. -I/c/Users/Syf/Desktop/BS4/tools/binutils-src/libiberty/../include  -W -Wall -Wwrite-strings -Wc++-compat -Wstrict-prototypes -Wshadow=local -pedantic  -D_GNU_SOURCE  /c/Users/Syf/Desktop/BS4/tools/binutils-src/libiberty/spaces.c -o spaces.o
if [ x"" != x ]; then \
  gcc -c -DHAVE_CONFIG_H -g -O2    -I. -I/c/Users/Syf/Desktop/BS4/tools/binutils-src/libiberty/../include  -W -Wall -Wwrite-strings -Wc++-compat -Wstrict-prototypes -Wshadow=local -pedantic  -D_GNU_SOURCE   /c/Users/Syf/Desktop/BS4/tools/binutils-src/libiberty/splay-tree.c -o pic/splay-tree.o; \
else true; fi
checking for unistd.h... if [ x"" != x ]; then \
  gcc -c -DHAVE_CONFIG_H -g -O2    -I. -I/c/Users/Syf/Desktop/BS4/tools/binutils-src/libiberty/../include  -W -Wall -Wwrite-strings -Wc++-compat -Wstrict-prototypes -Wshadow=local -pedantic  -D_GNU_SOURCE    /c/Users/Syf/Desktop/BS4/tools/binutils-src/libiberty/splay-tree.c -o noasan/splay-tree.o; \
else true; fi
gcc -c -DHAVE_CONFIG_H -g -O2    -I. -I/c/Users/Syf/Desktop/BS4/tools/binutils-src/libiberty/../include  -W -Wall -Wwrite-strings -Wc++-compat -Wstrict-prototypes -Wshadow=local -pedantic  -D_GNU_SOURCE  /c/Users/Syf/Desktop/BS4/tools/binutils-src/libiberty/splay-tree.c -o splay-tree.o
if [ x"" != x ]; then \
  gcc -c -DHAVE_CONFIG_H -g -O2    -I. -I/c/Users/Syf/Desktop/BS4/tools/binutils-src/libiberty/../include  -W -Wall -Wwrite-strings -Wc++-compat -Wstrict-prototypes -Wshadow=local -pedantic  -D_GNU_SOURCE   /c/Users/Syf/Desktop/BS4/tools/binutils-src/libiberty/stack-limit.c -o pic/stack-limit.o; \
else true; fi
if [ x"" != x ]; then \
  gcc -c -DHAVE_CONFIG_H -g -O2    -I. -I/c/Users/Syf/Desktop/BS4/tools/binutils-src/libiberty/../include  -W -Wall -Wwrite-strings -Wc++-compat -Wstrict-prototypes -Wshadow=local -pedantic  -D_GNU_SOURCE   /c/Users/Syf/Desktop/BS4/tools/binutils-src/libiberty/strerror.c -o pic/strerror.o; \
else true; fi
if [ x"" != x ]; then \
  gcc -c -DHAVE_CONFIG_H -g -O2    -I. -I/c/Users/Syf/Desktop/BS4/tools/binutils-src/libiberty/../include  -W -Wall -Wwrite-strings -Wc++-compat -Wstrict-prototypes -Wshadow=local -pedantic  -D_GNU_SOURCE    /c/Users/Syf/Desktop/BS4/tools/binutils-src/libiberty/stack-limit.c -o noasan/stack-limit.o; \
else true; fi
if [ x"" != x ]; then \
  gcc -c -DHAVE_CONFIG_H -g -O2    -I. -I/c/Users/Syf/Desktop/BS4/tools/binutils-src/libiberty/../include  -W -Wall -Wwrite-strings -Wc++-compat -Wstrict-prototypes -Wshadow=local -pedantic  -D_GNU_SOURCE    /c/Users/Syf/Desktop/BS4/tools/binutils-src/libiberty/strerror.c -o noasan/strerror.o; \
else true; fi
gcc -c -DHAVE_CONFIG_H -g -O2    -I. -I/c/Users/Syf/Desktop/BS4/tools/binutils-src/libiberty/../include  -W -Wall -Wwrite-strings -Wc++-compat -Wstrict-prototypes -Wshadow=local -pedantic  -D_GNU_SOURCE  /c/Users/Syf/Desktop/BS4/tools/binutils-src/libiberty/stack-limit.c -o stack-limit.o
gcc -c -DHAVE_CONFIG_H -g -O2    -I. -I/c/Users/Syf/Desktop/BS4/tools/binutils-src/libiberty/../include  -W -Wall -Wwrite-strings -Wc++-compat -Wstrict-prototypes -Wshadow=local -pedantic  -D_GNU_SOURCE  /c/Users/Syf/Desktop/BS4/tools/binutils-src/libiberty/strerror.c -o strerror.o
yes
checking minix/config.h usability... if [ x"" != x ]; then \
  gcc -c -DHAVE_CONFIG_H -g -O2    -I. -I/c/Users/Syf/Desktop/BS4/tools/binutils-src/libiberty/../include  -W -Wall -Wwrite-strings -Wc++-compat -Wstrict-prototypes -Wshadow=local -pedantic  -D_GNU_SOURCE   /c/Users/Syf/Desktop/BS4/tools/binutils-src/libiberty/strsignal.c -o pic/strsignal.o; \
else true; fi
if [ x"" != x ]; then \
  gcc -c -DHAVE_CONFIG_H -g -O2    -I. -I/c/Users/Syf/Desktop/BS4/tools/binutils-src/libiberty/../include  -W -Wall -Wwrite-strings -Wc++-compat -Wstrict-prototypes -Wshadow=local -pedantic  -D_GNU_SOURCE    /c/Users/Syf/Desktop/BS4/tools/binutils-src/libiberty/strsignal.c -o noasan/strsignal.o; \
else true; fi
gcc -c -DHAVE_CONFIG_H -g -O2    -I. -I/c/Users/Syf/Desktop/BS4/tools/binutils-src/libiberty/../include  -W -Wall -Wwrite-strings -Wc++-compat -Wstrict-prototypes -Wshadow=local -pedantic  -D_GNU_SOURCE  /c/Users/Syf/Desktop/BS4/tools/binutils-src/libiberty/strsignal.c -o strsignal.o
if [ x"" != x ]; then \
  gcc -c -DHAVE_CONFIG_H -g -O2    -I. -I/c/Users/Syf/Desktop/BS4/tools/binutils-src/libiberty/../include  -W -Wall -Wwrite-strings -Wc++-compat -Wstrict-prototypes -Wshadow=local -pedantic  -D_GNU_SOURCE   /c/Users/Syf/Desktop/BS4/tools/binutils-src/libiberty/timeval-utils.c -o pic/timeval-utils.o; \
else true; fi
if [ x"" != x ]; then \
  gcc -c -DHAVE_CONFIG_H -g -O2    -I. -I/c/Users/Syf/Desktop/BS4/tools/binutils-src/libiberty/../include  -W -Wall -Wwrite-strings -Wc++-compat -Wstrict-prototypes -Wshadow=local -pedantic  -D_GNU_SOURCE   /c/Users/Syf/Desktop/BS4/tools/binutils-src/libiberty/unlink-if-ordinary.c -o pic/unlink-if-ordinary.o; \
else true; fi
if [ x"" != x ]; then \
  gcc -c -DHAVE_CONFIG_H -g -O2    -I. -I/c/Users/Syf/Desktop/BS4/tools/binutils-src/libiberty/../include  -W -Wall -Wwrite-strings -Wc++-compat -Wstrict-prototypes -Wshadow=local -pedantic  -D_GNU_SOURCE    /c/Users/Syf/Desktop/BS4/tools/binutils-src/libiberty/timeval-utils.c -o noasan/timeval-utils.o; \
else true; fi
if [ x"" != x ]; then \
  gcc -c -DHAVE_CONFIG_H -g -O2    -I. -I/c/Users/Syf/Desktop/BS4/tools/binutils-src/libiberty/../include  -W -Wall -Wwrite-strings -Wc++-compat -Wstrict-prototypes -Wshadow=local -pedantic  -D_GNU_SOURCE    /c/Users/Syf/Desktop/BS4/tools/binutils-src/libiberty/unlink-if-ordinary.c -o noasan/unlink-if-ordinary.o; \
else true; fi
gcc -c -DHAVE_CONFIG_H -g -O2    -I. -I/c/Users/Syf/Desktop/BS4/tools/binutils-src/libiberty/../include  -W -Wall -Wwrite-strings -Wc++-compat -Wstrict-prototypes -Wshadow=local -pedantic  -D_GNU_SOURCE  /c/Users/Syf/Desktop/BS4/tools/binutils-src/libiberty/timeval-utils.c -o timeval-utils.o
gcc -c -DHAVE_CONFIG_H -g -O2    -I. -I/c/Users/Syf/Desktop/BS4/tools/binutils-src/libiberty/../include  -W -Wall -Wwrite-strings -Wc++-compat -Wstrict-prototypes -Wshadow=local -pedantic  -D_GNU_SOURCE  /c/Users/Syf/Desktop/BS4/tools/binutils-src/libiberty/unlink-if-ordinary.c -o unlink-if-ordinary.o
no
checking minix/config.h presence... if [ x"" != x ]; then \
  gcc -c -DHAVE_CONFIG_H -g -O2    -I. -I/c/Users/Syf/Desktop/BS4/tools/binutils-src/libiberty/../include  -W -Wall -Wwrite-strings -Wc++-compat -Wstrict-prototypes -Wshadow=local -pedantic  -D_GNU_SOURCE   /c/Users/Syf/Desktop/BS4/tools/binutils-src/libiberty/xasprintf.c -o pic/xasprintf.o; \
else true; fi
if [ x"" != x ]; then \
  gcc -c -DHAVE_CONFIG_H -g -O2    -I. -I/c/Users/Syf/Desktop/BS4/tools/binutils-src/libiberty/../include  -W -Wall -Wwrite-strings -Wc++-compat -Wstrict-prototypes -Wshadow=local -pedantic  -D_GNU_SOURCE    /c/Users/Syf/Desktop/BS4/tools/binutils-src/libiberty/xasprintf.c -o noasan/xasprintf.o; \
else true; fi
gcc -c -DHAVE_CONFIG_H -g -O2    -I. -I/c/Users/Syf/Desktop/BS4/tools/binutils-src/libiberty/../include  -W -Wall -Wwrite-strings -Wc++-compat -Wstrict-prototypes -Wshadow=local -pedantic  -D_GNU_SOURCE  /c/Users/Syf/Desktop/BS4/tools/binutils-src/libiberty/xasprintf.c -o xasprintf.o
if [ x"" != x ]; then \
  gcc -c -DHAVE_CONFIG_H -g -O2    -I. -I/c/Users/Syf/Desktop/BS4/tools/binutils-src/libiberty/../include  -W -Wall -Wwrite-strings -Wc++-compat -Wstrict-prototypes -Wshadow=local -pedantic  -D_GNU_SOURCE   /c/Users/Syf/Desktop/BS4/tools/binutils-src/libiberty/xatexit.c -o pic/xatexit.o; \
else true; fi
if [ x"" != x ]; then \
  gcc -c -DHAVE_CONFIG_H -g -O2    -I. -I/c/Users/Syf/Desktop/BS4/tools/binutils-src/libiberty/../include  -W -Wall -Wwrite-strings -Wc++-compat -Wstrict-prototypes -Wshadow=local -pedantic  -D_GNU_SOURCE    /c/Users/Syf/Desktop/BS4/tools/binutils-src/libiberty/xatexit.c -o noasan/xatexit.o; \
else true; fi
if [ x"" != x ]; then \
  gcc -c -DHAVE_CONFIG_H -g -O2    -I. -I/c/Users/Syf/Desktop/BS4/tools/binutils-src/libiberty/../include  -W -Wall -Wwrite-strings -Wc++-compat -Wstrict-prototypes -Wshadow=local -pedantic  -D_GNU_SOURCE   /c/Users/Syf/Desktop/BS4/tools/binutils-src/libiberty/xexit.c -o pic/xexit.o; \
else true; fi
gcc -c -DHAVE_CONFIG_H -g -O2    -I. -I/c/Users/Syf/Desktop/BS4/tools/binutils-src/libiberty/../include  -W -Wall -Wwrite-strings -Wc++-compat -Wstrict-prototypes -Wshadow=local -pedantic  -D_GNU_SOURCE  /c/Users/Syf/Desktop/BS4/tools/binutils-src/libiberty/xatexit.c -o xatexit.o
if [ x"" != x ]; then \
  gcc -c -DHAVE_CONFIG_H -g -O2    -I. -I/c/Users/Syf/Desktop/BS4/tools/binutils-src/libiberty/../include  -W -Wall -Wwrite-strings -Wc++-compat -Wstrict-prototypes -Wshadow=local -pedantic  -D_GNU_SOURCE    /c/Users/Syf/Desktop/BS4/tools/binutils-src/libiberty/xexit.c -o noasan/xexit.o; \
else true; fi
no
checking for minix/config.h... no
checking whether it is safe to define __EXTENSIONS__... gcc -c -DHAVE_CONFIG_H -g -O2    -I. -I/c/Users/Syf/Desktop/BS4/tools/binutils-src/libiberty/../include  -W -Wall -Wwrite-strings -Wc++-compat -Wstrict-prototypes -Wshadow=local -pedantic  -D_GNU_SOURCE  /c/Users/Syf/Desktop/BS4/tools/binutils-src/libiberty/xexit.c -o xexit.o
if [ x"" != x ]; then \
  gcc -c -DHAVE_CONFIG_H -g -O2    -I. -I/c/Users/Syf/Desktop/BS4/tools/binutils-src/libiberty/../include  -W -Wall -Wwrite-strings -Wc++-compat -Wstrict-prototypes -Wshadow=local -pedantic  -D_GNU_SOURCE   /c/Users/Syf/Desktop/BS4/tools/binutils-src/libiberty/xmalloc.c -o pic/xmalloc.o; \
else true; fi
if [ x"" != x ]; then \
  gcc -c -DHAVE_CONFIG_H -g -O2    -I. -I/c/Users/Syf/Desktop/BS4/tools/binutils-src/libiberty/../include  -W -Wall -Wwrite-strings -Wc++-compat -Wstrict-prototypes -Wshadow=local -pedantic  -D_GNU_SOURCE    /c/Users/Syf/Desktop/BS4/tools/binutils-src/libiberty/xmalloc.c -o noasan/xmalloc.o; \
else true; fi
gcc -c -DHAVE_CONFIG_H -g -O2    -I. -I/c/Users/Syf/Desktop/BS4/tools/binutils-src/libiberty/../include  -W -Wall -Wwrite-strings -Wc++-compat -Wstrict-prototypes -Wshadow=local -pedantic  -D_GNU_SOURCE  /c/Users/Syf/Desktop/BS4/tools/binutils-src/libiberty/xmalloc.c -o xmalloc.o
yes
if [ x"" != x ]; then \
  gcc -c -DHAVE_CONFIG_H -g -O2    -I. -I/c/Users/Syf/Desktop/BS4/tools/binutils-src/libiberty/../include  -W -Wall -Wwrite-strings -Wc++-compat -Wstrict-prototypes -Wshadow=local -pedantic  -D_GNU_SOURCE   /c/Users/Syf/Desktop/BS4/tools/binutils-src/libiberty/xmemdup.c -o pic/xmemdup.o; \
else true; fi
checking how to print strings... if [ x"" != x ]; then \
  gcc -c -DHAVE_CONFIG_H -g -O2    -I. -I/c/Users/Syf/Desktop/BS4/tools/binutils-src/libiberty/../include  -W -Wall -Wwrite-strings -Wc++-compat -Wstrict-prototypes -Wshadow=local -pedantic  -D_GNU_SOURCE    /c/Users/Syf/Desktop/BS4/tools/binutils-src/libiberty/xmemdup.c -o noasan/xmemdup.o; \
else true; fi
gcc -c -DHAVE_CONFIG_H -g -O2    -I. -I/c/Users/Syf/Desktop/BS4/tools/binutils-src/libiberty/../include  -W -Wall -Wwrite-strings -Wc++-compat -Wstrict-prototypes -Wshadow=local -pedantic  -D_GNU_SOURCE  /c/Users/Syf/Desktop/BS4/tools/binutils-src/libiberty/xmemdup.c -o xmemdup.o
printf
checking for a sed that does not truncate output... if [ x"" != x ]; then \
  gcc -c -DHAVE_CONFIG_H -g -O2    -I. -I/c/Users/Syf/Desktop/BS4/tools/binutils-src/libiberty/../include  -W -Wall -Wwrite-strings -Wc++-compat -Wstrict-prototypes -Wshadow=local -pedantic  -D_GNU_SOURCE   /c/Users/Syf/Desktop/BS4/tools/binutils-src/libiberty/xstrdup.c -o pic/xstrdup.o; \
else true; fi
if [ x"" != x ]; then \
  gcc -c -DHAVE_CONFIG_H -g -O2    -I. -I/c/Users/Syf/Desktop/BS4/tools/binutils-src/libiberty/../include  -W -Wall -Wwrite-strings -Wc++-compat -Wstrict-prototypes -Wshadow=local -pedantic  -D_GNU_SOURCE    /c/Users/Syf/Desktop/BS4/tools/binutils-src/libiberty/xstrdup.c -o noasan/xstrdup.o; \
else true; fi
/usr/bin/sed
gcc -c -DHAVE_CONFIG_H -g -O2    -I. -I/c/Users/Syf/Desktop/BS4/tools/binutils-src/libiberty/../include  -W -Wall -Wwrite-strings -Wc++-compat -Wstrict-prototypes -Wshadow=local -pedantic  -D_GNU_SOURCE  /c/Users/Syf/Desktop/BS4/tools/binutils-src/libiberty/xstrdup.c -o xstrdup.o
checking for fgrep... /usr/bin/grep -F
checking for ld used by gcc... if [ x"" != x ]; then \
  gcc -c -DHAVE_CONFIG_H -g -O2    -I. -I/c/Users/Syf/Desktop/BS4/tools/binutils-src/libiberty/../include  -W -Wall -Wwrite-strings -Wc++-compat -Wstrict-prototypes -Wshadow=local -pedantic  -D_GNU_SOURCE   /c/Users/Syf/Desktop/BS4/tools/binutils-src/libiberty/xstrerror.c -o pic/xstrerror.o; \
else true; fi
if [ x"" != x ]; then \
  gcc -c -DHAVE_CONFIG_H -g -O2    -I. -I/c/Users/Syf/Desktop/BS4/tools/binutils-src/libiberty/../include  -W -Wall -Wwrite-strings -Wc++-compat -Wstrict-prototypes -Wshadow=local -pedantic  -D_GNU_SOURCE    /c/Users/Syf/Desktop/BS4/tools/binutils-src/libiberty/xstrerror.c -o noasan/xstrerror.o; \
else true; fi
gcc -c -DHAVE_CONFIG_H -g -O2    -I. -I/c/Users/Syf/Desktop/BS4/tools/binutils-src/libiberty/../include  -W -Wall -Wwrite-strings -Wc++-compat -Wstrict-prototypes -Wshadow=local -pedantic  -D_GNU_SOURCE  /c/Users/Syf/Desktop/BS4/tools/binutils-src/libiberty/xstrerror.c -o xstrerror.o
/usr/lib/gcc/x86_64-pc-cygwin/15.3.0/../../../../x86_64-pc-cygwin/bin/ld.exe
checking if the linker (/usr/lib/gcc/x86_64-pc-cygwin/15.3.0/../../../../x86_64-pc-cygwin/bin/ld.exe) is GNU ld... yes
checking for BSD- or MS-compatible name lister (nm)... if [ x"" != x ]; then \
  gcc -c -DHAVE_CONFIG_H -g -O2    -I. -I/c/Users/Syf/Desktop/BS4/tools/binutils-src/libiberty/../include  -W -Wall -Wwrite-strings -Wc++-compat -Wstrict-prototypes -Wshadow=local -pedantic  -D_GNU_SOURCE   /c/Users/Syf/Desktop/BS4/tools/binutils-src/libiberty/xstrndup.c -o pic/xstrndup.o; \
else true; fi
if [ x"" != x ]; then \
  gcc -c -DHAVE_CONFIG_H -g -O2    -I. -I/c/Users/Syf/Desktop/BS4/tools/binutils-src/libiberty/../include  -W -Wall -Wwrite-strings -Wc++-compat -Wstrict-prototypes -Wshadow=local -pedantic  -D_GNU_SOURCE    /c/Users/Syf/Desktop/BS4/tools/binutils-src/libiberty/xstrndup.c -o noasan/xstrndup.o; \
else true; fi
gcc -c -DHAVE_CONFIG_H -g -O2    -I. -I/c/Users/Syf/Desktop/BS4/tools/binutils-src/libiberty/../include  -W -Wall -Wwrite-strings -Wc++-compat -Wstrict-prototypes -Wshadow=local -pedantic  -D_GNU_SOURCE  /c/Users/Syf/Desktop/BS4/tools/binutils-src/libiberty/xstrndup.c -o xstrndup.o
if [ x"" != x ]; then \
  gcc -c -DHAVE_CONFIG_H -g -O2    -I. -I/c/Users/Syf/Desktop/BS4/tools/binutils-src/libiberty/../include  -W -Wall -Wwrite-strings -Wc++-compat -Wstrict-prototypes -Wshadow=local -pedantic  -D_GNU_SOURCE   /c/Users/Syf/Desktop/BS4/tools/binutils-src/libiberty/xvasprintf.c -o pic/xvasprintf.o; \
else true; fi
if [ x"" != x ]; then \
  gcc -c -DHAVE_CONFIG_H -g -O2    -I. -I/c/Users/Syf/Desktop/BS4/tools/binutils-src/libiberty/../include  -W -Wall -Wwrite-strings -Wc++-compat -Wstrict-prototypes -Wshadow=local -pedantic  -D_GNU_SOURCE   /c/Users/Syf/Desktop/BS4/tools/binutils-src/libiberty/sigsetmask.c -o pic/sigsetmask.o; \
else true; fi
if [ x"" != x ]; then \
  gcc -c -DHAVE_CONFIG_H -g -O2    -I. -I/c/Users/Syf/Desktop/BS4/tools/binutils-src/libiberty/../include  -W -Wall -Wwrite-strings -Wc++-compat -Wstrict-prototypes -Wshadow=local -pedantic  -D_GNU_SOURCE    /c/Users/Syf/Desktop/BS4/tools/binutils-src/libiberty/xvasprintf.c -o noasan/xvasprintf.o; \
else true; fi
if [ x"" != x ]; then \
  gcc -c -DHAVE_CONFIG_H -g -O2    -I. -I/c/Users/Syf/Desktop/BS4/tools/binutils-src/libiberty/../include  -W -Wall -Wwrite-strings -Wc++-compat -Wstrict-prototypes -Wshadow=local -pedantic  -D_GNU_SOURCE    /c/Users/Syf/Desktop/BS4/tools/binutils-src/libiberty/sigsetmask.c -o noasan/sigsetmask.o; \
else true; fi
gcc -c -DHAVE_CONFIG_H -g -O2    -I. -I/c/Users/Syf/Desktop/BS4/tools/binutils-src/libiberty/../include  -W -Wall -Wwrite-strings -Wc++-compat -Wstrict-prototypes -Wshadow=local -pedantic  -D_GNU_SOURCE  /c/Users/Syf/Desktop/BS4/tools/binutils-src/libiberty/xvasprintf.c -o xvasprintf.o
gcc -c -DHAVE_CONFIG_H -g -O2    -I. -I/c/Users/Syf/Desktop/BS4/tools/binutils-src/libiberty/../include  -W -Wall -Wwrite-strings -Wc++-compat -Wstrict-prototypes -Wshadow=local -pedantic  -D_GNU_SOURCE  /c/Users/Syf/Desktop/BS4/tools/binutils-src/libiberty/sigsetmask.c -o sigsetmask.o
no
checking for x86_64-pc-cygwin-dumpbin... no
checking for x86_64-pc-cygwin-link... no
checking for dumpbin... no
checking for link... link -dump
checking the name lister (nm ) interface... BSD nm
checking whether ln -s works... no, using cp -pR
checking the maximum length of command line arguments... 8192
checking whether the shell understands some XSI constructs... yes
checking whether the shell understands "+="... yes
rm -f ./libiberty.a pic/./libiberty.a noasan/./libiberty.a
ar  rc ./libiberty.a \
  ./regex.o ./cplus-dem.o ./cp-demangle.o ./md5.o ./sha1.o ./alloca.o ./argv.o ./bsearch_r.o ./choose-temp.o ./concat.o ./cp-demint.o ./crc32.o ./d-demangle.o ./dwarfnames.o ./dyn-string.o ./fdmatch.o ./fibheap.o ./filedescriptor.o ./filename_cmp.o ./floatformat.o ./fnmatch.o ./fopen_unlocked.o ./getopt.o ./getopt1.o ./getpwd.o ./getruntime.o ./hashtab.o ./hex.o ./lbasename.o ./ldirname.o ./lrealpath.o ./make-relative-prefix.o ./make-temp-file.o ./objalloc.o ./obstack.o ./partition.o ./pexecute.o ./physmem.o ./pex-common.o ./pex-one.o ./pex-unix.o ./vprintf-support.o ./rust-demangle.o ./safe-ctype.o ./simple-object.o ./simple-object-coff.o ./simple-object-elf.o ./simple-object-mach-o.o ./simple-object-xcoff.o ./sort.o ./spaces.o ./splay-tree.o ./stack-limit.o ./strerror.o ./strsignal.o ./timeval-utils.o ./unlink-if-ordinary.o ./xasprintf.o ./xatexit.o ./xexit.o ./xmalloc.o ./xmemdup.o ./xstrdup.o ./xstrerror.o ./xstrndup.o ./xvasprintf.o  ./sigsetmask.o
checking for /usr/lib/gcc/x86_64-pc-cygwin/15.3.0/../../../../x86_64-pc-cygwin/bin/ld.exe option to reload object files... -r
checking for x86_64-pc-cygwin-objdump... objdump
checking how to recognize dependent libraries... file_magic ^x86 archive import|^x86 DLL
checking for clang... ranlib  ./libiberty.a
no
checking for x86_64-pc-cygwin-llvm-config... no
checking for llvm-config... llvm-config
checking for x86_64-pc-cygwin-ar... (cached) ar 
checking for -plugin option... if [ x"" != x ]; then \
  cd pic; \
  ar  rc ./libiberty.a \
    ./regex.o ./cplus-dem.o ./cp-demangle.o ./md5.o ./sha1.o ./alloca.o ./argv.o ./bsearch_r.o ./choose-temp.o ./concat.o ./cp-demint.o ./crc32.o ./d-demangle.o ./dwarfnames.o ./dyn-string.o ./fdmatch.o ./fibheap.o ./filedescriptor.o ./filename_cmp.o ./floatformat.o ./fnmatch.o ./fopen_unlocked.o ./getopt.o ./getopt1.o ./getpwd.o ./getruntime.o ./hashtab.o ./hex.o ./lbasename.o ./ldirname.o ./lrealpath.o ./make-relative-prefix.o ./make-temp-file.o ./objalloc.o ./obstack.o ./partition.o ./pexecute.o ./physmem.o ./pex-common.o ./pex-one.o ./pex-unix.o ./vprintf-support.o ./rust-demangle.o ./safe-ctype.o ./simple-object.o ./simple-object-coff.o ./simple-object-elf.o ./simple-object-mach-o.o ./simple-object-xcoff.o ./sort.o ./spaces.o ./splay-tree.o ./stack-limit.o ./strerror.o ./strsignal.o ./timeval-utils.o ./unlink-if-ordinary.o ./xasprintf.o ./xatexit.o ./xexit.o ./xmalloc.o ./xmemdup.o ./xstrdup.o ./xstrerror.o ./xstrndup.o ./xvasprintf.o  ./sigsetmask.o; \
  ranlib  ./libiberty.a; \
  cd ..; \
else true; fi; \
if [ x"" != x ]; then \
  cd noasan; \
  ar  rc ./libiberty.a \
    ./regex.o ./cplus-dem.o ./cp-demangle.o ./md5.o ./sha1.o ./alloca.o ./argv.o ./bsearch_r.o ./choose-temp.o ./concat.o ./cp-demint.o ./crc32.o ./d-demangle.o ./dwarfnames.o ./dyn-string.o ./fdmatch.o ./fibheap.o ./filedescriptor.o ./filename_cmp.o ./floatformat.o ./fnmatch.o ./fopen_unlocked.o ./getopt.o ./getopt1.o ./getpwd.o ./getruntime.o ./hashtab.o ./hex.o ./lbasename.o ./ldirname.o ./lrealpath.o ./make-relative-prefix.o ./make-temp-file.o ./objalloc.o ./obstack.o ./partition.o ./pexecute.o ./physmem.o ./pex-common.o ./pex-one.o ./pex-unix.o ./vprintf-support.o ./rust-demangle.o ./safe-ctype.o ./simple-object.o ./simple-object-coff.o ./simple-object-elf.o ./simple-object-mach-o.o ./simple-object-xcoff.o ./sort.o ./spaces.o ./splay-tree.o ./stack-limit.o ./strerror.o ./strsignal.o ./timeval-utils.o ./unlink-if-ordinary.o ./xasprintf.o ./xatexit.o ./xexit.o ./xmalloc.o ./xmemdup.o ./xstrdup.o ./xstrerror.o ./xstrndup.o ./xvasprintf.o  ./sigsetmask.o; \
  ranlib  ./libiberty.a; \
  cd ..; \
else true; fi
make[1]: Leaving directory '/c/Users/Syf/Desktop/BS4/tools/binutils-build/libiberty'
no
checking for x86_64-pc-cygwin-ar... (cached) ar 
checking for x86_64-pc-cygwin-strip... no
checking for strip... strip
checking for x86_64-pc-cygwin-ranlib... (cached) ranlib 
checking command to parse nm  output from gcc object... ok
checking for dlfcn.h... yes
checking for objdir... .libs
checking if gcc supports -fno-rtti -fno-exceptions... no
checking for gcc option to produce PIC... -DDLL_EXPORT -DPIC
checking if gcc PIC flag -DDLL_EXPORT -DPIC works... yes
checking if gcc static flag -static works... yes
checking if gcc supports -c -o file.o... yes
checking if gcc supports -c -o file.o... (cached) yes
checking whether the gcc linker (/usr/lib/gcc/x86_64-pc-cygwin/15.3.0/../../../../x86_64-pc-cygwin/bin/ld.exe) supports shared libraries... yes
checking dynamic linker characteristics... Win32 ld.exe
checking how to hardcode library paths into programs... immediate
checking whether a program can dlopen itself... yes
checking whether a statically linked program can dlopen itself... yes
checking whether stripping libraries is possible... yes
checking if libtool supports shared libraries... yes
checking whether to build shared libraries... no
checking whether to build static libraries... yes
checking for dlfcn.h... (cached) yes
checking for windows.h... yes
checking for library containing dlsym... none required
checking for special C compiler options needed for large files... no
checking for _FILE_OFFSET_BITS value needed for large files... no
Setting warning flags = -W -Wall -Wstrict-prototypes -Wmissing-prototypes -Wshadow -Wstack-usage=262144
checking whether to enable maintainer-specific portions of Makefiles... no
checking whether to install libbfd... no
checking whether byte ordering is bigendian... no
checking whether NLS is requested... no
checking for msgfmt... /usr/bin/msgfmt
checking for gmsgfmt... /usr/bin/msgfmt
checking for xgettext... /usr/bin/xgettext
checking for msgmerge... /usr/bin/msgmerge
checking for ld used by GCC... /usr/lib/gcc/x86_64-pc-cygwin/15.3.0/../../../../x86_64-pc-cygwin/bin/ld.exe
checking if the linker (/usr/lib/gcc/x86_64-pc-cygwin/15.3.0/../../../../x86_64-pc-cygwin/bin/ld.exe) is GNU ld... yes
checking for shared library run path origin... done
checking for CFPreferencesCopyAppValue... no
checking for CFLocaleCopyPreferredLanguages... no
checking whether to use NLS... no
checking whether NLS is requested... no
checking size of long long... 8
checking size of void *... 8
checking size of long... 8
checking size of int... 4
checking fcntl.h usability... yes
checking fcntl.h presence... yes
checking for fcntl.h... yes
checking sys/file.h usability... yes
checking sys/file.h presence... yes
checking for sys/file.h... yes
checking sys/resource.h usability... yes
checking sys/resource.h presence... yes
checking for sys/resource.h... yes
checking for sys/stat.h... (cached) yes
checking for sys/types.h... (cached) yes
checking for unistd.h... (cached) yes
checking for fcntl... yes
checking for fdopen... yes
checking for fileno... yes
checking for fls... yes
checking for getgid... yes
checking for getpagesize... yes
checking for getrlimit... yes
checking for getuid... yes
checking for sysconf... yes
checking whether basename is declared... yes
checking whether ffs is declared... yes
checking whether stpcpy is declared... yes
checking whether asprintf is declared... yes
checking whether vasprintf is declared... yes
checking whether strnlen is declared... yes
checking whether strtoull is declared... yes
checking whether ___lc_codepage_func is declared... no
checking for thread local storage (TLS) class... thread_local
checking for x86_64-pc-cygwin-pkg-config... /usr/bin/x86_64-pc-cygwin-pkg-config
checking pkg-config is at least version 0.9.0... yes
checking for libzstd >= 1.4.0... no
checking compiler support for hidden visibility... no
checking linker --as-needed support... yes
checking for gcc version with buggy 64-bit support... no
checking for ftello... yes
checking for ftello64... no
checking for fseeko... yes
checking for fseeko64... no
checking for fopen64... no
checking whether ftello is declared... yes
checking whether ftello64 is declared... no
checking whether fseeko is declared... yes
checking whether fseeko64 is declared... no
checking whether fopen64 is declared... no
checking size of off_t... 8
checking file_ptr type... int64_t
checking for stdlib.h... (cached) yes
checking for unistd.h... (cached) yes
checking for sys/param.h... yes
checking for getpagesize... (cached) yes
checking for working mmap... yes
checking for madvise... yes
checking for mprotect... yes
configure: updating cache ./config.cache
checking that generated files are newer than configure... done
configure: creating ./config.status
config.status: creating Makefile
config.status: creating bfd-in3.h
config.status: creating po/Makefile.in
config.status: creating config.h
config.status: executing depfiles commands
config.status: executing libtool commands
config.status: executing default-1 commands
config.status: executing default commands
make[1]: Entering directory '/c/Users/Syf/Desktop/BS4/tools/binutils-build/bfd'
  GEN      bfdver.h
  GEN      elf32-target.h
  GEN      elf64-target.h
  GEN      targmatch.h
Making info in po
make[2]: Entering directory '/c/Users/Syf/Desktop/BS4/tools/binutils-build/bfd/po'
( if test 'x/c/Users/Syf/Desktop/BS4/tools/binutils-src/bfd/po' != 'x.'; then \
    posrcprefix='/c/Users/Syf/Desktop/BS4/tools/binutils-src/bfd/'; \
  else \
    posrcprefix="../"; \
  fi; \
  rm -f SRC-POTFILES-t SRC-POTFILES \
    && (sed -e '/^#/d' \
            -e '/^[ 	]*$/d' \
	    -e "s@.*@	$posrcprefix& \\\\@" < /c/Users/Syf/Desktop/BS4/tools/binutils-src/bfd/po/SRC-POTFILES.in \
	| sed -e '$s/\\$//') > SRC-POTFILES-t \
    && chmod a-w SRC-POTFILES-t \
    && mv SRC-POTFILES-t SRC-POTFILES )
( rm -f BLD-POTFILES-t BLD-POTFILES \
    && (sed -e '/^#/d' \
            -e '/^[ 	]*$/d' \
	    -e "s@.*@	../& \\\\@" < /c/Users/Syf/Desktop/BS4/tools/binutils-src/bfd/po/BLD-POTFILES.in \
	| sed -e '$s/\\$//') > BLD-POTFILES-t \
    && chmod a-w BLD-POTFILES-t \
    && mv BLD-POTFILES-t BLD-POTFILES )
cd .. \
  && CONFIG_FILES=po/Makefile.in:po/Make-in \
     CONFIG_HEADERS= /bin/sh ./config.status
config.status: creating po/Makefile.in
config.status: executing depfiles commands
config.status: executing libtool commands
config.status: executing default-1 commands
config.status: executing default commands
make[2]: Nothing to be done for 'info'.
make[2]: Leaving directory '/c/Users/Syf/Desktop/BS4/tools/binutils-build/bfd/po'
make[2]: Entering directory '/c/Users/Syf/Desktop/BS4/tools/binutils-build/bfd'
  CCLD     doc/chew.stamp
  GEN      doc/aoutx.stamp
  GEN      doc/archive.stamp
  GEN      doc/archures.stamp
  GEN      doc/bfdio.stamp
  GEN      doc/bfdt.stamp
  GEN      doc/cache.stamp
  GEN      doc/coffcode.stamp
  GEN      doc/corefile.stamp
  GEN      doc/elfcode.stamp
  GEN      doc/elf.stamp
  GEN      doc/format.stamp
  GEN      doc/hash.stamp
  GEN      doc/libbfd.stamp
  GEN      doc/linker.stamp
  GEN      doc/mmo.stamp
  GEN      doc/opncls.stamp
  GEN      doc/reloc.stamp
  GEN      doc/section.stamp
  GEN      doc/syms.stamp
  GEN      doc/targets.stamp
make[2]: Leaving directory '/c/Users/Syf/Desktop/BS4/tools/binutils-build/bfd'
make  all-recursive
make[2]: Entering directory '/c/Users/Syf/Desktop/BS4/tools/binutils-build/bfd'
Making all in po
make[3]: Entering directory '/c/Users/Syf/Desktop/BS4/tools/binutils-build/bfd/po'
make[3]: Nothing to be done for 'all'.
make[3]: Leaving directory '/c/Users/Syf/Desktop/BS4/tools/binutils-build/bfd/po'
make[3]: Entering directory '/c/Users/Syf/Desktop/BS4/tools/binutils-build/bfd'
rm -f bfd-tmp.h
cp bfd-in3.h bfd-tmp.h
/bin/sh /c/Users/Syf/Desktop/BS4/tools/binutils-src/bfd/../move-if-change bfd-tmp.h bfd.h
rm -f tofiles
f=""; \
for i in elf32-i386.lo elfxx-x86.lo elf-ifunc.lo elf-vxworks.lo elf32.lo elf.lo elflink.lo elf-attrs.lo elf-strtab.lo elf-eh-frame.lo elf-properties.lo elf-sframe.lo dwarf1.lo dwarf2.lo coff-i386.lo cofflink.lo coffgen.lo elf32-gen.lo plugin.lo cpu-i386.lo cpu-iamcu.lo  archive64.lo ; do \
  case " $f " in \
    *" $i "*) ;; \
    *) f="$f $i" ;; \
  esac ; \
done ; \
echo $f > tofiles
rm -f bfd-tmp.h
/bin/sh /c/Users/Syf/Desktop/BS4/tools/binutils-src/bfd/../move-if-change tofiles ofiles
touch stmp-bfd-h
touch stamp-ofiles
  CC       archive.lo
  CC       archures.lo
  CC       bfd.lo
  CC       bfdio.lo
  CC       cache.lo
  CC       coff-bfd.lo
  CC       compress.lo
  CC       corefile.lo
  CC       format.lo
  CC       hash.lo
  CC       libbfd.lo
  CC       linker.lo
  CC       merge.lo
  CC       opncls.lo
  CC       reloc.lo
  CC       section.lo
  CC       simple.lo
  CC       stab-syms.lo
  CC       stabs.lo
  CC       syms.lo
  CC       targets.lo
  CC       binary.lo
  CC       ihex.lo
  CC       srec.lo
  CC       tekhex.lo
  CC       verilog.lo
  CC       elf32-i386.lo
  CC       elfxx-x86.lo
  CC       elf-ifunc.lo
  CC       elf-vxworks.lo
  CC       elf32.lo
  CC       elf.lo
  CC       elflink.lo
  CC       elf-attrs.lo
  CC       elf-strtab.lo
  CC       elf-eh-frame.lo
  CC       elf-properties.lo
  CC       elf-sframe.lo
  CC       dwarf1.lo
  CC       dwarf2.lo
  CC       coff-i386.lo
  CC       cofflink.lo
  CC       coffgen.lo
  CC       elf32-gen.lo
  CC       plugin.lo
  CC       cpu-i386.lo
  CC       cpu-iamcu.lo
  CC       archive64.lo
  CCLD     libbfd.la
libtool: link: warning: undefined symbols not allowed in x86_64-pc-cygwin shared libraries
make[3]: Leaving directory '/c/Users/Syf/Desktop/BS4/tools/binutils-build/bfd'
make[2]: Leaving directory '/c/Users/Syf/Desktop/BS4/tools/binutils-build/bfd'
make[1]: Leaving directory '/c/Users/Syf/Desktop/BS4/tools/binutils-build/bfd'
mkdir -p -- ./opcodes
mkdir -p -- ./libctf
Configuring in ./opcodes
Configuring in ./libctf
configure: loading site script /etc/config.site
configure: loading site script /etc/config.site
configure: creating cache ./config.cache
configure: creating cache ./config.cache
checking build system type... checking build system type... x86_64-pc-cygwin
x86_64-pc-cygwin
checking host system type... checking host system type... x86_64-pc-cygwin
checking target system type... x86_64-pc-cygwin
checking target system type... i686-pc-elf
checking for a BSD-compatible install... i686-pc-elf
checking for x86_64-pc-cygwin-gcc... gcc
/usr/bin/install -c
checking whether build environment is sane... yes
checking for a thread-safe mkdir -p... /usr/bin/mkdir -p
checking for gawk... gawk
checking whether make sets $(MAKE)... checking whether the C compiler works... yes
checking whether make supports nested variables... yes
checking whether make supports nested variables... (cached) yes
checking for x86_64-pc-cygwin-gcc... gcc
yes
checking for C compiler default output file name... a.exe
checking for suffix of executables... checking whether the C compiler works... yes
checking for C compiler default output file name... a.exe
checking for suffix of executables... .exe
checking whether we are cross compiling... .exe
no
checking for suffix of object files... checking whether we are cross compiling... o
checking whether we are using the GNU C compiler... yes
checking whether gcc accepts -g... yes
checking for gcc option to accept ISO C89... no
checking for suffix of object files... none needed
checking whether gcc understands -c and -o together... o
checking whether we are using the GNU C compiler... yes
checking how to run the C preprocessor... yes
checking whether gcc accepts -g... yes
checking for gcc option to accept ISO C89... gcc -E
none needed
checking whether gcc understands -c and -o together... checking for grep that handles long lines and -e... yes
/usr/bin/grep
checking for egrep... checking for style of include used by make... /usr/bin/grep -E
checking for ANSI C header files... GNU
checking dependency style of gcc... gcc3
checking how to run the C preprocessor... gcc -E
checking for grep that handles long lines and -e... /usr/bin/grep
checking for egrep... /usr/bin/grep -E
checking for ANSI C header files... yes
checking for sys/types.h... yes
checking for sys/stat.h... yes
checking for stdlib.h... yes
checking for string.h... yes
yes
checking for sys/types.h... checking for memory.h... yes
yes
checking for sys/stat.h... checking for strings.h... yes
yes
checking for stdlib.h... checking for inttypes.h... yes
yes
checking for string.h... checking for stdint.h... yes
yes
checking for memory.h... checking for unistd.h... yes
yes
checking minix/config.h usability... checking for strings.h... yes
no
checking minix/config.h presence... checking for inttypes.h... no
checking for minix/config.h... no
checking whether it is safe to define __EXTENSIONS__... yes
checking for stdint.h... yes
checking for a BSD-compatible install... /usr/bin/install -c
checking whether build environment is sane... yes
yes
checking for unistd.h... checking for a thread-safe mkdir -p... /usr/bin/mkdir -p
checking for gawk... gawk
checking whether make sets $(MAKE)... yes
yes
checking minix/config.h usability... checking for style of include used by make... GNU
checking whether make supports nested variables... yes
checking dependency style of gcc... no
checking minix/config.h presence... no
checking for minix/config.h... no
checking whether it is safe to define __EXTENSIONS__... gcc3
yes
checking for x86_64-pc-cygwin-ar... ar 
checking for x86_64-pc-cygwin-ranlib... ranlib 
checking how to print strings... checking whether make supports nested variables... (cached) yes
checking whether make sets $(MAKE)... printf
checking for a sed that does not truncate output... (cached) yes
checking for x86_64-pc-cygwin-gcc... (cached) gcc
/usr/bin/sed
checking for fgrep... /usr/bin/grep -F
checking for ld used by gcc... checking whether we are using the GNU C compiler... (cached) yes
checking whether gcc accepts -g... (cached) yes
checking for gcc option to accept ISO C89... (cached) none needed
checking whether gcc understands -c and -o together... (cached) yes
checking for x86_64-pc-cygwin-ranlib... ranlib 
checking for x86_64-pc-cygwin-ar... ar 
checking the archiver (ar ) interface... /usr/lib/gcc/x86_64-pc-cygwin/15.3.0/../../../../x86_64-pc-cygwin/bin/ld.exe
checking if the linker (/usr/lib/gcc/x86_64-pc-cygwin/15.3.0/../../../../x86_64-pc-cygwin/bin/ld.exe) is GNU ld... yes
checking for BSD- or MS-compatible name lister (nm)... ar
checking whether NLS is requested... no
checking for msgfmt... /usr/bin/msgfmt
checking for gmsgfmt... /usr/bin/msgfmt
checking for xgettext... /usr/bin/xgettext
checking for msgmerge... /usr/bin/msgmerge
checking for ld used by GCC... /usr/lib/gcc/x86_64-pc-cygwin/15.3.0/../../../../x86_64-pc-cygwin/bin/ld.exe
checking if the linker (/usr/lib/gcc/x86_64-pc-cygwin/15.3.0/../../../../x86_64-pc-cygwin/bin/ld.exe) is GNU ld... yes
checking for shared library run path origin... done
checking for CFPreferencesCopyAppValue... no
checking for x86_64-pc-cygwin-dumpbin... no
checking for x86_64-pc-cygwin-link... no
checking for dumpbin... no
checking for link... link -dump
checking the name lister (nm ) interface... no
checking for CFLocaleCopyPreferredLanguages... BSD nm
checking whether ln -s works... no, using cp -pR
checking the maximum length of command line arguments... 8192
checking whether the shell understands some XSI constructs... yes
checking whether the shell understands "+="... yes
checking for /usr/lib/gcc/x86_64-pc-cygwin/15.3.0/../../../../x86_64-pc-cygwin/bin/ld.exe option to reload object files... -r
checking for x86_64-pc-cygwin-objdump... objdump
checking how to recognize dependent libraries... file_magic ^x86 archive import|^x86 DLL
checking for clang... no
checking whether to use NLS... no
checking whether NLS is requested... no
checking how to print strings... printf
checking for a sed that does not truncate output... no
checking for x86_64-pc-cygwin-llvm-config... no
checking for llvm-config... llvm-config
checking for x86_64-pc-cygwin-ar... (cached) ar 
checking for -plugin option... /usr/bin/sed
checking for fgrep... /usr/bin/grep -F
checking for ld used by gcc... no
checking for x86_64-pc-cygwin-ar... (cached) ar 
checking for x86_64-pc-cygwin-strip... no
checking for strip... strip
checking for x86_64-pc-cygwin-ranlib... (cached) ranlib 
checking command to parse nm  output from gcc object... /usr/lib/gcc/x86_64-pc-cygwin/15.3.0/../../../../x86_64-pc-cygwin/bin/ld.exe
checking if the linker (/usr/lib/gcc/x86_64-pc-cygwin/15.3.0/../../../../x86_64-pc-cygwin/bin/ld.exe) is GNU ld... yes
checking for BSD- or MS-compatible name lister (nm)... ok
checking for dlfcn.h... yes
checking for objdir... .libs
checking if gcc supports -fno-rtti -fno-exceptions... no
checking for x86_64-pc-cygwin-dumpbin... no
checking for x86_64-pc-cygwin-link... no
checking for dumpbin... no
checking for link... link -dump
checking the name lister (nm ) interface... no
checking for gcc option to produce PIC... -DDLL_EXPORT -DPIC
checking if gcc PIC flag -DDLL_EXPORT -DPIC works... BSD nm
checking whether ln -s works... no, using cp -pR
checking the maximum length of command line arguments... 8192
checking whether the shell understands some XSI constructs... yes
checking whether the shell understands "+="... yes
checking for /usr/lib/gcc/x86_64-pc-cygwin/15.3.0/../../../../x86_64-pc-cygwin/bin/ld.exe option to reload object files... -r
checking for x86_64-pc-cygwin-objdump... objdump
checking how to recognize dependent libraries... file_magic ^x86 archive import|^x86 DLL
checking for clang... yes
checking if gcc static flag -static works... no
checking for x86_64-pc-cygwin-llvm-config... no
checking for llvm-config... llvm-config
checking for x86_64-pc-cygwin-ar... (cached) ar 
checking for -plugin option... no
checking for x86_64-pc-cygwin-ar... (cached) ar 
checking for x86_64-pc-cygwin-strip... no
checking for strip... strip
checking for x86_64-pc-cygwin-ranlib... (cached) ranlib 
checking command to parse nm  output from gcc object... yes
checking if gcc supports -c -o file.o... yes
checking if gcc supports -c -o file.o... (cached) yes
checking whether the gcc linker (/usr/lib/gcc/x86_64-pc-cygwin/15.3.0/../../../../x86_64-pc-cygwin/bin/ld.exe) supports shared libraries... yes
checking dynamic linker characteristics... ok
checking for dlfcn.h... Win32 ld.exe
checking how to hardcode library paths into programs... immediate
checking whether stripping libraries is possible... yes
checking if libtool supports shared libraries... yes
checking whether to build shared libraries... no
checking whether to build static libraries... yes
yes
checking for objdir... .libs
Setting warning flags = -W -Wall -Wstrict-prototypes -Wmissing-prototypes -Wshadow -Wstack-usage=262144
checking whether to enable maintainer-specific portions of Makefiles... no
checking whether to install libbfd... no
checking whether NLS is requested... no
checking if gcc supports -fno-rtti -fno-exceptions... checking for msgfmt... /usr/bin/msgfmt
checking for gmsgfmt... /usr/bin/msgfmt
checking for xgettext... /usr/bin/xgettext
checking for msgmerge... /usr/bin/msgmerge
no
checking for gcc option to produce PIC... -DDLL_EXPORT -DPIC
checking if gcc PIC flag -DDLL_EXPORT -DPIC works... checking for ld used by GCC... yes
checking if gcc static flag -static works... /usr/lib/gcc/x86_64-pc-cygwin/15.3.0/../../../../x86_64-pc-cygwin/bin/ld.exe
checking if the linker (/usr/lib/gcc/x86_64-pc-cygwin/15.3.0/../../../../x86_64-pc-cygwin/bin/ld.exe) is GNU ld... yes
checking for shared library run path origin... yes
checking if gcc supports -c -o file.o... done
checking for CFPreferencesCopyAppValue... yes
checking if gcc supports -c -o file.o... (cached) yes
checking whether the gcc linker (/usr/lib/gcc/x86_64-pc-cygwin/15.3.0/../../../../x86_64-pc-cygwin/bin/ld.exe) supports shared libraries... yes
checking dynamic linker characteristics... no
checking for CFLocaleCopyPreferredLanguages... Win32 ld.exe
checking how to hardcode library paths into programs... immediate
checking whether stripping libraries is possible... yes
checking if libtool supports shared libraries... yes
checking whether to build shared libraries... no
checking whether to build static libraries... yes
checking for special C compiler options needed for large files... no
checking for _FILE_OFFSET_BITS value needed for large files... no
checking whether to use NLS... no
checking whether NLS is requested... no
checking whether BFD is 64-bit... no
configure: creating ./config.lt
yes
checking whether basename is declared... yes
checking whether stpcpy is declared... yes
checking for sigsetjmp... 
checking linker --as-needed support... yes
configure: updating cache ./config.cache
checking that generated files are newer than configure... done
configure: creating ./config.status
config.lt: creating libtool
checking for aclocal... ${SHELL} /c/Users/Syf/Desktop/BS4/tools/binutils-src/missing aclocal-1.15
checking for autoconf... ${SHELL} /c/Users/Syf/Desktop/BS4/tools/binutils-src/missing autoconf
checking for autoheader... ${SHELL} /c/Users/Syf/Desktop/BS4/tools/binutils-src/missing autoheader
checking whether gcc supports -W... yes
checking whether gcc supports -Wall... yes
checking whether gcc supports -Wnarrowing... yes
checking whether gcc supports -Wwrite-strings... yes
checking whether gcc supports -Wmissing-format-attribute... yes
checking whether gcc supports -Wstrict-prototypes... yes
checking whether gcc supports -Wmissing-prototypes... yes
checking whether gcc supports -Wold-style-definition... yes
checking whether gcc supports -pedantic -Wlong-long... config.status: creating Makefile
yes
checking whether to enable maintainer-specific portions of Makefiles... no
checking whether to install libbfd... no
checking whether gcc supports -Wall... (cached) yes
config.status: creating po/Makefile.in
checking for stdlib.h... (cached) yes
checking for unistd.h... (cached) yes
config.status: creating config.h
checking for sys/param.h... yes
config.status: executing depfiles commands
checking for getpagesize... yes
checking for working mmap... yes
checking for library containing dlsym... none required
checking for ELF support in BFD... yes
checking whether byte ordering is bigendian... no
checking byteswap.h usability... yes
checking byteswap.h presence... config.status: executing libtool commands
yes
checking for byteswap.h... yes
checking endian.h usability... config.status: executing default-1 commands
yes
checking endian.h presence... config.status: creating po/POTFILES
yes
checking for endian.h... yes
config.status: creating po/Makefile
checking valgrind/valgrind.h usability... no
checking valgrind/valgrind.h presence... no
checking for valgrind/valgrind.h... no
checking for pread... make[1]: Entering directory '/c/Users/Syf/Desktop/BS4/tools/binutils-build/opcodes'
make  all-recursive
make[2]: Entering directory '/c/Users/Syf/Desktop/BS4/tools/binutils-build/opcodes'
yes
Making all in .
checking whether bswap_16 is declared... make[3]: Entering directory '/c/Users/Syf/Desktop/BS4/tools/binutils-build/opcodes'
  CC       dis-buf.lo
  CC       disassemble.lo
  CC       dis-init.lo
yes
checking whether bswap_32 is declared... yes
checking whether bswap_64 is declared...   CC       i386-dis.lo
yes
checking whether asprintf is declared... yes
checking whether vasprintf is declared... yes
checking whether stpcpy is declared... yes
checking for qsort_r... yes
checking for qsort_r signature... GNU
checking for O_CLOEXEC... yes
checking for makeinfo... /c/Users/Syf/Desktop/BS4/tools/binutils-src/missing makeinfo
/c/Users/Syf/Desktop/BS4/tools/binutils-src/missing: line 81: makeinfo: command not found
configure: WARNING:
*** Makeinfo is too old. Info documentation will not be built.
checking for expect... no
checking for Tcl supporting try/catch... no
checking for linker versioning flags... -Wl,--version-script
configure: updating cache ./config.cache
checking that generated files are newer than configure... done
configure: creating ./config.status
  CCLD     libopcodes.la
libtool: link: warning: undefined symbols not allowed in x86_64-pc-cygwin shared libraries
libtooldir=`/bin/sh ./libtool --config | sed -n -e 's/^objdir=//p'`; \
if [ -f $libtooldir/libopcodes.a ]; then \
  cp $libtooldir/libopcodes.a libopcodes.tmp; \
  ranlib  libopcodes.tmp; \
  /bin/sh /c/Users/Syf/Desktop/BS4/tools/binutils-src/opcodes/../move-if-change libopcodes.tmp libopcodes.a; \
else true; fi
touch stamp-lib
make[3]: Leaving directory '/c/Users/Syf/Desktop/BS4/tools/binutils-build/opcodes'
Making all in po
make[3]: Entering directory '/c/Users/Syf/Desktop/BS4/tools/binutils-build/opcodes/po'
make[3]: Nothing to be done for 'all'.
make[3]: Leaving directory '/c/Users/Syf/Desktop/BS4/tools/binutils-build/opcodes/po'
make[2]: Leaving directory '/c/Users/Syf/Desktop/BS4/tools/binutils-build/opcodes'
make[1]: Leaving directory '/c/Users/Syf/Desktop/BS4/tools/binutils-build/opcodes'
make[1]: Entering directory '/c/Users/Syf/Desktop/BS4/tools/binutils-build/gas'
make  all-recursive
make[2]: Entering directory '/c/Users/Syf/Desktop/BS4/tools/binutils-build/gas'
Making all in po
make[3]: Entering directory '/c/Users/Syf/Desktop/BS4/tools/binutils-build/gas/po'
make[3]: Nothing to be done for 'all'.
make[3]: Leaving directory '/c/Users/Syf/Desktop/BS4/tools/binutils-build/gas/po'
make[3]: Entering directory '/c/Users/Syf/Desktop/BS4/tools/binutils-build/gas'
  CC       app.o
  CC       as.o
  CC       atof-generic.o
  CC       codeview.o
  CC       compress-debug.o
  CC       cond.o
  CC       depend.o
  CC       dwarf2dbg.o
  CC       dw2gencfi.o
  CC       ecoff.o
  CC       ehopt.o
  CC       expr.o
  CC       flonum-copy.o
  CC       flonum-konst.o
  CC       flonum-mult.o
  CC       frags.o
  CC       gen-sframe.o
  CC       ginsn.o
  CC       hash.o
  CC       input-file.o
  CC       input-scrub.o
  CC       listing.o
  CC       literal.o
  CC       macro.o
  CC       messages.o
config.status: creating Makefile
  CC       output-file.o
config.status: creating config.h
config.status: executing depfiles commands
  CC       read.o
  CC       remap.o
  CC       sb.o
  CC       scfidw2gen.o
  CC       scfi.o
  CC       sframe-opt.o
config.status: executing default-1 commands
config.status: executing libtool commands
  CC       stabs.o
  CC       subsegs.o
  CC       symbols.o
  CC       write.o
  GEN      doc/asconfig.texi
make[1]: Entering directory '/c/Users/Syf/Desktop/BS4/tools/binutils-build/libctf'
  CC       config/tc-i386.o
make  all-recursive
make[2]: Entering directory '/c/Users/Syf/Desktop/BS4/tools/binutils-build/libctf'
make[3]: Entering directory '/c/Users/Syf/Desktop/BS4/tools/binutils-build/libctf'
  CC       libctf_la-ctf-archive.lo
  CC       libctf_la-ctf-dump.lo
  CC       libctf_la-ctf-create.lo
  CC       libctf_la-ctf-decl.lo
  CC       config/obj-elf.o
  CC       config/atof-ieee.o
  CC       libctf_la-ctf-error.lo
  CC       libctf_la-ctf-hash.lo
  GEN      doc/as.1
  CC       libctf_la-ctf-labels.lo
  CC       libctf_la-ctf-dedup.lo
  CC       libctf_la-ctf-link.lo
  CC       libctf_la-ctf-lookup.lo
  CC       libctf_la-ctf-open.lo
  CC       libctf_la-ctf-serialize.lo
  CC       libctf_la-ctf-sha1.lo
  CC       libctf_la-ctf-string.lo
  CC       libctf_la-ctf-subr.lo
  CC       libctf_la-ctf-types.lo
  CCLD     as-new.exe
  CC       libctf_la-ctf-util.lo
  CC       libctf_la-ctf-open-bfd.lo
  CC       libctf_nobfd_la-ctf-archive.lo
  CC       libctf_nobfd_la-ctf-dump.lo
  CC       libctf_nobfd_la-ctf-create.lo
  CC       libctf_nobfd_la-ctf-decl.lo
make[3]: Leaving directory '/c/Users/Syf/Desktop/BS4/tools/binutils-build/gas'
make[2]: Leaving directory '/c/Users/Syf/Desktop/BS4/tools/binutils-build/gas'
make[1]: Leaving directory '/c/Users/Syf/Desktop/BS4/tools/binutils-build/gas'
  CC       libctf_nobfd_la-ctf-error.lo
  CC       libctf_nobfd_la-ctf-hash.lo
  CC       libctf_nobfd_la-ctf-labels.lo
  CC       libctf_nobfd_la-ctf-dedup.lo
  CC       libctf_nobfd_la-ctf-link.lo
  CC       libctf_nobfd_la-ctf-lookup.lo
  CC       libctf_nobfd_la-ctf-open.lo
  CC       libctf_nobfd_la-ctf-serialize.lo
  CC       libctf_nobfd_la-ctf-sha1.lo
  CC       libctf_nobfd_la-ctf-string.lo
  CC       libctf_nobfd_la-ctf-subr.lo
  CC       libctf_nobfd_la-ctf-types.lo
  CC       libctf_nobfd_la-ctf-util.lo
  CCLD     libctf.la
libtool: link: warning: `-version-info/-version-number' is ignored for convenience libraries
  CCLD     libctf-nobfd.la
libtool: link: warning: `-version-info/-version-number' is ignored for convenience libraries
make[3]: Leaving directory '/c/Users/Syf/Desktop/BS4/tools/binutils-build/libctf'
make[2]: Leaving directory '/c/Users/Syf/Desktop/BS4/tools/binutils-build/libctf'
make[1]: Leaving directory '/c/Users/Syf/Desktop/BS4/tools/binutils-build/libctf'
make[1]: Entering directory '/c/Users/Syf/Desktop/BS4/tools/binutils-build/binutils'
  CC       sysinfo.o
  CC       syslex_wrap.o
Making info in po
make[2]: Entering directory '/c/Users/Syf/Desktop/BS4/tools/binutils-build/binutils/po'
make[2]: Nothing to be done for 'info'.
make[2]: Leaving directory '/c/Users/Syf/Desktop/BS4/tools/binutils-build/binutils/po'
make[2]: Entering directory '/c/Users/Syf/Desktop/BS4/tools/binutils-build/binutils'
  GEN      doc/addr2line.1
  GEN      doc/ar.1
  GEN      doc/dlltool.1
  GEN      doc/nm.1
  CCLD     sysinfo.exe
  GEN      doc/objcopy.1
  GEN      doc/objdump.1
  GEN      doc/ranlib.1
  GEN      doc/readelf.1
  GEN      sysroff.h
  GEN      doc/size.1
  GEN      doc/strings.1
  GEN      doc/strip.1
  GEN      doc/elfedit.1
  GEN      doc/windres.1
  GEN      doc/windmc.1
  GEN      doc/cxxfilt.man
  GEN      doc/c++filt.1
make[2]: Leaving directory '/c/Users/Syf/Desktop/BS4/tools/binutils-build/binutils'
make  all-recursive
make[2]: Entering directory '/c/Users/Syf/Desktop/BS4/tools/binutils-build/binutils'
Making all in po
make[3]: Entering directory '/c/Users/Syf/Desktop/BS4/tools/binutils-build/binutils/po'
make[3]: Nothing to be done for 'all'.
make[3]: Leaving directory '/c/Users/Syf/Desktop/BS4/tools/binutils-build/binutils/po'
make[3]: Entering directory '/c/Users/Syf/Desktop/BS4/tools/binutils-build/binutils'
  CC       size.o
  CC       bucomm.o
  CC       version.o
  CC       filemode.o
  CC       objdump.o
  CC       dwarf.o
  CC       prdbg.o
  CC       demanguse.o
  CC       rddbg.o
  CC       debug.o
  CC       stabs.o
  CC       rdcoff.o
/c/Users/Syf/Desktop/BS4/tools/binutils-src/binutils/dwarf.c: In function 'display_debug_sup':
/c/Users/Syf/Desktop/BS4/tools/binutils-src/binutils/dwarf.c:4733:22: warning: 'strnlen' specified bound [9223372036854775808, 18446744073709551615] exceeds maximum object size 9223372036854775807 [-Wstringop-overread]
 4733 |   sup_filename_len = strnlen ((const char *) start, end - start);
      |                      ^~~~~~~~~~~~~~~~~~~~~~~~~~~~~~~~~~~~~~~~~~~
  CC       elfcomm.o
  CC       arparse.o
  CC       arlex.o
  CC       not-ranlib.o
  CC       arsup.o
  CC       rename.o
  CC       binemul.o
  CC       emul_vanilla.o
  CC       strings.o
  CC       is-ranlib.o
  CC       not-strip.o
  CC       wrstabs.o
  CC       addr2line.o
  CC       readelf.o
  CC       unwind-ia64.o
  CC       elfedit.o
  CC       nm.o
  CC       is-strip.o
  CC       cxxfilt.o
  CC       bfdtest1.o
  CC       bfdtest2.o
  CCLD     size.exe
  CCLD     objdump.exe
  CCLD     ar.exe
  CCLD     strings.exe
  CCLD     ranlib.exe
  CCLD     objcopy.exe
  CCLD     addr2line.exe
  CCLD     elfedit.exe
  CCLD     nm-new.exe
  CCLD     strip-new.exe
  CCLD     cxxfilt.exe
  CCLD     bfdtest1.exe
  CC       testsuite/gentestdlls.o
  CCLD     bfdtest2.exe
  CCLD     readelf.exe
  CCLD     testsuite/gentestdlls.exe
make[3]: Leaving directory '/c/Users/Syf/Desktop/BS4/tools/binutils-build/binutils'
make[2]: Leaving directory '/c/Users/Syf/Desktop/BS4/tools/binutils-build/binutils'
make[1]: Leaving directory '/c/Users/Syf/Desktop/BS4/tools/binutils-build/binutils'
/bin/sh /c/Users/Syf/Desktop/BS4/tools/binutils-src/mkinstalldirs /c/Users/Syf/Desktop/BS4/tools/i686-elf /c/Users/Syf/Desktop/BS4/tools/i686-elf
mkdir -p -- /c/Users/Syf/Desktop/BS4/tools/i686-elf /c/Users/Syf/Desktop/BS4/tools/i686-elf
mkdir: cannot create directory ‘/c/Users/Syf’: Permission denied
mkdir: cannot create directory ‘/c/Users/Syf’: Permission denied
make: *** [Makefile:2905: installdirs] Error 1
