  Compile checking out/src/string.o
  Compile checking out/src/block.o
  Compile checking out/src/cdrom.o
clang: warning: optimization flag '-fno-merge-constants' is not supported [-Wignored-optimization-argument]
  Compile checking out/src/disk.o
clang: warning: optimization flag '-fno-merge-constants' is not supported [-Wignored-optimization-argument]
clang: warning: optimization flag '-fno-merge-constants' is not supported [-Wignored-optimization-argument]
clang: warning: optimization flag '-fno-merge-constants' is not supported [-Wignored-optimization-argument]
src/block.c:306:32: warning: taking address of packed member 'size' of class or structure 'int13dpt_s' may result in an unaligned pointer value [-Waddress-of-packed-member]
  306 |     u16 size = GET_FARVAR(seg, param_far->size);
      |                                ^~~~~~~~~~~~~~~
src/farptr.h:180:18: note: expanded from macro 'GET_FARVAR'
  180 |     (*((typeof(&(var)))MAKE_FLATPTR((seg), &(var))))
      |                  ^~~
src/block.c:325:21: warning: taking address of packed member 'size' of class or structure 'int13dpt_s' may result in an unaligned pointer value [-Waddress-of-packed-member]
  325 |     SET_FARVAR(seg, param_far->size, 26);
      |                     ^~~~~~~~~~~~~~~
src/farptr.h:182:29: note: expanded from macro 'SET_FARVAR'
  182 |     do { GET_FARVAR((seg), (var)) = (val); } while (0)
      |                             ^~~
src/farptr.h:180:18: note: expanded from macro 'GET_FARVAR'
  180 |     (*((typeof(&(var)))MAKE_FLATPTR((seg), &(var))))
      |                  ^~~
src/block.c:328:25: warning: taking address of packed member 'infos' of class or structure 'int13dpt_s' may result in an unaligned pointer value [-Waddress-of-packed-member]
  328 |         SET_FARVAR(seg, param_far->infos, 0x74);
      |                         ^~~~~~~~~~~~~~~~
src/farptr.h:182:29: note: expanded from macro 'SET_FARVAR'
  182 |     do { GET_FARVAR((seg), (var)) = (val); } while (0)
      |                             ^~~
src/farptr.h:180:18: note: expanded from macro 'GET_FARVAR'
  180 |     (*((typeof(&(var)))MAKE_FLATPTR((seg), &(var))))
      |                  ^~~
src/block.c:329:25: warning: taking address of packed member 'cylinders' of class or structure 'int13dpt_s' may result in an unaligned pointer value [-Waddress-of-packed-member]
  329 |         SET_FARVAR(seg, param_far->cylinders, 0xffffffff);
      |                         ^~~~~~~~~~~~~~~~~~~~
src/farptr.h:182:29: note: expanded from macro 'SET_FARVAR'
  182 |     do { GET_FARVAR((seg), (var)) = (val); } while (0)
      |                             ^~~
src/farptr.h:180:18: note: expanded from macro 'GET_FARVAR'
  180 |     (*((typeof(&(var)))MAKE_FLATPTR((seg), &(var))))
      |                  ^~~
src/block.c:330:25: warning: taking address of packed member 'heads' of class or structure 'int13dpt_s' may result in an unaligned pointer value [-Waddress-of-packed-member]
  330 |         SET_FARVAR(seg, param_far->heads, 0xffffffff);
      |                         ^~~~~~~~~~~~~~~~
src/farptr.h:182:29: note: expanded from macro 'SET_FARVAR'
  182 |     do { GET_FARVAR((seg), (var)) = (val); } while (0)
      |                             ^~~
src/farptr.h:180:18: note: expanded from macro 'GET_FARVAR'
  180 |     (*((typeof(&(var)))MAKE_FLATPTR((seg), &(var))))
      |                  ^~~
src/block.c:331:25: warning: taking address of packed member 'spt' of class or structure 'int13dpt_s' may result in an unaligned pointer value [-Waddress-of-packed-member]
  331 |         SET_FARVAR(seg, param_far->spt, 0xffffffff);
      |                         ^~~~~~~~~~~~~~
src/farptr.h:182:29: note: expanded from macro 'SET_FARVAR'
  182 |     do { GET_FARVAR((seg), (var)) = (val); } while (0)
      |                             ^~~
src/farptr.h:180:18: note: expanded from macro 'GET_FARVAR'
  180 |     (*((typeof(&(var)))MAKE_FLATPTR((seg), &(var))))
      |                  ^~~
src/block.c:334:29: warning: taking address of packed member 'infos' of class or structure 'int13dpt_s' may result in an unaligned pointer value [-Waddress-of-packed-member]
  334 |             SET_FARVAR(seg, param_far->infos, 0x00); // geometry is invalid
      |                             ^~~~~~~~~~~~~~~~
src/farptr.h:182:29: note: expanded from macro 'SET_FARVAR'
  182 |     do { GET_FARVAR((seg), (var)) = (val); } while (0)
      |                             ^~~
src/farptr.h:180:18: note: expanded from macro 'GET_FARVAR'
  180 |     (*((typeof(&(var)))MAKE_FLATPTR((seg), &(var))))
      |                  ^~~
src/block.c:335:29: warning: taking address of packed member 'cylinders' of class or structure 'int13dpt_s' may result in an unaligned pointer value [-Waddress-of-packed-member]
  335 |             SET_FARVAR(seg, param_far->cylinders, 0x3fff);
      |                             ^~~~~~~~~~~~~~~~~~~~
src/farptr.h:182:29: note: expanded from macro 'SET_FARVAR'
  182 |     do { GET_FARVAR((seg), (var)) = (val); } while (0)
      |                             ^~~
src/farptr.h:180:18: note: expanded from macro 'GET_FARVAR'
  180 |     (*((typeof(&(var)))MAKE_FLATPTR((seg), &(var))))
      |                  ^~~
src/block.c:337:29: warning: taking address of packed member 'infos' of class or structure 'int13dpt_s' may result in an unaligned pointer value [-Waddress-of-packed-member]
  337 |             SET_FARVAR(seg, param_far->infos, 0x02); // geometry is valid
      |                             ^~~~~~~~~~~~~~~~
src/farptr.h:182:29: note: expanded from macro 'SET_FARVAR'
  182 |     do { GET_FARVAR((seg), (var)) = (val); } while (0)
      |                             ^~~
src/farptr.h:180:18: note: expanded from macro 'GET_FARVAR'
  180 |     (*((typeof(&(var)))MAKE_FLATPTR((seg), &(var))))
      |                  ^~~
src/block.c:338:29: warning: taking address of packed member 'cylinders' of class or structure 'int13dpt_s' may result in an unaligned pointer value [-Waddress-of-packed-member]
  338 |             SET_FARVAR(seg, param_far->cylinders, (u32)npc);
      |                             ^~~~~~~~~~~~~~~~~~~~
src/farptr.h:182:29: note: expanded from macro 'SET_FARVAR'
  182 |     do { GET_FARVAR((seg), (var)) = (val); } while (0)
      |                             ^~~
src/farptr.h:180:18: note: expanded from macro 'GET_FARVAR'
  180 |     (*((typeof(&(var)))MAKE_FLATPTR((seg), &(var))))
      |                  ^~~
src/block.c:340:25: warning: taking address of packed member 'heads' of class or structure 'int13dpt_s' may result in an unaligned pointer value [-Waddress-of-packed-member]
  340 |         SET_FARVAR(seg, param_far->heads, (u32)nph);
      |                         ^~~~~~~~~~~~~~~~
src/farptr.h:182:29: note: expanded from macro 'SET_FARVAR'
  182 |     do { GET_FARVAR((seg), (var)) = (val); } while (0)
      |                             ^~~
src/farptr.h:180:18: note: expanded from macro 'GET_FARVAR'
  180 |     (*((typeof(&(var)))MAKE_FLATPTR((seg), &(var))))
      |                  ^~~
src/block.c:341:25: warning: taking address of packed member 'spt' of class or structure 'int13dpt_s' may result in an unaligned pointer value [-Waddress-of-packed-member]
  341 |         SET_FARVAR(seg, param_far->spt, (u32)nps);
      |                         ^~~~~~~~~~~~~~
src/farptr.h:182:29: note: expanded from macro 'SET_FARVAR'
  182 |     do { GET_FARVAR((seg), (var)) = (val); } while (0)
      |                             ^~~
src/farptr.h:180:18: note: expanded from macro 'GET_FARVAR'
  180 |     (*((typeof(&(var)))MAKE_FLATPTR((seg), &(var))))
      |                  ^~~
src/block.c:343:21: warning: taking address of packed member 'sector_count' of class or structure 'int13dpt_s' may result in an unaligned pointer value [-Waddress-of-packed-member]
  343 |     SET_FARVAR(seg, param_far->sector_count, lba);
      |                     ^~~~~~~~~~~~~~~~~~~~~~~
src/farptr.h:182:29: note: expanded from macro 'SET_FARVAR'
  182 |     do { GET_FARVAR((seg), (var)) = (val); } while (0)
      |                             ^~~
src/farptr.h:180:18: note: expanded from macro 'GET_FARVAR'
  180 |     (*((typeof(&(var)))MAKE_FLATPTR((seg), &(var))))
      |                  ^~~
src/block.c:344:21: warning: taking address of packed member 'blksize' of class or structure 'int13dpt_s' may result in an unaligned pointer value [-Waddress-of-packed-member]
  344 |     SET_FARVAR(seg, param_far->blksize, blksize);
      |                     ^~~~~~~~~~~~~~~~~~
src/farptr.h:182:29: note: expanded from macro 'SET_FARVAR'
  182 |     do { GET_FARVAR((seg), (var)) = (val); } while (0)src/disk.c
:      168| :                            ^~~36
: src/farptr.hwarning: :taking address of packed member 'lba' of class or structure 'int13ext_s' may result in an unaligned pointer value [-Waddress-of-packed-member]180
:18: note: expanded from macro 'GET_FARVAR'  
168   | 180  |       d o(p*.(l(btay p=e oGfE(T&_(FvAaRrV)A)R)(MrAeKgEs_-F>LdAsT,P TpRa(r(asme_gf)a,r -&>(lvbaar));)
)      )| 
                                   ^~~~~~~~~~~~~~      
|                  ^~~src/farptr.h
:180:18: note: expanded from macro 'GET_FARVAR'
  180 |     (*((typeof(&(var)))MAKE_FLATPTR((seg), &(var))))
      |                  ^~~
src/block.c:351:21: warning: taking address of packed member 'size' of class or structure 'int13dpt_s' may result in an unaligned pointer value [-Waddress-of-packed-member]
  351 |     SET_FARVAR(seg, param_far->size, 30);
      |                     ^~~~~~~~~~~~~~~
src/farptr.h:182:29: note: expanded from macro 'SET_FARVAR'
  182 |     do src/disk.c{: 177G:E57T:_ Fwarning: Ataking address of packed member 'data' of class or structure 'int13ext_s' may result in an unaligned pointer value [-Waddress-of-packed-member]R
VA  R177( | ( s e g )d,o p(.vbaurf)_)f l=  =( vSaElG)O;F F}_ TwOh_iFlLeA T(P0T)R
(      G| E                            ^~~T
_FAsrc/farptr.hR:V180A:R18(:r enote: gexpanded from macro 'GET_FARVAR's
-  >180d | s ,   p a(r*a(m(_tfyapre-o>fd(a&t(av)a)r;)
)      )| M                                                        ^~~~~~~~~~~~~~~A
KE_src/farptr.hF:L180A:T18P:T Rnote: (expanded from macro 'GET_FARVAR'(
se  g180) | ,   & ( v(a*r()()t)y)p
e      o| f                 ^~~(
&(var)))MAKE_FLATPTR((seg), &(var))))
      |                  ^~~
src/block.c:352:21: warning: taking address of packed member 'dpte' of class or structure 'int13dpt_s' may result in an unaligned pointer value [-Waddress-of-packed-member]
  352 |     SETsrc/disk.c_:F178A:R38V:A Rwarning: (taking address of packed member 'count' of class or structure 'int13ext_s' may result in an unaligned pointer value [-Waddress-of-packed-member]s
e  g178, |   p a r admo_pf.acro-u>ndtp t=e .GsEeTg_oFfAfR,V AdRp(tree_gsso-)>;d
s      ,|                      ^~~~~~~~~~~~~~~~~~~~~~p
arsrc/farptr.ha:m182_:f29a:r -note: >expanded from macro 'SET_FARVAR'c
oun  t182) | ; 
        |                                       ^~~~~~~~~~~~~~~~d
o src/farptr.h{: 180G:E18T:_ Fnote: Aexpanded from macro 'GET_FARVAR'R
V  A180R | ( ( s e g()*,( ((tvyapre)o)f (=& ((vvaarl)));) M}A KwEh_iFlLeA T(P0T)R
(      (| s                            ^~~e
g),src/farptr.h :&180(:v18a:r )note: )expanded from macro 'GET_FARVAR')
)
        180|  |                  ^~~ 
   (*((typeof(&(var)))MAKE_FLATPTR((seg), &(var))))
      |                  ^~~
src/disk.c:187:26: warning: taking address of packed member 'count' of class or structure 'int13ext_s' may result in an unaligned pointer value [-Waddress-of-packed-member]src/block.c
:358:21:   187warning:  | taking address of packed member 'key' of class or structure 'int13dpt_s' may result in an unaligned pointer value [-Waddress-of-packed-member] 
     358S | E T _ F ASREVTA_RF(ArReVgAsR-(>sdesg,,  ppaarraamm__ffaarr-->>ckoeuyn,t ,0 xdboepd.dc)o;u
n      t| )                    ^~~~~~~~~~~~~~;

src/farptr.h      :| 182                         ^~~~~~~~~~~~~~~~:
29src/farptr.h:: 182note: :expanded from macro 'SET_FARVAR'29
:   182note:  | expanded from macro 'SET_FARVAR' 
     182d | o   {   GdEoT _{F AGREVTA_RF(A(RsVeAgR)(,( s(evga)r,) )( v=a r()v)a l=) ;( v}a lw)h;i l}e  w(h0i)l
e       | (                            ^~~0
)
src/farptr.h      :| 180                            ^~~:
18: src/farptr.hnote: :expanded from macro 'GET_FARVAR'180
:  18180: |   note:  expanded from macro 'GET_FARVAR' 
 (*  (180( | t y p e o(f*((&((tvyapre)o)f)(M&A(KvEa_rF)L)A)TMPATKRE(_(FsLeAgT)P,T R&(((vsaerg))),) )&
(      v| a                 ^~~r
))))
      |                  ^~~
src/block.c:361:21: warning: taking address of packed member 'reserved2' of class or structure 'int13dpt_s' may result in an unaligned pointer value [-Waddress-of-packed-member]
  361 |     SET_FARVAR(seg, param_far->reserved2, 0);
      |                     ^~~~~~~~~~~~~~~~~~~~
src/farptr.h:182:29: note: expanded from macro 'SET_FARVAR'
  182 |     do { GET_FARVAR((seg), (var)) = (val); } while (0)
      |                             ^~~
src/farptr.h:180:18: note: expanded from macro 'GET_FARVAR'
  180 |     (*((typeof(&(var)))MAKE_FLATPTR((seg), &(var))))
      |                  ^~~
src/block.c:372:21: warning: taking address of packed member 'iface_path' of class or structure 'int13dpt_s' may result in an unaligned pointer value [-Waddress-of-packed-member]
  372 |     SET_FARVAR(seg, param_far->iface_path, iface_path);
      |                     ^~~~~~~~~~~~~~~~~~~~~
src/farptr.h:182:29: note: expanded from macro 'SET_FARVAR'
  182 |     do { GET_FARVAR((seg), (var)) = (val); } while (0)
      |                             ^~~
src/farptr.h:180:18: note: expanded from macro 'GET_FARVAR'
  180 |     (*((typeof(&(var)))MAKE_FLATPTR((seg), &(var))))
      |                  ^~~
src/block.c:386:25: warning: taking address of packed member 'union int13dpt_s::(anonymous at src/std/disk.h:70:5)' of class or structure 'int13dpt_s' may result in an unaligned pointer value [-Waddress-of-packed-member]
  386 |         SET_FARVAR(seg, param_far->phoenix.device_path, device_path);
      |                         ^~~~~~~~~~~~~~~~~~~~~~~~~~~~~~
src/farptr.h:182:29: note: expanded from macro 'SET_FARVAR'
  182 |     do { GET_FARVAR((seg), (var)) = (val); } while (0)
      |                             ^~~
src/farptr.h:180:18: note: expanded from macro 'GET_FARVAR'
  180 |     (*((typeof(&(var)))MAKE_FLATPTR((seg), &(var))))
      |                  ^~~
  Compile checking out/src/mouse.o
  Compile checking out/src/kbd.o
4 warnings generated.
clang: warning: optimization flag '-fno-merge-constants' is not supported [-Wignored-optimization-argument]
clang: warning: optimization flag '-fno-merge-constants' is not supported [-Wignored-optimization-argument]
20 warnings generated.
  Compile checking out/src/system.o
  Compile checking out/src/serial.o
clang: warning: optimization flag '-fno-merge-constants' is not supported [-Wignored-optimization-argument]
  Compile checking out/src/sercon.o
clang: warning: optimization flag '-fno-merge-constants' is not supported [-Wignored-optimization-argument]
  Compile checking out/src/clock.o
clang: warning: optimization flag '-fno-merge-constants' is not supported [-Wignored-optimization-argument]
  Compile checking out/src/resume.o
clang: warning: optimization flag '-fno-merge-constants' is not supported [-Wignored-optimization-argument]
  Compile checking out/src/pnpbios.o
clang: warning: optimization flag '-fno-merge-constants' is not supported [-Wignored-optimization-argument]
clang: warning: optimization flag '-fno-merge-constants' is not supported [-Wignored-optimization-argument]
  Compile checking out/src/vgahooks.o
  Compile checking out/src/pcibios.o
  Compile checking out/src/apm.o
  Compile checking out/src/cp437.o
clang: warning: optimization flag '-fno-merge-constants' is not supported [-Wignored-optimization-argument]
clang: warning: optimization flag '-fno-merge-constants' is not supported [-Wignored-optimization-argument]
clang: warning: optimization flag '-fno-merge-constants' is not supported [-Wignored-optimization-argument]
src/pcibios.c:154:30: warning: taking address of packed member 'size' of class or structure 'pir_header' may result in an unaligned pointer value [-Waddress-of-packed-member]
  154 |     u16 pirsize = GET_GLOBAL(pirtable_g->size) - sizeof(struct pir_header);
      |                              ^~~~~~~~~~~~~~~~
src/biosvar.h:101:39: note: expanded from macro 'GET_GLOBAL'
  101 |     GET_VAR(GLOBAL_SEGREG, *(typeof(&(var)))((void*)&(var)              \
      |                                       ^~~
src/farptr.h:183:28: note: expanded from macro 'GET_VAR'
  183 | #define GET_VAR(seg, var) (var)
      |                            ^~~
src/pcibios.c:172:27: warning: taking address of packed member 'exclusive_irqs' of class or structure 'pir_header' may result in an unaligned pointer value [-Waddress-of-packed-member]
  172 |     regs->bx = GET_GLOBAL(pirtable_g->exclusive_irqs);
      |                           ^~~~~~~~~~~~~~~~~~~~~~~~~~
src/biosvar.h:101:39: note: expanded from macro 'GET_GLOBAL'
  101 |     GET_VAR(GLOBAL_SEGREG, *(typeof(&(var)))((void*)&(var)              \
      |                                       ^~~
src/farptr.h:183:28: note: expanded from macro 'GET_VAR'
  183 | #define GET_VAR(seg, var) (var)
      |                            ^~~
clang: warning: optimization flag '-fno-merge-constants' is not supported [-Wignored-optimization-argument]
  Compile checking out/src/hw/pci.o
2 warnings generated.
  Compile checking out/src/hw/timer.o
  Compile checking out/src/hw/rtc.o
  Compile checking out/src/hw/dma.o
clang: warning: optimization flag '-fno-merge-constants' is not supported [-Wignored-optimization-argument]
clang: warning: optimization flag '-fno-merge-constants' is not supported [-Wignored-optimization-argument]
clang: warning: optimization flag '-fno-merge-constants' is not supported [-Wignored-optimization-argument]
clang: warning: optimization flag '-fno-merge-constants' is not supported [-Wignored-optimization-argument]
  Compile checking out/src/hw/pic.o
  Compile checking out/src/hw/ps2port.o
  Compile checking out/src/hw/serialio.o
clang: warning: optimization flag '-fno-merge-constants' is not supported [-Wignored-optimization-argument]
  Compile checking out/src/hw/usb.o
clang: warning: optimization flag '-fno-merge-constants' is not supported [-Wignored-optimization-argument]
clang: warning: optimization flag '-fno-merge-constants' is not supported [-Wignored-optimization-argument]
  Compile checking out/src/hw/usb-uhci.o
clang: warning: optimization flag '-fno-merge-constants' is not supported [-Wignored-optimization-argument]
src/hw/serialio.c:42:1: warning: non-void function does not return a value [-Wreturn-type]
   42 | }
      | ^
1 warning generated.
  Compile checking out/src/hw/usb-ohci.o
clang: warning: optimization flag '-fno-merge-constants' is not supported [-Wignored-optimization-argument]
  Compile checking out/src/hw/usb-ehci.o
src/hw/usb-uhci.c:418:57: warning: taking address of packed member 'status' of class or structure 'uhci_td' may result in an unaligned pointer value [-Waddress-of-packed-member]
  418 |                     , pipe, (void*)el_link, GET_LOWFLAT(td->status)
      |                                                         ^~~~~~~~~~
src/output.h:37:33: note: expanded from macro 'dprintf'
   37 |             __dprintf((fmt) , ##args );                         \
      |                                 ^~~~
src/biosvar.h:127:49: note: expanded from macro 'GET_LOWFLAT'
  127 | #define GET_LOWFLAT(var) GET_LOW(*LOWFLAT2LOW(&(var)))
      |                                                 ^~~
src/biosvar.h:125:27: note: expanded from macro 'LOWFLAT2LOW'
  125 | #define LOWFLAT2LOW(var) (var)
      |                           ^~~
src/biosvar.h:123:34: note: expanded from macro 'GET_LOW'
  123 | #define GET_LOW(var)            (var)
      |                                  ^~~
src/hw/usb-uhci.c:551:30: warning: taking address of packed member 'status' of class or structure 'uhci_td' may result in an unaligned pointer value [-Waddress-of-packed-member]
  551 |     u32 status = GET_LOWFLAT(td->status);
      |                              ^~~~~~~~~~
src/biosvar.h:127:49: note: expanded from macro 'GET_LOWFLAT'
  127 | #define GET_LOWFLAT(var) GET_LOW(*LOWFLAT2LOW(&(var)))
      |                                                 ^~~
src/biosvar.h:125:27: note: expanded from macro 'LOWFLAT2LOW'
  125 | #define LOWFLAT2LOW(var) (var)
      |                           ^~~
src/biosvar.h:123:34: note: expanded from macro 'GET_LOW'
  123 | #define GET_LOW(var)            (var)
      |                                  ^~~
src/hw/usb-uhci.c:552:29: warning: taking address of packed member 'token' of class or structure 'uhci_td' may result in an unaligned pointer value [-Waddress-of-packed-member]
  552 |     u32 token = GET_LOWFLAT(td->token);
      |                             ^~~~~~~~~
src/biosvar.h:127:49: note: expanded from macro 'GET_LOWFLAT'
  127 | #define GET_LOWFLAT(var) GET_LOW(*LOWFLAT2LOW(&(var)))
      |                                                 ^~~
src/biosvar.h:125:27: note: expanded from macro 'LOWFLAT2LOW'
  125 | #define LOWFLAT2LOW(var) (var)
      |                           ^~~
src/biosvar.h:123:34: note: expanded from macro 'GET_LOW'
  123 | #define GET_LOW(var)            (var)
      |                                  ^~~
src/hw/usb-uhci.c:559:32: warning: taking address of packed member 'buffer' of class or structure 'uhci_td' may result in an unaligned pointer value [-Waddress-of-packed-member]
  559 |     void *tddata = GET_LOWFLAT(td->buffer);
      |                                ^~~~~~~~~~
src/biosvar.h:127:49: note: expanded from macro 'GET_LOWFLAT'
  127 | #define GET_LOWFLAT(var) GET_LOW(*LOWFLAT2LOW(&(var)))
      |                                                 ^~~
src/biosvar.h:125:27: note: expanded from macro 'LOWFLAT2LOW'
  125 | #define LOWFLAT2LOW(var) (var)
      |                           ^~~
src/biosvar.h:123:34: note: expanded from macro 'GET_LOW'
  123 | #define GET_LOW(var)            (var)
      |                                  ^~~
src/hw/usb-uhci.c:564:48: warning: taking address of packed member 'link' of class or structure 'uhci_td' may result in an unaligned pointer value [-Waddress-of-packed-member]
  564 |     struct uhci_td *next = (void*)(GET_LOWFLAT(td->link) & ~UHCI_PTR_BITS);
      |                                                ^~~~~~~~
src/biosvar.h:127:49: note: expanded from macro 'GET_LOWFLAT'
  127 | #define GET_LOWFLAT(var) GET_LOW(*LOWFLAT2LOW(&(var)))
      |                                                 ^~~
src/biosvar.h:125:27: note: expanded from macro 'LOWFLAT2LOW'
  125 | #define LOWFLAT2LOW(var) (var)
      |                           ^~~
src/biosvar.h:123:34: note: expanded from macro 'GET_LOW'
  123 | #define GET_LOW(var)            (var)
      |                                  ^~~
src/hw/usb-uhci.c:567:17: warning: taking address of packed member 'status' of class or structure 'uhci_td' may result in an unaligned pointer value [-Waddress-of-packed-member]
  567 |     SET_LOWFLAT(td->status, (uhci_maxerr(0) | (status & TD_CTRL_LS)
      |                 ^~~~~~~~~~
src/biosvar.h:128:54: note: expanded from macro 'SET_LOWFLAT'
  128 | #define SET_LOWFLAT(var, val) SET_LOW(*LOWFLAT2LOW(&(var)), (val))
      |                                                      ^~~
src/biosvar.h:125:27: note: expanded from macro 'LOWFLAT2LOW'
  125 | #define LOWFLAT2LOW(var) (var)
      |                           ^~~
src/biosvar.h:124:39: note: expanded from macro 'SET_LOW'
  124 | #define SET_LOW(var, val)       do { (var) = (val); } while (0)
      |                                       ^~~
clang: warning: optimization flag '-fno-merge-constants' is not supported [-Wignored-optimization-argument]
clang: warning: optimization flag '-fno-merge-constants' is not supported [-Wignored-optimization-argument]
src/hw/usb-ohci.c:164:20: warning: taking address of packed member 'hwNextED' of class or structure 'ohci_ed' may result in an unaligned pointer value [-Waddress-of-packed-member]
  164 |             pos = &next->hwNextED;
      |                    ^~~~~~~~~~~~~~
src/hw/usb-ohci.c:192:13: warning: logical not is only applied to the left hand side of this bitwise operator [-Wlogical-not-parentheses]
  192 |         if (! status & OHCI_HCR)
      |             ^        ~
src/hw/usb-ohci.c:192:13: note: add parentheses after the '!' to evaluate the bitwise operator first
  192 |         if (! status & OHCI_HCR)
      |             ^                  
      |               (                )
src/hw/usb-ohci.c:192:13: note: add parentheses around left hand side expression to silence this warning
  192 |         if (! status & OHCI_HCR)
      |             ^
      |             (       )
src/hw/usb-ohci.c:559:17: warning: taking address of packed member 'hwINFO' of class or structure 'ohci_td' may result in an unaligned pointer value [-Waddress-of-packed-member]
  559 |     SET_LOWFLAT(tail->hwINFO, TD_DP_IN | TD_T_TOGGLE | TD_CC);
      |                 ^~~~~~~~~~~~
src/biosvar.h:128:54: note: expanded from macro 'SET_LOWFLAT'
  128 | #define SET_LOWFLAT(var, val) SET_LOW(*LOWFLAT2LOW(&(var)), (val))
      |                                                      ^~~
src/biosvar.h:125:27: note: expanded from macro 'LOWFLAT2LOW'
  125 | #define LOWFLAT2LOW(var) (var)
      |                           ^~~
src/biosvar.h:124:39: note: expanded from macro 'SET_LOW'
  124 | #define SET_LOW(var, val)       do { (var) = (val); } while (0)
      |                                       ^~~
src/hw/usb-ohci.c:561:17: warning: taking address of packed member 'hwCBP' of class or structure 'ohci_td' may result in an unaligned pointer value [-Waddress-of-packed-member]
  561 |     SET_LOWFLAT(tail->hwCBP, (u32)intrdata);
      |                 ^~~~~~~~~~~
src/biosvar.h:128:54: note: expanded from macro 'SET_LOWFLAT'
  128 | #define SET_LOWFLAT(var, val) SET_LOW(*LOWFLAT2LOW(&(var)), (val))
      |                                                      ^~~
src/biosvar.h:125:27: note: expanded from macro 'LOWFLAT2LOW'
  125 | #define LOWFLAT2LOW(var) (var)
      |                           ^~~
src/biosvar.h:124:39: note: expanded from macro 'SET_LOW'
  124 | #define SET_LOW(var, val)       do { (var) = (val); } while (0)
      |                                       ^~~
src/hw/usb-ohci.c:562:17: warning: taking address of packed member 'hwNextTD' of class or structure 'ohci_td' may result in an unaligned pointer value [-Waddress-of-packed-member]
  562 |     SET_LOWFLAT(tail->hwNextTD, (u32)next);
      |                 ^~~~~~~~~~~~~~
src/biosvar.h:128:54: note: expanded from macro 'SET_LOWFLAT'
  128 | #define SET_LOWFLAT(var, val) SET_LOW(*LOWFLAT2LOW(&(var)), (val))
      |                                                      ^~~
src/biosvar.h:125:27: note: expanded from macro 'LOWFLAT2LOW'
  125 | #define LOWFLAT2LOW(var) (var)
      |                           ^~~
src/biosvar.h:124:39: note: expanded from macro 'SET_LOW'
  124 | #define SET_LOW(var, val)       do { (var) = (val); } while (0)
      |                                       ^~~
src/hw/usb-ohci.c:563:17: warning: taking address of packed member 'hwBE' of class or structure 'ohci_td' may result in an unaligned pointer value [-Waddress-of-packed-member]
  563 |     SET_LOWFLAT(tail->hwBE, (u32)intrdata + maxpacket - 1);
      |                 ^~~~~~~~~~
src/biosvar.h:128:54: note: expanded from macro 'SET_LOWFLAT'
  128 | #define SET_LOWFLAT(var, val) SET_LOW(*LOWFLAT2LOW(&(var)), (val))
      |                                                      ^~~
src/biosvar.h:125:27: note: expanded from macro 'LOWFLAT2LOW'
  125 | #define LOWFLAT2LOW(var) (var)
      |                           ^~~
src/biosvar.h:124:39: note: expanded from macro 'SET_LOW'
  124 | #define SET_LOW(var, val)       do { (var) = (val); } while (0)
      |                                       ^~~
  Compile checking out/src/hw/usb-hid.o
6 warnings generated.
  Compile checking out/src/hw/usb-msc.o
6 warnings generated.
clang: warning: optimization flag '-fno-merge-constants' is not supported [-Wignored-optimization-argument]
  Compile checking out/src/hw/usb-uas.o
  Compile checking out/src/hw/blockcmd.o
clang: warning: optimization flag '-fno-merge-constants' is not supported [-Wignored-optimization-argument]
clang: warning: optimization flag '-fno-merge-constants' is not supported [-Wignored-optimization-argument]
  Compile checking out/src/hw/floppy.o
  Compile checking out/src/hw/ata.o
clang: warning: optimization flag '-fno-merge-constants' is not supported [-Wignored-optimization-argument]
clang: warning: optimization flag '-fno-merge-constants' is not supported [-Wignored-optimization-argument]
  Compile checking out/src/hw/ramdisk.o
clang: warning: optimization flag '-fno-merge-constants' is not supported [-Wignored-optimization-argument]
clang: warning: optimization flag '-fno-merge-constants' is not supported [-Wignored-optimization-argument]
  Compile checking out/src/hw/lsi-scsi.o
  Compile checking out/src/hw/esp-scsi.o
  Compile checking out/src/hw/megasas.o
clang: warning: optimization flag '-fno-merge-constants' is not supported [-Wignored-optimization-argument]
  Compile checking out/src/hw/mpt-scsi.o
clang: warning: optimization flag '-fno-merge-constants' is not supported [-Wignored-optimization-argument]
clang: warning: optimization flag '-fno-merge-constants' is not supported [-Wignored-optimization-argument]
src/hw/megasas.c:180:17: warning: taking address of packed member 'flags' of class or structure 'megasas_cmd_frame' may result in an unaligned pointer value [-Waddress-of-packed-member]
  180 |     SET_LOWFLAT(frame->flags, 0x0001);
      |                 ^~~~~~~~~~~~
src/biosvar.h:128:54: note: expanded from macro 'SET_LOWFLAT'
  128 | #define SET_LOWFLAT(var, val) SET_LOW(*LOWFLAT2LOW(&(var)), (val))
      |                                                      ^~~
src/biosvar.h:125:27: note: expanded from macro 'LOWFLAT2LOW'
  125 | #define LOWFLAT2LOW(var) (var)
      |                           ^~~
src/biosvar.h:124:39: note: expanded from macro 'SET_LOW'
  124 | #define SET_LOW(var, val)       do { (var) = (val); } while (0)
      |                                       ^~~
src/hw/megasas.c:181:17: warning: taking address of packed member 'data_xfer_len' of class or structure 'megasas_cmd_frame' may result in an unaligned pointer value [-Waddress-of-packed-member]
  181 |     SET_LOWFLAT(frame->data_xfer_len, op->count * blocksize);
      |                 ^~~~~~~~~~~~~~~~~~~~
src/biosvar.h:128:54: note: expanded from macro 'SET_LOWFLAT'
  128 | #define SET_LOWFLAT(var, val) SET_LOW(*LOWFLAT2LOW(&(var)), (val))
      |                                                      ^~~
src/biosvar.h:125:27: note: expanded from macro 'LOWFLAT2LOW'
  125 | #define LOWFLAT2LOW(var) (var)
      |                           ^~~
src/biosvar.h:124:39: note: expanded from macro 'SET_LOW'
  124 | #define SET_LOW(var, val)       do { (var) = (val); } while (0)
      |                                       ^~~
src/hw/megasas.c:191:21: warning: taking address of packed member 'union megasas_cmd_frame::(anonymous at src/hw/megasas.c:75:5)' of class or structure 'megasas_cmd_frame' may result in an unaligned pointer value [-Waddress-of-packed-member]
  191 |         SET_LOWFLAT(frame->pthru.sgl_addr, (u32)op->buf_fl);
      |                     ^~~~~~~~~~~~~~~~~~~~~
src/biosvar.h:128:54: note: expanded from macro 'SET_LOWFLAT'
  128 | #define SET_LOWFLAT(var, val) SET_LOW(*LOWFLAT2LOW(&(var)), (val))
      |                                                      ^~~
src/biosvar.h:125:27: note: expanded from macro 'LOWFLAT2LOW'
  125 | #define LOWFLAT2LOW(var) (var)
      |                           ^~~
src/biosvar.h:124:39: note: expanded from macro 'SET_LOW'
  124 | #define SET_LOW(var, val)       do { (var) = (val); } while (0)
      |                                       ^~~
src/hw/megasas.c:192:21: warning: taking address of packed member 'union megasas_cmd_frame::(anonymous at src/hw/megasas.c:75:5)' of class or structure 'megasas_cmd_frame' may result in an unaligned pointer value [-Waddress-of-packed-member]
  192 |         SET_LOWFLAT(frame->pthru.sgl_len, op->count * blocksize);
      |                     ^~~~~~~~~~~~~~~~~~~~
src/biosvar.h:128:54: note: expanded from macro 'SET_LOWFLAT'
  128 | #define SET_LOWFLAT(var, val) SET_LOW(*LOWFLAT2LOW(&(var)), (val))
      |                                                      ^~~
src/biosvar.h:125:27: note: expanded from macro 'LOWFLAT2LOW'
  125 | #define LOWFLAT2LOW(var) (var)
      |                           ^~~
src/biosvar.h:124:39: note: expanded from macro 'SET_LOW'
  124 | #define SET_LOW(var, val)       do { (var) = (val); } while (0)
      |                                       ^~~
src/hw/megasas.c:195:17: warning: taking address of packed member 'context' of class or structure 'megasas_cmd_frame' may result in an unaligned pointer value [-Waddress-of-packed-member]
  195 |     SET_LOWFLAT(frame->context, (u32)frame);
      |                 ^~~~~~~~~~~~~~
src/biosvar.h:128:54: note: expanded from macro 'SET_LOWFLAT'
  128 | #define SET_LOWFLAT(var, val) SET_LOW(*LOWFLAT2LOW(&(var)), (val))
      |                                                      ^~~
src/biosvar.h:125:27: note: expanded from macro 'LOWFLAT2LOW'
  125 | #define LOWFLAT2LOW(var) (var)
      |                           ^~~
src/biosvar.h:124:39: note: expanded from macro 'SET_LOW'
  124 | #define SET_LOW(var, val)       do { (var) = (val); } while (0)
      |                                       ^~~
  Compile checking out/src/post.o
clang: warning: optimization flag '-fno-merge-constants' is not supported [-Wignored-optimization-argument]
5 warnings generated.
  Compile checking out/src/e820map.o
clang: warning: optimization flag '-fno-merge-constants' is not supported [-Wignored-optimization-argument]
  Compile checking out/src/malloc.o
  Compile checking out/src/romfile.o
clang: warning: optimization flag '-fno-merge-constants' is not supported [-Wignored-optimization-argument]
clang: warning: optimization flag '-fno-merge-constants' is not supported [-Wignored-optimization-argument]
  Compile checking out/src/x86.o
clang: warning: optimization flag '-fno-merge-constants' is not supported [-Wignored-optimization-argument]
  Compile checking out/src/optionroms.o
  Compile checking out/src/pmm.o
clang: warning: optimization flag '-fno-merge-constants' is not supported [-Wignored-optimization-argument]
  Compile checking out/src/font.o
clang: warning: optimization flag '-fno-merge-constants' is not supported [-Wignored-optimization-argument]
  Compile checking out/src/boot.o
clang: warning: optimization flag '-fno-merge-constants' is not supported [-Wignored-optimization-argument]
clang: warning: optimization flag '-fno-merge-constants' is not supported [-Wignored-optimization-argument]
  Compile checking out/src/bootsplash.o
clang: warning: optimization flag '-fno-merge-constants' is not supported [-Wignored-optimization-argument]
  Compile checking out/src/jpeg.o
src/boot.c:641:33: warning: taking address of packed member 'signature' of class or structure 'mbr_s' may result in an unaligned pointer value [-Waddress-of-packed-member]
  641 |         if (GET_FARVAR(bootseg, mbr->signature) != MBR_SIGNATURE) {
      |                                 ^~~~~~~~~~~~~~
src/farptr.h:180:18: note: expanded from macro 'GET_FARVAR'
  180 |     (*((typeof(&(var)))MAKE_FLATPTR((seg), &(var))))
      |                  ^~~
  Compile checking out/src/bmp.o
clang: warning: optimization flag '-fno-merge-constants' is not supported [-Wignored-optimization-argument]
clang: warning: optimization flag '-fno-merge-constants' is not supported [-Wignored-optimization-argument]
clang: warning: optimization flag '-fno-merge-constants' is not supported [-Wignored-optimization-argument]
1 warning generated.
  Compile checking out/src/tcgbios.o
  Compile checking out/src/sha1.o
  Compile checking out/src/hw/pcidevice.o
clang: warning: optimization flag '-fno-merge-constants' is not supported [-Wignored-optimization-argument]
clang: warning: optimization flag '-fno-merge-constants' is not supported [-Wignored-optimization-argument]
clang: warning: optimization flag '-fno-merge-constants' is not supported [-Wignored-optimization-argument]
src/tcgbios.c:1480:46: warning: taking address of packed member 'union bregs::(anonymous at src/bregs.h:30:5)' of class or structure 'bregs' may result in an unaligned pointer value [-Waddress-of-packed-member]
 1480 |                                             &regs->edx);
      |                                              ^~~~~~~~~
  Compile checking out/src/hw/ahci.o
  Compile checking out/src/hw/pvscsi.o
clang: warning: optimization flag '-fno-merge-constants' is not supported [-Wignored-optimization-argument]
  Compile checking out/src/hw/usb-xhci.o
clang: warning: optimization flag '-fno-merge-constants' is not supported [-Wignored-optimization-argument]
clang: warning: optimization flag '-fno-merge-constants' is not supported [-Wignored-optimization-argument]
1 warning generated.
  Compile checking out/src/hw/usb-hub.o
  Compile checking out/src/hw/sdcard.o
  Compile checking out/src/fw/coreboot.o
clang: warning: optimization flag '-fno-merge-constants' is not supported [-Wignored-optimization-argument]
clang: warning: optimization flag '-fno-merge-constants' is not supported [-Wignored-optimization-argument]
clang: warning: optimization flag '-fno-merge-constants' is not supported [-Wignored-optimization-argument]
src/hw/sdcard.c:193:29: warning: taking address of packed member 'irq_status' of class or structure 'sdhci_s' may result in an unaligned pointer value [-Waddress-of-packed-member]
  193 |     int ret = sdcard_waitw(&regs->irq_status, SI_ERROR|SI_CMD_COMPLETE);
      |                             ^~~~~~~~~~~~~~~~
src/hw/sdcard.c:349:29: warning: taking address of packed member 'clock_control' of class or structure 'sdhci_s' may result in an unaligned pointer value [-Waddress-of-packed-member]
  349 |     int ret = sdcard_waitw(&regs->clock_control, SCC_STABLE);
      |                             ^~~~~~~~~~~~~~~~~~~
  Compile checking out/src/fw/lzmadecode.o
  Compile checking out/src/fw/multiboot.o
2 warnings generated.
  Compile checking out/src/fw/csm.o
  Compile checking out/src/fw/biostables.o
clang: warning: optimization flag '-fno-merge-constants' is not supported [-Wignored-optimization-argument]
clang: warning: optimization flag '-fno-merge-constants' is not supported [-Wignored-optimization-argument]
clang: warning: optimization flag '-fno-merge-constants' is not supported [-Wignored-optimization-argument]
clang: warning: optimization flag '-fno-merge-constants' is not supported [-Wignored-optimization-argument]
  Compile checking out/src/fw/paravirt.o
src/fw/csm.c:27:10: warning: the current #pragma pack alignment value is modified in the included file [-Wpragma-pack]
   27 | #include "std/LegacyBios.h"
      |          ^
src/std/LegacyBios.h:33:9: note: previous '#pragma pack' directive that modifies alignment is here
   33 | #pragma pack(1)
      |         ^
  Compile checking out/src/fw/shadow.o
1 warning generated.
clang: warning: optimization flag '-fno-merge-constants' is not supported [-Wignored-optimization-argument]
  Compile checking out/src/fw/pciinit.o
  Compile checking out/src/fw/smm.o
clang: warning: optimization flag '-fno-merge-constants' is not supported [-Wignored-optimization-argument]
clang: warning: optimization flag '-fno-merge-constants' is not supported [-Wignored-optimization-argument]
clang: warning: optimization flag '-fno-merge-constants' is not supported [-Wignored-optimization-argument]
  Compile checking out/src/fw/smp.o
src/fw/pciinit.c:518:13: warning: unused function 'pci_bios_init_platform' [-Wunused-function]
  518 | static void pci_bios_init_platform(void)
      |             ^~~~~~~~~~~~~~~~~~~~~~
  Compile checking out/src/fw/mtrr.o
clang: warning: optimization flag '-fno-merge-constants' is not supported [-Wignored-optimization-argument]
  Compile checking out/src/fw/xen.o
clang: warning: optimization flag '-fno-merge-constants' is not supported [-Wignored-optimization-argument]
clang: warning: optimization flag '-fno-merge-constants' is not supported [-Wignored-optimization-argument]
  Compile checking out/src/fw/acpi.o
1 warning generated.
  Compile checking out/src/fw/mptable.o
  Compile checking out/src/fw/pirtable.o
clang: warning: optimization flag '-fno-merge-constants' is not supported [-Wignored-optimization-argument]
  Compile checking out/src/fw/smbios.o
clang: warning: optimization flag '-fno-merge-constants' is not supported [-Wignored-optimization-argument]
clang: warning: optimization flag '-fno-merge-constants' is not supported [-Wignored-optimization-argument]
clang: warning: optimization flag '-fno-merge-constants' is not supported [-Wignored-optimization-argument]
  Compile checking out/src/fw/romfile_loader.o
  Compile checking out/src/hw/virtio-ring.o
clang: warning: optimization flag '-fno-merge-constants' is not supported [-Wignored-optimization-argument]
clang: warning: optimization flag '-fno-merge-constants' is not supported [-Wignored-optimization-argument]
  Compile checking out/src/hw/virtio-pci.o
  Compile checking out/src/hw/virtio-blk.o
  Compile checking out/src/hw/virtio-scsi.o
clang: warning: optimization flag '-fno-merge-constants' is not supported [-Wignored-optimization-argument]
  Compile checking out/src/hw/tpm_drivers.o
clang: warning: optimization flag '-fno-merge-constants' is not supported [-Wignored-optimization-argument]
clang: warning: optimization flag '-fno-merge-constants' is not supported [-Wignored-optimization-argument]
clang: warning: optimization flag '-fno-merge-constants' is not supported [-Wignored-optimization-argument]
  Compile checking out/src/hw/nvme.o
  Compiling whole program out/code32seg.o
clang: warning: optimization flag '-fno-merge-constants' is not supported [-Wignored-optimization-argument]
  Compiling whole program out/ccode16.o
  Compiling to assembler out/src/asm-offsets.s
clang: warning: optimization flag '-fno-merge-constants' is not supported [-Wignored-optimization-argument]
clang: warning: optimization flag '-fno-defer-pop' is not supported [-Wignored-optimization-argument]
clang: warning: optimization flag '-fwhole-program' is not supported [-Wignored-optimization-argument]
clang: warning: optimization flag '-fno-merge-constants' is not supported [-Wignored-optimization-argument]
clang: warning: optimization flag '-fno-defer-pop' is not supported [-Wignored-optimization-argument]
clang: warning: argument unused during compilation: '-c' [-Wunused-command-line-argument]
In file included from out/code32seg.o.tmp.c:3:
./src/pcibios.c:154:30: warning: taking address of packed member 'size' of class or structure 'pir_header' may result in an unaligned pointer value [-Waddress-of-packed-member]
  154 |     u16 pirsize = GET_GLOBAL(pirtable_g->size) - sizeof(struct pir_header);
      |                              ^~~~~~~~~~~~~~~~
./src/biosvar.h:101:39: note: expanded from macro 'GET_GLOBAL'
  101 |     GET_VAR(GLOBAL_SEGREG, *(typeof(&(var)))((void*)&(var)              \
      |                                       ^~~
./src/farptr.h:144:47: note: expanded from macro 'GET_VAR'
  144 | #define GET_VAR(seg, var) __GET_VAR("", seg, (var))
      |                                               ^~~
./src/farptr.h:56:12: note: expanded from macro '__GET_VAR'
   56 |     typeof(var) __val;                          \
      |            ^~~
In file included from out/code32seg.o.tmp.c:3:
./src/pcibios.c:154:30: warning: taking address of packed member 'size' of class or structure 'pir_header' may result in an unaligned pointer value [-Waddress-of-packed-member]
  154 |     u16 pirsize = GET_GLOBAL(pirtable_g->size) - sizeof(struct pir_header);
      |                              ^~~~~~~~~~~~~~~~
./src/biosvar.h:101:39: note: expanded from macro 'GET_GLOBAL'
  101 |     GET_VAR(GLOBAL_SEGREG, *(typeof(&(var)))((void*)&(var)              \
      |                                       ^~~
./src/farptr.h:144:47: note: expanded from macro 'GET_VAR'
  144 | #define GET_VAR(seg, var) __GET_VAR("", seg, (var))
      |                                               ^~~
./src/farptr.h:58:39: note: expanded from macro '__GET_VAR'
   58 |         READ8_SEG(prefix, seg, __val, var);     \
      |                                       ^~~
./src/farptr.h:19:19: note: expanded from macro 'READ8_SEG'
   19 |             : "m"(var), "m"(__segment_ ## SEG))
      |                   ^~~
In file included from out/code32seg.o.tmp.c:3:
./src/pcibios.c:154:30: warning: taking address of packed member 'size' of class or structure 'pir_header' may result in an unaligned pointer value [-Waddress-of-packed-member]
  154 |     u16 pirsize = GET_GLOBAL(pirtable_g->size) - sizeof(struct pir_header);
      |                              ^~~~~~~~~~~~~~~~
./src/biosvar.h:101:39: note: expanded from macro 'GET_GLOBAL'
  101 |     GET_VAR(GLOBAL_SEGREG, *(typeof(&(var)))((void*)&(var)              \
      |                                       ^~~
./src/farptr.h:144:47: note: expanded from macro 'GET_VAR'
  144 | #define GET_VAR(seg, var) __GET_VAR("", seg, (var))
      |                                               ^~~
./src/farptr.h:60:40: note: expanded from macro '__GET_VAR'
   60 |         READ16_SEG(prefix, seg, __val, var);    \
      |                                        ^~~
./src/farptr.h:22:19: note: expanded from macro 'READ16_SEG'
   22 |             : "m"(var), "m"(__segment_ ## SEG))
      |                   ^~~
In file included from out/code32seg.o.tmp.c:3:
./src/pcibios.c:154:30: warning: taking address of packed member 'size' of class or structure 'pir_header' may result in an unaligned pointer value [-Waddress-of-packed-member]
  154 |     u16 pirsize = GET_GLOBAL(pirtable_g->size) - sizeof(struct pir_header);
      |                              ^~~~~~~~~~~~~~~~
./src/biosvar.h:101:39: note: expanded from macro 'GET_GLOBAL'
  101 |     GET_VAR(GLOBAL_SEGREG, *(typeof(&(var)))((void*)&(var)              \
      |                                       ^~~
./src/farptr.h:144:47: note: expanded from macro 'GET_VAR'
  144 | #define GET_VAR(seg, var) __GET_VAR("", seg, (var))
      |                                               ^~~
./src/farptr.h:62:40: note: expanded from macro '__GET_VAR'
   62 |         READ32_SEG(prefix, seg, __val, var);    \
      |                                        ^~~
./src/farptr.h:25:19: note: expanded from macro 'READ32_SEG'
   25 |             : "m"(var), "m"(__segment_ ## SEG))
      |                   ^~~
In file included from out/code32seg.o.tmp.c:3:
./src/pcibios.c:154:30: warning: taking address of packed member 'size' of class or structure 'pir_header' may result in an unaligned pointer value [-Waddress-of-packed-member]
  154 |     u16 pirsize = GET_GLOBAL(pirtable_g->size) - sizeof(struct pir_header);
      |                              ^~~~~~~~~~~~~~~~
./src/biosvar.h:101:39: note: expanded from macro 'GET_GLOBAL'
  101 |     GET_VAR(GLOBAL_SEGREG, *(typeof(&(var)))((void*)&(var)              \
      |                                       ^~~
./src/farptr.h:144:47: note: expanded from macro 'GET_VAR'
  144 | #define GET_VAR(seg, var) __GET_VAR("", seg, (var))
      |                                               ^~~
./src/farptr.h:64:40: note: expanded from macro '__GET_VAR'
   64 |         READ64_SEG(prefix, seg, __val, var);    \
      |                                        ^~~
./src/farptr.h:28:59: note: expanded from macro 'READ64_SEG'
   28 |         union u64_u32_u *__r64_ptr = (union u64_u32_u *)&(var); \
      |                                                           ^~~
In file included from out/code32seg.o.tmp.c:3:
./src/pcibios.c:172:27: warning: taking address of packed member 'exclusive_irqs' of class or structure 'pir_header' may result in an unaligned pointer value [-Waddress-of-packed-member]
  172 |     regs->bx = GET_GLOBAL(pirtable_g->exclusive_irqs);
      |                           ^~~~~~~~~~~~~~~~~~~~~~~~~~
./src/biosvar.h:101:39: note: expanded from macro 'GET_GLOBAL'
  101 |     GET_VAR(GLOBAL_SEGREG, *(typeof(&(var)))((void*)&(var)              \
      |                                       ^~~
./src/farptr.h:144:47: note: expanded from macro 'GET_VAR'
  144 | #define GET_VAR(seg, var) __GET_VAR("", seg, (var))
      |                                               ^~~
./src/farptr.h:56:12: note: expanded from macro '__GET_VAR'
   56 |     typeof(var) __val;                          \
      |            ^~~
In file included from out/code32seg.o.tmp.c:3:
./src/pcibios.c:172:27: warning: taking address of packed member 'exclusive_irqs' of class or structure 'pir_header' may result in an unaligned pointer value [-Waddress-of-packed-member]
  172 |     regs->bx = GET_GLOBAL(pirtable_g->exclusive_irqs);
      |                           ^~~~~~~~~~~~~~~~~~~~~~~~~~
./src/biosvar.h:101:39: note: expanded from macro 'GET_GLOBAL'
  101 |     GET_VAR(GLOBAL_SEGREG, *(typeof(&(var)))((void*)&(var)              \
      |                                       ^~~
./src/farptr.h:144:47: note: expanded from macro 'GET_VAR'
  144 | #define GET_VAR(seg, var) __GET_VAR("", seg, (var))
      |                                               ^~~
./src/farptr.h:58:39: note: expanded from macro '__GET_VAR'
   58 |         READ8_SEG(prefix, seg, __val, var);     \
      |                                       ^~~
./src/farptr.h:19:19: note: expanded from macro 'READ8_SEG'
   19 |             : "m"(var), "m"(__segment_ ## SEG))
      |                   ^~~
In file included from out/code32seg.o.tmp.c:3:
./src/pcibios.c:172:27: warning: taking address of packed member 'exclusive_irqs' of class or structure 'pir_header' may result in an unaligned pointer value [-Waddress-of-packed-member]
  172 |     regs->bx = GET_GLOBAL(pirtable_g->exclusive_irqs);
      |                           ^~~~~~~~~~~~~~~~~~~~~~~~~~
./src/biosvar.h:101:39: note: expanded from macro 'GET_GLOBAL'
  101 |     GET_VAR(GLOBAL_SEGREG, *(typeof(&(var)))((void*)&(var)              \
      |                                       ^~~
./src/farptr.h:144:47: note: expanded from macro 'GET_VAR'
  144 | #define GET_VAR(seg, var) __GET_VAR("", seg, (var))
      |                                               ^~~
./src/farptr.h:60:40: note: expanded from macro '__GET_VAR'
   60 |         READ16_SEG(prefix, seg, __val, var);    \
      |                                        ^~~
./src/farptr.h:22:19: note: expanded from macro 'READ16_SEG'
   22 |             : "m"(var), "m"(__segment_ ## SEG))
      |                   ^~~
In file included from out/code32seg.o.tmp.c:3:
./src/pcibios.c:172:27: warning: taking address of packed member 'exclusive_irqs' of class or structure 'pir_header' may result in an unaligned pointer value [-Waddress-of-packed-member]
  172 |     regs->bx = GET_GLOBAL(pirtable_g->exclusive_irqs);
      |                           ^~~~~~~~~~~~~~~~~~~~~~~~~~
./src/biosvar.h:101:39: note: expanded from macro 'GET_GLOBAL'
  101 |     GET_VAR(GLOBAL_SEGREG, *(typeof(&(var)))((void*)&(var)              \
      |                                       ^~~
./src/farptr.h:144:47: note: expanded from macro 'GET_VAR'
  144 | #define GET_VAR(seg, var) __GET_VAR("", seg, (var))
      |                                               ^~~
./src/farptr.h:62:40: note: expanded from macro '__GET_VAR'
   62 |         READ32_SEG(prefix, seg, __val, var);    \
      |                                        ^~~
./src/farptr.h:25:19: note: expanded from macro 'READ32_SEG'
   25 |             : "m"(var), "m"(__segment_ ## SEG))
      |                   ^~~
In file included from out/code32seg.o.tmp.c:3:
./src/pcibios.c:172:27: warning: taking address of packed member 'exclusive_irqs' of class or structure 'pir_header' may result in an unaligned pointer value [-Waddress-of-packed-member]
  172 |     regs->bx = GET_GLOBAL(pirtable_g->exclusive_irqs);
      |                           ^~~~~~~~~~~~~~~~~~~~~~~~~~
./src/biosvar.h:101:39: note: expanded from macro 'GET_GLOBAL'
  101 |     GET_VAR(GLOBAL_SEGREG, *(typeof(&(var)))((void*)&(var)              \
      |                                       ^~~
./src/farptr.h:144:47: note: expanded from macro 'GET_VAR'
  144 | #define GET_VAR(seg, var) __GET_VAR("", seg, (var))
      |                                               ^~~
./src/farptr.h:64:40: note: expanded from macro '__GET_VAR'
   64 |         READ64_SEG(prefix, seg, __val, var);    \
      |                                        ^~~
./src/farptr.h:28:59: note: expanded from macro 'READ64_SEG'
   28 |         union u64_u32_u *__r64_ptr = (union u64_u32_u *)&(var); \
      |                                                           ^~~
In file included from out/code32seg.o.tmp.c:3:
./src/pcibios.c:208:16: warning: unknown attribute 'externally_visible' ignored [-Wunknown-attributes]
  208 | void VISIBLE16 VISIBLE32SEG
      |                ^~~~~~~~~~~~
./src/types.h:87:23: note: expanded from macro 'VISIBLE32SEG'
   87 | # define VISIBLE32SEG __VISIBLE
      |                       ^~~~~~~~~
./src/types.h:40:35: note: expanded from macro '__VISIBLE'
   40 | # define __VISIBLE __attribute__((externally_visible))
      |                                   ^~~~~~~~~~~~~~~~~~
In file included from out/code32seg.o.tmp.c:3:
./src/pcibios.c:229:44: warning: unknown attribute 'externally_visible' ignored [-Wunknown-attributes]
  229 | struct bios32_s BIOS32HEADER __aligned(16) VARFSEG = {
      |                                            ^~~~~~~
./src/types.h:91:57: note: expanded from macro 'VARFSEG'
   91 | # define VARFSEG __section(".discard.varfseg." UNIQSEC) __VISIBLE __weak
      |                                                         ^~~~~~~~~
./src/types.h:40:35: note: expanded from macro '__VISIBLE'
   40 | # define __VISIBLE __attribute__((externally_visible))
      |                                   ^~~~~~~~~~~~~~~~~~
In file included from out/code32seg.o.tmp.c:4:
./src/apm.c:210:16: warning: unknown attribute 'externally_visible' ignored [-Wunknown-attributes]
  210 | void VISIBLE16 VISIBLE32SEG
      |                ^~~~~~~~~~~~
./src/types.h:87:23: note: expanded from macro 'VISIBLE32SEG'
   87 | # define VISIBLE32SEG __VISIBLE
      |                       ^~~~~~~~~
./src/types.h:40:35: note: expanded from macro '__VISIBLE'
   40 | # define __VISIBLE __attribute__((externally_visible))
      |                                   ^~~~~~~~~~~~~~~~~~
In file included from out/code32seg.o.tmp.c:5:
./src/stacks.c:33:14: warning: unknown attribute 'externally_visible' ignored [-Wunknown-attributes]
   33 | } Call16Data VARLOW;
      |              ^~~~~~
./src/types.h:90:55: note: expanded from macro 'VARLOW'
   90 | # define VARLOW __section(".discard.varlow." UNIQSEC) __VISIBLE __weak
      |                                                       ^~~~~~~~~
./src/types.h:40:35: note: expanded from macro '__VISIBLE'
   40 | # define __VISIBLE __attribute__((externally_visible))
      |                                   ^~~~~~~~~~~~~~~~~~
In file included from out/code32seg.o.tmp.c:5:
./src/stacks.c:38:19: warning: unknown attribute 'externally_visible' ignored [-Wunknown-attributes]
   38 | int HaveSmmCall32 VARFSEG;
      |                   ^~~~~~~
./src/types.h:91:57: note: expanded from macro 'VARFSEG'
   91 | # define VARFSEG __section(".discard.varfseg." UNIQSEC) __VISIBLE __weak
      |                                                         ^~~~~~~~~
./src/types.h:40:35: note: expanded from macro '__VISIBLE'
   40 | # define __VISIBLE __attribute__((externally_visible))
      |                                   ^~~~~~~~~~~~~~~~~~
In file included from out/code32seg.o.tmp.c:5:
./src/stacks.c:58:17: warning: taking address of packed member 'addr' of class or structure 'descloc_s' may result in an unaligned pointer value [-Waddress-of-packed-member]
   58 |         SET_LOW(Call16Data.gdt.addr, gdt.addr);
      |                 ^~~~~~~~~~~~~~~~~~~
./src/biosvar.h:120:54: note: expanded from macro 'SET_LOW'
  120 | #define SET_LOW(var, val)       SET_FARVAR(SEG_LOW, (var), (val))
      |                                                      ^~~
./src/farptr.h:143:56: note: expanded from macro 'SET_FARVAR'
  143 | #define SET_FARVAR(seg, var, val) __SET_FARVAR((seg), (var), (val))
      |                                                        ^~~
./src/farptr.h:115:22: note: expanded from macro '__SET_FARVAR'
  115 |         SET_VAR(ES, (var), __sfv_val);          \
      |                      ^~~
./src/farptr.h:145:52: note: expanded from macro 'SET_VAR'
  145 | #define SET_VAR(seg, var, val) __SET_VAR("", seg, (var), (val))
      |                                                    ^~~
./src/farptr.h:77:38: note: expanded from macro '__SET_VAR'
   77 |             WRITE64_SEG(prefix, seg, var, (val));       \
      |                                      ^~~
./src/farptr.h:44:59: note: expanded from macro 'WRITE64_SEG'
   44 |         union u64_u32_u *__w64_ptr = (union u64_u32_u *)&(var); \
      |                                                           ^~~
In file included from out/code32seg.o.tmp.c:5:
./src/stacks.c:96:28: warning: taking address of packed member 'addr' of class or structure 'descloc_s' may result in an unaligned pointer value [-Waddress-of-packed-member]
   96 |         gdt.addr = GET_LOW(Call16Data.gdt.addr);
      |                            ^~~~~~~~~~~~~~~~~~~
./src/biosvar.h:119:54: note: expanded from macro 'GET_LOW'
  119 | #define GET_LOW(var)            GET_FARVAR(SEG_LOW, (var))
      |                                                      ^~~
./src/farptr.h:142:51: note: expanded from macro 'GET_FARVAR'
  142 | #define GET_FARVAR(seg, var) __GET_FARVAR((seg), (var))
      |                                                   ^~~
./src/farptr.h:111:18: note: expanded from macro '__GET_FARVAR'
  111 |     GET_VAR(ES, (var)); })
      |                  ^~~
./src/farptr.h:144:47: note: expanded from macro 'GET_VAR'
  144 | #define GET_VAR(seg, var) __GET_VAR("", seg, (var))
      |                                               ^~~
./src/farptr.h:64:40: note: expanded from macro '__GET_VAR'
   64 |         READ64_SEG(prefix, seg, __val, var);    \
      |                                        ^~~
./src/farptr.h:28:59: note: expanded from macro 'READ64_SEG'
   28 |         union u64_u32_u *__r64_ptr = (union u64_u32_u *)&(var); \
      |                                                           ^~~
In file included from out/code32seg.o.tmp.c:5:
./src/stacks.c:326:41: warning: unknown attribute 'externally_visible' ignored [-Wunknown-attributes]
  326 | u8 ExtraStack[BUILD_EXTRA_STACK_SIZE+1] VARLOW __aligned(8);
      |                                         ^~~~~~
./src/types.h:90:55: note: expanded from macro 'VARLOW'
   90 | # define VARLOW __section(".discard.varlow." UNIQSEC) __VISIBLE __weak
      |                                                       ^~~~~~~~~
./src/types.h:40:35: note: expanded from macro '__VISIBLE'
   40 | # define __VISIBLE __attribute__((externally_visible))
      |                                   ^~~~~~~~~~~~~~~~~~
In file included from out/code32seg.o.tmp.c:5:
./src/stacks.c:327:14: warning: unknown attribute 'externally_visible' ignored [-Wunknown-attributes]
  327 | u8 *StackPos VARLOW;
      |              ^~~~~~
./src/types.h:90:55: note: expanded from macro 'VARLOW'
   90 | # define VARLOW __section(".discard.varlow." UNIQSEC) __VISIBLE __weak
      |                                                       ^~~~~~~~~
./src/types.h:40:35: note: expanded from macro '__VISIBLE'
   40 | # define __VISIBLE __attribute__((externally_visible))
      |                                   ^~~~~~~~~~~~~~~~~~
In file included from out/code32seg.o.tmp.c:5:
./src/stacks.c:476:31: warning: unknown attribute 'externally_visible' ignored [-Wunknown-attributes]
  476 | struct thread_info MainThread VARFSEG = {
      |                               ^~~~~~~
./src/types.h:91:57: note: expanded from macro 'VARFSEG'
   91 | # define VARFSEG __section(".discard.varfseg." UNIQSEC) __VISIBLE __weak
      |                                                         ^~~~~~~~~
./src/types.h:40:35: note: expanded from macro '__VISIBLE'
   40 | # define __VISIBLE __attribute__((externally_visible))
      |                                   ^~~~~~~~~~~~~~~~~~
In file included from out/code32seg.o.tmp.c:5:
./src/stacks.c:691:16: warning: unknown attribute 'externally_visible' ignored [-Wunknown-attributes]
  691 | int CanPreempt VARFSEG;
      |                ^~~~~~~
./src/types.h:91:57: note: expanded from macro 'VARFSEG'
   91 | # define VARFSEG __section(".discard.varfseg." UNIQSEC) __VISIBLE __weak
      |                                                         ^~~~~~~~~
./src/types.h:40:35: note: expanded from macro '__VISIBLE'
   40 | # define __VISIBLE __attribute__((externally_visible))
      |                                   ^~~~~~~~~~~~~~~~~~
In file included from out/code32seg.o.tmp.c:7:
./src/hw/serialio.c:42:1: warning: non-void function does not return a value [-Wreturn-type]
   42 | }
      | ^
./src/hw/serialio.c:104:21: warning: unknown attribute 'externally_visible' ignored [-Wunknown-attributes]
  104 | u16 DebugOutputPort VARFSEG = 0x402;
      |                     ^~~~~~~
./src/types.h:91:57: note: expanded from macro 'VARFSEG'
   91 | # define VARFSEG __section(".discard.varfseg." UNIQSEC) __VISIBLE __weak
      |                                                         ^~~~~~~~~
./src/types.h:40:35: note: expanded from macro '__VISIBLE'
   40 | # define __VISIBLE __attribute__((externally_visible))
      |                                   ^~~~~~~~~~~~~~~~~~
23 warnings generated.
  Compiling whole program out/ccode32flat.o
clang: warning: optimization flag '-fno-merge-constants' is not supported [-Wignored-optimization-argument]
clang: warning: optimization flag '-fno-defer-pop' is not supported [-Wignored-optimization-argument]
clang: warning: optimization flag '-fwhole-program' is not supported [-Wignored-optimization-argument]
In file included from out/ccode16.o.tmp.c:1:
./src/misc.c:18:17: warning: unknown attribute 'externally_visible' ignored [-Wunknown-attributes]
   18 | int HaveRunPost VARFSEG;
      |                 ^~~~~~~
./src/types.h:70:57: note: expanded from macro 'VARFSEG'
   70 | # define VARFSEG __section(".discard.varfseg." UNIQSEC) __VISIBLE __weak
      |                                                         ^~~~~~~~~
./src/types.h:40:35: note: expanded from macro '__VISIBLE'
   40 | # define __VISIBLE __attribute__((externally_visible))
      |                                   ^~~~~~~~~~~~~~~~~~
In file included from out/ccode16.o.tmp.c:1:
./src/misc.c:32:6: warning: unknown attribute 'externally_visible' ignored [-Wunknown-attributes]
   32 | void VISIBLE16
      |      ^~~~~~~~~
./src/types.h:56:20: note: expanded from macro 'VISIBLE16'
   56 | # define VISIBLE16 __VISIBLE
      |                    ^~~~~~~~~
./src/types.h:40:35: note: expanded from macro '__VISIBLE'
   40 | # define __VISIBLE __attribute__((externally_visible))
      |                                   ^~~~~~~~~~~~~~~~~~
In file included from out/ccode16.o.tmp.c:1:
./src/misc.c:40:6: warning: unknown attribute 'externally_visible' ignored [-Wunknown-attributes]
   40 | void VISIBLE16
      |      ^~~~~~~~~
./src/types.h:56:20: note: expanded from macro 'VISIBLE16'
   56 | # define VISIBLE16 __VISIBLE
      |                    ^~~~~~~~~
./src/types.h:40:35: note: expanded from macro '__VISIBLE'
   40 | # define __VISIBLE __attribute__((externally_visible))
      |                                   ^~~~~~~~~~~~~~~~~~
In file included from out/ccode16.o.tmp.c:1:
./src/misc.c:48:6: warning: unknown attribute 'externally_visible' ignored [-Wunknown-attributes]
   48 | void VISIBLE16
      |      ^~~~~~~~~
./src/types.h:56:20: note: expanded from macro 'VISIBLE16'
   56 | # define VISIBLE16 __VISIBLE
      |                    ^~~~~~~~~
./src/types.h:40:35: note: expanded from macro '__VISIBLE'
   40 | # define __VISIBLE __attribute__((externally_visible))
      |                                   ^~~~~~~~~~~~~~~~~~
In file included from out/ccode16.o.tmp.c:1:
./src/misc.c:55:6: warning: unknown attribute 'externally_visible' ignored [-Wunknown-attributes]
   55 | void VISIBLE16
      |      ^~~~~~~~~
./src/types.h:56:20: note: expanded from macro 'VISIBLE16'
   56 | # define VISIBLE16 __VISIBLE
      |                    ^~~~~~~~~
./src/types.h:40:35: note: expanded from macro '__VISIBLE'
   40 | # define __VISIBLE __attribute__((externally_visible))
      |                                   ^~~~~~~~~~~~~~~~~~
In file included from out/ccode16.o.tmp.c:1:
./src/misc.c:71:6: warning: unknown attribute 'externally_visible' ignored [-Wunknown-attributes]
   71 | void VISIBLE16
      |      ^~~~~~~~~
./src/types.h:56:20: note: expanded from macro 'VISIBLE16'
   56 | # define VISIBLE16 __VISIBLE
      |                    ^~~~~~~~~
./src/types.h:40:35: note: expanded from macro '__VISIBLE'
   40 | # define __VISIBLE __attribute__((externally_visible))
      |                                   ^~~~~~~~~~~~~~~~~~
In file included from out/ccode16.o.tmp.c:1:
./src/misc.c:112:46: warning: unknown attribute 'externally_visible' ignored [-Wunknown-attributes]
  112 | struct bios_config_table_s BIOS_CONFIG_TABLE VARFSEGFIXED(0xe6f5) = {
      |                                              ^~~~~~~~~~~~~~~~~~~~
./src/types.h:72:69: note: expanded from macro 'VARFSEGFIXED'
   72 | # define VARFSEGFIXED(addr) __section(".discard.varfixed." UNIQSEC) __VISIBLE __weak
      |                                                                     ^~~~~~~~~
./src/types.h:40:35: note: expanded from macro '__VISIBLE'
   40 | # define __VISIBLE __attribute__((externally_visible))
      |                                   ^~~~~~~~~~~~~~~~~~
In file included from out/ccode16.o.tmp.c:1:
./src/misc.c:132:33: warning: unknown attribute 'externally_visible' ignored [-Wunknown-attributes]
  132 | struct descloc_s rmode_IDT_info VARFSEG = {
      |                                 ^~~~~~~
./src/types.h:70:57: note: expanded from macro 'VARFSEG'
   70 | # define VARFSEG __section(".discard.varfseg." UNIQSEC) __VISIBLE __weak
      |                                                         ^~~~~~~~~
./src/types.h:40:35: note: expanded from macro '__VISIBLE'
   40 | # define __VISIBLE __attribute__((externally_visible))
      |                                   ^~~~~~~~~~~~~~~~~~
In file included from out/ccode16.o.tmp.c:1:
./src/misc.c:139:14: warning: unknown attribute 'externally_visible' ignored [-Wunknown-attributes]
  139 | u8 dummy_IDT VARFSEG;
      |              ^~~~~~~
./src/types.h:70:57: note: expanded from macro 'VARFSEG'
   70 | # define VARFSEG __section(".discard.varfseg." UNIQSEC) __VISIBLE __weak
      |                                                         ^~~~~~~~~
./src/types.h:40:35: note: expanded from macro '__VISIBLE'
   40 | # define __VISIBLE __attribute__((externally_visible))
      |                                   ^~~~~~~~~~~~~~~~~~
In file included from out/ccode16.o.tmp.c:1:
./src/misc.c:142:33: warning: unknown attribute 'externally_visible' ignored [-Wunknown-attributes]
  142 | struct descloc_s pmode_IDT_info VARFSEG = {
      |                                 ^~~~~~~
./src/types.h:70:57: note: expanded from macro 'VARFSEG'
   70 | # define VARFSEG __section(".discard.varfseg." UNIQSEC) __VISIBLE __weak
      |                                                         ^~~~~~~~~
./src/types.h:40:35: note: expanded from macro '__VISIBLE'
   40 | # define __VISIBLE __attribute__((externally_visible))
      |                                   ^~~~~~~~~~~~~~~~~~
In file included from out/ccode16.o.tmp.c:1:
./src/misc.c:148:21: warning: unknown attribute 'externally_visible' ignored [-Wunknown-attributes]
  148 | u64 rombios32_gdt[] VARFSEG __aligned(8) = {
      |                     ^~~~~~~
./src/types.h:70:57: note: expanded from macro 'VARFSEG'
   70 | # define VARFSEG __section(".discard.varfseg." UNIQSEC) __VISIBLE __weak
      |                                                         ^~~~~~~~~
./src/types.h:40:35: note: expanded from macro '__VISIBLE'
   40 | # define __VISIBLE __attribute__((externally_visible))
      |                                   ^~~~~~~~~~~~~~~~~~
In file included from out/ccode16.o.tmp.c:1:
./src/misc.c:166:35: warning: unknown attribute 'externally_visible' ignored [-Wunknown-attributes]
  166 | struct descloc_s rombios32_gdt_48 VARFSEG = {
      |                                   ^~~~~~~
./src/types.h:70:57: note: expanded from macro 'VARFSEG'
   70 | # define VARFSEG __section(".discard.varfseg." UNIQSEC) __VISIBLE __weak
      |                                                         ^~~~~~~~~
./src/types.h:40:35: note: expanded from macro '__VISIBLE'
   40 | # define __VISIBLE __attribute__((externally_visible))
      |                                   ^~~~~~~~~~~~~~~~~~
In file included from out/ccode16.o.tmp.c:1:
./src/misc.c:177:17: warning: unknown attribute 'externally_visible' ignored [-Wunknown-attributes]
  177 | char BiosDate[] VARFSEGFIXED(0xfff5) = "06/23/99";
      |                 ^~~~~~~~~~~~~~~~~~~~
./src/types.h:72:69: note: expanded from macro 'VARFSEGFIXED'
   72 | # define VARFSEGFIXED(addr) __section(".discard.varfixed." UNIQSEC) __VISIBLE __weak
      |                                                                     ^~~~~~~~~
./src/types.h:40:35: note: expanded from macro '__VISIBLE'
   40 | # define __VISIBLE __attribute__((externally_visible))
      |                                   ^~~~~~~~~~~~~~~~~~
In file included from out/ccode16.o.tmp.c:1:
./src/misc.c:179:16: warning: unknown attribute 'externally_visible' ignored [-Wunknown-attributes]
  179 | u8 BiosModelId VARFSEGFIXED(0xfffe) = BUILD_MODEL_ID;
      |                ^~~~~~~~~~~~~~~~~~~~
./src/types.h:72:69: note: expanded from macro 'VARFSEGFIXED'
   72 | # define VARFSEGFIXED(addr) __section(".discard.varfixed." UNIQSEC) __VISIBLE __weak
      |                                                                     ^~~~~~~~~
./src/types.h:40:35: note: expanded from macro '__VISIBLE'
   40 | # define __VISIBLE __attribute__((externally_visible))
      |                                   ^~~~~~~~~~~~~~~~~~
In file included from out/ccode16.o.tmp.c:1:
./src/misc.c:181:17: warning: unknown attribute 'externally_visible' ignored [-Wunknown-attributes]
  181 | u8 BiosChecksum VARFSEGFIXED(0xffff);
      |                 ^~~~~~~~~~~~~~~~~~~~
./src/types.h:72:69: note: expanded from macro 'VARFSEGFIXED'
   72 | # define VARFSEGFIXED(addr) __section(".discard.varfixed." UNIQSEC) __VISIBLE __weak
      |                                                                     ^~~~~~~~~
./src/types.h:40:35: note: expanded from macro '__VISIBLE'
   40 | # define __VISIBLE __attribute__((externally_visible))
      |                                   ^~~~~~~~~~~~~~~~~~
In file included from out/ccode16.o.tmp.c:1:
./src/misc.c:183:42: warning: unknown attribute 'externally_visible' ignored [-Wunknown-attributes]
  183 | struct floppy_dbt_s diskette_param_table VARFSEGFIXED(0xefc7);
      |                                          ^~~~~~~~~~~~~~~~~~~~
./src/types.h:72:69: note: expanded from macro 'VARFSEGFIXED'
   72 | # define VARFSEGFIXED(addr) __section(".discard.varfixed." UNIQSEC) __VISIBLE __weak
      |                                                                     ^~~~~~~~~
./src/types.h:40:35: note: expanded from macro '__VISIBLE'
   40 | # define __VISIBLE __attribute__((externally_visible))
      |                                   ^~~~~~~~~~~~~~~~~~
In file included from out/ccode16.o.tmp.c:1:
./src/misc.c:186:23: warning: unknown attribute 'externally_visible' ignored [-Wunknown-attributes]
  186 | struct fdpt_s OldFDPT VARFSEGFIXED(0xe401);
      |                       ^~~~~~~~~~~~~~~~~~~~
./src/types.h:72:69: note: expanded from macro 'VARFSEGFIXED'
   72 | # define VARFSEGFIXED(addr) __section(".discard.varfixed." UNIQSEC) __VISIBLE __weak
      |                                                                     ^~~~~~~~~
./src/types.h:40:35: note: expanded from macro '__VISIBLE'
   40 | # define __VISIBLE __attribute__((externally_visible))
      |                                   ^~~~~~~~~~~~~~~~~~
In file included from out/ccode16.o.tmp.c:1:
./src/misc.c:189:18: warning: unknown attribute 'externally_visible' ignored [-Wunknown-attributes]
  189 | u8 BaudTable[16] VARFSEGFIXED(0xe729);
      |                  ^~~~~~~~~~~~~~~~~~~~
./src/types.h:72:69: note: expanded from macro 'VARFSEGFIXED'
   72 | # define VARFSEGFIXED(addr) __section(".discard.varfixed." UNIQSEC) __VISIBLE __weak
      |                                                                     ^~~~~~~~~
./src/types.h:40:35: note: expanded from macro '__VISIBLE'
   40 | # define __VISIBLE __attribute__((externally_visible))
      |                                   ^~~~~~~~~~~~~~~~~~
In file included from out/ccode16.o.tmp.c:1:
./src/misc.c:192:20: warning: unknown attribute 'externally_visible' ignored [-Wunknown-attributes]
  192 | u8 InitVectors[13] VARFSEGFIXED(0xfef3);
      |                    ^~~~~~~~~~~~~~~~~~~~
./src/types.h:72:69: note: expanded from macro 'VARFSEGFIXED'
   72 | # define VARFSEGFIXED(addr) __section(".discard.varfixed." UNIQSEC) __VISIBLE __weak
      |                                                                     ^~~~~~~~~
./src/types.h:40:35: note: expanded from macro '__VISIBLE'
   40 | # define __VISIBLE __attribute__((externally_visible))
      |                                   ^~~~~~~~~~~~~~~~~~
In file included from out/ccode16.o.tmp.c:1:
./src/misc.c:195:20: warning: unknown attribute 'externally_visible' ignored [-Wunknown-attributes]
  195 | u8 VideoParams[88] VARFSEGFIXED(0xf0a4);
      |                    ^~~~~~~~~~~~~~~~~~~~
./src/types.h:72:69: note: expanded from macro 'VARFSEGFIXED'
   72 | # define VARFSEGFIXED(addr) __section(".discard.varfixed." UNIQSEC) __VISIBLE __weak
      |                                                                     ^~~~~~~~~
./src/types.h:40:35: note: expanded from macro '__VISIBLE'
   40 | # define __VISIBLE __attribute__((externally_visible))
      |                                   ^~~~~~~~~~~~~~~~~~
In file included from out/ccode16.o.tmp.c:2:
In file included from ./src/stacks.c:17:
./src/util.h:194:53: warning: attribute declaration must precede definition [-Wignored-attributes]
  194 | extern struct bios_config_table_s BIOS_CONFIG_TABLE __aligned(1);
      |                                                     ^
./src/types.h:144:37: note: expanded from macro '__aligned'
  144 | #define __aligned(x) __attribute__((aligned(x)))
      |                                     ^
  Generating offset file out/asm-offsets.h
./src/misc.c:112:28: note: previous definition is here
  112 | struct bios_config_table_s BIOS_CONFIG_TABLE VARFSEGFIXED(0xe6f5) = {
      |                            ^
In file included from out/ccode16.o.tmp.c:2:
./src/stacks.c:33:14: warning: unknown attribute 'externally_visible' ignored [-Wunknown-attributes]
   33 | } Call16Data VARLOW;
      |              ^~~~~~
./src/types.h:68:55: note: expanded from macro 'VARLOW'
   68 | # define VARLOW __section(".discard.varlow." UNIQSEC) __VISIBLE __weak
      |                                                       ^~~~~~~~~
./src/types.h:40:35: note: expanded from macro '__VISIBLE'
   40 | # define __VISIBLE __attribute__((externally_visible))
      |                                   ^~~~~~~~~~~~~~~~~~
In file included from out/ccode16.o.tmp.c:2:
./src/stacks.c:38:19: warning: unknown attribute 'externally_visible' ignored [-Wunknown-attributes]
   38 | int HaveSmmCall32 VARFSEG;
      |                   ^~~~~~~
./src/types.h:70:57: note: expanded from macro 'VARFSEG'
   70 | # define VARFSEG __section(".discard.varfseg." UNIQSEC) __VISIBLE __weak
      |                                                         ^~~~~~~~~
./src/types.h:40:35: note: expanded from macro '__VISIBLE'
   40 | # define __VISIBLE __attribute__((externally_visible))
      |                                   ^~~~~~~~~~~~~~~~~~
In file included from out/ccode16.o.tmp.c:2:
./src/stacks.c:58:17: warning: taking address of packed member 'addr' of class or structure 'descloc_s' may result in an unaligned pointer value [-Waddress-of-packed-member]
   58 |         SET_LOW(Call16Data.gdt.addr, gdt.addr);
      |                 ^~~~~~~~~~~~~~~~~~~
./src/biosvar.h:120:54: note: expanded from macro 'SET_LOW'
  120 | #define SET_LOW(var, val)       SET_FARVAR(SEG_LOW, (var), (val))
      |                                                      ^~~
./src/farptr.h:143:56: note: expanded from macro 'SET_FARVAR'
  143 | #define SET_FARVAR(seg, var, val) __SET_FARVAR((seg), (var), (val))
      |                                                        ^~~
./src/farptr.h:115:22: note: expanded from macro '__SET_FARVAR'
  115 |         SET_VAR(ES, (var), __sfv_val);          \
      |                      ^~~
./src/farptr.h:145:52: note: expanded from macro 'SET_VAR'
  145 | #define SET_VAR(seg, var, val) __SET_VAR("", seg, (var), (val))
      |                                                    ^~~
./src/farptr.h:77:38: note: expanded from macro '__SET_VAR'
   77 |             WRITE64_SEG(prefix, seg, var, (val));       \
      |                                      ^~~
./src/farptr.h:44:59: note: expanded from macro 'WRITE64_SEG'
   44 |         union u64_u32_u *__w64_ptr = (union u64_u32_u *)&(var); \
      |                                                           ^~~
In file included from out/ccode16.o.tmp.c:2:
./src/stacks.c:96:28: warning: taking address of packed member 'addr' of class or structure 'descloc_s' may result in an unaligned pointer value [-Waddress-of-packed-member]
   96 |         gdt.addr = GET_LOW(Call16Data.gdt.addr);
      |                            ^~~~~~~~~~~~~~~~~~~
./src/biosvar.h:119:54: note: expanded from macro 'GET_LOW'
  119 | #define GET_LOW(var)            GET_FARVAR(SEG_LOW, (var))
      |                                                      ^~~
./src/farptr.h:142:51: note: expanded from macro 'GET_FARVAR'
  142 | #define GET_FARVAR(seg, var) __GET_FARVAR((seg), (var))
      |                                                   ^~~
./src/farptr.h:111:18: note: expanded from macro '__GET_FARVAR'
  111 |     GET_VAR(ES, (var)); })
      |                  ^~~
./src/farptr.h:144:47: note: expanded from macro 'GET_VAR'
  144 | #define GET_VAR(seg, var) __GET_VAR("", seg, (var))
      |                                               ^~~
./src/farptr.h:64:40: note: expanded from macro '__GET_VAR'
   64 |         READ64_SEG(prefix, seg, __val, var);    \
      |                                        ^~~
./src/farptr.h:28:59: note: expanded from macro 'READ64_SEG'
   28 |         union u64_u32_u *__r64_ptr = (union u64_u32_u *)&(var); \
      |                                                           ^~~
In file included from out/ccode16.o.tmp.c:2:
./src/stacks.c:133:5: warning: unknown attribute 'externally_visible' ignored [-Wunknown-attributes]
  133 | u32 VISIBLE16
      |     ^~~~~~~~~
./src/types.h:56:20: note: expanded from macro 'VISIBLE16'
   56 | # define VISIBLE16 __VISIBLE
      |                    ^~~~~~~~~
./src/types.h:40:35: note: expanded from macro '__VISIBLE'
   40 | # define __VISIBLE __attribute__((externally_visible))
      |                                   ^~~~~~~~~~~~~~~~~~
In file included from out/ccode16.o.tmp.c:2:
./src/stacks.c:238:5: warning: unknown attribute 'externally_visible' ignored [-Wunknown-attributes]
  238 | u32 VISIBLE16
      |     ^~~~~~~~~
./src/types.h:56:20: note: expanded from macro 'VISIBLE16'
   56 | # define VISIBLE16 __VISIBLE
      |                    ^~~~~~~~~
./src/types.h:40:35: note: expanded from macro '__VISIBLE'
   40 | # define __VISIBLE __attribute__((externally_visible))
      |                                   ^~~~~~~~~~~~~~~~~~
In file included from out/ccode16.o.tmp.c:2:
./src/stacks.c:326:41: warning: unknown attribute 'externally_visible' ignored [-Wunknown-attributes]
  326 | u8 ExtraStack[BUILD_EXTRA_STACK_SIZE+1] VARLOW __aligned(8);
      |                                         ^~~~~~
./src/types.h:68:55: note: expanded from macro 'VARLOW'
   68 | # define VARLOW __section(".discard.varlow." UNIQSEC) __VISIBLE __weak
      |                                                       ^~~~~~~~~
./src/types.h:40:35: note: expanded from macro '__VISIBLE'
   40 | # define __VISIBLE __attribute__((externally_visible))
      |                                   ^~~~~~~~~~~~~~~~~~
In file included from out/ccode16.o.tmp.c:2:
./src/stacks.c:327:14: warning: unknown attribute 'externally_visible' ignored [-Wunknown-attributes]
  327 | u8 *StackPos VARLOW;
      |              ^~~~~~
./src/types.h:68:55: note: expanded from macro 'VARLOW'
   68 | # define VARLOW __section(".discard.varlow." UNIQSEC) __VISIBLE __weak
      |                                                       ^~~~~~~~~
./src/types.h:40:35: note: expanded from macro '__VISIBLE'
   40 | # define __VISIBLE __attribute__((externally_visible))
      |                                   ^~~~~~~~~~~~~~~~~~
In file included from out/ccode16.o.tmp.c:2:
./src/stacks.c:410:6: warning: unknown attribute 'externally_visible' ignored [-Wunknown-attributes]
  410 | void VISIBLE16
      |      ^~~~~~~~~
./src/types.h:56:20: note: expanded from macro 'VISIBLE16'
   56 | # define VISIBLE16 __VISIBLE
      |                    ^~~~~~~~~
./src/types.h:40:35: note: expanded from macro '__VISIBLE'
   40 | # define __VISIBLE __attribute__((externally_visible))
      |                                   ^~~~~~~~~~~~~~~~~~
In file included from out/ccode16.o.tmp.c:2:
./src/stacks.c:476:31: warning: unknown attribute 'externally_visible' ignored [-Wunknown-attributes]
  476 | struct thread_info MainThread VARFSEG = {
      |                               ^~~~~~~
./src/types.h:70:57: note: expanded from macro 'VARFSEG'
   70 | # define VARFSEG __section(".discard.varfseg." UNIQSEC) __VISIBLE __weak
      |                                                         ^~~~~~~~~
./src/types.h:40:35: note: expanded from macro '__VISIBLE'
   40 | # define __VISIBLE __attribute__((externally_visible))
      |                                   ^~~~~~~~~~~~~~~~~~
In file included from out/ccode16.o.tmp.c:2:
./src/stacks.c:600:6: warning: unknown attribute 'externally_visible' ignored [-Wunknown-attributes]
  600 | void VISIBLE16
      |      ^~~~~~~~~
./src/types.h:56:20: note: expanded from macro 'VISIBLE16'
   56 | # define VISIBLE16 __VISIBLE
      |                    ^~~~~~~~~
./src/types.h:40:35: note: expanded from macro '__VISIBLE'
   40 | # define __VISIBLE __attribute__((externally_visible))
      |                                   ^~~~~~~~~~~~~~~~~~
In file included from out/ccode16.o.tmp.c:2:
./src/stacks.c:634:6: warning: unknown attribute 'externally_visible' ignored [-Wunknown-attributes]
  634 | void VISIBLE16
      |      ^~~~~~~~~
./src/types.h:56:20: note: expanded from macro 'VISIBLE16'
   56 | # define VISIBLE16 __VISIBLE
      |                    ^~~~~~~~~
./src/types.h:40:35: note: expanded from macro '__VISIBLE'
   40 | # define __VISIBLE __attribute__((externally_visible))
      |                                   ^~~~~~~~~~~~~~~~~~
In file included from out/ccode16.o.tmp.c:2:
./src/stacks.c:691:16: warning: unknown attribute 'externally_visible' ignored [-Wunknown-attributes]
  691 | int CanPreempt VARFSEG;
      |                ^~~~~~~
./src/types.h:70:57: note: expanded from macro 'VARFSEG'
   70 | # define VARFSEG __section(".discard.varfseg." UNIQSEC) __VISIBLE __weak
      |                                                         ^~~~~~~~~
./src/types.h:40:35: note: expanded from macro '__VISIBLE'
   40 | # define __VISIBLE __attribute__((externally_visible))
      |                                   ^~~~~~~~~~~~~~~~~~
clang: warning: optimization flag '-fno-merge-constants' is not supported [-Wignored-optimization-argument]
clang: warning: optimization flag '-fwhole-program' is not supported [-Wignored-optimization-argument]
In file included from out/ccode16.o.tmp.c:5:
./src/block.c:31:16: warning: unknown attribute 'externally_visible' ignored [-Wunknown-attributes]
   31 | u8 FloppyCount VARFSEG;
      |                ^~~~~~~
./src/types.h:70:57: note: expanded from macro 'VARFSEG'
   70 | # define VARFSEG __section(".discard.varfseg." UNIQSEC) __VISIBLE __weak
      |                                                         ^~~~~~~~~
./src/types.h:40:35: note: expanded from macro '__VISIBLE'
   40 | # define __VISIBLE __attribute__((externally_visible))
      |                                   ^~~~~~~~~~~~~~~~~~
In file included from out/ccode16.o.tmp.c:5:
./src/block.c:33:46: warning: unknown attribute 'externally_visible' ignored [-Wunknown-attributes]
   33 | struct drive_s *IDMap[3][BUILD_MAX_EXTDRIVE] VARFSEG;
      |                                              ^~~~~~~
./src/types.h:70:57: note: expanded from macro 'VARFSEG'
   70 | # define VARFSEG __section(".discard.varfseg." UNIQSEC) __VISIBLE __weak
      |                                                         ^~~~~~~~~
./src/types.h:40:35: note: expanded from macro '__VISIBLE'
   40 | # define __VISIBLE __attribute__((externally_visible))
      |                                   ^~~~~~~~~~~~~~~~~~
In file included from out/ccode16.o.tmp.c:5:
./src/block.c:34:19: warning: unknown attribute 'externally_visible' ignored [-Wunknown-attributes]
   34 | u8 *bounce_buf_fl VARFSEG;
      |                   ^~~~~~~
./src/types.h:70:57: note: expanded from macro 'VARFSEG'
   70 | # define VARFSEG __section(".discard.varfseg." UNIQSEC) __VISIBLE __weak
      |                                                         ^~~~~~~~~
./src/types.h:40:35: note: expanded from macro '__VISIBLE'
   40 | # define __VISIBLE __attribute__((externally_visible))
      |                                   ^~~~~~~~~~~~~~~~~~
In file included from out/ccode16.o.tmp.c:5:
./src/block.c:306:32: warning: taking address of packed member 'size' of class or structure 'int13dpt_s' may result in an unaligned pointer value [-Waddress-of-packed-member]
  306 |     u16 size = GET_FARVAR(seg, param_far->size);
      |                                ^~~~~~~~~~~~~~~
./src/farptr.h:142:51: note: expanded from macro 'GET_FARVAR'
  142 | #define GET_FARVAR(seg, var) __GET_FARVAR((seg), (var))
      |                                                   ^~~
./src/farptr.h:111:18: note: expanded from macro '__GET_FARVAR'
  111 |     GET_VAR(ES, (var)); })
      |                  ^~~
./src/farptr.h:144:47: note: expanded from macro 'GET_VAR'
  144 | #define GET_VAR(seg, var) __GET_VAR("", seg, (var))
      |                                               ^~~
./src/farptr.h:64:40: note: expanded from macro '__GET_VAR'
   64 |         READ64_SEG(prefix, seg, __val, var);    \
      |                                        ^~~
./src/farptr.h:28:59: note: expanded from macro 'READ64_SEG'
   28 |         union u64_u32_u *__r64_ptr = (union u64_u32_u *)&(var); \
      |                                                           ^~~
In file included from out/ccode32flat.o.tmp.c:1:
./src/misc.c:18:17: warning: unknown attribute 'externally_visible' ignored [-Wunknown-attributes]
   18 | int HaveRunPost VARFSEG;
      |                 ^~~~~~~
./src/types.h:107:54: note: expanded from macro 'VARFSEG'
  107 | # define VARFSEG __section(".data.varfseg." UNIQSEC) __VISIBLE
      |                                                      ^~~~~~~~~
./src/types.h:40:35: note: expanded from macro '__VISIBLE'
   40 | # define __VISIBLE __attribute__((externally_visible))
      |                                   ^~~~~~~~~~~~~~~~~~
In file included from out/ccode32flat.o.tmp.c:1:
./src/misc.c:112:46: warning: unknown attribute 'externally_visible' ignored [-Wunknown-attributes]
  112 | struct bios_config_table_s BIOS_CONFIG_TABLE VARFSEGFIXED(0xe6f5) = {
      |                                              ^~~~~~~~~~~~~~~~~~~~
./src/types.h:108:72: note: expanded from macro 'VARFSEGFIXED'
  108 | # define VARFSEGFIXED(addr) __section(".fixedaIn file included from dout/ccode16.o.tmp.cd:r5.:
"./src/block.c :_319_:s19t:r ierror: ninvalid output size for constraint '=Qi'g
ify(  a319d | d r ) )  u_6_4V IlSbIaB L E   _ _=a lGiEgTn_eFdL(A1T)P
T      R| (                                                                       ^~~~~~~~~d
ri./src/types.hv:e40_:f35l:- >note: sexpanded from macro '__VISIBLE'e
ct   o40r | s#) ;d
e      f| i                  ^n
e _./src/farptr.h_:V148I:S26I:B Lnote: Eexpanded from macro 'GET_FLATPTR' 
__  a148t | t#rdiebfuitnee_ _G(E(Te_xFtLeArTnPaTlRl(yp_tvri)s i_b_lGeE)T)_
F      L| A                                  ^~~~~~~~~~~~~~~~~~T
PTR(ptr)
      |                          ^
./src/farptr.h:123:5: note: expanded from macro '__GET_FLATPTR'
  123 |     GET_FARVAR(FLATPTR_TO_SEG(__ptr)                            \
      |     ^
./src/farptr.h:142:30: note: expanded from macro 'GET_FARVAR'
  142 | #define GET_FARVAR(seg, var) __GET_FARVAR((In file included from sout/ccode32flat.o.tmp.ce:g1):
,./src/misc.c :(132v:a33r:) )warning: 
unknown attribute 'externally_visible' ignored [-Wunknown-attributes]      
|                              ^  
132./src/farptr.h | :s111t:r5u:c tnote:  expanded from macro '__GET_FARVAR'd
e  s111c | l o c _ sG ErTm_oVdAeR_(IEDST,_ i(nvfaor )V)A;R F}S)E
G       | =    ^ 
{
./src/farptr.h      :| 144                                ^~~~~~~:
27:./src/types.h :note: 107expanded from macro 'GET_VAR':
54:   144note:  | expanded from macro 'VARFSEG'#
de  f107i | n#e  dGeEfTi_nVeA RV(AsReFgS,E Gv a_r_)s e_c_tGiEoTn_(V"A.Rd(a"t"a,. vsaergf,s e(gv.a"r )U)N
I      Q| S                          ^E
C) ./src/farptr.h_:_58V:I32S:I Bnote: Lexpanded from macro '__GET_VAR'E

         | 58                                                     ^~~~~~~~~ | 
  ./src/types.h : 40 : 35 :  Rnote: Eexpanded from macro '__VISIBLE'A
D8_   S40E | G#( pdreeffiinxe,  _s_eVgI,S I_B_LvEa l_,_ avtatrr)i;b u t e _ _\(
(      e| x                               ^t
ernally_visible))
      |                                   ^~~~~~~~~~~~~~~~~~
In file included from out/ccode32flat.o.tmp.c:1:
./src/misc.c:139:14: warning: unknown attribute 'externally_visible' ignored [-Wunknown-attributes]
  139 | u8 dummy_IDT VARFSEG;
      |              ^~~~~~~
./src/types.h:107:54: note: expanded from macro 'VARFSEG'
  107 | # define VARFSEG __section(".data.varfseg." UNIQSEC) __VISIBLE
      |                                                      ^~~~~~~~~
./src/types.h:40:35: note: expanded from macro '__VISIBLE'
   40 | # define __VISIBLE __attribute__((eIn file included from xout/ccode16.o.tmp.ct:e5r:
n./src/block.ca:l325l:y21_:v iwarning: staking address of packed member 'size' of class or structure 'int13dpt_s' may result in an unaligned pointer value [-Waddress-of-packed-member]i
bl  e325) | ) 
        |                                    ^~~~~~~~~~~~~~~~~~S
ET_FARVAR(seg, param_far->size, 26);
      |                     ^~~~~~~~~~~~~~~
./src/farptr.hIn file included from :out/ccode32flat.o.tmp.c143::156:
:./src/misc.c :note: 142expanded from macro 'SET_FARVAR':
33  :143  | warning: #unknown attribute 'externally_visible' ignored [-Wunknown-attributes]d
ef  i142n | es tSrEuTc_tF AdReVsAcRl(osce_gs,  pvmaord,e _vIaDlT)_ i_n_fSoE TV_AFRAFRSVEAGR (=( s{e
g      )| ,                                ^~~~~~~ 
(v./src/types.ha:r107):,54 :( vnote: aexpanded from macro 'VARFSEG'l
))  
107       | | #                                                       ^~~ 
def./src/farptr.hi:n115e: 22V:A Rnote: Fexpanded from macro '__SET_FARVAR'S
EG   115_ | _ s e c t i o n (S"E.Td_aVtAaR.(vEaSr,f s(evga.r") ,U N_I_QsSfEvC_)v a_l_)V;I S I B L E 
        |                                                       ^~~~~~~~~ 
\
./src/types.h      :| 40                     ^~~:
35: note: ./src/farptr.hexpanded from macro '__VISIBLE':
145:   5240: |  #note:  expanded from macro 'SET_VAR'd
ef  i145n | e# d_e_fViInSeI BSLEET __V_AaRt(tsreigb,u tvea_r_,( (veaxlt)e r_n_aSlElTy__VvAiRs(i"b"l,e )s)e
g      ,|                                    ^~~~~~~~~~~~~~~~~~(
var), (val))
      |                                                    ^~~
./src/farptr.h:77:38: note: expanded from macro '__SET_VAR'
   77 |             WRITE64_SEG(prefix, seg, var, (val));       \
      |                                      ^~~
./src/farptr.h:44:59: note: expanded from macro 'WRITE64_SEG'
   44 |       In file included from  out/ccode32flat.o.tmp.c :u1n:
i./src/misc.co:n148 :u216:4 _warning: uunknown attribute 'externally_visible' ignored [-Wunknown-attributes]3
2  _148u |  u*6_4_ wr6o4m_bpitors 3=2 _(gudnti[o]n  VuA6R4F_SuE3G2 __u_ a*l)i&g(nveadr()8;)  \=
       {| 
                                                          ^~~      
|                     ^~~~~~~
./src/types.h:107:54: note: expanded from macro 'VARFSEG'
  107 | # define VARFSEG __section(".data.varfseg." UNIQSEC) __VISIBLE
      |                                                      ^~~~~~~~~
./src/types.h:40:35: note: expanded from macro '__VISIBLE'
   40 | # define __VISIBLE __attribute__((externally_vIn file included from iout/ccode16.o.tmp.cs:i5b:
l./src/block.ce:)328):
25      :|                                    ^~~~~~~~~~~~~~~~~~warning: 
taking address of packed member 'infos' of class or structure 'int13dpt_s' may result in an unaligned pointer value [-Waddress-of-packed-member]
  328 |         SET_FARVAR(seg, param_far->infos, 0x74);
      |                         ^~~~~~~~~~~~~~~~
./src/farptr.h:143:56: note: expanded from macro 'SET_FARVAR'
  143 | #define SET_FARVAR(seg, var, val) __SET_FARVAR((seg), (var), (val))
      |                                                        ^~~
./src/farptr.h:115:22In file included from :out/ccode32flat.o.tmp.c :note: 1expanded from macro '__SET_FARVAR':

./src/misc.c  :115166 | : 35 :   warning:  unknown attribute 'externally_visible' ignored [-Wunknown-attributes] 
    166S | EsTt_rVuAcRt( EdSe,s c(lvoacr_)s,  r_o_msbfivo_sv3a2l_)g;d t _ 4 8   V A R F S\E
G       | =                     ^~~ 
{
      ./src/farptr.h| :                                  ^~~~~~~145
:52./src/types.h:: 107note: :expanded from macro 'SET_VAR'54
:   note: 145expanded from macro 'VARFSEG' | 
#  d107e | f#i ndee fSiEnTe_ VVAARR(FsSeEgG,  _v_asre,c tviaoln)( "_._dSaEtTa_.VvAaRr(f"s"e,g .s"e gU,N I(QvSaErC)),  _(_vVaIlS)I)B
L      E| 
                                                   ^~~      
|                                                      ^~~~~~~~~./src/farptr.h
:./src/types.h77::4038::35 :note:  expanded from macro '__SET_VAR'note: 
expanded from macro '__VISIBLE'   
77 |     40  |  #   d e f i n e   _W_RVIITSEI6B4L_ES E_G_(aptrterfiibxu,t es_e_g(,( evxatre,r n(avlally)_)v;i s i b l e ) )\

            | |                                   ^~~~~~~~~~~~~~~~~~                                     ^~~

./src/farptr.h:44:59: note: expanded from macro 'WRITE64_SEG'
   44 |         union u64_u32_u *__w64_ptr = (union u64_u32_u *)&(var); \
      |                                                           ^~~
In file included from out/ccode32flat.o.tmp.c:1:
./src/misc.c:177:17: warning: unknown attribute 'externally_visible' ignored [-Wunknown-attributes]
  177 | char BiosDate[] VARFSEGFIXED(0xfff5) = "06/23/99";
      |                 ^~~~~~~~~~~~~~~~~~~~
./src/types.h:108:72: note: expanded from macro 'VARFSEGFIXED'
  108 | # define VARFSEGFIXED(addr) __sectionIn file included from (out/ccode16.o.tmp.c":.5f:
i./src/block.cx:e329d:a25d:d rwarning: .taking address of packed member 'cylinders' of class or structure 'int13dpt_s' may result in an unaligned pointer value [-Waddress-of-packed-member]"
 __  s329t | r i n g i f y ( aSdEdTr_)F)A R_V_AVRI(SsIeBgL,E  p_a_raalmi_gfnaerd-(>1c)y
l      i| n                                                                       ^~~~~~~~~d
er./src/types.hs:,40 :035x:f fnote: fexpanded from macro '__VISIBLE'f
ff   f40f | )#; 
d      e| f                        ^~~~~~~~~~~~~~~~~~~~i
ne ./src/farptr.h_:_143V:I56S:I Bnote: Lexpanded from macro 'SET_FARVAR'E
 _  _143a | t#tdreifbiuntee _S_E(T(_eFxAtReVrAnRa(lsleyg_,v ivsairb,l ev)a)l
)       | _                                  ^~~~~~~~~~~~~~~~~~_
SET_FARVAR((seg), (var), (val))
      |                                                        ^~~
./src/farptr.h:115:22: note: expanded from macro '__SET_FARVAR'
  115 |         SIn file included from Eout/ccode32flat.o.tmp.cT:_1V:
A./src/misc.cR:(179E:S16,:  (warning: vunknown attribute 'externally_visible' ignored [-Wunknown-attributes]a
r  )179, |  u_8_ sBfivo_svMaold)e;l I d   V A R F S E G\F
I      X| E                     ^~~D
(0./src/farptr.hx:f145f:f52e:)  note: =expanded from macro 'SET_VAR' 
B  U145I | L#Dd_eMfOiDnEeL _SIEDT;_
V      A| R               ^~~~~~~~~~~~~~~~~~~~(
s./src/types.he:g108,: 72v:a rnote: ,expanded from macro 'VARFSEGFIXED' 
va  l108) |  #_ _dSeEfTi_nVeA RV(A"R"F,S EsGeFgI,X E(Dv(aard)d,r )( v_a_ls)e)c
t      i| o                                                   ^~~n
("../src/farptr.hf:i77x:e38d:a dnote: dexpanded from macro '__SET_VAR'r
.   "77  | _ _ s t r i n g i f y ( aWdRdIrT)E)6 4___SVEIGS(IpBrLeEf i_x_,a lsieggn,e dv(a1r),
       (| v                                                                       ^~~~~~~~~a
l)./src/types.h):;40 : 35 :   note:  expanded from macro '__VISIBLE' 
\
         40|  |                                      ^~~#
 ./src/farptr.hd:e44f:i59n:e  note: _expanded from macro 'WRITE64_SEG'_
V   I44S | I B L E   _ _ a tutnriiobnu tue6_4__(u(3e2x_tue r*n_a_lwl6y4__vpitsri b=l e()u)n
i      o| n                                  ^~~~~~~~~~~~~~~~~~ 
u64_u32_u *)&(var); \
      |                                                           ^~~
In file included from out/ccode32flat.o.tmp.c:1:
./src/misc.c:181:17: warning: unknown attribute 'externally_visible' ignored [-Wunknown-attributes]
  181 | u8 BiosChecksum VARFSEGFIXED(0xffff);
      |                 ^~~~~~~~~~~~~~~~~~~~
./src/types.h:108:72: note: expanded from macro 'VARFSEGFIXED'
  108 | # define VARFSEGFIXED(aIn file included from dout/ccode16.o.tmp.cd:r5):
 ./src/block.c_:_330s:e25c:t iwarning: otaking address of packed member 'heads' of class or structure 'int13dpt_s' may result in an unaligned pointer value [-Waddress-of-packed-member]n
(".  f330i | x e d a d d r . "S E_T__sFtArRiVnAgRi(fsye(ga,d dpra)r)a m___fVaIrS-I>BhLeEa d_s_,a l0ixgfnfefdf(f1f)f
f      )| ;                                                                       ^~~~~~~~~

      ./src/types.h| :                        ^~~~~~~~~~~~~~~~40
:35./src/farptr.h:: 143note: :expanded from macro '__VISIBLE'56
:    note: 40expanded from macro 'SET_FARVAR' | 
#   d143e | f#idneef i_n_eV ISSEITB_LFEA R_V_AaRt(tsreigb,u tvea_r_,( (veaxlt)e r_n_aSlElTy__FvAiRsViAbRl(e()s)e
g      )| ,                                  ^~~~~~~~~~~~~~~~~~ 
(var), (val))
      |                                                        ^~~
./src/farptr.h:115:22: note: expanded from macro '__SET_FARVAR'
  115 |         SET_VAR(EIn file included from Sout/ccode32flat.o.tmp.c,: 1(:
v./src/misc.ca:r183):,42 :_ _warning: sunknown attribute 'externally_visible' ignored [-Wunknown-attributes]f
v_  v183a | ls)t;r u c t   f l o p p y\_
d      b| t                     ^~~_
s ./src/farptr.hd:i145s:k52e:t tnote: eexpanded from macro 'SET_VAR'_
pa  r145a | m#_dteafbilnee  VSAERTF_SVEAGRF(IsXeEgD,( 0vxaerf,c 7v)a;l
)       | _                                         ^~~~~~~~~~~~~~~~~~~~_
S./src/types.hE:T108_:V72A:R (note: "expanded from macro 'VARFSEGFIXED'"
,   s108e | g#,  d(evfairn)e,  V(AvRaFlS)E)G
F      I| X                                                   ^~~E
D(./src/farptr.ha:d77d:r38):  _note: _expanded from macro '__SET_VAR's
e   c77t | i o n ( " . f i x e d a dWdRrI.T"E 6_4__sStErGi(npgrieffyi(xa,d dsre)g),  _v_aVrI,S I(BvLaEl )_)_;a l i g n e d (\1
)      
|                                            ^~~| 
                                                                       ^~~~~~~~~
./src/farptr.h:./src/types.h44::4059::35 :note:  expanded from macro 'WRITE64_SEG'note: 
expanded from macro '__VISIBLE'
   44    | 40  |  #   d e f i nuen i_o_nV IuS6I4B_LuE3 2___ua t*t_r_iwb6u4t_ep_t_r( (=e x(tuenrinoanl luy6_4v_ius3i2b_lue )*))
&      (| v                                  ^~~~~~~~~~~~~~~~~~a
r); \
      |                                                           ^~~
In file included from out/ccode32flat.o.tmp.c:1:
./src/misc.c:186:23: warning: unknown attribute 'externally_visible' ignored [-Wunknown-attributes]
  186 | struct fdpt_s OldFDPT VARFSEGFIXED(0xe401);
      |                       ^~~~~~~~~~~~~~~~~~~~
./src/types.h:108:72: note: expanded from macro 'VARFSEGFIXED'
  108 | # define VARFSEGFIXED(addr) _In file included from _out/ccode16.o.tmp.cs:e5c:
t./src/block.ci:o331n:(25":. fwarning: itaking address of packed member 'spt' of class or structure 'int13dpt_s' may result in an unaligned pointer value [-Waddress-of-packed-member]x
eda  d331d | r . "   _ _ s t rSiEnTg_iFfAyR(VaAdRd(rs)e)g ,_ _pVaIrSaImB_LfEa r_-_>aslpitg,n e0dx(f1f)f
f      f| f                                                                       ^~~~~~~~~f
f)./src/types.h;:
40      :| 35                        ^~~~~~~~~~~~~~:
 note: expanded from macro '__VISIBLE'
./src/farptr.h   :40143 | :#56 :d enote: fexpanded from macro 'SET_FARVAR'i
n  e143  | _#_dVeIfSiInBeL ES E_T__aFtAtRrViAbRu(tsee_g_,( (veaxrt,e rvnaall)l y___vSiEsTi_bFlAeR)V)A
R      (| (                                  ^~~~~~~~~~~~~~~~~~s
eg), (var), (val))
      |                                                        ^~~
./src/farptr.h:115:22: note: expanded from macro '__SET_FARVAR'
  115 |         SET_In file included from Vout/ccode32flat.o.tmp.cA:R1(:
E./src/misc.cS:,189 :(18v:a rwarning: )unknown attribute 'externally_visible' ignored [-Wunknown-attributes],
   _189_ | suf8v _Bvaauld)T;a b l e [ 1 6 ]   V A\R
F      S| E                     ^~~G
FIXE./src/farptr.hD:(1450:x52e:7 2note: 9expanded from macro 'SET_VAR')
;  
145       | | #                 ^~~~~~~~~~~~~~~~~~~~d
e./src/types.hf:i108n:e72 :S Enote: Texpanded from macro 'VARFSEGFIXED'_
VA  R108( | s#e gd,e fvianre,  VvAaRlF)S E_G_FSIEXTE_DV(AaRd(d"r"),  _s_esge,c t(ivoanr()",. f(ivxaeld)a)d
d      r| .                                                   ^~~"
 __./src/farptr.hs:t77r:i38n:g inote: fexpanded from macro '__SET_VAR'y
(a   d77d | r ) )   _ _ V I S I B L EW R_I_TaEl6i4g_nSeEdG((1p)r
e      f| i                                                                       ^~~~~~~~~x
, ./src/types.hs:e40g:,35 :v anote: rexpanded from macro '__VISIBLE',
 (   v40a | l#) )d;e f i n e   _ _\V
I      S| I                                     ^~~B
LE ./src/farptr.h_:_44a:t59t:r inote: bexpanded from macro 'WRITE64_SEG'u
t   e44_ | _ ( ( e x t e r nuanliloyn_ vui6s4i_bul3e2)_)u
       *| _                                  ^~~~~~~~~~~~~~~~~~_
w64_ptr = (union u64_u32_u *)&(var); \
      In file included from | out/ccode32flat.o.tmp.c                                                          ^~~:
1:
./src/misc.c:192:20: warning: unknown attribute 'externally_visible' ignored [-Wunknown-attributes]
  192 | u8 InitVectors[13] VARFSEGFIXED(0xfef3);
      |                    ^~~~~~~~~~~~~~~~~~~~
./src/types.h:108:72: note: expanded from macro 'VARFSEGFIXED'
  108 | # define VARFSEGFIXED(addr) __section(".fixedaddr." __stringify(adIn file included from dout/ccode16.o.tmp.cr:)5):
 ./src/block.c_:_334V:I29S:I Bwarning: Ltaking address of packed member 'infos' of class or structure 'int13dpt_s' may result in an unaligned pointer value [-Waddress-of-packed-member]E
 __  a334l | i g n e d ( 1 ) 
        |                                                                         ^~~~~~~~~ 
S./src/types.hE:T40_:F35A:R Vnote: Aexpanded from macro '__VISIBLE'R
(s   e40g | ,#  pdaerfaimn_ef a_r_-V>IiSnIfBoLsE,  _0_xa0t0t)r;i b/u/t eg_e_o(m(eetxrtye rinsa lilnyv_avliisdi
b      l| e                            ^~~~~~~~~~~~~~~~)
)
      ./src/farptr.h| :                                  ^~~~~~~~~~~~~~~~~~143
:56: note: expanded from macro 'SET_FARVAR'
  143 | #define SET_FARVAR(seg, var, vaIn file included from lout/ccode32flat.o.tmp.c): 1_:
_./src/misc.cS:E195T:_20F:A Rwarning: Vunknown attribute 'externally_visible' ignored [-Wunknown-attributes]A
R  (195( | sue8g )V,i d(evoaPra)r,a m(sv[a8l8)]) 
V      A| R                                                       ^~~F
SEG./src/farptr.hF:I115X:E22D:( 0note: xexpanded from macro '__SET_FARVAR'f
0a  4115) | ; 
        |                     ^~~~~~~~~~~~~~~~~~~~ 
 ./src/types.h : 108S:E72T:_ Vnote: Aexpanded from macro 'VARFSEGFIXED'R
(E  S108, |  #( vdaerf)i,n e_ _VsAfRvF_SvEaGlF)I;X E D ( a d d r )   _\_
s      e| c                     ^~~t
io./src/farptr.hn:(145":.52f:i xnote: eexpanded from macro 'SET_VAR'd
ad  d145r | .#"d e_f_isnter iSnEgTi_fVyA(Ra(dsderg),)  v_a_rV,I SvIaBlL)E  ____SaElTi_gVnAeRd(("1"),
       s| e                                                                       ^~~~~~~~~g
,./src/types.h :(40v:a35r:) ,note:  expanded from macro '__VISIBLE'(
v   a40l | )#) 
d      e| f                                                   ^~~i
ne ./src/farptr.h_:_77V:I38S:I Bnote: Lexpanded from macro '__SET_VAR'E
    _77_ | a t t r i b u t e _ _ ( (WeRxItTeEr6n4a_lSlEyG_(vpirseifbilxe,) )s
e      g| ,                                  ^~~~~~~~~~~~~~~~~~ 
var, (val));       \
      |                                      ^~~
./src/farptr.h:44:59: note: expanded from macro 'WRITE64_SEG'
   44 |         union u64_u32_u *__w64_ptr = (union u64_u32_u *)&(var); \
      |                                                           ^~~
In file included from out/ccode16.o.tmp.c:5:
./src/block.c:335:29: warning: taking address of packed member 'cylinders' of class or structure 'int13dpt_s' may result in an unaligned pointer value [-Waddress-of-packed-member]
  335 |             SET_FARVAR(seg, param_far->cylinders, 0x3fff);
      |                             ^~~~~~~~~~~~~~~~~~~~
./src/farptr.h:143:56: note: expanded from macro 'SET_FARVAR'
  143 | #define SET_FARVAR(seg, var, val) __SET_FARVAR((seg), (var), (val))
      |                                                        ^~~
./src/farptr.h:115:22: note: expanded from macro '__SET_FARVAR'
  115 |         SET_VAR(ES, (var), __sfv_val);          \
      |                      ^~~
./src/farptr.h:145:52: note: expanded from macro 'SET_VAR'
  145 | #define SET_VAR(seg, var, val) __SET_VAR("", seg, (var), (val))
      |                                                    ^~~
./src/farptr.h:77:38: note: expanded from macro '__SET_VAR'
   77 |             WRITE64_SEG(prefix, seg, var, (val));       \
      |                                      ^~~
./src/farptr.h:44:59: note: expanded from macro 'WRITE64_SEG'
   44 |         union u64_u32_u *__w64_ptr = (union u64_u32_u *)&(var); \
      |                                                           ^~~
In file included from out/ccode16.o.tmp.c:5:
./src/block.c:337:29: warning: taking address of packed member 'infos' of class or structure 'int13dpt_s' may result in an unaligned pointer value [-Waddress-of-packed-member]
  337 |             SET_FARVAR(seg, param_far->infos, 0x02); // geometry is valid
      |                             ^~~~~~~~~~~~~~~~
./src/farptr.h:143:56: note: expanded from macro 'SET_FARVAR'
  143 | #define SET_FARVAR(seg, var, val) __SET_FARVAR((seg), (var), (val))
      |                                                        ^~~
./src/farptr.h:115:22: note: expanded from macro '__SET_FARVAR'
  115 |         SET_VAR(ES, (var), __sfv_val);          \
      |                      ^~~
./src/farptr.h:145:52: note: expanded from macro 'SET_VAR'
  145 | #define SET_VAR(seg, var, val) __SET_VAR("", seg, (var), (val))
      |                                                    ^~~
./src/farptr.h:77:38: note: expanded from macro '__SET_VAR'
   77 |             WRITE64_SEG(prefix, seg, var, (val));       \
      |                                      ^~~
./src/farptr.h:44:59: note: expanded from macro 'WRITE64_SEG'
   44 |         union u64_u32_u *__w64_ptr = (union u64_u32_u *)&(var); \
      |                                                           ^~~
In file included from out/ccode16.o.tmp.c:5:
./src/block.c:338:29: warning: taking address of packed member 'cylinders' of class or structure 'int13dpt_s' may result in an unaligned pointer value [-Waddress-of-packed-member]
  338 |             SET_FARVAR(seg, param_far->cylinders, (u32)npc);
      |                             ^~~~~~~~~~~~~~~~~~~~
./src/farptr.h:143:56: note: expanded from macro 'SET_FARVAR'
  143 | #define SET_FARVAR(seg, var, val) __SET_FARVAR((seg), (var), (val))
      |                                                        ^~~
./src/farptr.h:115:22: note: expanded from macro '__SET_FARVAR'
  115 |         SET_VAR(ES, (var), __sfv_val);          \
      |                      ^~~
./src/farptr.h:145:52: note: expanded from macro 'SET_VAR'
  145 | #define SET_VAR(seg, var, val) __SET_VAR("", seg, (var), (val))
      |                                                    ^~~
./src/farptr.h:77:38: note: expanded from macro '__SET_VAR'
   77 |             WRITE64_SEG(prefix, seg, var, (val));       \
      |                                      ^~~
./src/farptr.h:44:59: note: expanded from macro 'WRITE64_SEG'
   44 |         union u64_u32_u *__w64_ptr = (union u64_u32_u *)&(var); \
      |                                                           ^~~
In file included from out/ccode16.o.tmp.c:5:
./src/block.c:340:25: warning: taking address of packed member 'heads' of class or structure 'int13dpt_s' may result in an unaligned pointer value [-Waddress-of-packed-member]
  340 |         SET_FARVAR(seg, param_far->heads, (u32)nph);
      |                         ^~~~~~~~~~~~~~~~
./src/farptr.h:143:56: note: expanded from macro 'SET_FARVAR'
  143 | #define SET_FARVAR(seg, var, val) __SET_FARVAR((seg), (var), (val))
      |                                                        ^~~
./src/farptr.h:115:22: note: expanded from macro '__SET_FARVAR'
  115 |         SET_VAR(ES, (var), __sfv_val);          \
      |                      ^~~
./src/farptr.h:145:52: note: expanded from macro 'SET_VAR'
  145 | #define SET_VAR(seg, var, val) __SET_VAR("", seg, (var), (val))
      |                                                    ^~~
./src/farptr.h:77:38: note: expanded from macro '__SET_VAR'
   77 |             WRITE64_SEG(prefix, seg, var, (val));       \
      |                                      ^~~
./src/farptr.h:44:59: note: expanded from macro 'WRITE64_SEG'
   44 |         union u64_u32_u *__w64_ptr = (union u64_u32_u *)&(var); \
      |                                                           ^~~
In file included from out/ccode16.o.tmp.c:5:
./src/block.c:341:25In file included from :out/ccode32flat.o.tmp.c :warning: 2taking address of packed member 'spt' of class or structure 'int13dpt_s' may result in an unaligned pointer value [-Waddress-of-packed-member]:

./src/stacks.c:  33341: | 14 :   warning:  unknown attribute 'externally_visible' ignored [-Wunknown-attributes] 
      33S | E}T _CFaAlRlV1A6RD(asteag ,V ApRaLrOaWm;_
f      a| r             ^~~~~~-
>s./src/types.hp:t106,: 52(:u 3note: 2expanded from macro 'VARLOW')
n  p106s | )#; 
d      e| f                        ^~~~~~~~~~~~~~i
ne V./src/farptr.hA:R143L:O56W:  _note: _expanded from macro 'SET_FARVAR's
e  c143t | i#odne(f"i.ndea tSaE.Tv_aFrAlRoVwA.R"( sUeNgI,Q SvEaCr),  _v_aVlI)S I_B_LSEE T___FwAeRaVkA
R      (| (                                                   ^~~~~~~~~s
eg./src/types.h):,40 :(35v:a rnote: )expanded from macro '__VISIBLE',
 (   v40a | l#) )d
e      f| i                                                       ^~~n
e./src/farptr.h :_115_:V22I:S Inote: Bexpanded from macro '__SET_FARVAR'L
E   _115_ | a t t r i b u t eS_E_T(_(VeAxRt(eErSn,a l(lvya_rv)i,s i_b_lsef)v)_
v      a| l                                  ^~~~~~~~~~~~~~~~~~)
;          \
      |                      ^~~
./src/farptr.h:145:52: note: expanded from macro 'SET_VAR'
  145 | #define SET_VAR(seg, var, val) __In file included from Sout/ccode32flat.o.tmp.cE:T2_:
V./src/stacks.cA:R38(:"19":,  warning: sunknown attribute 'externally_visible' ignored [-Wunknown-attributes]e
g   ,38  | (ivnatr )H,a v(evSamlm)C)a
l      l| 3                                                   ^~~2
 ./src/farptr.hV:A77R:F38S:E Gnote: ;expanded from macro '__SET_VAR'

         | 77                  ^~~~~~~ | 
  ./src/types.h : 107 : 54 :   note:  expanded from macro 'VARFSEG' 
 W  R107I | T#E 6d4e_fSiEnGe( pVrAeRfFiSxE,G  s_e_gs,e cvtairo,n (("v.adla)t)a;. v a r f s e g\.
"       | U                                     ^~~N
IQS./src/farptr.hE:C44): 59_:_ Vnote: Iexpanded from macro 'WRITE64_SEG'S
IB   L44E | 
        |                                                       ^~~~~~~~~ 
 ./src/types.h : 40 :u35n:i onote: nexpanded from macro '__VISIBLE' 
u   6404 | _#u 3d2e_fui n*e_ __w_6V4I_SpItBrL E=  _(_uantitorni buu6t4e__u_3(2(_eux t*e)r&n(avlalry)_;v i\s
i      b| l                                                          ^~~e
))
      |                                   ^~~~~~~~~~~~~~~~~~
In file included from out/ccode16.o.tmp.c:5:
./src/block.c:343:5: error: invalid input size for constraint 'Q'
  343 |     SET_FARVAR(seg, param_far->sector_count, lba);
      |     ^
./src/farptr.h:143:35: note: expanded from macro 'SET_FARVAR'
  143 | #define SET_FARVAR(seg, var, val) __SET_FARVAR((seg), (var), (val))
      |                                   ^
./src/farptr.h:115:9: note: expanded from macro '__SET_FARVAR'
  115 |         SET_VAR(ES, (var), __sfv_val);          \
      |         ^
./src/farptr.h:145:32: note: expanded from macro 'SET_VAR'
  145 | #define SET_VAR(seg, var, val) __SET_VAR("", seg, (var), (val))
      |                                ^
./src/farptr.h:71:42: note: expanded from macro '__SET_VAR'
   71 |             WRITE8_SEG(prefix, seg, var, (val));        \
      |                                          ^
In file included from out/ccode16.o.tmp.c:5:
./src/block.c:343:21: warning: taking address of packed member 'sector_count' of class or structure 'int13dpt_s' may result in an unaligned pointer value [-Waddress-of-packed-member]
  343 |     SET_FARVAR(seg, param_far->sector_count, lba);
      |                     ^~~~~~~~~~~~~~~~~~~~~~~
./src/farptr.h:143:56: note: expanded from macro 'SET_FARVAR'
  143 | #define SET_FARVAR(seg, var, val) __SET_FARVAR((seg), (var), (val))
      |                                                        ^~~
./src/farptr.h:115:22: note: expanded from macro '__SET_FARVAR'
  115 |         SET_VAR(ES, (var), __sfv_val);       In file included from  out/ccode32flat.o.tmp.c : 2\:

./src/stacks.c      :| 326                     ^~~:
41:./src/farptr.h :warning: 145unknown attribute 'externally_visible' ignored [-Wunknown-attributes]:
52:   326note:  | expanded from macro 'SET_VAR'u
8   145E | x#tdreafSitnaec kS[EBTU_IVLADR_(EsXeTgR,A _vSaTrA,C Kv_aSlI)Z E_+_1S]E TV_AVRALRO(W" "_,_ asleigg,n e(dv(a8r));,
       (| v                                        ^~~~~~a
l)./src/types.h):
106      :| 52                                                   ^~~:
 note: expanded from macro 'VARLOW'./src/farptr.h
:77  :10638 | :#  note: dexpanded from macro '__SET_VAR'e
f   i77n | e   V A R L O W   _ _ s eWcRtIiToEn6(4"_.SdEaGt(ap.rveafrilxo,w .s"e gU,N IvaQrS,E C()v a_l_)V)I;S I B L E   _ _\w
e      a| k                                     ^~~

      |                                                    ^~~~~~~~~
./src/farptr.h./src/types.h::4440::5935::  note: note: expanded from macro 'WRITE64_SEG'expanded from macro '__VISIBLE'

      4440 |  |  #   d e f i n eu n_i_oVnI SuI6B4L_Eu 3_2__aut t*r_i_bwu6t4e__p_t(r( e=x t(eurnniaolnl yu_6v4i_sui3b2l_eu) )*
)      &| (                                  ^~~~~~~~~~~~~~~~~~v
ar); \
      |                                                           ^~~
In file included from out/ccode32flat.o.tmp.c:2:
./src/stacks.c:327:14: warning: unknown attribute 'externally_visible' ignored [-Wunknown-attributes]
  327 | u8 *StackPos VARLOW;
      |              ^~~~~~
./src/types.h:106:52: note: expanded from macro 'VARLOW'
  106 | # define VARLOW __section(".data.varlow." UNIQSEC) __VISIBLE _In file included from _out/ccode16.o.tmp.cw:e5a:
k./src/block.c
:      344| :                                                   ^~~~~~~~~21
:./src/types.h :warning: 40taking address of packed member 'blksize' of class or structure 'int13dpt_s' may result in an unaligned pointer value [-Waddress-of-packed-member]:
35:   note: 344expanded from macro '__VISIBLE' | 
      40  | S#E Td_eFfAiRnVeA R_(_sVeIgS,I BpLaEr a_m__aftatrr-i>bbultkes_i_z(e(,e xbtlekrsniazlel)y;_
v      i| s                    ^~~~~~~~~~~~~~~~~~i
bl./src/farptr.he:)143):
56      :|                                    ^~~~~~~~~~~~~~~~~~note: 
expanded from macro 'SET_FARVAR'
  143 | #define SET_FARVAR(seg, var, val) __SET_FARVAR((seg), (var), (val))
      |                                                        ^~~
./src/farptr.h:115:22: note: expanded from macro '__SET_FARVAR'
  115 |         SET_VAR(ES, (var), __sfv_val);          \
      |                      ^~~
./src/farptr.h:145:52: note: expanded from macro 'SET_VAR'
  145 | #define SET_VAR(seg, var, val) __SET_VAR("", seg, (var), (val))
      |                                                    ^~~
./src/farptr.h:77:38: note: expanded from macro '__SET_VAR'
   77 |             WRITE64_SEG(prefix, seg, var, (val));       \
      |                                      ^~~
./src/farptr.h:44:59: note: expanded from macro 'WRITE64_SEG'
   44 |         union u64_u32_u *__w64_ptr = (union u64_u32_u *)&(var); \
      |                                                           ^~~
In file included from out/ccode16.o.tmp.c:5:
./src/block.c:351:21: warning: taking address of packed member 'size' of class or structure 'int13dpt_s' may result in an unaligned pointer value [-Waddress-of-packed-member]
  351 |     SET_FARVAR(seg, param_far->size, 30);
      |                     ^~~~~~~~~~~~~~~
./src/farptr.h:143:56: note: expanded from macro 'SET_FARVAR'
  143 | #define SET_FARVAR(seg, var, val) __SET_FARVAR((seg), (var), (val))
      |                                                        ^~~
./src/farptr.h:115:22: note: expanded from macro '__SET_FARVAR'
  115 |         SET_VAR(ES, (var), __sfv_val);          \
      |                      ^~~
./src/farptr.h:145:52: note: expanded from macro 'SET_VAR'
  145 | #defineIn file included from  out/ccode32flat.o.tmp.cS:E2T:
_./src/stacks.cV:A476R:(31s:e gwarning: ,unknown attribute 'externally_visible' ignored [-Wunknown-attributes] 
v  a476r | ,s tvraulc)t  _t_hSrEeTa_dV_AiRn(f"o" ,M asiengT,h r(evaadr )V,A R(FvSaElG) )=
       {| 
                                                   ^~~      
|                               ^~~~~~~
./src/farptr.h./src/types.h::77107::3854::  note: note: expanded from macro '__SET_VAR'expanded from macro 'VARFSEG'

   77 |    107  |  #   d e f i n e   VWARRIFTSEE6G4 __S_EsGe(cptrieofni(x",. dsaetga,. vvaarrf,s e(gv.a"l )U)N;I Q S E C )   _\_
V      I| S                                     ^~~I
BLE
./src/farptr.h      :| 44                                                     ^~~~~~~~~:
59./src/types.h:: 40note: :expanded from macro 'WRITE64_SEG'35
:    44note:  | expanded from macro '__VISIBLE' 
      40  |  #   duenfiionne  u_6_4V_IuS3I2B_LuE  *____awt6t4r_ipbturt e=_ _((u(neixotne run6a4l_luy3_2v_ius i*b)l&e()v)a
r      )| ;                                  ^~~~~~~~~~~~~~~~~~ 
\
      |                                                           ^~~
In file included from out/ccode16.o.tmp.c:5:
./src/block.c:352:21: warning: taking address of packed member 'dpte' of class or structure 'int13dpt_s' may result in an unaligned pointer value [-Waddress-of-packed-member]
  352 |     SET_FARVAR(seg, param_far->dpte.segoff, dpte_so);
      |                     ^~~~~~~~~~~~~~~~~~~~~~
./src/farptr.h:143:56: note: expanded from macro 'SET_FARVAR'
  143 | #define SET_FARVAR(seg, var, val) __SET_FARVAR((seg), (var), (val))
      |                                                        ^~~
./src/farptr.h:115:22: note: expanded from macro '__SET_FARVAR'
  115 |         SET_VAR(ES, (var), __sfv_val);          \
      |                      ^~~
./src/farptr.h:145:52: note: expanded from macro 'SET_VAR'
  145 | #define SET_VAR(seg, var, val) __SET_VAR("", seg, (var), (val))
      |                                                    ^~~
./src/farptr.h:77:38: note: expanded from macro '__SET_VAR'
   77 |             WRITE64_SEG(prefix, seg, var, (val));       \
      |                                      ^~~
./src/farptr.h:44:59: note: expanded from macro 'WRITE64_SEG'
   44 |         union u64_u32_u *__w64_ptr = (union u64_u32_u *)&(var); \
      |                                                           ^~~
In file included from out/ccode16.o.tmp.c:5:
./src/block.c:358:21: warning: taking address of packed member 'key' of class or structure 'int13dpt_s' may result in an unaligned pointer value [-Waddress-of-packed-member]
  358 |     SET_FARVAR(seg, param_far->key, 0xbedd);
      |                     ^~~~~~~~~~~~~~
./src/farptr.h:143:56: note: expanded from macro 'SET_FARVAR'
  143 | #define SET_FARVAR(seg, var, val) __SET_FARVAR((seg), (var),In file included from  out/ccode32flat.o.tmp.c(:v2a:
l./src/stacks.c):)691
:      16| :                                                       ^~~ 
warning: unknown attribute 'externally_visible' ignored [-Wunknown-attributes]
./src/farptr.h:  115691: | 22i:n tnote:  expanded from macro '__SET_FARVAR'C
a  n115P | r e e m p t   V ASREFTS_EVGA;R
(      E| S               ^~~~~~~,
 ./src/types.h(:v107a:r54):,  note: _expanded from macro 'VARFSEG'_
s  f107v | _#v adle)f;i n e   V A R F S E G\ 
_      _| s                     ^~~e
c./src/farptr.ht:i145o:n52(:" .note: dexpanded from macro 'SET_VAR'a
t  a145. | v#adreffsienge. "S EUTN_IVQASRE(Cs)e g_,_ VvIaSrI,B LvEa
l      )|                                                       ^~~~~~~~~_
_./src/types.hS:E40T:_35V:A Rnote: (expanded from macro '__VISIBLE'"
"   ,40  | s#e gd,e f(ivnaer )_,_ V(IvSaIlB)L)E
       _| _                                                   ^~~a
tt./src/farptr.hr:i77b:u38t:e _note: _expanded from macro '__SET_VAR'(
(   e77x | t e r n a l l y _ v i s iWbRlIeT)E)6
4      _| S                                  ^~~~~~~~~~~~~~~~~~E
G(prefix, seg, var, (val));       \
      |                                      ^~~
./src/farptr.h:44:59: note: expanded from macro 'WRITE64_SEG'
   44 |         union u64_u32_u *__w64_ptr = (union u64_u32_u *)&(var); \
      |                                                           ^~~
In file included from out/ccode32flat.o.tmp.c:2:
./src/stacks.c:732:6: warning: unknown attribute 'externally_visible' ignored [-Wunknown-attributes]
  732 | void VISIBLE32INIT
      |      ^~~~~~~~~~~~~
./src/types.h:102:57: note: expanded from macro 'VISIBLE32INIT'
  102 | # define VISIBLE32INIT __section(".text.init." UNIQSEC) __VISIBLE
      |                                                         ^~~~~~~~~
./src/types.h:40:35: note: expanded from macro '__VISIBLE'
   40 | # In file included from dout/ccode16.o.tmp.ce:f5i:
n./src/block.ce: 361_:_21V:I Swarning: Itaking address of packed member 'reserved2' of class or structure 'int13dpt_s' may result in an unaligned pointer value [-Waddress-of-packed-member]B
LE   361_ | _ a t t rSiEbTu_tFeA_R_V(A(Re(xsteegr,n aplalrya_mv_ifsairb-l>er)e)s
e      r| v                                  ^~~~~~~~~~~~~~~~~~e
d2, 0);
      |                     ^~~~~~~~~~~~~~~~~~~~
./src/farptr.h:143:56: note: expanded from macro 'SET_FARVAR'
  143 | #define SET_FARVAR(seg, var, val) __SET_FARVAR((seg), (var), (val))
      |                                                        ^~~
./src/farptr.h:115:22: note: expanded from macro '__SET_FARVAR'
  115 |         SET_VAR(ES, (var), __sfv_val);          \
      |                      ^~~
./src/farptr.h:145:52: note: expanded from macro 'SET_VAR'
  145 | #define SET_VAR(seg, var, valIn file included from )out/ccode32flat.o.tmp.c :_2_:
S./src/stacks.cE:T757_:V5A:R (warning: "unknown attribute 'externally_visible' ignored [-Wunknown-attributes]"
,   757s | eug3,2  (VvIaSrI)B,L E(3v2aFlL)A)T

            | |                                                    ^~~    ^~~~~~~~~~~~~

./src/types.h./src/farptr.h::10177::6038::  note: note: expanded from macro 'VISIBLE32FLAT'expanded from macro '__SET_VAR'

  101    | 77# |   d e f i n e   V I S I BWLREI3T2EF6L4A_TS E_G_(spercetfiioxn,( "s.etge,x tv.arru,n t(ivmael.)") ;U N I Q S E C )\ 
_      _| V                                     ^~~I
S./src/farptr.hI:B44L:E59
:       | note:                                                            ^~~~~~~~~expanded from macro 'WRITE64_SEG'

./src/types.h:   4044: | 35 :   note:  expanded from macro '__VISIBLE' 
     40 |  #u ndieofni nue6 4___uV3I2S_IuB L*E_ __w_6a4t_tprtirb u=t e(_u_n(i(oenx tue6r4n_aul3l2y__uv i*s)i&b(lvea)r))
;       | \                                  ^~~~~~~~~~~~~~~~~~

      |                                                           ^~~
In file included from out/ccode16.o.tmp.c:5:
./src/block.c:372:5: error: invalid input size for constraint 'Q'
  372 |     SET_FARVAR(seg, param_far->iface_path, iface_path);
      |     ^
./src/farptr.h:143:35: note: expanded from macro 'SET_FARVAR'
  143 | #define SET_FARVAR(seg, var, val) __SET_FARVAR((seg), (var), (val))
      |                                   ^
./src/farptr.h:115:9: note: expanded from macro '__SET_FARVAR'
  115 |         SET_VAR(ES, (var), __sfv_val);          \
      |         ^
./src/farptr.h:145:32: note: expanded from macro 'SET_VAR'
  145 | #define SET_VAR(seg, var, val) __SET_VAR("", seg, (var), (val))
      |                                ^
./src/farptr.h:71:42: note: expanded from macro '__SET_VAR'
   71 |             WRITE8_SEG(prefix, seg, var, (val));        \
      |                                          ^
In file included from out/ccode16.o.tmp.c:5:
./src/block.c:372:21: warning: taking address of packed member 'iface_path' of class or structure 'int13dpt_s' may result in an unaligned pointer value [-Waddress-of-packed-member]
  372 |     SET_FARVAR(seg, param_far->iface_path, iface_path);
      |                     ^~~~~~~~~~~~~~~~~~~~~
./src/farptr.h:143:56: note: expanded from macro 'SET_FARVAR'
  143 | #define SET_FARVAR(seg, var, val) __SET_FARVAR((seg), (var), (val))
      |                                                        ^~~
./src/farptr.h:115:22: note: expanded from macro '__SET_FARVAR'
  115 |         SET_VAR(ES, (var), __sfv_val);          \
      |                      ^~~
./src/farptr.h:145:52: note: expanded from macro 'SET_VAR'
  145 | #define SET_VAR(seg, var, val) __SET_VAR("", seg, (var), (val))
      |                                                    ^~~
./src/farptr.h:77:38: note: expanded from macro '__SET_VAR'
   77 |             WRITE64_SEG(prefix, seg, var, (val));       \
      |                                      ^~~
./src/farptr.h:44:59: note: expanded from macro 'WRITE64_SEG'
   44 |         union u64_u32_u *__w64_ptr = (union u64_u32_u *)&(var); \
      |                                                           ^~~
In file included from out/ccode16.o.tmp.c:5:
./src/block.c:380:9: error: invalid input size for constraint 'Q'
  380 |         SET_FARVAR(seg, param_far->t13.device_path[0], device_path);
      |         ^
./src/farptr.h:143:35: note: expanded from macro 'SET_FARVAR'
  143 | #define SET_FARVAR(seg, var, val) __SET_FARVAR((seg), (var), (val))
      |                                   ^
./src/farptr.h:115:9: note: expanded from macro '__SET_FARVAR'
  115 |         SET_VAR(ES, (var), __sfv_val);          \
      |         ^
./src/farptr.h:145:32: note: expanded from macro 'SET_VAR'
  145 | #define SET_VAR(seg, var, val) __SET_VAR("", seg, (var), (val))
      |                                ^
./src/farptr.h:71:42: note: expanded from macro '__SET_VAR'
   71 |             WRITE8_SEG(prefix, seg, var, (val));        \
      |                                          ^
In file included from out/ccode16.o.tmp.c:5:
./src/block.c:381:9: error: invalid input size for constraint 'Q'
  381 |         SET_FARVAR(seg, param_far->t13.device_path[1], 0);
      |         ^
./src/farptr.h:143:35: note: expanded from macro 'SET_FARVAR'
  143 | #define SET_FARVAR(seg, var, val) __SET_FARVAR((seg), (var), (val))
      |                                   ^
./src/farptr.h:115:9: note: expanded from macro '__SET_FARVAR'
  115 |         SET_VAR(ES, (var), __sfv_val);          \
      |         ^
./src/farptr.h:145:32: note: expanded from macro 'SET_VAR'
  145 | #define SET_VAR(seg, var, val) __SET_VAR("", seg, (var), (val))
      |                                ^
./src/farptr.h:71:42: note: expanded from macro '__SET_VAR'
   71 |             WRITE8_SEG(prefix, seg, var, (val));        \
      |                                          ^
In file included from out/ccode16.o.tmp.c:5:
./src/block.c:386:9: error: invalid input size for constraint 'Q'
  386 |         SET_FARVAR(seg, param_far->phoenix.device_path, device_path);
      |         ^
./src/farptr.h:143:35: note: expanded from macro 'SET_FARVAR'
  143 | #define SET_FARVAR(seg, var, val) __SET_FARVAR((seg), (var), (val))
      |                                   ^
./src/farptr.h:115:9: note: expanded from macro '__SET_FARVAR'
  115 |         SET_VAR(ES, (var), __sfv_val);          \
      |         ^
./src/farptr.h:145:32: note: expanded from macro 'SET_VAR'
  145 | #define SET_VAR(seg, var, val) __SET_VAR("", seg, (var), (val))
      |                                ^
./src/farptr.h:71:42: note: expanded from macro '__SET_VAR'
   71 |             WRITE8_SEG(prefix, seg, var, (val));        \
      |                                          ^
In file included from out/ccode16.o.tmp.c:5:
./src/block.c:386:25: warning: taking address of packed member 'union int13dpt_s::(anonymous at ./src/std/disk.h:70:5)' of class or structure 'int13dpt_s' may result in an unaligned pointer value [-Waddress-of-packed-member]
  386 |         SET_FARVAR(seg, param_far->phoenix.device_path, device_path);
      |                         ^~~~~~~~~~~~~~~~~~~~~~~~~~~~~~
./src/farptr.h:143:56: note: expanded from macro 'SET_FARVAR'
  143 | #define SET_FARVAR(seg, var, val) __SET_FARVAR((seg), (var), (val))
      |                                                        ^~~
./src/farptr.h:115:22: note: expanded from macro '__SET_FARVAR'
  115 |         SET_VAR(ES, (var), __sfv_val);          \
      |                      ^~~
./src/farptr.h:145:52: note: expanded from macro 'SET_VAR'
  145 | #define SET_VAR(seg, var, val) __SET_VAR("", seg, (var), (val))
      |                                                    ^~~
./src/farptr.h:77:38: note: expanded from macro '__SET_VAR'
   77 |             WRITE64_SEG(prefix, seg, var, (val));       \
      |                                      ^~~
./src/farptr.h:44:59: note: expanded from macro 'WRITE64_SEG'
   44 |         union u64_u32_u *__w64_ptr = (union u64_u32_u *)&(var); \
      |                                                           ^~~
In file included from out/ccode16.o.tmp.c:5:
./src/block.c:403:27: warning: unknown attribute 'externally_visible' ignored [-Wunknown-attributes]
  403 | struct dpte_s DefaultDPTE VARLOW;
      |                           ^~~~~~
./src/types.h:68:55: note: expanded from macro 'VARLOW'
   68 | # define VARLOW __section(".discard.varlow." UNIQSEC) __VISIBLE __weak
      |                                                       ^~~~~~~~~
./src/types.h:40:35: note: expanded from macro '__VISIBLE'
   40 | # define __VISIBLE __attribute__((externally_visible))
      |                                   ^~~~~~~~~~~~~~~~~~
In file included from out/ccode16.o.tmp.c:6:
./src/cdrom.c:25:25: warning: unknown attribute 'externally_visible' ignored [-Wunknown-attributes]
   25 | struct eltorito_s CDEmu VARLOW = { .size=sizeof(CDEmu) };
      |                         ^~~~~~
./src/types.h:68:55: note: expanded from macro 'VARLOW'
   68 | # define VARLOW __section(".discard.varlow." UNIQSEC) __VISIBLE __weak
      |                                                       ^~~~~~~~~
./src/types.h:40:35: note: expanded from macro '__VISIBLE'
   40 | # define __VISIBLE __attribute__((externally_visible))
      |                                   ^~~~~~~~~~~~~~~~~~
In file included from out/ccode16.o.tmp.c:6:
./src/cdrom.c:26:35: warning: unknown attribute 'externally_visible' ignored [-Wunknown-attributes]
   26 | struct drive_s *emulated_drive_gf VARLOW;
      |                                   ^~~~~~
./src/types.h:68:55: note: expanded from macro 'VARLOW'
   68 | # define VARLOW __section(".discard.varlow." UNIQSEC) __VISIBLE __weak
      |                                                       ^~~~~~~~~
./src/types.h:40:35: note: expanded from macro '__VISIBLE'
   40 | # define __VISIBLE __attribute__((externally_visible))
      |                                   ^~~~~~~~~~~~~~~~~~
In file included from out/ccode16.o.tmp.c:6:
./src/cdrom.c:27:32: warning: unknown attribute 'externally_visible' ignored [-Wunknown-attributes]
   27 | struct drive_s *cdemu_drive_gf VARFSEG;
      |                                ^~~~~~~
./src/types.h:70:57: note: expanded from macro 'VARFSEG'
   70 | # define VARFSEG __section(".discard.varfseg." UNIQSEC) __VISIBLE __weak
      |                                                         ^~~~~~~~~
./src/types.h:40:35: note: expanded from macro '__VISIBLE'
   40 | # define __VISIBLE __attribute__((externally_visible))
      |                                   ^~~~~~~~~~~~~~~~~~
In file included from out/ccode16.o.tmp.c:6:
./src/cdrom.c:36:23: warning: taking address of packed member 'ilba' of class or structure 'eltorito_s' may result in an unaligned pointer value [-Waddress-of-packed-member]
   36 |     dop.lba = GET_LOW(CDEmu.ilba) + op->lba / 4;
      |                       ^~~~~~~~~~
./src/biosvar.h:119:54: note: expanded from macro 'GET_LOW'
  119 | #define GET_LOW(var)            GET_FARVAR(SEG_LOW, (var))
      |                                                      ^~~
./src/farptr.h:142:51: note: expanded from macro 'GET_FARVAR'
  142 | #define GET_FARVAR(seg, var) __GET_FARVAR((seg), (var))
      |                                                   ^~~
./src/farptr.h:111:18: note: expanded from macro '__GET_FARVAR'
  111 |     GET_VAR(ES, (var)); })
      |                  ^~~
./src/farptr.h:144:47: note: expanded from macro 'GET_VAR'
  144 | #define GET_VAR(seg, var) __GET_VAR("", seg, (var))
      |                                               ^~~
./src/farptr.h:64:40: note: expanded from macro '__GET_VAR'
   64 |         READ64_SEG(prefix, seg, __val, var);    \
      |                                        ^~~
./src/farptr.h:28:59: note: expanded from macro 'READ64_SEG'
   28 |         union u64_u32_u *__r64_ptr = (union u64_u32_u *)&(var); \
      |                                                           ^~~
In file included from out/ccode32flat.o.tmp.c:5:
./src/block.c:31:16: warning: unknown attribute 'externally_visible' ignored [-Wunknown-attributes]
   31 | u8 FloppyCount VARFSEG;
      |                ^~~~~~~
./src/types.h:107:54: note: expanded from macro 'VARFSEG'
  107 | # define VARFSEG __section(".data.varfseg." UNIQSEC) __VISIBLE
      |                                                      ^~~~~~~~~
./src/types.h:40:35: note: expanded from macro '__VISIBLE'
   40 | # define __VISIBLE __attribute__((externally_visible))
      |                                   ^~~~~~~~~~~~~~~~~~
In file included from out/ccode32flat.o.tmp.c:5:
./src/block.c:33:46: warning: unknown attribute 'externally_visible' ignored [-Wunknown-attributes]
   33 | struct drive_s *IDMap[3][BUILD_MAX_EXTDRIVE] VARFSEG;
      |                                              ^~~~~~~
./src/types.h:107:54: note: expanded from macro 'VARFSEG'
  107 | # define VARFSEG __section(".data.varfseg." UNIQSEC) __VISIBLE
      |                                                      ^~~~~~~~~
./src/types.h:40:35: note: expanded from macro '__VISIBLE'
   40 | # define __VISIBLE __attribute__((externally_visible))
      |                                   ^~~~~~~~~~~~~~~~~~
In file included from out/ccode32flat.o.tmp.c:5:
./src/block.c:34:19: warning: unknown attribute 'externally_visible' ignored [-Wunknown-attributes]
   34 | u8 *bounce_buf_fl VARFSEG;
      |                   ^~~~~~~
./src/types.h:107:54: note: expanded from macro 'VARFSEG'
  107 | # define VARFSEG __section(".data.varfseg." UNIQSEC) __VISIBLE
      |                                                      ^~~~~~~~~
./src/types.h:40:35: note: expanded from macro '__VISIBLE'
   40 | # define __VISIBLE __attribute__((externally_visible))
      |                                   ^~~~~~~~~~~~~~~~~~
In file included from out/ccode32flat.o.tmp.c:5:
./src/block.c:306:32: warning: taking address of packed member 'size' of class or structure 'int13dpt_s' may result in an unaligned pointer value [-Waddress-of-packed-member]
  306 |     u16 size = GET_FARVAR(seg, param_far->size);
      |                                ^~~~~~~~~~~~~~~
./src/farptr.h:180:18: note: expanded from macro 'GET_FARVAR'
  180 |     (*((typeof(&(var)))MAKE_FLATPTR((seg), &(var))))
      |                  ^~~
In file included from out/ccode16.o.tmp.c:7:
./src/disk.c:168:15: error: invalid output size for constraint '=Qi'
  168 |     dop.lba = GET_FARVAR(regs->ds, parIn file included from aout/ccode32flat.o.tmp.cm:_5f:
a./src/block.cr:-325>:l21b:a )warning: ;taking address of packed member 'size' of class or structure 'int13dpt_s' may result in an unaligned pointer value [-Waddress-of-packed-member]

      |               ^
  ./src/farptr.h325: | 142 : 30 :  Snote: Eexpanded from macro 'GET_FARVAR'T
_F  A142R | V#AdRe(fsienge,  GpEaTr_aFmA_RfVaArR-(>sseigz,e ,v a2r6)) ;_
_      G| E                    ^~~~~~~~~~~~~~~T
_F./src/farptr.hA:R182V:A29R:( (note: sexpanded from macro 'SET_FARVAR'e
g)  ,182  | ( v a r )d)o
       {|                               ^G
E./src/farptr.hT:_111F:A5R:V Anote: Rexpanded from macro '__GET_FARVAR'(
(  s111e | g ) ,   (GvEaTr_)V)A R=( E(Sv,a l()v;a r}) )w;h i}l)e
       (| 0    ^)

./src/farptr.h      :| 144                            ^~~:
27./src/farptr.h:: 180note: :expanded from macro 'GET_VAR'18
:   note: 144expanded from macro 'GET_FARVAR' | 
#  d180e | f i n e  (G*E(T(_tVyApRe(osfe(g&,( vvaarr))) )_M_AGKEET__FVLAART(P"T"R,( (sseegg,) ,( v&a(rv)a)r
)      )| )                          ^)

./src/farptr.h      :| 58                 ^~~:
32: note: expanded from macro '__GET_VAR'
   58 |         READ8_SEG(prefix, seg, __val, var);     \
In file included from       out/ccode32flat.o.tmp.c| :                               ^5
:
./src/block.c:328:25: warning: taking address of packed member 'infos' of class or structure 'int13dpt_s' may result in an unaligned pointer value [-Waddress-of-packed-member]
  328 |         SET_FARVAR(seg, param_far->infIn file included from oout/ccode16.o.tmp.cs:,7 :
0./src/disk.cx:71684:)36;:
       warning: | taking address of packed member 'lba' of class or structure 'int13ext_s' may result in an unaligned pointer value [-Waddress-of-packed-member]                        ^~~~~~~~~~~~~~~~

  ./src/farptr.h168: | 182 : 29 :  dnote: oexpanded from macro 'SET_FARVAR'p
.l  b182a |   =   G EdTo_ F{A RGVEATR_(FrAeRgVsA-R>(d(ss,e gp)a,r a(mv_afra)r)- >=l b(av)a;l
)      ;|                                     ^~~~~~~~~~~~~~}
 w./src/farptr.hh:i142l:e51 :( 0note: )expanded from macro 'GET_FARVAR'

        | 142                            ^~~ | 
#./src/farptr.hd:e180f:i18n:e  note: Gexpanded from macro 'GET_FARVAR'E
T  _180F | A R V A R((*s(e(gt,y pveaorf)( &_(_vGaErT)_)F)AMRAVKAER_(F(LsAeTgP)T,R (((vsaerg))),
       &| (                                                  ^~~v
ar./src/farptr.h):)111):)18
:       | note:                  ^~~expanded from macro '__GET_FARVAR'

  111 |     GET_VAR(ES, (var)); })
      |                  ^~~
./src/farptr.h:144:47: note: expanded from macro 'GET_VAR'
In file included from   out/ccode32flat.o.tmp.c144: | 5#:
d./src/block.ce:f329i:n25e:  Gwarning: Etaking address of packed member 'cylinders' of class or structure 'int13dpt_s' may result in an unaligned pointer value [-Waddress-of-packed-member]T
_VAR  (329s | e g ,   v a r )  S_E_TG_EFTA_RVVAARR(("s"e,g ,s epga,r a(mv_afra)r)-
>      c| y                                              ^~~l
ind./src/farptr.he:r64s:,40 :0 xnote: fexpanded from macro '__GET_VAR'f
ff   f64f | f f ) ; 
        |                          ^~~~~~~~~~~~~~~~~~~~ 
RE./src/farptr.hA:D1826:429_:S Enote: Gexpanded from macro 'SET_FARVAR'(
pr  e182f | i x ,   sdeog ,{  _G_EvTa_lF,A RvVaArR)(;( s e g )\,
       (| v                                       ^~~a
r)./src/farptr.h): 28=: 59(:v anote: lexpanded from macro 'READ64_SEG')
;    }28  | w h i l e   ( 0 )u
n      i| o                            ^~~n
 u./src/farptr.h6:4180_:u183:2 _note: uexpanded from macro 'GET_FARVAR' 
*_  _180r | 6 4 _ p t(r* (=( t(yupneioofn( &u(6v4a_ru)3)2)_MuA K*E)_&F(LvAaTrP)T;R (\(
s      e| g                                                          ^~~)
, &(var))))
      |                  ^~~
In file included from out/ccode32flat.o.tmp.c:5:
./src/block.c:330:25: warning: taking address of packed member 'heads' of class or structure 'int13dpt_s' may result in an unaligned pointer value [-Waddress-of-packed-member]
  330 |         SET_FARVAR(seg, param_far->heads, 0xffffffff);
      |                         ^~~~~~~~~~~~~~~~
./src/farptr.hIn file included from :out/ccode16.o.tmp.c182::729:
:./src/disk.c :note: 171expanded from macro 'SET_FARVAR':
20:   182error:  | invalid output size for constraint '=Qi' 
     171d | o   {   GiEfT _(FdAoRpV.AlRb(a( s>e=g )G,E T(_vFaLrA)T)P T=R ((dvrailv)e;_ f}l -w>hsielcet o(r0s))
)       | {                            ^~~

      ./src/farptr.h| :                   ^180
:18./src/farptr.h:: 148note: :expanded from macro 'GET_FARVAR'26
:   180note:  | expanded from macro 'GET_FLATPTR' 
     148( | *#(d(etfyipneeo fG(E&T(_vFaLrA)T)P)TMRA(KpEt_rF)L A_T_PGTERT(_(FsLeAgT)P,T R&((pvtarr))
)      )| )                         ^

      ./src/farptr.h| :                 ^~~123
:5: note: expanded from macro '__GET_FLATPTR'
  123 |     GET_FARVAR(FLATPTR_TO_SEG(__In file included from pout/ccode32flat.o.tmp.ct:r5):
 ./src/block.c : 331 : 25 :   warning:  taking address of packed member 'spt' of class or structure 'int13dpt_s' may result in an unaligned pointer value [-Waddress-of-packed-member] 
     331  |                  S E T _ F A\R
V      A| R    ^(
s./src/farptr.he:g142,: 30p:a rnote: aexpanded from macro 'GET_FARVAR'm
_f  a142r | -#>dsepfti,n e0 xGfEfTf_fFfAfRfVfA)R;(
s      e| g                        ^~~~~~~~~~~~~~,
 ./src/farptr.hv:a182r:)29 :_ _note: Gexpanded from macro 'SET_FARVAR'E
T_  F182A | R V A R (d(os e{g )G,E T(_vFaArR)V)A
R      (| (                             ^s
e./src/farptr.hg:)111,: 5(:v anote: rexpanded from macro '__GET_FARVAR')
)   111= |   ( v a lG)E;T _}V AwRh(iElSe,  ((0v)a
r      )| )                            ^~~;
 }./src/farptr.h):
180      :| 18    ^:
 ./src/farptr.hnote: :expanded from macro 'GET_FARVAR'144
:27  :180  | note:  expanded from macro 'GET_VAR' 
    144( | *#(d(etfyipneeo fG(E&T(_vVaArR)()s)eMgA,K Ev_aFrL)A T_P_TGRE(T(_sVeAgR)(," "&,( vsaerg),) )()v
a      r| )                 ^~~)

      |                           ^
./src/farptr.h:58:32: note: expanded from macro '__GET_VAR'
   58 |         READ8_SEG(prefix, seg,In file included from  out/ccode32flat.o.tmp.c_:_5v:
a./src/block.cl:,334 :v29a:r )warning: ;taking address of packed member 'infos' of class or structure 'int13dpt_s' may result in an unaligned pointer value [-Waddress-of-packed-member] 
    334  |   \ 
        |                                 ^ 
      SET_FARVAR(seg, param_far->infos, 0x00); // geometry is invalid
      |                             ^~~~~~~~~~~~~~~~
./src/farptr.h:182:29: note: expanded from macro 'SET_FARVAR'
  182 |     do { GET_FARVAR((seg), (var)) = (val); } while (0)
      |                             ^~~
./src/farptr.h:180:18: note: expanded from macro 'GET_FARVAR'
  180 |     (*((typeof(&(var)))MAKE_FLATIn file included from Pout/ccode16.o.tmp.cT:R7(:
(./src/disk.cs:e177g:)57,:  &warning: (taking address of packed member 'data' of class or structure 'int13ext_s' may result in an unaligned pointer value [-Waddress-of-packed-member]v
ar))  )177) | 
        |                   ^~~ 
dop.buf_fl = SEGOFF_TO_FLATPTR(GET_FARVAR(regsIn file included from -out/ccode32flat.o.tmp.c>:d5s:
,./src/block.c :p335a:r29a:m _warning: ftaking address of packed member 'cylinders' of class or structure 'int13dpt_s' may result in an unaligned pointer value [-Waddress-of-packed-member]a
r-  >335d | a t a ) ) ; 
        |                                                          ^~~~~~~~~~~~~~~ 
  S./src/farptr.hE:T142_:F51A:R Vnote: Aexpanded from macro 'GET_FARVAR'R
(  s142e | g#,d epfairnaem _GfEaTr_-F>AcRyVlAiRn(dseergs,,  v0axr3)f f_f_)G;E
T      _| F                            ^~~~~~~~~~~~~~~~~~~~A
RV./src/farptr.hA:R182(:(29s:e gnote: )expanded from macro 'SET_FARVAR',
 (  v182a | r ) ) 
       d| o                                                  ^~~ 
{./src/farptr.h :G111E:T18_:F Anote: Rexpanded from macro '__GET_FARVAR'V
A  R111( | ( s e g )G,E T(_vVaArR)()E S=,  ((vvaalr));) ;}  }w)h
i      l| e                 ^~~ 
(0./src/farptr.h):
144      :| 47                            ^~~:
 note: ./src/farptr.hexpanded from macro 'GET_VAR':
180:  18144: |  #note: dexpanded from macro 'GET_FARVAR'e
fi  n180e |   G E T _(V*A(R((tsyepge,o fv(a&r()v a_r_)G)E)TM_AVKAER_(F"L"A,T PsTeRg(,( s(evga)r,) )&
(      v| a                                              ^~~r
))./src/farptr.h):)64
:      40| :                 ^~~ 
note: expanded from macro '__GET_VAR'
   64 |         READ64_SEG(prefix, seg, __val,In file included from  out/ccode32flat.o.tmp.cv:a5r:
)./src/block.c;: 337 : 29 :\ 
warning:       taking address of packed member 'infos' of class or structure 'int13dpt_s' may result in an unaligned pointer value [-Waddress-of-packed-member]| 
                                       ^~~
  ./src/farptr.h337: | 28 : 59 :   note:  expanded from macro 'READ64_SEG' 
      28  |   S E T _ F A R VuAnRi(osne gu,6 4p_aur3a2m__uf a*r_-_>ri6n4f_opst,r  0=x 0(2u)n;i o/n/  ug6e4o_mue3t2r_yu  i*s) &v(avlaird)
;       | \                            ^~~~~~~~~~~~~~~~

      | ./src/farptr.h                                                          ^~~:
182:29: note: expanded from macro 'SET_FARVAR'
  182 |     do { GET_FARVAR((seg), (var)) = (val); } while (0)
      |                             ^~~
./src/farptr.h:180:18: note: expanded from macro 'GET_FARVAR'
  180 |     (*((typeof(&(var)))MAKE_FLATPTR((seg), In file included from &out/ccode16.o.tmp.c(:v7a:
r./src/disk.c):)178):)38
:       | warning:                  ^~~taking address of packed member 'count' of class or structure 'int13ext_s' may result in an unaligned pointer value [-Waddress-of-packed-member]

  178 |     dop.count = GEIn file included from Tout/ccode32flat.o.tmp.c_:F5A:
R./src/block.cV:A338R:(29r:e gwarning: staking address of packed member 'cylinders' of class or structure 'int13dpt_s' may result in an unaligned pointer value [-Waddress-of-packed-member]-
>ds  ,338  | p a r a m _ f a r - > c oSuEnTt_)F;A
R      V| A                                     ^~~~~~~~~~~~~~~~R
(seg./src/farptr.h,: 142p:a51r:a mnote: _expanded from macro 'GET_FARVAR'f
ar  -142> | c#ydleifnidneer sG,E T(_uF3A2R)VnApRc()s;e
g      ,|                              ^~~~~~~~~~~~~~~~~~~~v
ar./src/farptr.h): 182_:_29G:E Tnote: _expanded from macro 'SET_FARVAR'F
ARV  A182R | ( ( s e gd)o,  {( vGaErT)_)F
A      R| V                                                  ^~~A
R./src/farptr.h(:(111s:e18g:) ,note:  expanded from macro '__GET_FARVAR'(
v  a111r | ) )   =  G(EvTa_lV)A;R (}E Sw,h i(lvea r()0));
       }| )                            ^~~

      ./src/farptr.h| :                 ^~~180
:18:./src/farptr.h :note: 144expanded from macro 'GET_FARVAR':
47  :180  | note:  expanded from macro 'GET_VAR' 
    144( | *#(d(etfyipneeo fG(E&T(_vVaArR)()s)eMgA,K Ev_aFrL)A T_P_TGRE(T(_sVeAgR)(," "&,( vsaerg),) )()v
a      r| )                 ^~~)

      |                                               ^~~
./src/farptr.h:64:40: note: expanded from macro '__GET_VAR'
   64 |         READ64_In file included from Sout/ccode32flat.o.tmp.cE:G5(:
p./src/block.cr:e340f:i25x:,  warning: staking address of packed member 'heads' of class or structure 'int13dpt_s' may result in an unaligned pointer value [-Waddress-of-packed-member]e
g,   340_ | _ v a l ,   v a rS)E;T _ F A R\V
A      R| (                                       ^~~s
eg./src/farptr.h,: 28p:a59r:a mnote: _expanded from macro 'READ64_SEG'f
ar   -28> | h e a d s ,   ( uu3n2i)onnp hu)6;4
_      u| 3                        ^~~~~~~~~~~~~~~~2
_./src/farptr.hu: 182*:_29_:r 6note: 4expanded from macro 'SET_FARVAR'_
p  t182r |   =   ( udnoi o{n  GuE6T4__FuA3R2V_AuR (*()s&e(gv)a,r )(;v a\r
)      )|                                                            ^~~=
 (val); } while (0)
      |                             ^~~
./src/farptr.h:180:18: note: expanded from macro 'GET_FARVAR'
  180 |     (*((typeof(&(var)))MAKE_FLATPTR((seg), &(var))))
      |                  ^~~
In file included from out/ccode16.o.tmp.c:7:
./src/disk.c:In file included from 187out/ccode32flat.o.tmp.c::265::
 ./src/block.cwarning: :taking address of packed member 'count' of class or structure 'int13ext_s' may result in an unaligned pointer value [-Waddress-of-packed-member]341
:25  :187  | warning:  taking address of packed member 'spt' of class or structure 'int13dpt_s' may result in an unaligned pointer value [-Waddress-of-packed-member] 
    S341E | T _ F A R V A R (SrEeTg_sF-A>RdVsA,R (psaerga,m _pfaarra-m>_cfoaurn-t>,s pdto,p .(cuo3u2n)tn)p;s
)      ;| 
                         ^~~~~~~~~~~~~~~~      
|                         ^~~~~~~~~~~~~~
./src/farptr.h:./src/farptr.h143::18256::29 :note:  expanded from macro 'SET_FARVAR'note: 
expanded from macro 'SET_FARVAR'
  143   | 182# | d e f i ndeo  S{E TG_EFTA_RFVAARRV(AsRe(g(,s evga)r,,  (vvaalr)) )_ _=S E(Tv_aFlA)R;V A}R (w(hsielge) ,( 0()v
a      r| )                            ^~~,
 ./src/farptr.h(:v180a:l18):) 
note:       expanded from macro 'GET_FARVAR'| 
                                                       ^~~  
180 | ./src/farptr.h : 115 : 22(:* (note: (expanded from macro '__SET_FARVAR't
y  p115e | o f ( & ( v a r )S)E)TM_AVKAER_(FELSA,T P(TvRa(r()s,e g_)_,s f&v(_vvaarl)));) ) 
        |                   ^~~ 
    \
      |                      ^~~
./src/farptr.h:145:52: note: expanded from macro 'SET_VAR'
  145 | #defiIn file included from nout/ccode32flat.o.tmp.ce: 5S:
E./src/block.cT:_343V:A21R:( swarning: etaking address of packed member 'sector_count' of class or structure 'int13dpt_s' may result in an unaligned pointer value [-Waddress-of-packed-member]g
,   343v | a r ,   vSaElT)_ F_A_RSVEATR_(VsAeRg(," "p,a rsaemg_,f a(rv-a>rs)e,c t(ovra_lc)o)u
n      t| ,                                                   ^~~ 
lba./src/farptr.h):;77
:      38| :                    ^~~~~~~~~~~~~~~~~~~~~~~ 
note: expanded from macro '__SET_VAR'./src/farptr.h
:182   :7729 | :   note:  expanded from macro 'SET_FARVAR' 
    182  |          dWoR I{T EG6E4T__SFEAGR(VpArRe(f(isxe,g )s,e g(,v avra)r),  =( v(avla)l));;   }   w h i l\e
       (| 0                                     ^~~)

./src/farptr.h      :| 44                            ^~~:
59./src/farptr.h:: 180note: :expanded from macro 'WRITE64_SEG'18
:    44note:  | expanded from macro 'GET_FARVAR' 
     180  |       u n(i*o(n( tuy6p4e_ouf3(2&_(uv a*r_)_)w)6M4A_KpEt_rF L=A T(PuTnRi(o(ns eug6)4,_ u&3(2v_aur )*)))&)(
v      a| r                 ^~~)
; \
      |                                                           ^~~
In file included from out/ccode32flat.o.tmp.c:5:
./src/block.c:344:21: warning: taking address of packed member 'blksize' of class or structure 'int13dpt_s' may result in an unaligned pointer value [-Waddress-of-packed-member]
  344 |     SET_FARVAR(seg, param_far->blksize, blksize);
      |                     ^~~~~~~~~~~~~~~~~~
./src/farptr.h:182:29: note: expanded from macro 'SET_FARVAR'
  182 |     do { GET_FARVAR((seg), (var)) = (val); } while (0)
      |                             ^~~
./src/farptr.h:180:18: note: expanded from macro 'GET_FARVAR'
  180 |     (*((typeof(&(var)))MAKE_FLATPTR((seg), &(var))))
      |                  ^~~
In file included from out/ccode32flat.o.tmp.c:5:
./src/block.c:351:21: warning: taking address of packed member 'size' of class or structure 'int13dpt_s' may result in an unaligned pointer value [-Waddress-of-packed-member]
  351 |     SET_FARVAR(seg, param_far->size, 30);
      |                     ^~~~~~~~~~~~~~~
./src/farptr.h:182:29: note: expanded from macro 'SET_FARVAR'
  182 |     do { GET_FARVAR((seg), (var)) = (val); } while (0)
      |                             ^~~
./src/farptr.h:180:18: note: expanded from macro 'GET_FARVAR'
  180 |     (*((typeof(&(var)))MAKE_FLATPTR((seg), &(var))))
      |                  ^~~
In file included from out/ccode32flat.o.tmp.c:5:
./src/block.c:352:21: warning: taking address of packed member 'dpte' of class or structure 'int13dpt_s' may result in an unaligned pointer value [-Waddress-of-packed-member]
  352 |     SET_FARVAR(seg, param_far->dpte.segoff, dpte_so);
      |                     ^~~~~~~~~~~~~~~~~~~~~~
./src/farptr.h:182:29: note: expanded from macro 'SET_FARVAR'
  182 |     do { GET_FARVAR((seg), (var)) = (val); } while (0)
      |                             ^~~
./src/farptr.h:180:18: note: expanded from macro 'GET_FARVAR'
  180 |     (*((typeof(&(var)))MAKE_FLATPTR((seg), &(var))))
      |                  ^~~
In file included from out/ccode32flat.o.tmp.c:5:
./src/block.c:358:21: warning: taking address of packed member 'key' of class or structure 'int13dpt_s' may result in an unaligned pointer value [-Waddress-of-packed-member]
  358 |     SET_FARVAR(seg, param_far->key, 0xbedd);
      |                     ^~~~~~~~~~~~~~
./src/farptr.h:182:29: note: expanded from macro 'SET_FARVAR'
  182 |     do { GET_FARVAR((seg), (var)) = (val); } while (0)
      |                             ^~~
./src/farptr.h:180:18: note: expanded from macro 'GET_FARVAR'
  180 |     (*((typeof(&(var)))MAKE_FLATPTR((seg), &(var))))
      |                  ^~~
In file included from out/ccode32flat.o.tmp.c:5:
./src/block.c:361:21: warning: taking address of packed member 'reserved2' of class or structure 'int13dpt_s' may result in an unaligned pointer value [-Waddress-of-packed-member]
  361 |     SET_FARVAR(seg, param_far->reserved2, 0);
      |                     ^~~~~~~~~~~~~~~~~~~~
./src/farptr.h:182:29: note: expanded from macro 'SET_FARVAR'
  182 |     do { GET_FARVAR((seg), (var)) = (val); } while (0)
      |                             ^~~
./src/farptr.h:180:18: note: expanded from macro 'GET_FARVAR'
  180 |     (*((typeof(&(var)))MAKE_FLATPTR((seg), &(var))))
      |                  ^~~
In file included from out/ccode32flat.o.tmp.c:5:
./src/block.c:372:21: warning: taking address of packed member 'iface_path' of class or structure 'int13dpt_s' may result in an unaligned pointer value [-Waddress-of-packed-member]
  372 |     SET_FARVAR(seg, param_far->iface_path, iface_path);
      |                     ^~~~~~~~~~~~~~~~~~~~~
./src/farptr.h:182:29: note: expanded from macro 'SET_FARVAR'
In file included from   out/ccode16.o.tmp.c182: | 7 :
 ./src/disk.c : 439d:o36 :{  warning: Gunknown attribute 'externally_visible' ignored [-Wunknown-attributes]E
T  _439F | AuR8V ACRD(R(osme_gl)o,c k(sv[aBrU)I)L D=_ M(AvXa_lE)X;T D}R IwVhEi]l eV A(R0L)O
W      ;| 
                            ^~~      
| ./src/farptr.h                                   ^~~~~~:
180./src/types.h::1868:: 55note: :expanded from macro 'GET_FARVAR' 
note: expanded from macro 'VARLOW'
  180    | 68  |  #   d(e*f(i(ntey pVeAoRfL(O&W( v_a_rs)e)c)tMiAoKnE(_"F.LdAiTsPcTaRr(d(.sveagr)l,o w&.("v aUrN)I)Q)S)E
C      )|                   ^~~_
_VISIBLE __weak
      |                                                       ^~~~~~~~~
./src/types.h:40:35: note: expanded from macro '__VISIBLE'
   40 | # define __VISIBLE __attribute__((externally_visible))
      |                                   ^~~~~~~~~~~~~~~~~~
In file included from out/ccode32flat.o.tmp.c:5:
./src/block.c:386:25: warning: taking address of packed member 'union int13dpt_s::(anonymous at ./src/std/disk.h:70:5)' of class or structure 'int13dpt_s' may result in an unaligned pointer value [-Waddress-of-packed-member]
  386 |         SET_FARVAR(seg, param_far->phoenix.device_path, device_path);
      |                         ^~~~~~~~~~~~~~~~~~~~~~~~~~~~~~
./src/farptr.h:182:29: note: expanded from macro 'SET_FARVAR'
  182 |     do { GET_FARVAR((seg), (var)) = (val); } while (0)
      |                             ^~~
./src/farptr.h:180:18: note: expanded from macro 'GET_FARVAR'
  180 |     (*((typeof(&(var)))MAKE_FLATPTR((seg), &(var))))
      |                  ^~~
In file included from out/ccode32flat.o.tmp.c:5:
./src/block.c:403:27: warning: unknown attribute 'externally_visible' ignored [-Wunknown-attributes]
  403 | struct dpte_s DefaultDPTE VARLOW;
      |                           ^~~~~~
./src/types.h:106:52: note: expanded from macro 'VARLOW'
  106 | # define VARLOW __section(".data.varlow." UNIQSEC) __VISIBLE __weak
      |                                                    ^~~~~~~~~
./src/types.h:40:35: note: expanded from macro '__VISIBLE'
   40 | # define __VISIBLE __attribute__((externally_visible))
      |                                   ^~~~~~~~~~~~~~~~~~
In file included from out/ccode32flat.o.tmp.c:5:
./src/block.c:555:5: warning: unknown attribute 'externally_visible' ignored [-Wunknown-attributes]
  555 | int VISIBLE32FLAT
      |     ^~~~~~~~~~~~~
./src/types.h:101:60: note: expanded from macro 'VISIBLE32FLAT'
  101 | # defineIn file included from  out/ccode16.o.tmp.cV:I7S:
I./src/disk.cB:L732E:362:F Lwarning: Aunknown attribute 'externally_visible' ignored [-Wunknown-attributes]T
 _  _732s | evcotiido nV(I"S.ItBeLxEt1.6r
u      n| t     ^~~~~~~~~i
m./src/types.he:.56": 20U:N Inote: Qexpanded from macro 'VISIBLE16'S
EC   )56  | _#_ VdIeSfIiBnLeE 
V      I| S                                                           ^~~~~~~~~I
B./src/types.hL:E401:635 :_ _note: Vexpanded from macro '__VISIBLE'I
SI   B40L | E#
       d| e                   ^~~~~~~~~f
in./src/types.he: 40_:_35V:I Snote: Iexpanded from macro '__VISIBLE'B
LE    _40_ | a#t tdreifbiuntee ____(V(IeSxItBeLrEn a_l_layt_tvriisbiubtlee_)_)(
(      e| x                                  ^~~~~~~~~~~~~~~~~~t
ernally_visible))
      |                                   ^~~~~~~~~~~~~~~~~~
In file included from out/ccode16.o.tmp.c:7:
./src/disk.c:740:6: warning: unknown attribute 'externally_visible' ignored [-Wunknown-attributes]
  740 | void VISIBLE16
      |      ^~~~~~~~~
./src/types.h:56:20: note: expanded from macro 'VISIBLE16'
   56 | # define VISIBLE16 __VISIBLE
      |                    ^~~~~~~~~
./src/types.h:40:35: note: expanded from macro '__VISIBLE'
   40 | # define __VISIBLE __attribute__((externally_visible))
      |                                   ^~~~~~~~~~~~~~~~~~
In file included from out/ccode16.o.tmp.c:7:
./src/disk.c:773:6: warning: unknown attribute 'externally_visible' ignored [-Wunknown-attributes]
  773 | void VISIBLE16
      |      ^~~~~~~~~
./src/types.h:56:20: note: expanded from macro 'VISIBLE16'
   56 | # define VISIBLE16 __VISIBLE
      |                    ^~~~~~~~~
./src/types.h:40:35: note: expanded from macro '__VISIBLE'
   40 | # define __VISIBLE __attribute__((externally_visible))
      |                                   ^~~~~~~~~~~~~~~~~~
In file included from out/ccode32flat.o.tmp.c:6:
./src/cdrom.c:25:25: warning: unknown attribute 'externally_visible' ignored [-Wunknown-attributes]
   25 | struct eltorito_s CDEmu VARLOW = { .size=sizeof(CDEmu) };
      |                         ^~~~~~
./src/types.h:106:52: note: expanded from macro 'VARLOW'
  106 | # define VARLOW __section(".data.varlow." UNIQSEC) __VISIBLE __weak
      |                                                    ^~~~~~~~~
./src/types.h:40:35: note: expanded from macro '__VISIBLE'
   40 | # define __VISIBLE __attribute__((externally_visible))
      |                                   ^~~~~~~~~~~~~~~~~~
In file included from out/ccode32flat.o.tmp.c:6:
./src/cdrom.c:26:35: warning: unknown attribute 'externally_visible' ignored [-Wunknown-attributes]
   26 | struct drive_s *emulated_drive_gf VARLOW;
      |                                   ^~~~~~
./src/types.h:106:52: note: expanded from macro 'VARLOW'
  106 | # define VARLOW __section(".data.varlow." UNIQSEC) __VISIBLE __weak
      |                                                    ^~~~~~~~~
./src/types.h:40:35: note: expanded from macro '__VISIBLE'
   40 | # define __VISIBLE __attribute__((externally_visible))
      |                                   ^~~~~~~~~~~~~~~~~~
In file included from out/ccode32flat.o.tmp.c:6:
./src/cdrom.c:27:32: warning: unknown attribute 'externally_visible' ignored [-Wunknown-attributes]
   27 | struct drive_s *cdemu_drive_gf VARFSEG;
      |                                ^~~~~~~
./src/types.h:107:54: note: expanded from macro 'VARFSEG'
  107 | # define VARFSEG __section(".data.varfseg." UNIQSEC) __VISIBLE
      |                                                      ^~~~~~~~~
./src/types.h:40:35: note: expanded from macro '__VISIBLE'
   40 | # define __VISIBLE __attribute__((externally_visible))
      |                                   ^~~~~~~~~~~~~~~~~~
In file included from out/ccode16.o.tmp.c:8:
./src/mouse.c:277:6: warning: unknown attribute 'externally_visible' ignored [-Wunknown-attributes]
  277 | void VISIBLE16
      |      ^~~~~~~~~
./src/types.h:56:20: note: expanded from macro 'VISIBLE16'
   56 | # define VISIBLE16 __VISIBLE
      |                    ^~~~~~~~~
./src/types.h:40:35: note: expanded from macro '__VISIBLE'
   40 | # define __VISIBLE __attribute__((externally_visible))
      |                                   ^~~~~~~~~~~~~~~~~~
In file included from out/ccode32flat.o.tmp.c:7:
./src/disk.c:168:36: warning: taking address of packed member 'lba' of class or structure 'int13ext_s' may result in an unaligned pointer value [-Waddress-of-packed-member]
  168 |     dop.lba = GET_FARVAR(regs->ds, param_far->lba);
      |                                    ^~~~~~~~~~~~~~
./src/farptr.h:180:18: note: expanded from macro 'GET_FARVAR'
  180 |     (*((typeof(&(var)))MAKE_FLATPTR((seg), &(var))))
      |                  ^~~
In file included from out/ccode32flat.o.tmp.c:7:
./src/disk.c:177:57: warning: taking address of packed member 'data' of class or structure 'int13ext_s' may result in an unaligned pointer value [-Waddress-of-packed-member]
  177 |     dop.buf_fl = SEGOFF_TO_FLATPTR(GET_FARVAR(regs->ds, param_far->data));
      |                                                         ^~~~~~~~~~~~~~~
./src/farptr.h:180:18: note: expanded from macro 'GET_FARVAR'
  180 |     (*((typeof(&(var)))MAKE_FLATPTR((seg), &(var))))
      |                  ^~~
In file included from out/ccode32flat.o.tmp.c:7:
./src/disk.c:178:38: warning: taking address of packed member 'count' of class or structure 'int13ext_s' may result in an unaligned pointer value [-Waddress-of-packed-member]
  178 |     dop.count = GET_FARVAR(regs->ds, param_far->count);
      |                                      ^~~~~~~~~~~~~~~~
./src/farptr.h:180:18: note: expanded from macro 'GET_FARVAR'
  180 |     (*((typeof(&(var)))MAKE_FLATPTR((seg), &(var))))
      |                  ^~~
In file included from out/ccode32flat.o.tmp.c:7:
./src/disk.c:187:26: warning: taking address of packed member 'count' of class or structure 'int13ext_s' may result in an unaligned pointer value [-Waddress-of-packed-member]
  187 |     SET_FARVAR(regs->ds, param_far->count, dop.count);
      |                          ^~~~~~~~~~~~~~~~
./src/farptr.h:182:29: note: expanded from macro 'SET_FARVAR'
  182 |     do { GET_FARVAR((seg), (var)) = (val); } while (0)
      |                             ^~~
./src/farptr.h:180:18: note: expanded from macro 'GET_FARVAR'
  180 |     (*((typeof(&(var)))MAKE_FLATPTR((seg), &(var))))
      |                  ^~~
In file included from out/ccode32flat.o.tmp.c:7:
./src/disk.c:439:36: warning: unknown attribute 'externally_visible' ignored [-Wunknown-attributes]
  439 | u8 CDRom_locks[BUILD_MAX_EXTDRIVE] VARLOW;
      |                                    ^~~~~~
./src/types.h:106:52: note: expanded from macro 'VARLOW'
  106 | # define VARLOW __section(".data.varlow." UNIQSEC) __VISIBLE __weak
      |                                                    ^~~~~~~~~
./src/types.h:40:35: note: expanded from macro '__VISIBLE'
   40 | # define __VISIBLE __attribute__((externally_visible))
      |                                   ^~~~~~~~~~~~~~~~~~
In file included from out/ccode16.o.tmp.c:9:
./src/kbd.c:245:6: warning: unknown attribute 'externally_visible' ignored [-Wunknown-attributes]
  245 | void VISIBLE16
      |      ^~~~~~~~~
./src/types.h:56:20: note: expanded from macro 'VISIBLE16'
   56 | # define VISIBLE16 __VISIBLE
      |                    ^~~~~~~~~
./src/types.h:40:35: note: expanded from macro '__VISIBLE'
   40 | # define __VISIBLE __attribute__((externally_visible))
      |                                   ^~~~~~~~~~~~~~~~~~
In file included from out/ccode16.o.tmp.c:10:
./src/system.c:98:5: error: invalid input size for constraint 'Q'
   98 |     SET_FARVAR(gdt_seg, gdt_far[1], GDT_DATA | GDT_LIMIT((6*sizeof(u64))-1)
      |     ^
./src/farptr.h:143:35: note: expanded from macro 'SET_FARVAR'
  143 | #define SET_FARVAR(seg, var, val) __SET_FARVAR((seg), (var), (val))
      |                                   ^
./src/farptr.h:115:9: note: expanded from macro '__SET_FARVAR'
  115 |         SET_VAR(ES, (var), __sfv_val);          \
      |         ^
./src/farptr.h:145:32: note: expanded from macro 'SET_VAR'
  145 | #define SET_VAR(seg, var, val) __SET_VAR("", seg, (var), (val))
      |                                ^
./src/farptr.h:71:42: note: expanded from macro '__SET_VAR'
   71 |             WRITE8_SEG(prefix, seg, var, (val));        \
      |                                          ^
In file included from out/ccode16.o.tmp.c:10:
./src/system.c:104:5: error: invalid input size for constraint 'Q'
  104 |     SET_FARVAR(gdt_seg, gdt_far[4], GDT_CODE | lim | GDT_BASE(BUILD_BIOS_ADDR));
      |     ^
./src/farptr.h:143:35: note: expanded from macro 'SET_FARVAR'
  143 | #define SET_FARVAR(seg, var, val) __SET_FARVAR((seg), (var), (val))
      |                                   ^
./src/farptr.h:115:9: note: expanded from macro '__SET_FARVAR'
  115 |         SET_VAR(ES, (var), __sfv_val);          \
      |         ^
./src/farptr.h:145:32: note: expanded from macro 'SET_VAR'
  145 | #define SET_VAR(seg, var, val) __SET_VAR("", seg, (var), (val))
      |                                ^
./src/farptr.h:71:42: note: expanded from macro '__SET_VAR'
   71 |             WRITE8_SEG(prefix, seg, var, (val));        \
      |                                          ^
In file included from out/ccode16.o.tmp.c:10:
./src/system.c:107:5: error: invalid input size for constraint 'Q'
  107 |     SET_FARVAR(gdt_seg, gdt_far[5], GDT_DATA | lim | GDT_BASE(loc));
      |     ^
./src/farptr.h:143:35: note: expanded from macro 'SET_FARVAR'
  143 | #define SET_FARVAR(seg, var, val) __SET_FARVAR((seg), (var), (val))
      |                                   ^
./src/farptr.h:115:9: note: expanded from macro '__SET_FARVAR'
  115 |         SET_VAR(ES, (var), __sfv_val);          \
      |         ^
./src/farptr.h:145:32: note: expanded from macro 'SET_VAR'
  145 | #define SET_VAR(seg, var, val) __SET_VAR("", seg, (var), (val))
      |                                ^
./src/farptr.h:71:42: note: expanded from macro '__SET_VAR'
   71 |             WRITE8_SEG(prefix, seg, var, (val));        \
      |                                          ^
In file included from out/ccode16.o.tmp.c:10:
./src/system.c:184:6: warning: unknown attribute 'externally_visible' ignored [-Wunknown-attributes]
  184 | void VISIBLE16
      |      ^~~~~~~~~
./src/types.h:56:20: note: expanded from macro 'VISIBLE16'
   56 | # define VISIBLE16 __VISIBLE
      |                    ^~~~~~~~~
./src/types.h:40:35: note: expanded from macro '__VISIBLE'
   40 | # define __VISIBLE __attribute__((externally_visible))
      |                                   ^~~~~~~~~~~~~~~~~~
In file included from out/ccode16.o.tmp.c:10:
./src/system.c:194:5: error: invalid input size for constraint 'Q'
  194 |     SET_FARVAR(gdt_seg, gdt_far[7], GDT_CODE | GDT_LIMIT(BUILD_BIOS_SIZE-1)
      |     ^
./src/farptr.h:143:35: note: expanded from macro 'SET_FARVAR'
  143 | #define SET_FARVAR(seg, var, val) __SET_FARVAR((seg), (var), (val))
      |                                   ^
./src/farptr.h:115:9: note: expanded from macro '__SET_FARVAR'
  115 |         SET_VAR(ES, (var), __sfv_val);          \
      |         ^
./src/farptr.h:145:32: note: expanded from macro 'SET_VAR'
  145 | #define SET_VAR(seg, var, val) __SET_VAR("", seg, (var), (val))
      |                                ^
./src/farptr.h:71:42: note: expanded from macro '__SET_VAR'
   71 |             WRITE8_SEG(prefix, seg, var, (val));        \
      |                                          ^
In file included from out/ccode16.o.tmp.c:10:
./src/system.c:334:6: warning: unknown attribute 'externally_visible' ignored [-Wunknown-attributes]
  334 | void VISIBLE16
      |      ^~~~~~~~~
./src/types.h:56:20: note: expanded from macro 'VISIBLE16'
   56 | # define VISIBLE16 __VISIBLE
      |                    ^~~~~~~~~
./src/types.h:40:35: note: expanded from macro '__VISIBLE'
   40 | # define __VISIBLE __attribute__((externally_visible))
      |                                   ^~~~~~~~~~~~~~~~~~
In file included from out/ccode16.o.tmp.c:11:
./src/serial.c:166:6: warning: unknown attribute 'externally_visible' ignored [-Wunknown-attributes]
  166 | void VISIBLE16
      |      ^~~~~~~~~
./src/types.h:56:20: note: expanded from macro 'VISIBLE16'
   56 | # define VISIBLE16 __VISIBLE
      |                    ^~~~~~~~~
./src/types.h:40:35: note: expanded from macro '__VISIBLE'
   40 | # define __VISIBLE __attribute__((externally_visible))
      |                                   ^~~~~~~~~~~~~~~~~~
In file included from out/ccode32flat.o.tmp.c:12:
./src/sercon.c:49:1: warning: unknown attribute 'externally_visible' ignored [-Wunknown-attributes]
   49 | VARLOW u16 sercon_port;
      | ^~~~~~
./src/types.h:106:52: note: expanded from macro 'VARLOW'
  106 | # define VARLOW __section(".data.varlow." UNIQSEC) __VISIBLIn file included from Eout/ccode16.o.tmp.c :_11_:
w./src/serial.ce:a302k:
6      :|                                                     ^~~~~~~~~warning: 
unknown attribute 'externally_visible' ignored [-Wunknown-attributes]./src/types.h
:  40302: | 35v:o inote: dexpanded from macro '__VISIBLE' 
VIS   I40B | L#E 1d6e
  Compiling (16bit) out/romlayout.o
f      i| n     ^~~~~~~~~e
 ./src/types.h_:_56V:I20S:I Bnote: Lexpanded from macro 'VISIBLE16'E
    _56_ | a#t tdreifbiuntee _V_I(S(IeBxLtEe1r6n a_l_lVyI_SvIiBsLiEb
l      e| )                   ^~~~~~~~~)

./src/types.h      :| 40                                  ^~~~~~~~~~~~~~~~~~:
35: note: expanded from macro '__VISIBLE'
   40 | # define __VISIBLE __attribute__((exterIn file included from nout/ccode32flat.o.tmp.ca:l12l:
y./src/sercon.c_:v50i:s1i:b lwarning: eunknown attribute 'externally_visible' ignored [-Wunknown-attributes])
)   
50       | | V                                  ^~~~~~~~~~~~~~~~~~A
RLOW u8 sercon_split;
      | ^~~~~~
./src/types.h:106:52: note: expanded from macro 'VARLOW'
  106 | # define VARLOW __section(".data.varlow." UNIQSEC) __VISIBLE __weak
      |                                                    ^~~~~~~~~
./src/types.h:40:35: note: expanded from macro '__VISIBLE'
   40 | # define __VISIBLE __attribute__((externally_visible))
      |                                   ^~~~~~~~~~~~~~~~~~
In file included from out/ccode32flat.o.tmp.c:12:
./src/sercon.c:51:1: warning: unknown attribute 'externally_visible' ignored [-Wunknown-attributes]
   51 | VARLOW u8 sercon_enable;
      | ^~~~~~
./src/types.h:106:52: note: expanded from macro 'VARLOW'
  106 | # define VARLOW __section(".data.varlow." UNIQSEC) __VISIBLE __weak
      |                                                    ^~~~~~~~~
./src/types.h:40:35: note: expanded from macro '__VISIBLE'
   40 | # define __VISIBLE __attribute__((externally_visible))
      |                                   ^~~~~~~~~~~~~~~~~~
In file included from out/ccode32flat.o.tmp.c:12:
./src/sercon.c:52:1: warning: unknown attribute 'externally_visible' ignored [-Wunknown-attributes]
   52 | VARFSEG struct segoff_s sercon_real_vga_handler;
      | ^~~~~~~
./src/types.h:107:54: note: expanded from macro 'VARFSEG'
  107 | # define VARFSEG __section(".data.varfseg." UNIQSEC) __VISIBLE
      |                                                      ^~~~~~~~~
./src/types.h:40:35: note: expanded from macro '__VISIBLE'
   40 | # define __VISIBLE __attribute__((externally_visible))
      |                                   ^~~~~~~~~~~~~~~~~~
In file included from out/ccode32flat.o.tmp.c:12:
./src/sercon.c:64:1: warning: unknown attribute 'externally_visible' ignored [-Wunknown-attributes]
   64 | VARLOW u8 sercon_attr_last;
      | ^~~~~~
./src/types.h:106:52: note: expanded from macro 'VARLOW'
  106 | # define VARLOW __section(".data.varlow." UNIQSEC) __VISIBLE __weak
      |                                                    ^~~~~~~~~
./src/types.h:40:35: note: expanded from macro '__VISIBLE'
   In file included from 40out/ccode16.o.tmp.c | :#12 :
d./src/sercon.ce:f49i:n1e:  _warning: _unknown attribute 'externally_visible' ignored [-Wunknown-attributes]V
I   S49I | BVLAER L_O_Wa tut1r6i bsuetrec_o_n(_(peoxrtte;r
n      a| l^~~~~~l
y_./src/types.hv:i68s:i55b:l enote: )expanded from macro 'VARLOW')

         68|  |                                   ^~~~~~~~~~~~~~~~~~#
 define VARLOW __section(".discard.varlow." UNIQSEC)In file included from  out/ccode32flat.o.tmp.c_:_12V:
I./src/sercon.cS:I65B:L1E:  _warning: _unknown attribute 'externally_visible' ignored [-Wunknown-attributes]w
ea   k65
 |       V| A                                                      ^~~~~~~~~R
LO./src/types.hW: 40u:835 :s enote: rexpanded from macro '__VISIBLE'c
on   _40c | o#l _dleafsitn;e
       _| _^~~~~~V
I./src/types.hS:I106B:L52E:  _note: _expanded from macro 'VARLOW'a
tt  r106i | b#u tdee_f_i(n(ee xVtAeRrLnOaWl l_y__sveicstiibolne()").
d      a| t                                  ^~~~~~~~~~~~~~~~~~a
.varlow." UNIQSEC) __VISIBLE __weak
      |                                                    ^~~~~~~~~
./src/types.h:40In file included from :out/ccode16.o.tmp.c35::12 :
note: ./src/sercon.cexpanded from macro '__VISIBLE':
50:   140: |  #warning:  unknown attribute 'externally_visible' ignored [-Wunknown-attributes]d
e   f50i | nVeA R_L_OVWI SuI8B LsEe r_c_oant_tsrpilbiutt;e
_      _| (^~~~~~(
e./src/types.hx:t68e:r55n:a lnote: lexpanded from macro 'VARLOW'y
_   v68i | s#i bdleef)i)n
e       | V                                  ^~~~~~~~~~~~~~~~~~A
RLOW __section(".discard.varlow." UNIQSEC) __In file included from Vout/ccode32flat.o.tmp.cI:S12I:
B./src/sercon.cL:E66 :_1_:w ewarning: aunknown attribute 'externally_visible' ignored [-Wunknown-attributes]k

         | 66                                                      ^~~~~~~~~ | 
V./src/types.hA:R40L:O35W:  unote: 8expanded from macro '__VISIBLE' 
s   e40r | c#o nd_erfoiwn_el a_s_tV;I
S      I| B^~~~~~L
E./src/types.h :_106_:a52t:t rnote: iexpanded from macro 'VARLOW'b
ut  e106_ | _#( (deexftienren aVlAlRyL_OvWi s_i_bsleec)t)i
o      n| (                                  ^~~~~~~~~~~~~~~~~~"
.data.varlow." UNIQSEC) __VISIBLE __weIn file included from aout/ccode16.o.tmp.ck:
12      :
| ./src/sercon.c                                                   ^~~~~~~~~:
51./src/types.h::140:: 35warning: :unknown attribute 'externally_visible' ignored [-Wunknown-attributes] 
note:    expanded from macro '__VISIBLE'51
 | V   A40R | L#O Wd euf8i nsee r_c_oVnI_SeInBaLbEl e_;_
a      t| t^~~~~~r
i./src/types.hb:u68t:e55_:_ (note: (expanded from macro 'VARLOW'e
xt   e68r | n#a ldleyf_ivnies iVbAlReL)O)W
       _| _                                  ^~~~~~~~~~~~~~~~~~s
ection(".discard.varlow." UNIQSEC) __VISIBLE __weak
      | In file included from                                                       ^~~~~~~~~out/ccode32flat.o.tmp.c
:./src/types.h12::
40./src/sercon.c::3567:: 1note: :expanded from macro '__VISIBLE' 
warning:    unknown attribute 'externally_visible' ignored [-Wunknown-attributes]40
 | #    67d | eVfAiRnLeO W_ _uV8I SsIeBrLcEo n___cahtatrr;i
b      u| t^~~~~~e
_./src/types.h_:(106(:e52x:t enote: rexpanded from macro 'VARLOW'n
al  l106y | _#v idseifbilnee) )V
A      R| L                                  ^~~~~~~~~~~~~~~~~~O
W __section(".data.varlow." UNIQSEC) __VISIBLE In file included from _out/ccode16.o.tmp.c_:w12e:
a./src/sercon.ck:
52      :| 1                                                   ^~~~~~~~~:
 ./src/types.hwarning: :unknown attribute 'externally_visible' ignored [-Wunknown-attributes]40
:   3552: |  Vnote: Aexpanded from macro '__VISIBLE'R
F   S40E | G#  sdterfuicnte  s_e_gVoIfSfI_BsL Es e_r_caotnt_rriebault_ev_g_a(_(heaxntdelrenra;l
l      y| _^~~~~~~v
i./src/types.hs:i70b:l57e:) )note: 
expanded from macro 'VARFSEG'      
|                                   ^~~~~~~~~~~~~~~~~~   
70 | # define VARFSEG __section(".discard.varfsegIn file included from .out/ccode32flat.o.tmp.c": 12U:
N./src/sercon.cI:Q68S:E1C:)  warning: _unknown attribute 'externally_visible' ignored [-Wunknown-attributes]_
VI   S68I | BVLAER L_O_Ww eua8k 
s      e| r                                                        ^~~~~~~~~c
o./src/types.hn:_40a:t35t:r  note: =expanded from macro '__VISIBLE' 
0   x400 | 7#; 
d      e| f^~~~~~i
n./src/types.he: 106_:_52V:I Snote: Iexpanded from macro 'VARLOW'B
LE   106_ | _#a tdterfiibnuet eV_A_R(L(OeWx t_e_rsneacltliyo_nv(i"s.idbaltea).)v
a      r| l                                  ^~~~~~~~~~~~~~~~~~o
w." UNIQSEC) __VISIBLE __weak
      |                                                    ^~~~~~~~~
./src/types.h:40:35In file included from :out/ccode16.o.tmp.c :note: 12expanded from macro '__VISIBLE':

./src/sercon.c   :4064 | :#1 :d ewarning: funknown attribute 'externally_visible' ignored [-Wunknown-attributes]i
n   e64  | _V_AVRILSOIWB LuE8  _s_eartctorni_bauttter___l(a(setx;t
e      r| n^~~~~~a
l./src/types.hl:y68_:v55i:s inote: bexpanded from macro 'VARLOW'l
e   )68) | 
#       | d                                  ^~~~~~~~~~~~~~~~~~e
fine VARLOW __section(".discard.varlow." UNIQSEC) __VISIBLE __weak
      |                                                       ^~~~~~~~~
./src/types.h:40:35: note: expanded from macro '__VISIBLE'
   40 | # define __VISIBLE __attribute__((externally_visible))
      |                                   ^~~~~~~~~~~~~~~~~~
In file included from out/ccode16.o.tmp.c:12:
./src/sercon.c:65:1: warning: unknown attribute 'externally_visible' ignored [-Wunknown-attributes]
   65 | VARLOW u8 sercon_col_last;
      | ^~~~~~
./src/types.h:68:55: note: expanded from macro 'VARLOW'
   68 | # define VARLOW __section(".discard.varlow." UNIQSEC) __VISIBLE __weak
      |                                                       ^~~~~~~~~
./src/types.h:40:35: note: expanded from macro '__VISIBLE'
   40 | # define __VISIBLE __attribute__((externally_visible))
      |                                   ^~~~~~~~~~~~~~~~~~
In file included from out/ccode16.o.tmp.c:12:
./src/sercon.c:66:1: warning: unknown attribute 'externally_visible' ignored [-Wunknown-attributes]
   66 | VARLOW u8 sercon_row_last;
      | ^~~~~~
./src/types.h:68:55: note: expanded from macro 'VARLOW'
   68 | # define VARLOW __section(".discard.varlow." UNIQSEC) __VISIBLE __weak
      |                                                       ^~~~~~~~~
./src/types.h:40:35: note: expanded from macro '__VISIBLE'
   40 | # define __VISIBLE __attribute__((externally_visible))
      |                                   ^~~~~~~~~~~~~~~~~~
In file included from out/ccode16.o.tmp.c:12:
./src/sercon.c:67:1: warning: unknown attribute 'externally_visible' ignored [-Wunknown-attributes]
   67 | VARLOW u8 sercon_char;
      | ^~~~~~
./src/types.h:68:55: note: expanded from macro 'VARLOW'
   68 | # define VARLOW __section(".discard.varlow." UNIQSEC) __VISIBLE __weak
      |                                                       ^~~~~~~~~
./src/types.h:40:35: note: expanded from macro '__VISIBLE'
   40 | # define __VISIBLE __attribute__((externally_visible))
      |                                   ^~~~~~~~~~~~~~~~~~
In file included from out/ccode16.o.tmp.c:12:
./src/sercon.c:68:1: warning: unknown attribute 'externally_visible' ignored [-Wunknown-attributes]
   68 | VARLOW u8 sercon_attr = 0x07;
      | ^~~~~~
./src/types.h:68:55: note: expanded from macro 'VARLOW'
   68 | # define VARLOW __section(".discard.varlow." UNIQSEC) __VISIBLE __weak
      |                                                       ^~~~~~~~~
./src/types.h:40:35: note: expanded from macro '__VISIBLE'
   40 | # define __VISIBLE __attribute__((externally_visible))
      |                                   ^~~~~~~~~~~~~~~~~~
In file included from out/ccode32flat.o.tmp.c:12:
./src/sercon.c:551:1: warning: unknown attribute 'externally_visible' ignored [-Wunknown-attributes]
  551 | VARLOW u8 rx_buf[16];
      | ^~~~~~
./src/types.h:106:52: note: expanded from macro 'VARLOW'
  106 | # define VARLOW __section(".data.varlow." UNIQSEC) __VISIBLE __weak
      |                                                    ^~~~~~~~~
./src/types.h:40:35: note: expanded from macro '__VISIBLE'
   40 | # define __VISIBLE __attribute__((externally_visible))
      |                                   ^~~~~~~~~~~~~~~~~~
In file included from out/ccode32flat.o.tmp.c:12:
./src/sercon.c:552:1: warning: unknown attribute 'externally_visible' ignored [-Wunknown-attributes]
  552 | VARLOW u8 rx_bytes;
      | ^~~~~~
./src/types.h:106:52: note: expanded from macro 'VARLOW'
  106 | # define VARLOW __section(".data.varlow." UNIQSEC) __VISIBLE __weak
      |                                                    ^~~~~~~~~
./src/types.h:40:35: note: expanded from macro '__VISIBLE'
   40 | # define __VISIBLE __attribute__((externally_visible))
      |                                   ^~~~~~~~~~~~~~~~~~
In file included from out/ccode32flat.o.tmp.c:13:
./src/clock.c:30:12: warning: unknown attribute 'externally_visible' ignored [-Wunknown-attributes]
   30 | u8 Century VARLOW;
      |            ^~~~~~
./src/types.h:106:52: note: expanded from macro 'VARLOW'
  106 | # define VARLOW __section(".data.varlow." UNIQSEC) __VISIBLE __weak
      |                                                    ^~~~~~~~~
./src/types.h:40:35: note: expanded from macro '__VISIBLE'
   40 | # define __VISIBLE __attribute__((externally_visible))
      |                                   ^~~~~~~~~~~~~~~~~~
In file included from out/ccode32flat.o.tmp.c:13:
./src/clock.c:317:22: warning: unknown attribute 'externally_visible' ignored [-Wunknown-attributes]
  317 | u32 last_timer_check VARLOW;
      |                      ^~~~~~
./src/types.h:106:52: note: expanded from macro 'VARLOW'
  106 | # define VARLOW __section(".data.varlow." UNIQSEC) __VISIBLE __weak
      |                                                    ^~~~~~~~~
./src/types.h:40:35: note: expanded from macro '__VISIBLE'
   40 | # define __VISIBLE __attribute__((externally_visible))
      |                                   ^~~~~~~~~~~~~~~~~~
In file included from out/ccode16.o.tmp.c:12:
./src/sercon.c:477:6: warning: unknown attribute 'externally_visible' ignored [-Wunknown-attributes]
  477 | void VISIBLE16
      |      ^~~~~~~~~
./src/types.h:56:20: note: expanded from macro 'VISIBLE16'
   56 | # define VISIBLE16 __VISIBLE
      |                    ^~~~~~~~~
./src/types.h:40:35: note: expanded from macro '__VISIBLE'
   40 | # define __VISIBLE __attribute__((externally_visible))
      |                                   ^~~~~~~~~~~~~~~~~~
In file included from out/ccode16.o.tmp.c:12:
./src/sercon.c:551:1: warning: unknown attribute 'externally_visible' ignored [-Wunknown-attributes]
  551 | VARLOW u8 rx_buf[16];
      | ^~~~~~
./src/types.h:68:55: note: expanded from macro 'VARLOW'
   68 | # define VARLOW __section(".discard.varlow." UNIQSEC) __VISIBLE __weak
      |                                                       ^~~~~~~~~
./src/types.h:40:35: note: expanded from macro '__VISIBLE'
   40 | # define __VISIBLE __attribute__((externally_visible))
      |                                   ^~~~~~~~~~~~~~~~~~
In file included from out/ccode16.o.tmp.c:12:
./src/sercon.c:552:1: warning: unknown attribute 'externally_visible' ignored [-Wunknown-attributes]
  552 | VARLOW u8 rx_bytes;
      | ^~~~~~
./src/types.h:68:55: note: expanded from macro 'VARLOW'
   68 | # define VARLOW __section(".discard.varlow." UNIQSEC) __VISIBLE __weak
      |                                                       ^~~~~~~~~
./src/types.h:40:35: note: expanded from macro '__VISIBLE'
   40 | # define __VISIBLE __attribute__((externally_visible))
      |                                   ^~~~~~~~~~~~~~~~~~
In file included from out/ccode32flat.o.tmp.c:14:
./src/resume.c:146:6: warning: unknown attribute 'externally_visible' ignored [-Wunknown-attributes]
  146 | void VISIBLE32FLAT
      |      ^~~~~~~~~~~~~
./src/types.h:101:60: note: expanded from macro 'VISIBLE32FLAT'
  101 | # define VISIBLE32FLAT __section(".text.runtime." UNIQSEC) __VISIBLE
      |                                                            ^~~~~~~~~
./src/types.h:40:35: note: expanded from macro '__VISIBLE'
   40 | # define __VISIBLE __attribute__((externally_visible))
      |                                   ^~~~~~~~~~~~~~~~~~
In file included from out/ccode32flat.o.tmp.c:15:
./src/pnpbios.c:18:42: warning: unknown attribute 'externally_visible' ignored [-Wunknown-attributes]
   18 | struct pnpheader PNPHEADER __aligned(16) VARFSEG = {
      |                                          ^~~~~~~
./src/types.h:107:54: note: expanded from macro 'VARFSEG'
  107 | # define VARFSEG __section(".data.varfseg." UNIQSEC) __VISIBLE
      |                                                      ^~~~~~~~~
./src/types.h:40:35: note: expanded from macro '__VISIBLE'
   40 | # define __VISIBLE __attribute__((externally_visible))
      |                                   ^~~~~~~~~~~~~~~~~~
In file included from out/ccode32flat.o.tmp.c:16:
./src/vgahooks.c:22:24: warning: unknown attribute 'externally_visible' ignored [-Wunknown-attributes]
   22 | int VGAHookHandlerType VARFSEG;
      |                        ^~~~~~~
./src/types.h:107:54: note: expanded from macro 'VARFSEG'
  107 | # define VARFSEG __section(".data.varfseg." UNIQSEC) __VISIBLE
      |                                                      ^~~~~~~~~
./src/types.h:40:35: note: expanded from macro '__VISIBLE'
   40 | # define __VISIBLE __attribute__((externally_visible))
      |                                   ^~~~~~~~~~~~~~~~~~
In file included from out/ccode32flat.o.tmp.c:16:
./src/vgahooks.c:40:15: warning: unknown attribute 'externally_visible' ignored [-Wunknown-attributes]
   40 | int ViaFBsize VARFSEG, ViaRamSpeed VARFSEG;
      |               ^~~~~~~
./src/types.h:107:54: note: expanded from macro 'VARFSEG'
  107 | # define VARFSEG __section(".data.varfseg." UNIQSEC) __VISIBLE
      |                                                      ^~~~~~~~~
./src/types.h:40:35: note: expanded from macro '__VISIBLE'
   40 | # define __VISIBLE __attribute__((externally_visible))
      |                                   ^~~~~~~~~~~~~~~~~~
In file included from out/ccode16.o.tmp.c:13:
./src/clock.c:30:In file included from 12out/ccode32flat.o.tmp.c:: 16warning: :
unknown attribute 'externally_visible' ignored [-Wunknown-attributes]./src/vgahooks.c
:   4030: | 36u:8  warning: Cunknown attribute 'externally_visible' ignored [-Wunknown-attributes]e
n   t40u | riyn tV AVRiLaOFWB;s
i      z| e           ^~~~~~ 
V./src/types.hA:R68F:S55E:G ,note:  expanded from macro 'VARLOW'V
i   a68R | a#m Sdpeefeidn eV AVRAFRSLEOGW; 
_      _| s                                   ^~~~~~~e
c./src/types.ht:i107o:n54(:" .note: dexpanded from macro 'VARFSEG'i
sc  a107r | d#. vdaerflionwe. "V AURNFISQESGE C_)_ s_e_cVtIiSoInB(L"E. d_a_twae.avka
r      f| s                                                      ^~~~~~~~~e
g./src/types.h.:"40 :U35N:I Qnote: Sexpanded from macro '__VISIBLE'E
C   )40  | _#_ VdIeSfIiBnLeE 
_      _| V                                                     ^~~~~~~~~I
S./src/types.hI:B40L:E35 :_ _note: aexpanded from macro '__VISIBLE't
tr   i40b | u#t ed_e_f(i(neex t_e_rVnIaSlIlByL_Ev i_s_iabtlter)i)b
u      t| e                                  ^~~~~~~~~~~~~~~~~~_
_((externally_visible))
      |                                   ^~~~~~~~~~~~~~~~~~
In file included from out/ccode32flat.o.tmp.c:16:
./src/vgahooks.c:179:21: warning: unknown attribute 'externally_visible' ignored [-Wunknown-attributes]
  179 | u8 IntelDisplayType VARFSEG, IntelDisplayId VARFSEG;
      |                     ^~~~~~~
./src/types.h:107:54: note: expanded from macro 'VARFSEG'
  107 | # define VARFSEG __section(".data.varfseg." UNIQSEC) __VISIBLE
      |                                                      ^~~~~~~~~
./src/types.h:40:35: note: expanded from macro '__VISIBLE'
   40 | # define __VISIBLE __attribute__((externally_visible))
      |                                   ^~~~~~~~~~~~~~~~~~
In file included from out/ccode32flat.o.tmp.c:16:
./src/vgahooks.c:179:45: warning: unknown attribute 'externally_visible' ignored [-Wunknown-attributes]
  179 | u8 IntelDisplayType VARFSEG, IntelDisplayId VARFSEG;
      |                                             ^~~~~~~
./src/types.h:107:54: note: expanded from macro 'VARFSEG'
  107 | # define VARFSEG __section(".data.varfseg." UNIQSEC) __VISIBLE
      |                                                      ^~~~~~~~~
./src/types.h:40:35: note: expanded from macro '__VISIBLE'
   40 | # define __VISIBLE __attribute__((externally_visible))
      |                                   ^~~~~~~~~~~~~~~~~~
In file included from out/ccode32flat.o.tmp.c:16:
./src/vgahooks.c:262:19: warning: unknown attribute 'externally_visible' ignored [-Wunknown-attributes]
  262 | u8 SmiBooIn file included from tout/ccode16.o.tmp.cD:i13s:
p./src/clock.cl:a262y: 6V:A Rwarning: Funknown attribute 'externally_visible' ignored [-Wunknown-attributes]S
EG  ;262  | /v/o i1d:  VLICSDI,B L2E:1 6C
R      T| ,     ^~~~~~~~~ 
3./src/types.h:: 56B:o20t:h  note: *expanded from macro 'VISIBLE16'/

         56|  |                   ^~~~~~~#
 d./src/types.he:f107i:n54e:  Vnote: Iexpanded from macro 'VARFSEG'S
IB  L107E | 1#6  d_e_fViInSeI BVLAER
F      S| E                   ^~~~~~~~~G
 ./src/types.h_:_40s:e35c:t inote: oexpanded from macro '__VISIBLE'n
(   "40. | d#a tdae.fvianref s_e_gV.I"S IUBNLIEQ S_E_Ca)t t_r_iVbIuStIeB_L_E(
(      e| x                                                     ^~~~~~~~~t
e./src/types.hr:n40a:l35l:y _note: vexpanded from macro '__VISIBLE'i
s   i40b | l#e )d)e
f      i| n                                  ^~~~~~~~~~~~~~~~~~e
 __VISIBLE __attribute__((externally_visible))
      |                                   ^~~~~~~~~~~~~~~~~~
In file included from out/ccode16.o.tmp.c:13:
./src/clock.c:302:6: warning: unknown attribute 'externally_visible' ignored [-Wunknown-attributes]
  302 | void VISIBLE16
      |      ^~~~~~~~~
./src/types.h:56:20: note: expanded from macro 'VISIBLE16'
   56 | # define VISIBLE16 __VISIBLE
      |                    ^~~~~~~~~
./src/types.h:40:35: note: expanded from macro '__VISIBLE'
   40 | # define __VISIBLE __attribute__((externally_visible))
      |                                   ^~~~~~~~~~~~~~~~~~
In file included from out/ccode16.o.tmp.c:13:
./src/clock.c:317:22: warning: unknown attribute 'externally_visible' ignored [-Wunknown-attributes]
  317 | u32 last_timer_check VARLOW;
      |                      ^~~~~~
./src/types.h:68:55: note: expanded from macro 'VARLOW'
   68 | # define VARLOW __section(".discard.varlow." UNIQSEC) __VISIBLE __weak
      |                                                       ^~~~~~~~~
./src/types.h:40:35: note: expanded from macro '__VISIBLE'
   40 | # define __VISIBLE __attribute__((externally_visible))
      |                                   ^~~~~~~~~~~~~~~~~~
In file included from out/ccode32flat.o.tmp.c:17:
./src/pcibios.c:154:30: warning: taking address of packed member 'size' of class or structure 'pir_header' may result in an unaligned pointer value [-Waddress-of-packed-member]
  154 |     u16 pirsize = GET_GLOBAL(pirtable_g->size) - sizeof(struct pir_header);
      |                              ^~~~~~~~~~~~~~~~
./src/biosvar.h:101:39: note: expanded from macro 'GET_GLOBAL'
  101 |     GET_VAR(GLOBAL_SEGREG, *(typeof(&(var)))((void*)&(var)              \
      |                                       ^~~
./src/farptr.h:183:28: note: expanded from macro 'GET_VAR'
  183 | #define GET_VAR(seg, var) (var)
      |                            ^~~
In file included from out/ccode32flat.o.tmp.c:17:
./src/pcibios.c:172:27: warning: taking address of packed member 'exclusive_irqs' of class or structure 'pir_header' may result in an unaligned pointer value [-Waddress-of-packed-member]
  172 |     regs->bx = GET_GLOBAL(pirtable_g->exclusive_irqs);
      |                           ^~~~~~~~~~~~~~~~~~~~~~~~~~
./src/biosvar.h:101:39: note: expanded from macro 'GET_GLOBAL'
  101 |     GET_VAR(GLOBAL_SEGREG, *(typeof(&(var)))((void*)&(var)     In file included from  out/ccode16.o.tmp.c : 13 :
 ./src/clock.c : 457 : 6\:
       warning: | unknown attribute 'externally_visible' ignored [-Wunknown-attributes]                                      ^~~

  457./src/farptr.h | :v183o:i28d:  Vnote: Iexpanded from macro 'GET_VAR'S
I  B183L | E#1d6e
f      i| n     ^~~~~~~~~e
 ./src/types.hG:E56T:_20V:A Rnote: (expanded from macro 'VISIBLE16's
e   g56, |  #v adre)f i(nvea rV)I
S      I| B                           ^~~L
E16 __VISIBLE
      |                    ^~~~~~~~~
./src/types.h:40:35: note: expanded from macro '__VISIBLE'
   40 | # define __VISIBLE __attribute__((externally_visible))
      |                                   ^~~~~~~~~~~~~~~~~~
In file included from out/ccode32flat.o.tmp.c:17:
./src/pcibios.c:229:44: warning: unknown attribute 'externally_visible' ignored [-Wunknown-attributes]
  229 | struct bios32_s BIOS32HEADER __aligned(16) VARFSEG = {
      |                                            ^~~~~~~
./src/types.h:107:54: note: expanded from macro 'VARFSEG'
  107 | # define VARFSEG __section(".data.varfseg." UNIQSEC) __VISIBLE
      |                                                      ^~~~~~~~~
./src/types.h:40:35: note: expanded from macro '__VISIBLE'
   40 | # define __VISIBLE __attribute__((externally_visible))
      |                                   ^~~~~~~~~~~~~~~~~~
In file included from out/ccode16.o.tmp.c:14:
./src/resume.c:23:6: warning: unknown attribute 'externally_visible' ignored [-Wunknown-attributes]
   23 | void VISIBLE16
      |      ^~~~~~~~~
./src/types.h:56:20: note: expanded from macro 'VISIBLE16'
   56 | # define VISIBLE16 __VISIBLE
      |                    ^~~~~~~~~
./src/types.h:40:35: note: expanded from macro '__VISIBLE'
   40 | # define __VISIBLE __attribute__((externally_visible))
      |                                   ^~~~~~~~~~~~~~~~~~
In file included from out/ccode16.o.tmp.c:15:
./src/pnpbios.c:18:42: warning: unknown attribute 'externally_visible' ignored [-Wunknown-attributes]
   18 | struct pnpheader PNPHEADER __aligned(16) VARFSEG = {
      |                                          ^~~~~~~
./src/types.h:70:57: note: expanded from macro 'VARFSEG'
   70 | # define VARFSEG __section(".discard.varfseg." UNIQSEC) __VISIBLE __weak
      |                                                         ^~~~~~~~~
./src/types.h:40:35: note: expanded from macro '__VISIBLE'
   40 | # define __VISIBLE __attribute__((externally_visible))
      |                                   ^~~~~~~~~~~~~~~~~~
In file included from out/ccode16.o.tmp.c:15:
./src/pnpbios.c:50:5: warning: unknown attribute 'externally_visible' ignored [-Wunknown-attributes]
   50 | u16 VISIBLE16
      |     ^~~~~~~~~
./src/types.h:56:20: note: expanded from macro 'VISIBLE16'
   56 | # define VISIBLE16 __VISIBLE
      |                    ^~~~~~~~~
./src/types.h:40:35: note: expanded from macro '__VISIBLE'
   40 | # define __VISIBLE __attribute__((externally_visible))
      |                                   ^~~~~~~~~~~~~~~~~~
In file included from out/ccode16.o.tmp.c:16:
./src/vgahooks.c:22:24: warning: unknown attribute 'externally_visible' ignored [-Wunknown-attributes]
   22 | int VGAHookHandlerType VARFSEG;
      |                        ^~~~~~~
./src/types.h:70:57: note: expanded from macro 'VARFSEG'
   70 | # defineIn file included from  out/ccode32flat.o.tmp.cV:A21R:
F./src/hw/timer.cS:E52G: 14_:_ swarning: eunknown attribute 'externally_visible' ignored [-Wunknown-attributes]c
t   i52o | nu(3"2. dTiismcearrKdH.zv aVrAfRsFeSgE.G"  =U NDIIQVS_ERCO)U N_D__VUIPS(IPBMLTEI M_E_Rw_eHaZk,
       1| 0                                                        ^~~~~~~~~0
0./src/types.h :*40 :P35M:T Inote: Mexpanded from macro '__VISIBLE'E
R_   T40O | _#P IdTe)f;i
n      e|               ^~~~~~~_
_V./src/types.hI:S107I:B54L:E  note: _expanded from macro 'VARFSEG'_
at  t107r | i#b udteef_i_n(e( eVxAtReFrSnEaGl l_y__sveicstiibolne()").
d      a| t                                  ^~~~~~~~~~~~~~~~~~a
.varfseg." UNIQSEC) __VISIBLE
      |                                                      ^~~~~~~~~
./src/types.h:40:35: note: expanded from macro '__VISIBLE'
   40 | # define __VISIBLE __attribute__((externally_visible))
      |                                   ^~~~~~~~~~~~~~~~~~
In file included from out/ccode16.o.tmp.c:16:
./src/vgahooks.c:40:15: warning: unknown attribute 'externally_visible' ignored [-Wunknown-attributes]
   40 | int ViaFBsize VARFSEG, ViaRamSpeed VARIn file included from Fout/ccode32flat.o.tmp.cS:E21G:
;./src/hw/timer.c
:      53| :              ^~~~~~~15
: ./src/types.hwarning: :unknown attribute 'externally_visible' ignored [-Wunknown-attributes]70
:57   :53  | note: uexpanded from macro 'VARFSEG'1
6    T70i | m#e rdPeofritn eV AVRAFRSFESGE G=  _P_OsReTc_tPiIoTn_(C"O.UdNiTsEcRa0r;d
.      v| a              ^~~~~~~r
f./src/types.hs:e107g:.54":  Unote: Nexpanded from macro 'VARFSEG'I
QS  E107C | )#  _d_eVfIiSnIeB LVEA R_F_SwEeGa k_
_      s| e                                                        ^~~~~~~~~c
t./src/types.hi:o40n:(35":. dnote: aexpanded from macro '__VISIBLE't
a   .40v | a#r fdseefgi.n"e  U_N_IVQISSEICB)L E_ __V_IaStItBrLiEb
u      t| e                                                     ^~~~~~~~~_
_./src/types.h(:(40e:x35t:e rnote: nexpanded from macro '__VISIBLE'a
l   l40y | _#v idseifbilnee) )_
_      V| I                                  ^~~~~~~~~~~~~~~~~~S
IBLE __attribute__((externally_vIn file included from iout/ccode16.o.tmp.cs:i16b:
l./src/vgahooks.ce:)40):
36      :|                                    ^~~~~~~~~~~~~~~~~~warning: 
unknown attribute 'externally_visible' ignored [-Wunknown-attributes]
   40 | int ViaFBsize VARFSEG, ViaRamSpeed In file included from Vout/ccode32flat.o.tmp.cA:R21F:
S./src/hw/timer.cE:G54;:
13      :|                                     ^~~~~~~warning: 
unknown attribute 'externally_visible' ignored [-Wunknown-attributes]./src/types.h
:70   :5457 | :u 8note:  expanded from macro 'VARFSEG'S
hi   f70t | T#S Cd eVfAiRnFeS EVGA;R
F      S| E            ^~~~~~~G
 ./src/types.h_:_107s:e54c:t inote: oexpanded from macro 'VARFSEG'n
("  .107d | i#s cdaerfdi.nvea rVfAsReFgS.E"G  U_N_IsQeScEtCi)o n_(_"V.IdSaItBaL.Ev a_r_fwseeagk.
"       | U                                                        ^~~~~~~~~N
I./src/types.hQ:S40E:C35):  _note: _expanded from macro '__VISIBLE'V
IS   I40B | L#E 
d      e| f                                                     ^~~~~~~~~i
ne./src/types.h :_40_:V35I:S Inote: Bexpanded from macro '__VISIBLE'L
E    _40_ | a#t tdreifbiuntee ____(V(IeSxItBeLrEn a_l_layt_tvriisbiubtlee_)_)(
(      e| x                                  ^~~~~~~~~~~~~~~~~~t
ernally_visible))
      |                                   ^~~~~~~~~~~~~~~~~~
In file included from out/ccode32flat.o.tmp.c:21:
./src/hw/timer.c:131:15: warning: unknown attribute 'externally_visible' ignored [-Wunknown-attributes]
  131 | u32 TimerLast VARLOW;
      |               ^~~~~~
./src/types.h:106:52: note: expanded from macro 'VARLOW'
  106 | # define VARLOW _In file included from _out/ccode16.o.tmp.cs:e16c:
t./src/vgahooks.ci:o179n:(21":. dwarning: aunknown attribute 'externally_visible' ignored [-Wunknown-attributes]t
a.v  a179r | luo8w .I"n tUeNlIDQiSsEpCl)a y_T_yVpIeS IVBALREF S_E_Gw,e aIkn
t      e| l                                                   ^~~~~~~~~D
is./src/types.hp:l40a:y35I:d  note: Vexpanded from macro '__VISIBLE'A
RF   S40E | G#; 
d      e| f                    ^~~~~~~i
ne./src/types.h :_70_:V57I:S Inote: Bexpanded from macro 'VARFSEG'L
E    _70_ | a#t tdreifbiuntee _V_A(R(FeSxEtGe r_n_aslelcyt_ivoins(i"b.ldei)s)c
a      r| d                                  ^~~~~~~~~~~~~~~~~~.
varfseg." UNIQSEC) __VISIBLE __weak
      |                                                         ^~~~~~~~~
./src/types.h:40:35: note: expanded from macro '__VISIBLE'
   40 | # define __VISIBLE __attribute__((externally_visible))
      |                                   ^~~~~~~~~~~~~~~~~~
In file included from out/ccode16.o.tmp.c:16:
./src/vgahooks.c:179:45: warning: unknown attribute 'externally_visible' ignored [-Wunknown-attributes]
  179 | u8 IntelDisplayType VARFSEG, IntelDisplayId VARFSEG;
      |                                             ^~~~~~~
./src/types.h:70:57: note: expanded from macro 'VARFSEG'
   70 | # define VARFSEG __section(".discard.varfseg." UNIQSEC) __VISIBLE __weak
      |                                                         ^~~~~~~~~
./src/types.h:40:35: note: expanded from macro '__VISIBLE'
   40 | # define __VISIBLE __attribute__((externally_visible))
      |                                   ^~~~~~~~~~~~~~~~~~
In file included from out/ccode16.o.tmp.c:16:
./src/vgahooks.c:262:19: warning: unknown attribute 'externally_visible' ignored [-Wunknown-attributes]
  262 | u8 SmiBootDisplay VARFSEG; // 1: LCD, 2: CRT, 3: Both */
      |                   ^~~~~~~
./src/types.h:70:57: note: expanded from macro 'VARFSEG'
   70 | # define VARFSEG __section(".discard.varfseg." UNIQSEC) __VISIBLE __weak
      |                                                         ^~~~~~~~~
./src/types.h:40:35: note: expanded from macro '__VISIBLE'
   40 | # define __VISIBLE __attribute__((externally_visible))
      |                                   ^~~~~~~~~~~~~~~~~~
clang: warning: optimization flag '-fno-merge-constants' is not supported [-Wignored-optimization-argument]
clang: warning: optimization flag '-fno-defer-pop' is not supported [-Wignored-optimization-argument]
In file included from out/ccode32flat.o.tmp.c:22:
./src/hw/rtc.c:74:14: warning: unknown attribute 'externally_visible' ignored [-Wunknown-attributes]
   74 | int RTCusers VARLOW;
      |              ^~~~~~
./src/types.h:106:52: note: expanded from macro 'VARLOW'
  106 | # define VARLOW __section(".data.varlow." UNIQSEC) __VISIBLE __weak
      |                                                    ^~~~~~~~~
./src/types.h:40:35: note: expanded from macro '__VISIBLE'
   40 | # define __VISIBLE __attribute__((externally_visible))
      |                                   ^~~~~~~~~~~~~~~~~~
In file included from out/ccode16.o.tmp.c:17:
./src/pcibios.c:154:30: warning: taking address of packed member 'size' of class or structure 'pir_header' may result in an unaligned pointer value [-Waddress-of-packed-member]
  154 |     u16 pirsize = GET_GLOBAL(pirtable_g->size) - sizeof(struct pir_header);
      |                              ^~~~~~~~~~~~~~~~
./src/biosvar.h:101:39: note: expanded from macro 'GET_GLOBAL'
  101 |     GET_VAR(GLOBAL_SEGREG, *(typeof(&(var)))((void*)&(var)              \
      |                                       ^~~
./src/farptr.h:144:47: note: expanded from macro 'GET_VAR'
  144 | #define GET_VAR(seg, var) __GET_VAR("", seg, (var))
      |                                               ^~~
./src/farptr.h:56:12: note: expanded from macro '__GET_VAR'
   56 |     typeof(var) __val;                          \
      |            ^~~
In file included from out/ccode16.o.tmp.c:17:
./src/pcibios.c:154:30: warning: taking address of packed member 'size' of class or structure 'pir_header' may result in an unaligned pointer value [-Waddress-of-packed-member]
  154 |     u16 pirsize = GET_GLOBAL(pirtable_g->size) - sizeof(struct pir_header);
      |                              ^~~~~~~~~~~~~~~~
./src/biosvar.h:101:39: note: expanded from macro 'GET_GLOBAL'
  101 |     GET_VAR(GLOBAL_SEGREG, *(typeof(&(var)))((void*)&(var)              \
      |                                       ^~~
./src/farptr.h:144:47: note: expanded from macro 'GET_VAR'
  144 | #define GET_VAR(seg, var) __GET_VAR("", seg, (var))
      |                                               ^~~
./src/farptr.h:58:39: note: expanded from macro '__GET_VAR'
   58 |         READ8_SEG(prefix, seg, __val, var);     \
      |                                       ^~~
./src/farptr.h:19:19: note: expanded from macro 'READ8_SEG'
   19 |             : "m"(var), "m"(__segment_ ## SEG))
      |                   ^~~
In file included from out/ccode16.o.tmp.c:17:
./src/pcibios.c:154:30: warning: taking address of packed member 'size' of class or structure 'pir_header' may result in an unaligned pointer value [-Waddress-of-packed-member]
  154 |     u16 pirsize = GET_GLOBAL(pirtable_g->size) - sizeof(struct pir_header);
      |                              ^~~~~~~~~~~~~~~~
./src/biosvar.h:101:39: note: expanded from macro 'GET_GLOBAL'
  101 |     GET_VAR(GLOBAL_SEGREG, *(typeof(&(var)))((void*)&(var)              \
      |                                       ^~~
./src/farptr.h:144:47: In file included from note: out/ccode32flat.o.tmp.cexpanded from macro 'GET_VAR':
25:
  ./src/hw/ps2port.c144: | 211#:d11e:f iwarning: nunknown attribute 'externally_visible' ignored [-Wunknown-attributes]e
 GE  T211_ | VuA8R (Psse2gc,t rv aVrA)R L_O_WG E=T _IV8A0R4(2"_"C,T Rs_eKgB,D D(IvSa r|) )I
8      0| 4                                              ^~~2
_CT./src/farptr.hR:_60A:U40X:D Inote: Sexpanded from macro '__GET_VAR';

         60|  |           ^~~~~~ 
 ./src/types.h : 106 : 52 :  Rnote: Eexpanded from macro 'VARLOW'A
D  11066 | _#S EdGe(fpirneef iVxA,R LsOeWg ,_ __s_evcatli,o nv(a"r.)d;a t a . v\a
r      l| o                                       ^~~w
."./src/farptr.h :U22N:I19Q:S Enote: Cexpanded from macro 'READ16_SEG')
 _   _22V | I S I B L E   _ _ w e a k:
       "| m                                                   ^~~~~~~~~"
(v./src/types.ha:r40):,35 :" mnote: "expanded from macro '__VISIBLE'(
_   _40s | e#g mdeenfti_n e# #_ _SVEIGS)I)B
L      E|                    ^~~_
_attribute__((externally_visible))
      |                                   ^~~~~~~~~~~~~~~~~~
In file included from out/ccode16.o.tmp.c:17:
./src/pcibios.c:154:30: warning: taking address of packed member 'size' of class or structure 'pir_header' may result in an unaligned pointer value [-Waddress-of-packed-member]
  154 |     u16 pirsize = GET_GLOBAL(pirtable_g->size) - sizeof(struct pir_header);
      |                              ^~~~~~~~~~~~~~~~
./src/biosvar.h:101:39: note: expanded from macro 'GET_GLOBAL'
  101 |     GET_VAR(GLOBAL_SEGREG, *(typeof(&(var)))((void*)&(var)              \
      |                                       ^~~
./src/farptr.h:144:47: note: expanded from macro 'GET_VAR'
  144 | #define GET_VAR(seg, var) __GET_VAR("", seg, (var))
      |                                               ^~~
./src/farptr.h:62:40: note: expanded from macro '__GET_VAR'
   62 |         READ32_SEG(prefix, seg, __val, var);    \
      |                                        ^~~
./src/farptr.h:25:19: note: expanded from macro 'READ32_SEG'
   25 |             : "m"(var), "m"(__segment_ ## SEG))
      |                   ^~~
In file included from out/ccode16.o.tmp.c:17:
./src/pcibios.c:154:30: warning: taking address of packed member 'size' of class or structure 'pir_header' may result in an unaligned pointer value [-Waddress-of-packed-member]
  154 |     u16 pirsize = GET_GLOBAL(pirtable_g->size) - sizeof(struct pir_header);
      |                              ^~~~~~~~~~~~~~~~
./src/biosvar.h:101:39: note: expanded from macro 'GET_GLOBAL'
  101 |     GET_VAR(GLOBAL_SEGREG, *(typeof(&(var)))((void*)&(var)              \
      |                                       ^~~
./src/farptr.h:144:47: note: expanded from macro 'GET_VAR'
  144 | #define GET_VAR(seg, var) __GET_VAR("", seg, (var))
      |                                               ^~~
./src/farptr.h:64:40: note: expanded from macro '__GET_VAR'
   64 |         READ64_SEG(prefix, seg, __val, var);    \
      |                                        ^~~
./src/farptr.h:28:59: note: expanded from macro 'READ64_SEG'
   28 |         union u64_u32_u *__r64_ptr = (union u64_u32_u *)&(var); \
      |                                                           ^~~
In file included from out/ccode16.o.tmp.c:17:
./src/pcibios.c:172:27: warning: taking address of packed member 'exclusive_irqs' of class or structure 'pir_header' may result in an unaligned pointer value [-Waddress-of-packed-member]
  172 |     regs->bx = GET_GLOBAL(pirtable_g->exclusive_irqs);
      |                           ^~~~~~~~~~~~~~~~~~~~~~~~~~
./src/biosvar.h:101:39: note: expanded from macro 'GET_GLOBAL'
  101 |     GET_VAR(GLOBAL_SEGREG, *(typeof(&(var)))((void*)&(var)              \
      |                                       ^~~
./src/farptr.h:144:47: note: expanded from macro 'GET_VAR'
  144 | #define GET_VAR(seg, var) __GET_VAR("", seg, (var))
      |                                               ^~~
./src/farptr.h:56:12: note: expanded from macro '__GET_VAR'
   56 |     typeof(var) __val;                          \
      |            ^~~
In file included from out/ccode16.o.tmp.c:17:
./src/pcibios.c:172:27: warning: taking address of packed member 'exclusive_irqs' of class or structure 'pir_header' may result in an unaligned pointer value [-Waddress-of-packed-member]
  172 |     regs->bx = GET_GLOBAL(pirtable_g->exclusive_irqs);
      |                           ^~~~~~~~~~~~~~~~~~~~~~~~~~
./src/biosvar.h:101:39: note: expanded from macro 'GET_GLOBAL'
  101 |     GET_VAR(GLOBAL_SEGREG, *(typeof(&(var)))((void*)&(var)              \
      |                                       ^~~
./src/farptr.h:144:47: note: expanded from macro 'GET_VAR'
  144 | #define GET_VAR(seg, var) __GET_In file included from Vout/ccode32flat.o.tmp.cA:R26(:
"./src/hw/serialio.c":,42 :s1e:g ,warning:  non-void function does not return a value [-Wreturn-type](
v   a42r | )})

            | | ^                                              ^~~

./src/farptr.h:58:39: note: expanded from macro '__GET_VAR'
   58 |         READ8_SEG(prefix, seg, __val, var);     \
      |                                       ^~~
./src/farptr.h:19:19: note: expanded from macro 'READ8_SEG'
   19 |             : "m"(var), "m"(__segment_ ## SEG))
      |                   ^~~
In file included from out/ccode16.o.tmp.c:17:
./src/pcibios.c:172:27: warning: taking address of packed member 'exclusive_irqs' of class or structure 'pir_header' may result in an unaligned pointer value [-Waddress-of-packed-member]
  172 |     regs->bx = GET_GLOBAL(pirtable_g->exclusive_irqs);
      |                           ^~~~~~~~~~~~~~~~~~~~~~~~~~
./src/biosvar.h:101:39: note: expanded from macro 'GET_GLOBAL'
  101 |     GET_VAR(GLOBAL_SEGREG, *(typeof(&(var)))((void*)&(va./src/hw/serialio.cr:)104 : 21 :   warning:  unknown attribute 'externally_visible' ignored [-Wunknown-attributes] 
     104  |  u 1 6\ 
D      e| b                                      ^~~u
g./src/farptr.hO:u144t:p47u:t Pnote: oexpanded from macro 'GET_VAR'r
t V  A144R | F#SdEeGf i=n e0 xG4E0T2_;V
A      R| (                    ^~~~~~~s
eg./src/types.h,: 107v:a54r:)  note: _expanded from macro 'VARFSEG'_
GE  T107_ | V#A Rd(e"f"i,n es eVgA,R F(SvEaGr )_)_
s      e| c                                              ^~~t
i./src/farptr.ho:n60(:"40.:d anote: texpanded from macro '__GET_VAR'a
.v   a60r | f s e g . "   U NRIEQASDE1C6)_ S_E_GV(IpSrIeBfLiEx
,       | s                                                     ^~~~~~~~~e
g,./src/types.h :_40_:v35a:l ,note:  expanded from macro '__VISIBLE'v
a   r40) | ;#   d e f\i
n      e|                                         ^~~_
_V./src/farptr.hI:S22I:B19L:E  note: _expanded from macro 'READ16_SEG'_
at   t22r | i b u t e _ _ ( ( e x t e:r n"aml"l(yv_avri)s,i b"lme")()_
_      s| e                                  ^~~~~~~~~~~~~~~~~~g
ment_ ## SEG))
      |                   ^~~
In file included from out/ccode16.o.tmp.c:17:
./src/pcibios.c:172:27: warning: taking address of packed member 'exclusive_irqs' of class or structure 'pir_header' may result in an unaligned pointer value [-Waddress-of-packed-member]
  172 |     regs->bx = GET_GLOBAL(pirtable_g->exclusive_irqs);
      |                           ^~~~~~~~~~~~~~~~~~~~~~~~~~
./src/biosvar.h:101:39: note: expanded from macro 'GET_GLOBAL'
  101 |     GET_VAR(GLOBAL_SEGREG, *(typeof(&(var)))((void*)&(var)              \
      |                                       ^~~
./src/farptr.h:144:47: note: expanded from macro 'GET_VAR'
  144 | #define GET_VAR(seg, var) __GET_VAR("", seg, (var))
      |                                               ^~~
./src/farptr.h:62:40: note: expanded from macro '__GET_VAR'
   62 |         READ32_SEG(prefix, seg, __val, var);    \
      |                                        ^~~
./src/farptr.h:25:19: note: expanded from macro 'READ32_SEG'
   25 |             : "m"(var), "m"(__segment_ ## SEG))
      |                   ^~~
In file included from out/ccode16.o.tmp.c:17:
./src/pcibios.c:172:27: warning: taking address of packed member 'exclusive_irqs' of class or structure 'pir_header' may result in an unaligned pointer value [-Waddress-of-packed-member]
  172 |     regs->bx = GET_GLOBAL(pirtable_g->exclusive_irqs);
      |                           ^~~~~~~~~~~~~~~~~~~~~~~~~~
./src/biosvar.h:101:39: note: expanded from macro 'GET_GLOBAL'
  101 |     GET_VAR(GLOBAL_SEGREG, *(typeof(&(var)))((void*)&(var)              \
      |                                       ^~~
./src/farptr.h:144:47: note: expanded from macro 'GET_VAR'
  144 | #define GET_VAR(seg, var) __GET_VAR("", seg, (var))
      |                                               ^~~
./src/farptr.h:64:40: note: expanded from macro '__GET_VAR'
   64 |         READ64_SEG(prefix, seg, __val, var);    \
      |                                        ^~~
./src/farptr.h:28:59: note: expanded from macro 'READ64_SEG'
   28 |         union u64_u32_u *__r64_ptr = (union u64_u32_u *)&(var); \
      |                                                           ^~~
In file included from out/ccode16.o.tmp.c:17:
./src/pcibios.c:208:6: warning: unknown attribute 'externally_visible' ignored [-Wunknown-attributes]
  208 | void VISIBLE16 VISIBLE32SEG
      |      ^~~~~~~~~
./src/types.h:56:20: note: expanded from macro 'VISIBLE16'
   56 | # define VISIBLE16 __VISIBLE
      |                    ^~~~~~~~~
./src/types.h:40:35: note: expanded from macro '__VISIBLE'
   40 | # define __VISIBLE __attribute__((externally_visible))
      |                                   ^~~~~~~~~~~~~~~~~~
In file included from out/ccode16.o.tmp.c:17:
./src/pcibios.c:229:44: warning: unknown attribute 'externally_visible' ignored [-Wunknown-attributes]
  229 | struct bios32_s BIOS32HEADER __aligned(16) VARFSEG = {
      |                                            ^~~~~~~
./src/types.h:70:57: note: expanded from macro 'VARFSEG'
   70 | # define VARFSEG __section(".discard.varfseg." UNIQSEC) __VISIBLE __weak
      |                                                         ^~~~~~~~~
./src/types.h:40:35: note: expanded from macro '__VISIBLE'
   40 | # define __VISIBLE __attribute__((externally_visible))
      |                                   ^~~~~~~~~~~~~~~~~~
In file included from out/ccode16.o.tmp.c:18:
./src/apm.c:210:6: warning: unknown attribute 'externally_visible' ignored [-Wunknown-attributes]
  210 | void VISIBLE16 VISIBLE32SEG
      |      ^~~~~~~~~
./src/types.h:56:20: note: expanded from macro 'VISIBLE16'
   56 | # define VISIBLE16 __VISIBLE
      |                    ^~~~~~~~~
./src/types.h:40:35: note: expanded from macro '__VISIBLE'
   40 | # define __VISIBLE __attribute__((externally_visible))
      |                                   ^~~~~~~~~~~~~~~~~~
In file included from out/ccode16.o.tmp.c:21:
./src/hw/timer.c:52:14: warning: unknown attribute 'externally_visible' ignored [-Wunknown-attributes]
   52 | u32 TimerKHz VARFSEG = DIV_ROUND_UP(PMTIMER_HZ, 1000 * PMTIMER_TO_PIT);
      |              ^~~~~~~
./src/types.h:70:57: note: expanded from macro 'VARFSEG'
   70 | # define VARFSEG __section(".discard.varfseg." UNIQSEC) __VISIBLE __weak
      |                                                         ^~~~~~~~~
./src/types.h:40:35: note: expanded from macro '__VISIBLE'
   40 | # define __VISIBLE __attribute__((externally_visible))
      |                                   ^~~~~~~~~~~~~~~~~~
In file included from out/ccode16.o.tmp.c:21:
./src/hw/timer.c:53:15: warning: unknown attribute 'externally_visible' ignored [-Wunknown-attributes]
   53 | u16 TimerPort VARFSEG = PORT_PIT_COUNTER0;
      |               ^~~~~~~
./src/types.h:70:57: note: expanded from macro 'VARFSEG'
   70 | # define VARFSEG __section(".discard.varfseg." UNIQSEC) __VISIBLE __weak
      |                                                         ^~~~~~~~~
./src/types.h:40:35: note: expanded from macro '__VISIBLE'
   40 | # define __VISIBLE __attribute__((externally_visible))
      |                                   ^~~~~~~~~~~~~~~~~~
In file included from out/ccode16.o.tmp.c:21:
./src/hw/timer.c:54:13: warning: unknown attribute 'externally_visible' ignored [-Wunknown-attributes]
   54 | u8 ShiftTSC VARFSEG;
      |             ^~~~~~~
./src/types.h:70:57: note: expanded from macro 'VARFSEG'
   70 | # define VARFSEG __section(".discard.varfseg." UNIQSEC) __VISIBLE __weak
      |                                                         ^~~~~~~~~
./src/types.h:40:35: note: expanded from macro '__VISIBLE'
   40 | # define __VISIBLE __attribute__((externally_visible))
      |                                   ^~~~~~~~~~~~~~~~~~
In file included from out/ccode16.o.tmp.c:21:
./src/hw/timer.c:131:15: warning: unknown attribute 'externally_visible' ignored [-Wunknown-attributes]
  131 | u32 TimerLast VARLOW;
      |               ^~~~~~
./src/types.h:68:55: note: expanded from macro 'VARLOW'
   68 | # define VARLOW In file included from _out/ccode32flat.o.tmp.c_:s28e:
c./src/hw/usb-uhci.ct:i418o:n57(:" .warning: dtaking address of packed member 'status' of class or structure 'uhci_td' may result in an unaligned pointer value [-Waddress-of-packed-member]i
sc  a418r | d . v a r l o w . "   U N I Q S E C )   _,_ VpIiSpIeB,L E( v_o_iwde*a)ke
l      _| l                                                      ^~~~~~~~~i
n./src/types.hk:,40 :G35E:T _note: Lexpanded from macro '__VISIBLE'O
WFL   A40T | (#t dd-e>fsitnaet u_s_)V
I      S| I                                                        ^~~~~~~~~~B
LE./src/output.h :_37_:a33t:t rnote: iexpanded from macro 'dprintf'b
u   t37e | _ _ ( ( e x t e r n a l l_y__dvpirsiinbtlfe()()f
m      t| )                                  ^~~~~~~~~~~~~~~~~~ 
, ##args );                         \
      |                                 ^~~~
./src/biosvar.h:127:49: note: expanded from macro 'GET_LOWFLAT'
  127 | #define GET_LOWFLAT(var) GET_LOW(*LOWFLAT2LOW(&(var)))
      |                                                 ^~~
./src/biosvar.h:125:27: note: expanded from macro 'LOWFLAT2LOW'
  125 | #define LOWFLAT2LOW(var) (var)
      |                           ^~~
./src/biosvar.h:123:34: note: expanded from macro 'GET_LOW'
  123 | #define GET_LOW(var)            (var)
      |                                  ^~~
In file included from out/ccode32flat.o.tmp.c:28:
./src/hw/usb-uhci.c:551:30: warning: taking address of packed member 'status' of class or structure 'uhci_td' may result in an unaligned pointer value [-Waddress-of-packed-member]
  551 |   In file included from  out/ccode16.o.tmp.c :u223:
2./src/hw/rtc.c :s74t:a14t:u swarning:  unknown attribute 'externally_visible' ignored [-Wunknown-attributes]=
 GE   T74_ | LiOnWtF LRATTC(utsde-r>ss tVaAtRuLsO)W;;

            | |                              ^~~~~~~~~~             ^~~~~~

./src/types.h./src/biosvar.h::68127::5549::  note: note: expanded from macro 'VARLOW'expanded from macro 'GET_LOWFLAT'

   68   | 127# |  #ddeeffiinnee  VGAERTL_OLWO W_F_LsAeTc(tviaorn)( "G.EdTi_sLcOaWr(d*.LvOaWrFlLoAwT.2"L OUWN(I&Q(SvEaCr)) )_)_
V      I| S                                                ^~~I
BL./src/biosvar.hE: 125_:_27w:e anote: kexpanded from macro 'LOWFLAT2LOW'

        | 125                                                      ^~~~~~~~~ | 
#./src/types.hd:e40f:i35n:e  note: Lexpanded from macro '__VISIBLE'O
WF   L40A | T#2 LdOeWf(ivnaer )_ _(VvIaSrI)B
L      E|                            ^~~_
_./src/biosvar.ha:t123t:r34i:b unote: texpanded from macro 'GET_LOW'e
_  _123( | (#edxetfeirnnea lGlEyT__vLiOsWib(lvea)r))
        |                                    ^~~~~~~~~~~~~~~~~~ 
        (var)
      |                                  ^~~
In file included from out/ccode32flat.o.tmp.c:28:
./src/hw/usb-uhci.c:552:29: warning: taking address of packed member 'token' of class or structure 'uhci_td' may result in an unaligned pointer value [-Waddress-of-packed-member]
  552 |     u32 token = GET_LOWFLAT(td->token);
      |                             ^~~~~~~~~
./src/biosvar.h:127:49: note: expanded from macro 'GET_LOWFLAT'
  127 | #define GET_LOWFLAT(var) GET_LOW(*LOWFLAT2LOW(&(var)))
      |                                                 ^~~
./src/biosvar.h:125:27: note: expanded from macro 'LOWFLAT2LOW'
  125 | #define LOWFLAT2LOW(var) (var)
      |                           ^~~
./src/biosvar.h:123:34: note: expanded from macro 'GET_LOW'
  123 | #define GET_LOW(var)            (var)
      |                                  ^~~
In file included from out/ccode32flat.o.tmp.c:28:
./src/hw/usb-uhci.c:559:32: warning: taking address of packed member 'buffer' of class or structure 'uhci_td' may result in an unaligned pointer value [-Waddress-of-packed-member]
  559 |     void *tddata = GET_LOWFLAT(td->buffer);
      |                                ^~~~~~~~~~
./src/biosvar.h:127:49: note: expanded from macro 'GET_LOWFLAT'
  127 | #define GET_LOWFLAT(var) GET_LOW(*LOWFLAT2LOW(&(var)))
      |                                                 ^~~
./src/biosvar.h:125:27: note: expanded from macro 'LOWFLAT2LOW'
  125 | #define LOWFLAT2LOW(var) (var)
      |                           ^~~
./src/biosvar.h:123:34: note: expanded from macro 'GET_LOW'
  123 | #define GET_LOW(var)            (var)
      |                                  ^~~
In file included from out/ccode32flat.o.tmp.c:28:
./src/hw/usb-uhci.c:564:48: warning: taking address of packed member 'link' of class or structure 'uhci_td' may result in an unaligned pointer value [-Waddress-of-packed-member]
  564 |     struct uhci_td *next = (void*)(GET_LOWFLAT(td->link) & ~UHCI_PTR_BITS);
      |                                                ^~~~~~~~
./src/biosvar.h:127:49: note: expanded from macro 'GET_LOWFLAT'
  127 | #define GET_LOWFLAT(var) GET_LOW(*LOWFLAT2LOW(&(var)))
      |                                                 ^~~
./src/biosvar.h:125:27: note: expanded from macro 'LOWFLAT2LOW'
  125 | #define LOWFLAT2LOW(var) (var)
      |                           ^~~
./src/biosvar.h:123:34: note: expanded from macro 'GET_LOW'
  123 | #define GET_LOW(var)            (var)
      |                                  ^~~
In file included from out/ccode32flat.o.tmp.c:28:
./src/hw/usb-uhci.c:567:17: warning: taking address of packed member 'status' of class or structure 'uhci_td' may result in an unaligned pointer value [-Waddress-of-packed-member]
  567 |     SET_LOWFLAT(td->status, (uhci_maxerr(0) | (status & TD_CTRL_LS)
      |                 ^~~~~~~~~~
./src/biosvar.h:128:54: note: expanded from macro 'SET_LOWFLAT'
  128 | #define SET_LOWFLAT(var, val) SET_LOW(*LOWFLAT2LOW(&(var)), (val))
      |                                                      ^~~
./src/biosvar.h:125:27: note: expanded from macro 'LOWFLAT2LOW'
  125 | #define LOWFLAT2LOW(var) (var)
      |                           ^~~
./src/biosvar.h:124:39: note: expanded from macro 'SET_LOW'
  124 | #define SET_LOW(var, val)       do { (var) = (val); } while (0)
      |                                       ^~~
In file included from out/ccode16.o.tmp.c:24:
./src/hw/pic.c:103:6: warning: unknown attribute 'externally_visible' ignored [-Wunknown-attributes]
  103 | void VISIBLE16
      |      ^~~~~~~~~
./src/types.h:56:20: note: expanded from macro 'VISIBLE16'
   56 | # define VISIBLE16 __VISIBLE
      |                    ^~~~~~~~~
./src/types.h:40:35: note: expanded from macro '__VISIBLE'
   40 | # define __VISIBLE __attribute__((externally_visible))
      |                                   ^~~~~~~~~~~~~~~~~~
In file included from out/ccode16.o.tmp.c:24:
./src/hw/pic.c:110:6: warning: unknown attribute 'externally_visible' ignored [-Wunknown-attributes]
  110 | void VISIBLE16
      |      ^~~~~~~~~
./src/types.h:56:20: note: expanded from macro 'VISIBLE16'
   56 | # define VISIBLE16 __VISIBLE
      |                    ^~~~~~~~~
./src/types.h:40:35: note: expanded from macro '__VISIBLE'
   40 | # define __VISIBLE __attribute__((externally_visible))
      |                                   ^~~~~~~~~~~~~~~~~~
In file included from out/ccode16.o.tmp.c:25:
./src/hw/ps2port.c:211:11: warning: unknown attribute 'externally_visible' ignored [-Wunknown-attributes]
  211 | u8 Ps2ctr VARLOW = I8042_CTR_KBDDIS | I8042_CTR_AUXDIS;
      |           ^~~~~~
./src/types.h:68:55: note: expanded from macro 'VARLOW'
   68 | # define VARLOW __section(".discard.varlow." UNIQSEC) __VISIBLE __weak
      |                                                       ^~~~~~~~~
./src/types.h:40:35: note: expanded from macro '__VISIBLE'
   40 | # define __VISIBLE __attribute__((externally_visible))
      |                                   ^~~~~~~~~~~~~~~~~~
In file included from out/ccode32flat.o.tmp.c:29:
./src/hw/usb-ohci.c:164:20: warning: taking address of packed member 'hwNextED' of class or structure 'ohci_ed' may result in an unaligned pointer value [-Waddress-of-packed-member]
  164 |             pos = &next->hwNextED;
      |                    ^~~~~~~~~~~~~~
./src/hw/usb-ohci.c:192:13: warning: logical not is only applied to the left hand side of this bitwise operator [-Wlogical-not-parentheses]
  192 |         if (! status & OHCI_HCR)
      |             ^        ~
./src/hw/usb-ohci.c:192:13: note: add parentheses after the '!' to evaluate the bitwise operator first
  192 |         if (! status & OHCI_HCR)
      |             ^                  
      |               (                )
./src/hw/usb-ohci.c:192:13: note: add parentheses around left hand side expression to silence this warning
  192 |         if (! status & OHCI_HCR)
      |             ^
      |             (       )
In file included from out/ccode16.o.tmp.c:25:
./src/hw/ps2port.c:363:6: warning: unknown attribute 'externally_visible' ignored [-Wunknown-attributes]
  363 | void VISIBLE16
      |      ^~~~~~~~~
./src/types.h:56:20: note: expanded from macro 'VISIBLE16'
   56 | # define VISIBLE16 __VISIBLE
      |                    ^~~~~~~~~
./src/types.h:40:35: note: expanded from macro '__VISIBLE'
   40 | # define __VISIBLE __attribute__((externally_visible))
      |                                   ^~~~~~~~~~~~~~~~~~
In file included from out/ccode16.o.tmp.c:25:
./src/hw/ps2port.c:390:6: warning: unknown attribute 'externally_visible' ignored [-Wunknown-attributes]
  390 | void VISIBLE16
      |      ^~~~~~~~~
./src/types.h:56:20: note: expanded from macro 'VISIBLE16'
   56 | # define VISIBLE16 __VISIBLE
      |                    ^~~~~~~~~
./src/types.h:40:35: note: expanded from macro '__VISIBLE'
   40 | # define __VISIBLE __attribute__((externally_visible))
      |                                   ^~~~~~~~~~~~~~~~~~
In file included from out/ccode16.o.tmp.c:26:
./src/hw/serialio.c:104:21: warning: unknown attribute 'externally_visible' ignored [-Wunknown-attributes]
  104 | u16 DebugOutputPort VARFSEG = 0x402;
      |                     ^~~~~~~
./src/types.h:70:57: note: expanded from macro 'VARFSEG'
   70 | # define VARFSEG __section(".discard.varfseg." UNIQSEC) __VISIBLE __weak
      |                                                         ^~~~~~~~~
./src/types.h:40:35: note: expanded from macro '__VISIBLE'
   40 | # define __VISIBLE __attribute__((externally_visible))
      |                                   ^~~~~~~~~~~~~~~~~~
./src/hw/usb-ohci.c:559:17: warning: taking address of packed member 'hwINFO' of class or structure 'ohci_td' may result in an unaligned pointer value [-Waddress-of-packed-member]
  559 |     SET_LOWFLAT(tail->hwINFO, TD_DP_IN | TD_T_TOGGLE | TD_CC);
      |                 ^~~~~~~~~~~~
./src/biosvar.h:128:54: note: expanded from macro 'SET_LOWFLAT'
  128 | #define SET_LOWFLAT(var, val) SET_LOW(*LOWFLAT2LOW(&(var)), (val))
      |                                                      ^~~
./src/biosvar.h:125:27: note: expanded from macro 'LOWFLAT2LOW'
  125 | #define LOWFLAT2LOW(var) (var)
      |                           ^~~
./src/biosvar.h:124:39: note: expanded from macro 'SET_LOW'
  124 | #define SET_LOW(var, val)       do { (var) = (val); } while (0)
      |                                       ^~~
In file included from out/ccode32flat.o.tmp.c:29:
./src/hw/usb-ohci.c:561:17: warning: taking address of packed member 'hwCBP' of class or structure 'ohci_td' may result in an unaligned pointer value [-Waddress-of-packed-member]
  561 |     SET_LOWFLAT(tail->hwCBP, (u32)intrdata);
      |                 ^~~~~~~~~~~
./src/biosvar.h:128:54: note: expanded from macro 'SET_LOWFLAT'
  128 | #define SET_LOWFLAT(var, val) SET_LOW(*LOWFLAT2LOW(&(var)), (val))
      |                                                      ^~~
./src/biosvar.h:125:27: note: expanded from macro 'LOWFLAT2LOW'
  125 | #define LOWFLAT2LOW(var) (var)
      |                           ^~~
./src/biosvar.h:124:39: note: expanded from macro 'SET_LOW'
  124 | #define SET_LOW(var, val)       do { (var) = (val); } while (0)
      |                                       ^~~
In file included from out/ccode32flat.o.tmp.c:29:
./src/hw/usb-ohci.c:562:17: warning: taking address of packed member 'hwNextTD' of class or structure 'ohci_td' may result in an unaligned pointer value [-Waddress-of-packed-member]
  562 |     SET_LOWFLAT(tail->hwNextTD, (u32)next);
      |                 ^~~~~~~~~~~~~~
./src/biosvar.h:128:54: note: expanded from macro 'SET_LOWFLAT'
  128 | #define SET_LOWFLAT(var, val) SET_LOW(*LOWFLAT2LOW(&(var)), (val))
      |                                                      ^~~
./src/biosvar.h:125:27: note: expanded from macro 'LOWFLAT2LOW'
  125 | #define LOWFLAT2LOW(var) (var)
      |                           ^~~
./src/biosvar.h:124:39: note: expanded from macro 'SET_LOW'
  124 | #define SET_LOW(var, val)       do { (var) = (val); } while (0)
      |                                       ^~~
In file included from out/ccode32flat.o.tmp.c:29:
./src/hw/usb-ohci.c:563:17: warning: taking address of packed member 'hwBE' of class or structure 'ohci_td' may result in an unaligned pointer value [-Waddress-of-packed-member]
  563 |     SET_LOWFLAT(tail->hwBE, (u32)intrdata + maxpacket - 1);
      |                 ^~~~~~~~~~
./src/biosvar.h:128:54: note: expanded from macro 'SET_LOWFLAT'
  128 | #define SET_LOWFLAT(var, val) SET_LOW(*LOWFLAT2LOW(&(var)), (val))
      |                                                      ^~~
./src/biosvar.h:125:27: note: expanded from macro 'LOWFLAT2LOW'
  125 | #define LOWFLAT2LOW(var) (var)
      |                           ^~~
./src/biosvar.h:124:39: note: expanded from macro 'SET_LOW'
  124 | #define SET_LOW(var, val)       do { (var) = (val); } while (0)
      |                                       ^~~
In file included from out/ccode32flat.o.tmp.c:31:
./src/hw/usb-hid.c:15:32: warning: unknown attribute 'externally_visible' ignored [-Wunknown-attributes]
   15 | struct usb_pipe *keyboard_pipe VARFSEG;
      |                                ^~~~~~~
./src/types.h:107:54: note: expanded from macro 'VARFSEG'
  107 | # define VARFSEG __section(".data.varfseg." UNIQSEC) __VISIBLE
      |                                                      ^~~~~~~~~
./src/types.h:40:35: note: expanded from macro '__VISIBLE'
   40 | # define __VISIBLE __attribute__((externally_visible))
      |                                   ^~~~~~~~~~~~~~~~~~
In file included from out/ccode32flat.o.tmp.c:31:
./src/hw/usb-hid.c:16:29: warning: unknown attribute 'externally_visible' ignored [-Wunknown-attributes]
   16 | struct usb_pipe *mouse_pipe VARFSEG;
      |                             ^~~~~~~
./src/types.h:107:54: note: expanded from macro 'VARFSEG'
  107 | # define VARFSEG __section(".data.vIn file included from aout/ccode16.o.tmp.cr:f28s:
e./src/hw/usb-uhci.cg:.418": 57U:N Iwarning: Qtaking address of packed member 'status' of class or structure 'uhci_td' may result in an unaligned pointer value [-Waddress-of-packed-member]S
EC  )418  | _ _ V I S I B L E 
        |                                                       ^~~~~~~~~ 
  ./src/types.h : 40 : 35 :,  note: pexpanded from macro '__VISIBLE'i
p   e40, |  #( vdoeidf*i)neel __l_iVnIkS,I BGLEET __L_OaWtFtLrAiTb(uttde-_>_s(t(aetxutse)r
n      a| l                                                        ^~~~~~~~~~l
y_vis./src/output.hi:b37l:e33):) 
note:       expanded from macro 'dprintf'| 
                                  ^~~~~~~~~~~~~~~~~~   
37 |             __dprintf((fmt) , ##args );                         \
      |                                 ^~~~
./src/biosvar.h:127:49: note: expanded from macro 'GET_LOWFLAT'
  127 | #define GET_LOWFLAT(var) GET_LOW(*LOWFLAT2LOW(&(var)))
      |                                                 ^~~
./src/biosvar.h:121:35: note: expanded from macro 'LOWFLAT2LOW'
  121 | #define LOWFLAT2LOW(var) ((typeof(var))((void*)(var) - SYMBOL(zonelow_base)))
      |                                   ^~~
note: (skipping 2 expansions in backtrace; use -fmacro-backtrace-limit=0 to see all)
./src/farptr.h:111:18: note: expanded from macro '__GET_FARVAR'
  111 |     GET_VAR(ES, (var)); })
      |                  ^~~
./src/farptr.h:144:47: note: expanded from macro 'GET_VAR'
  144 | #define GET_VAR(seg, var) __GET_VAR("", seg, (var))
      |                                               ^~~
./src/farptr.h:56:12: note: expanded from macro '__GET_VAR'
   56 |     typeof(var) __val;                          \
      |            ^~~
In file included from out/ccode16.o.tmp.c:28:
./src/hw/usb-uhci.c:418:57: warning: taking address of packed member 'status' of class or structure 'uhci_td' may result in an unaligned pointer value [-Waddress-of-packed-member]
  418 |                     , pipe, (void*)el_link, GET_LOWFLAT(td->status)
      |                                                         ^~~~~~~~~~
./src/output.h:37:33: note: expanded from macro 'dprintf'
   37 |             __dprintf((fmt) , ##args );           In file included from  out/ccode32flat.o.tmp.c : 31 :
 ./src/hw/usb-hid.c : 235 : 30 :   warning:  unknown attribute 'externally_visible' ignored [-Wunknown-attributes] 
\
        235|  |                                 ^~~~s
tru./src/biosvar.hc:t127 :u49s:b knote: eexpanded from macro 'GET_LOWFLAT'y
in  f127o |  #LdaesftiUnSeB kGeEyT _VLAORWLFOLWA;T
(      v| a                             ^~~~~~r
) ./src/types.hG:E106T:_52L:O Wnote: (expanded from macro 'VARLOW'*
L  O106W | F#L AdTe2fLiOnWe( &V(AvRaLrO)W) )_
_      s| e                                                ^~~c
ti./src/biosvar.ho:n121(:"35.:d anote: texpanded from macro 'LOWFLAT2LOW'a
.v  a121r | l#odwe.f"i nUeN ILQOSWEFCL)A T_2_LVOIWS(IvBaLrE)  _(_(wteyapke
o      f| (                                                   ^~~~~~~~~v
ar./src/types.h):)40(:(35v:o inote: dexpanded from macro '__VISIBLE'*
)(   v40a | r#)  d-e fSiYnMeB O_L_(VzIoSnIeBlLoEw __b_aastet)r)i)b
u      t| e                                  ^~~_
_note: ((skipping 3 expansions in backtrace; use -fmacro-backtrace-limit=0 to see all)(
ext./src/farptr.he:r144n:a47l:l ynote: _expanded from macro 'GET_VAR'v
i  s144i | b#ldee)f)i
n      e|                                    ^~~~~~~~~~~~~~~~~~G
ET_VAR(seg, var) __GET_VAR("", seg, (var))
      |                                               ^~~
./src/farptr.h:58:39: note: expanded from macro '__GET_VAR'
   58 |         READ8_SEG(prefix, seg, __val, var);     \
      |                                       ^~~
./src/farptr.h:19:19: note: expanded from macro 'READ8_SEG'
   19 |             : "m"(var), "m"(__segment_ ## SEG))
      |                   ^~~
In file included from out/ccode16.o.tmp.c:28:
./src/hw/usb-uhci.c:418:57: warning: taking address of packed member 'status' of class or structure 'uhci_td' may result in an unaligned pointer value [-Waddress-of-packed-member]
  418 |                     , pipe, (void*)el_link, GET_LOWFLAT(td->status)
      |                                                         ^~~~~~~~~~
./src/output.h:37:33: note: expanded from macro 'dprintf'
   37 |             __dprintf((fmt) , ##args );                         \
      |                                 ^~~~
./src/biosvar.h:127:49: note: expanded from macro 'GET_LOWFLAT'
  127 | #define GET_LOWFLAT(var) GET_LOW(*LOWFLAT2LOW(&(var)))
      |                                                 ^~~
./src/biosvar.h:121:35: note: expanded from macro 'LOWFLAT2LOW'
  121 | #define LOWFLAT2LOW(var) ((typeof(var))((void*)(var) - SYMBOL(zonelow_base)))
      |                                   ^~~
note: (skipping 3 expansions in backtrace; use -fmacro-backtrace-limit=0 to see all)
./src/farptr.h:144:47: note: expanded from macro 'GET_VAR'
  144 | #define GET_VAR(seg, var) __GET_VAR("", seg, (var))
      |                                               ^~~
./src/farptr.h:60:40: note: expanded from macro '__GET_VAR'
   60 |         READ16_SEG(prefix, seg, __val, var);    \
      |                                        ^~~
./src/farptr.h:22:19: note: expanded from macro 'READ16_SEG'
   22 |             : "m"(var), "m"(__segment_ ## SEG))
      |                   ^~~
In file included from out/ccode16.o.tmp.c:28:
./src/hw/usb-uhci.c:418:57: warning: taking address of packed member 'status' of class or structure 'uhci_td' may result in an unaligned pointer value [-Waddress-of-packed-member]
  418 |                     , pipe, (void*)el_link, GET_LOWFLAT(td->status)
      |                                                         ^~~~~~~~~~
./src/output.h:37:33: note: expanded from macro 'dprintf'
   37 |             __dprintf((fmt) , ##args );                         \
      |                                 ^~~~
./src/biosvar.h:127:49: note: expanded from macro 'GET_LOWFLAT'
  127 | #define GET_LOWFLAT(var) GET_LOW(*LOWFLAT2LOW(&(var)))
      |                                                 ^~~
./src/biosvar.h:121:35: note: expanded from macro 'LOWFLAT2LOW'
  121 | #define LOWFLAT2LOW(var) ((typeof(var))((void*)(var) - SYMBOL(zonelow_base)))
      |                                   ^~~
note: (skipping 3 expansions in backtrace; use -fmacro-backtrace-limit=0 to see all)
./src/farptr.h:144:47: note: expanded from macro 'GET_VAR'
  144 | #define GET_VAR(seg, var) __GET_VAR("", seg, (var))
      |                                               ^~~
./src/farptr.h:62:40: note: expanded from macro '__GET_VAR'
   62 |         READ32_SEG(prefix, seg, __val, var);    \
      |                                        ^~~
./src/farptr.h:25:19: note: expanded from macro 'READ32_SEG'
   25 |             : "m"(var), "m"(__segment_ ## SEG))
      |                   ^~~
In file included from out/ccode16.o.tmp.c:28:
./src/hw/usb-uhci.c:418:57: warning: taking address of packed member 'status' of class or structure 'uhci_td' may result in an unaligned pointer value [-Waddress-of-packed-member]
  418 |                     , pipe, (void*)el_link, GET_LOWFLAT(td->status)
      |                                                         ^~~~~~~~~~
./src/output.h:37:33: note: expanded from macro 'dprintf'
   37 |             __dprintf((fmt) , ##args );                         \
      |                                 ^~~~
./src/biosvar.h:127:49: note: expanded from macro 'GET_LOWFLAT'
  127 | #define GET_LOWFLAT(var) GET_LOW(*LOWFLAT2LOW(&(var)))
      |                                                 ^~~
./src/biosvar.h:121:35: note: expanded from macro 'LOWFLAT2LOW'
  121 | #define LOWFLAT2LOW(var) ((typeof(var))((void*)(var) - SYMBOL(zonelow_base)))
      |                                   ^~~
note: (skipping 3 expansions in backtrace; use -fmacro-backtrace-limit=0 to see all)
./src/farptr.h:144:47: note: expanded from macro 'GET_VAR'
  144 | #define GET_VAR(seg, var) __GET_VAR("", seg, (var))
      |                                               ^~~
./src/farptr.h:64:40: note: expanded from macro '__GET_VAR'
   64 |         READ64_SEG(prefix, seg, __val, var);    \
      |                                        ^~~
./src/farptr.h:28:59: note: expanded from macro 'READ64_SEG'
   28 |         union u64_u32_u *__r64_ptr = (union u64_u32_u *)&(var); \
      |                                                           ^~~
In file included from out/ccode16.o.tmp.c:28:
./src/hw/usb-uhci.c:551:30: warning: taking address of packed member 'status' of class or structure 'uhci_td' may result in an unaligned pointer value [-Waddress-of-packed-member]
  551 |     u32 status = GET_LOWFLAT(td->status);
      |                              ^~~~~~~~~~
./src/biosvar.h:127:49: note: expanded from macro 'GET_LOWFLAT'
  127 | #define GET_LOWFLAT(var) GET_LOW(*LOWFLAT2LOW(&(var)))
      |                                                 ^~~
./src/biosvar.h:121:35: note: expanded from macro 'LOWFLAT2LOW'
  121 | #define LOWFLAT2LOW(var) ((typeof(var))((void*)(var) - SYMBOL(zonelow_base)))
      |                                   ^~~
./src/biosvar.h:119:54: note: expanded from macro 'GET_LOW'
  119 | #define GET_LOW(var)            GET_FARVAR(SEG_LOW, (var))
      |                                                      ^~~
note: (skipping 1 expansions in backtrace; use -fmacro-backtrace-limit=0 to see all)
./src/farptr.h:111:18: note: expanded from macro '__GET_FARVAR'
  111 |     GET_VAR(ES, (var)); })
      |                  ^~~
./src/farptr.h:144:47: note: expanded from macro 'GET_VAR'
  144 | #define GET_VAR(seg, var) __GET_VAR("", seg, (var))
      |                                               ^~~
./src/farptr.h:56:12: note: expanded from macro '__GET_VAR'
   56 |     typeof(var) __val;                          \
      |            ^~~
In file included from out/ccode16.o.tmp.c:28:
./src/hw/usb-uhci.c:551:30: warning: taking address of packed member 'status' of class or structure 'uhci_td' may result in an unaligned pointer value [-Waddress-of-packed-member]
  551 |     u32 status = GET_LOWFLAT(td->status);
      |                              ^~~~~~~~~~
./src/biosvar.h:127:49: note: expanded from macro 'GET_LOWFLAT'
  127 | #define GET_LOWFLAT(var) GET_LOW(*LOWFLAT2LOW(&(var)))
      |                                                 ^~~
./src/biosvar.h:121:35: note: expanded from macro 'LOWFLAT2LOW'
  121 | #define LOWFLAT2LOW(var) ((typeof(var))((void*)(var) - SYMBOL(zonelow_base)))
      |                                   ^~~
./src/biosvar.h:119:54: note: expanded from macro 'GET_LOW'
  119 | #define GET_LOW(var)            GET_FARVAR(SEG_LOW, (var))
      |                                                      ^~~
note: (skipping 2 expansions in backtrace; use -fmacro-backtrace-limit=0 to see all)
./src/farptr.h:144:47: note: expanded from macro 'GET_VAR'
  144 | #define GET_VAR(seg, var) __GET_VAR("", seg, (var))
      |                                               ^~~
./src/farptr.h:58:39: note: expanded from macro '__GET_VAR'
   58 |         READ8_SEG(prefix, seg, __val, var);     \
      |                                       ^~~
./src/farptr.h:19:19: note: expanded from macro 'READ8_SEG'
   19 |             : "m"(var), "m"(__segment_ ## SEG))
      |                   ^~~
In file included from out/ccode16.o.tmp.c:28:
./src/hw/usb-uhci.c:551:30: warning: taking address of packed member 'status' of class or structure 'uhci_td' may result in an unaligned pointer value [-Waddress-of-packed-member]
  551 |     u32 status = GET_LOWFLAT(td->status);
      |                              ^~~~~~~~~~
./src/biosvar.h:127:49: note: expanded from macro 'GET_LOWFLAT'
  127 | #define GET_LOWFLAT(var) GET_LOW(*LOWFLAT2LOW(&(var)))
      |                                                 ^~~
./src/biosvar.h:121:35: note: expanded from macro 'LOWFLAT2LOW'
  121 | #define LOWFLAT2LOW(var) ((typeof(var))((void*)(var) - SYMBOL(zonelow_base)))
      |                                   ^~~
./src/biosvar.h:119:54: note: expanded from macro 'GET_LOW'
  119 | #define GET_LOW(var)            GET_FARVAR(SEG_LOW, (var))
      |                                                      ^~~
note: (skipping 2 expansions in backtrace; use -fmacro-backtrace-limit=0 to see all)
./src/farptr.h:144:47: note: expanded from macro 'GET_VAR'
  144 | #define GET_VAR(seg, var) __GET_VAR("", seg, (var))
      |                                               ^~~
./src/farptr.h:60:40: note: expanded from macro '__GET_VAR'
   60 |         READ16_SEG(prefix, seg, __val, var);    \
      |                                        ^~~
./src/farptr.h:22:19: note: expanded from macro 'READ16_SEG'
   22 |             : "m"(var), "m"(__segment_ ## SEG))
      |                   ^~~
In file included from out/ccode16.o.tmp.c:28:
./src/hw/usb-uhci.c:551:30: warning: taking address of packed member 'status' of class or structure 'uhci_td' may result in an unaligned pointer value [-Waddress-of-packed-member]
  551 |     u32 status = GET_LOWFLAT(td->status);
      |                              ^~~~~~~~~~
./src/biosvar.h:127:49: note: expanded from macro 'GET_LOWFLAT'
  127 | #define GET_LOWFLAT(var) GET_LOW(*LOWFLAT2LOW(&(var)))
      |                                                 ^~~
./src/biosvar.h:121:35: note: expanded from macro 'LOWFLAT2LOW'
  121 | #define LOWFLAT2LOW(var) ((typeof(var))((void*)(var) - SYMBOL(zonelow_base)))
      |                                   ^~~
./src/biosvar.h:119:54: note: expanded from macro 'GET_LOW'
  119 | #define GET_LOW(var)            GET_FARVAR(SEG_LOW, (var))
      |                                                      ^~~
note: (skipping 2 expansions in backtrace; use -fmacro-backtrace-limit=0 to see all)
./src/farptr.h:144:47: note: expanded from macro 'GET_VAR'
  144 | #define GET_VAR(seg, var) __GET_VAR("", seg, (var))
      |                                               ^~~
./src/farptr.h:62:40: note: expanded from macro '__GET_VAR'
   62 |         READ32_SEG(prefix, seg, __val, var);    \
      |                                        ^~~
./src/farptr.h:25:19: note: expanded from macro 'READ32_SEG'
   25 |             : "m"(var), "m"(__segment_ ## SEG))
      |                   ^~~
In file included from out/ccode16.o.tmp.c:28:
./src/hw/usb-uhci.c:551:30: warning: taking address of packed member 'status' of class or structure 'uhci_td' may result in an unaligned pointer value [-Waddress-of-packed-member]
  551 |     u32 status = GET_LOWFLAT(td->status);
      |                              ^~~~~~~~~~
./src/biosvar.h:127:49: note: expanded from macro 'GET_LOWFLAT'
  127 | #define GET_LOWFLAT(var) GET_LOW(*LOWFLAT2LOW(&(var)))
      |                                                 ^~~
./src/biosvar.h:121:35: note: expanded from macro 'LOWFLAT2LOW'
  121 | #define LOWFLAT2LOW(var) ((typeof(var))((void*)(var) - SYMBOL(zonelow_base)))
      |                                   ^~~
./src/biosvar.h:119:54: note: expanded from macro 'GET_LOW'
  119 | #define GET_LOW(var)            GET_FARVAR(SEG_LOW, (var))
      |                                                      ^~~
note: (skipping 2 expansions in backtrace; use -fmacro-backtrace-limit=0 to see all)
./src/farptr.h:144:47: note: expanded from macro 'GET_VAR'
  144 | #define GET_VAR(seg, var) __GET_VAR("", seg, (var))
      |                                               ^~~
./src/farptr.h:64:40: note: expanded from macro '__GET_VAR'
   64 |         READ64_SEG(prefix, seg, __val, var);    \
      |                                        ^~~
./src/farptr.h:28:59: note: expanded from macro 'READ64_SEG'
   28 |         union u64_u32_u *__r64_ptr = (union u64_u32_u *)&(var); \
      |                                                           ^~~
In file included from out/ccode16.o.tmp.c:28:
./src/hw/usb-uhci.c:552:29: warning: taking address of packed member 'token' of class or structure 'uhci_td' may result in an unaligned pointer value [-Waddress-of-packed-member]
  552 |     u32 token = GET_LOWFLAT(td->token);
      |                             ^~~~~~~~~
./src/biosvar.h:127:49: note: expanded from macro 'GET_LOWFLAT'
  127 | #define GET_LOWFLAT(var) GET_LOW(*LOWFLAT2LOW(&(var)))
      |                                                 ^~~
./src/biosvar.h:121:35: note: expanded from macro 'LOWFLAT2LOW'
  121 | #define LOWFLAT2LOW(var) ((typeof(var))((void*)(var) - SYMBOL(zonelow_base)))
      |                                   ^~~
./src/biosvar.h:119:54: note: expanded from macro 'GET_LOW'
  119 | #define GET_LOW(var)            GET_FARVAR(SEG_LOW, (var))
      |                                                      ^~~
note: (skipping 1 expansions in backtrace; use -fmacro-backtrace-limit=0 to see all)
./src/farptr.h:111:18: note: expanded from macro '__GET_FARVAR'
  111 |     GET_VAR(ES, (var)); })
      |                  ^~~
./src/farptr.h:144:47: note: expanded from macro 'GET_VAR'
  144 | #define GET_VAR(seg, var) __GET_VAR("In file included from "out/ccode32flat.o.tmp.c,: 35s:
e./src/hw/floppy.cg:,55 :(47v:a rwarning: )unknown attribute 'externally_visible' ignored [-Wunknown-attributes])

         | 55                                              ^~~ | 
st./src/farptr.hr:u56c:t12 :f lnote: oexpanded from macro '__GET_VAR'p
p   y56_ | e x t _ dtbytp_eso fd(ivsakre)t t_e__vpaalr;a m _ t a b l e 2   V A R F S E G   =   { 
        |                                                ^~~~~~~ 
 \
      ./src/types.h| :           ^~~107
:54: note: expanded from macro 'VARFSEG'
  107 | # define VARFSEG __section(".data.varfseg." UNIQSEC) __VISIBLE
      | In file included from                                                      ^~~~~~~~~out/ccode16.o.tmp.c
:./src/types.h28::
40./src/hw/usb-uhci.c::35552:: 29note: :expanded from macro '__VISIBLE' 
warning: taking address of packed member 'token' of class or structure 'uhci_td' may result in an unaligned pointer value [-Waddress-of-packed-member]   
40 | #   d552e | f i n e  u_3_2V ItSoIkBeLnE  =_ _GaEtTt_rLiObWuFtLeA_T_((t(de-x>tteorkneanl)l;y
_      v| i                            ^~~~~~~~~s
ible))./src/biosvar.h
:      127| :                                  ^~~~~~~~~~~~~~~~~~49
: note: expanded from macro 'GET_LOWFLAT'
  127 | #define GET_LOWFLAT(var) GET_LOW(*LOWFLAT2LOW(&(var)))
      |                                                 ^~~
./src/biosvar.h:121:35: note: expanded from macro 'LOWFLAT2LOW'
  121 | #define LOWFLAT2LOW(var) ((typeof(var))((void*)(In file included from vout/ccode32flat.o.tmp.ca:r35):
 ./src/hw/floppy.c-: 88S:Y34M:B Owarning: Lunknown attribute 'externally_visible' ignored [-Wunknown-attributes](
zone   l88o | ws_tbrauscet) )f)l
o      p| p                                  ^~~y
inf./src/biosvar.ho:_119s: 54F:l onote: pexpanded from macro 'GET_LOW'p
yIn  f119o | [#]d eVfAiRnFeS EGGE T=_ L{O
W      (| v                                 ^~~~~~~a
r)./src/types.h : 107 : 54 :   note:  expanded from macro 'VARFSEG' 
     107G | E#T _dFeAfRiVnAeR (VSAERGF_SLEOGW ,_ _(sveacrt)i)o
n      (| "                                                     ^~~.
dnote: a(skipping 2 expansions in backtrace; use -fmacro-backtrace-limit=0 to see all)t
a.v./src/farptr.ha:r144f:s47e:g .note: "expanded from macro 'GET_VAR' 
UN  I144Q | S#EdCe)f i_n_eV IGSEITB_LVEA
R      (| s                                                     ^~~~~~~~~e
g,./src/types.h :v40a:r35):  _note: _expanded from macro '__VISIBLE'G
ET   _40V | A#R (d"e"f,i nsee g_,_ V(IvSaIrB)L)E
       _| _                                              ^~~a
ttri./src/farptr.hb:u58t:e39_:_ (note: (expanded from macro '__GET_VAR'e
x   t58e | r n a l l y _ v iRsEiAbDl8e_)S)E
G      (| p                                  ^~~~~~~~~~~~~~~~~~r
efix, seg, __val, var);     \
      |                                       ^~~
./src/farptr.h:19:19: note: expanded from macro 'READ8_SEG'
   19 |             : "m"(var), "m"(__segment_ ## SEG))
      |                   ^~~
In file included from out/ccode16.o.tmp.c:28:
./src/hw/usb-uhci.c:552:29: warning: taking address of packed member 'token' of class or structure 'uhci_td' may result in an unaligned pointer value [-Waddress-of-packed-member]
  552 |     u32 token = GET_LOWFLAT(td->token);
      |                             ^~~~~~~~~
./src/biosvar.h:127:49: note: expanded from macro 'GET_LOWFLAT'
  127 | #define GET_LOWFLAT(var) GET_LOW(*LOWFLAT2LOW(&(var)))
      |                                                 ^~~
./src/biosvar.h:121:35: note: expanded from macro 'LOWFLAT2LOW'
  121 | #define LOWFLAT2LOW(var) ((typeof(var))((void*)(var) - SYMBOL(zonelow_base)))
      |                                   ^~~
./src/biosvar.h:119:54: note: expanded from macro 'GET_LOW'
  119 | #define GET_LOW(var)            GET_FARVAR(SEG_LOW, (var))
      |                                                      ^~~
note: (skipping 2 expansions in backtrace; use -fmacro-backtrace-limit=0 to see all)
./src/farptr.h:144:47: note: expanded from macro 'GET_VAR'
  144 | #define GET_VAR(seg, var) __GET_VAR("", seg, (var))
      |                                               ^~~
./src/farptr.h:60:40: note: expanded from macro '__GET_VAR'
   60 |         READ16_SEG(prefix, seg, __val, var);    \
      |                                        ^~~
./src/farptr.h:22:19: note: expanded from macro 'READ16_SEG'
   22 |             : "m"(var), "m"(__segment_ ## SEG))
      |                   ^~~
In file included from out/ccode16.o.tmp.c:28:
./src/hw/usb-uhci.c:552:29: warning: taking address of packed member 'token' of class or structure 'uhci_td' may result in an unaligned pointer value [-Waddress-of-packed-member]
  552 |     u32 token = GET_LOWFLAT(td->token);
      |                             ^~~~~~~~~
./src/biosvar.h:127:49: note: expanded from macro 'GET_LOWFLAT'
  127 | #define GETIn file included from _out/ccode32flat.o.tmp.cL:O35W:
F./src/hw/floppy.cL:A194T:(14v:a rwarning: )unknown attribute 'externally_visible' ignored [-Wunknown-attributes] 
G  E194T | _uL8O WF(l*oLpOpWyFDLOART 2VLAORWL(O&W(;v
a      r| )             ^~~~~~)
)
./src/types.h      :| 106                                                ^~~:
52:./src/biosvar.h :note: 121expanded from macro 'VARLOW':
35:   106note:  | expanded from macro 'LOWFLAT2LOW'#
 d  e121f | i#ndee fViAnReL OLWO W_F_LsAeTc2tLiOoWn((v"a.rd)a t(a(.tvyapreloofw(.v"a rU)N)I(Q(SvEoCi)d *_)_(VvIaSrI)B L-E  S_Y_MwBeOaLk(
z      o| n                                                   ^~~~~~~~~e
l./src/types.ho:w40_:b35a:s enote: )expanded from macro '__VISIBLE')
)   
40       | | #                                  ^~~ 
d./src/biosvar.he:f119i:n54e:  _note: _expanded from macro 'GET_LOW'V
I  S119I | B#LdEe f_i_naet tGrEiTb_uLtOeW_(_v(a(re)x t e r n a l l y _ v i sGiEbTl_eF)A)R
V      A| R                                  ^~~~~~~~~~~~~~~~~~(
SEG_LOW, (var))
      |                                                      ^~~
note: (skipping 2 expansions in backtrace; use -fmacro-backtrace-limit=0 to see all)
./src/farptr.h:144:47: note: expanded from macro 'GET_VAR'
  144 | #define GET_VAR(seg, var) __GET_VAR("", seg, (var))
      |                                               ^~~
./src/farptr.h:62:40: note: expanded from macro '__GET_VAR'
   62 |         READ32_SEG(prefix, seg, __val, var);    \
      |                                        ^~~
./src/farptr.h:25:19: note: expanded from macro 'READ32_SEG'
   25 |             : "m"(var), "m"(__segment_ ## SEG))
      |                   ^~~
In file included from out/ccode16.o.tmp.c:28:
./src/hw/usb-uhci.c:552:29: warning: taking address of packed member 'token' of class or structure 'uhci_td' may result in an unaligned pointer value [-Waddress-of-packed-member]
  552 |     u32 token = GET_LOWFLAT(td->token);
      |                             ^~~~~~~~~
./src/biosvar.h:127:49: note: expanded from macro 'GET_LOWFLAT'
  127 | #define GET_LOWFLAT(var) GET_LOW(*LOWFLAT2LOW(&(var)))
      |                                                 ^~~
./src/biosvar.h:121:35: note: expanded from macro 'LOWFLAT2LOW'
  121 | #define LOWFLAT2LOW(var) ((typeof(var))((void*)(var) - SYMBOL(zonelow_base)))
      |                                   ^~~
./src/biosvar.h:119:54: note: expanded from macro 'GET_LOW'
  119 | #define GET_LOW(var)            GET_FARVAR(SEG_LOW, (var))
      |                                                      ^~~
note: (skipping 2 expansions in backtrace; use -fmacro-backtrace-limit=0 to see all)
./src/farptr.h:144:47: note: expanded from macro 'GET_VAR'
  144 | #define GET_VAR(seg, var) __GET_VAR("", seg, (var))
      |                                               ^~~
./src/farptr.h:64:40: note: expanded from macro '__GET_VAR'
   64 |         READ64_SEG(prefix, seg, __val, var);    \
      |                                        ^~~
./src/farptr.h:28:59: note: expanded from macro 'READ64_SEG'
   28 |         union u64_u32_u *__r64_ptr = (union u64_u32_u *)&(var); \
      |                                                           ^~~
In file included from out/ccode16.o.tmp.c:28:
./src/hw/usb-uhci.c:559:32: warning: taking address of packed member 'buffer' of class or structure 'uhci_td' may result in an unaligned pointer value [-Waddress-of-packed-member]
  559 |     void *tddata = GET_LOWFLAT(td->buffer);
      |                                ^~~~~~~~~~
./src/biosvar.h:127:49: note: expanded from macro 'GET_LOWFLAT'
  127 | #define GET_LOWFLAT(var) GET_LOW(*LOWFLAT2LOW(&(var)))
      |                                                 ^~~
./src/biosvar.h:121:35: note: expanded from macro 'LOWFLAT2LOW'
  121 | #define LOWFLAT2LOW(var) ((typeof(var))((void*)(var) - SYMBOL(zonelow_base)))
      |                                   ^~~
./src/biosvar.h:119:54: note: expanded from macro 'GET_LOW'
  119 | #define GET_LOW(var)            GET_FARVAR(SEG_LOW, (var))
      |                                                      ^~~
note: (skipping 1 expansions in backtrace; use -fmacro-backtrace-limit=0 to see all)
./src/farptr.h:111:18: note: expanded from macro '__GET_FARVAR'
  111 |     GET_VAR(ES, (var)); })
      |                  ^~~
./src/farptr.h:144:47: note: expanded from macro 'GET_VAR'
  144 | #define GET_VAR(seg, var) __GET_VAR("", seg, (var))
      |                                               ^~~
./src/farptr.h:56:12: note: expanded from macro '__GET_VAR'
   56 |     typeof(var) __val;                          \
      |            ^~~
In file included from out/ccode16.o.tmp.c:28:
./src/hw/usb-uhci.c:559:32: warning: taking address of packed member 'buffer' of class or structure 'uhci_td' may result in an unaligned pointer value [-Waddress-of-packed-member]
  559 |     void *tddata = GET_LOWFLAT(td->buffer);
      |                                ^~~~~~~~~~
./src/biosvar.h:127:49: note: expanded from macro 'GET_LOWFLAT'
  127 | #define GET_LOWFLAT(var) GET_LOW(*LOWFLAT2LOW(&(var)))
      |                                                 ^~~
./src/biosvar.h:121:35: note: expanded from macro 'LOWFLAT2LOW'
  121 | #define LOWFLAT2LOW(var) ((typeof(var))((void*)(var) - SYMBOL(zonelow_base)))
      |                                   ^~~
./src/biosvar.h:119:54: note: expanded from macro 'GET_LOW'
  119 | #define GET_LOW(var)            GET_FARVAR(SEG_LOW, (var))
      |                                                      ^~~
note: (skipping 2 expansions in backtrace; use -fmacro-backtrace-limit=0 to see all)
./src/farptr.h:144:47: note: expanded from macro 'GET_VAR'
  144 | #define GET_VAR(seg, var) __GET_VAR("", seg, (var))
      |                                               ^~~
./src/farptr.h:58:39: note: expanded from macro '__GET_VAR'
   58 |         READ8_SEG(prefix, seg, __val, var);     \
      |                                       ^~~
./src/farptr.h:19:19: note: expanded from macro 'READ8_SEG'
   19 |             : "m"(var), "m"(__segment_ ## SEG))
      |                   ^~~
In file included from out/ccode16.o.tmp.c:28:
./src/hw/usb-uhci.c:559:32: warning: taking address of packed member 'buffer' of class or structure 'uhci_td' may result in an unaligned pointer value [-Waddress-of-packed-member]
  559 |     void *tddata = GET_LOWFLAT(td->buffer);
      |                                ^~~~~~~~~~
./src/biosvar.h:127:49: note: expanded from macro 'GET_LOWFLAT'
  127 | #define GET_LOWFLAT(var) GET_LOW(*LOWFLAT2LOW(&(var)))
      |                                                 ^~~
./src/biosvar.h:121:35: note: expanded from macro 'LOWFLAT2LOW'
  121 | #define LOWFLAT2LOW(var) ((typeof(var))((void*)(var) - SYMBOL(zonelow_base)))
      |                                   ^~~
./src/biosvar.h:119:54: note: expanded from macro 'GET_LOW'
  119 | #define GET_LOW(var)            GET_FARVAR(SEG_LOW, (var))
      |                                                      ^~~
note: (skipping 2 expansions in backtrace; use -fmacro-backtrace-limit=0 to see all)
./src/farptr.h:144:47: note: expanded from macro 'GET_VAR'
  144 | #define GET_VAR(seg, var) __GET_VAR("", seg, (var))
      |                                               ^~~
./src/farptr.h:60:40: note: expanded from macro '__GET_VAR'
   60 |         READ16_SEG(prefix, seg, __val, var);    \
      |                                        ^~~
./src/farptr.h:22:19: note: expanded from macro 'READ16_SEG'
   22 |             : "m"(var), "m"(__segment_ ## SEG))
      |                   ^~~
In file included from out/ccode16.o.tmp.c:28:
./src/hw/usb-uhci.c:559:32: warning: taking address of packed member 'buffer' of class or structure 'uhci_td' may result in an unaligned pointer value [-Waddress-of-packed-member]
  559 |     void *tddata = GET_LOWFLAT(td->buffer);
      |                                ^~~~~~~~~~
./src/biosvar.h:127:49: note: expanded from macro 'GET_LOWFLAT'
  127 | #define GET_LOWFLAT(var) GET_LOW(*LOWFLAT2LOW(&(var)))
      |                                                 ^~~
./src/biosvar.h:121:35: note: expanded from macro 'LOWFLAT2LOW'
  121 | #define LOWFLAT2LOW(var) ((typeof(var))((void*)(var) - SYMBOL(zonelow_base)))
      |                                   ^~~
./src/biosvar.h:119:54: note: expanded from macro 'GET_LOW'
  119 | #define GET_LOW(var)            GET_FARVAR(SEG_LOW, (var))
      |                                                      ^~~
note: (skipping 2 expansions in backtrace; use -fmacro-backtrace-limit=0 to see all)
./src/farptr.h:144:47: note: expanded from macro 'GET_VAR'
  144 | #define GET_VAR(seg, var) __GET_VAR("", seg, (var))
      |                                               ^~~
./src/farptr.h:62:40: note: expanded from macro '__GET_VAR'
   62 |         READ32_SEG(prefix, seg, __val, var);    \
      |                                        ^~~
./src/farptr.h:25:19: note: expanded from macro 'READ32_SEG'
   25 |             : "m"(var), "m"(__segment_ ## SEG))
      |                   ^~~
In file included from out/ccode16.o.tmp.c:28:
./src/hw/usb-uhci.c:559:32: warning: taking address of packed member 'buffer' of class or structure 'uhci_td' may result in an unaligned pointer value [-Waddress-of-packed-member]
  559 |     void *tddata = GET_LOWFLAT(td->buffer);
      |                                ^~~~~~~~~~
./src/biosvar.h:127:49: note: expanded from macro 'GET_LOWFLAT'
  127 | #define GET_LOWFLAT(var) GET_LOW(*LOWFLAT2LOW(&(var)))
      |                                                 ^~~
./src/biosvar.h:121:35: note: expanded from macro 'LOWFLAT2LOW'
  121 | #define LOWFLAT2LOW(var) ((typeof(var))((void*)(var) - SYMBOL(zonelow_base)))
      |                                   ^~~
./src/biosvar.h:119:54: note: expanded from macro 'GET_LOW'
  119 | #define GET_LOW(var)            GET_FARVAR(SEG_LOW, (var))
      |                                                      ^~~
note: (skipping 2 expansions in backtrace; use -fmacro-backtrace-limit=0 to see all)
./src/farptr.h:144:47: note: expanded from macro 'GET_VAR'
  144 | #define GET_VAR(seg, var) __GET_VAR("", seg, (var))
      |                                               ^~~
./src/farptr.h:64:40: note: expanded from macro '__GET_VAR'
   64 |         READ64_SEG(prefix, seg, __val, var);    \
      |                                        ^~~
./src/farptr.h:28:59: note: expanded from macro 'READ64_SEG'
   28 |         union u64_u32_u *__r64_ptr = (union u64_u32_u *)&(var); \
      |                                                           ^~~
In file included from out/ccode16.o.tmp.c:28:
./src/hw/usb-uhci.c:564:48: warning: taking address of packed member 'link' of class or structure 'uhci_td' may result in an unaligned pointer value [-Waddress-of-packed-member]
  564 |     struct uhci_td *next = (void*)(GET_LOWFLAT(td->link) & ~UHCI_PTR_BITS);
      |                                                ^~~~~~~~
./src/biosvar.h:127:49: note: expanded from macro 'GET_LOWFLAT'
  127 | #define GET_LOWFLAT(var) GET_LOW(*LOWFLAT2LOW(&(var)))
      |                                                 ^~~
./src/biosvar.h:121:35: note: expanded from macro 'LOWFLAT2LOW'
  121 | #define LOWFLAT2LOW(var) ((typeof(var))((void*)(var) - SYMBOL(zonelow_base)))
      |                                   ^~~
./src/biosvar.h:119:54: note: expanded from macro 'GET_LOW'
  119 | #define GET_LOW(var)            GET_FARVAR(SEG_LOW, (var))
      |                                                      ^~~
note: (skipping 1 expansions in backtrace; use -fmacro-backtrace-limit=0 to see all)
./src/farptr.h:111:18: note: expanded from macro '__GET_FARVAR'
  111 |     GET_VAR(ES, (var)); })
      |                  ^~~
./src/farptr.h:144:47: note: expanded from macro 'GET_VAR'
  144 | #define GET_VAR(seg, var) __GET_VAR("", seg, (var))
      |                                               ^~~
./src/farptr.h:56:12: note: expanded from macro '__GET_VAR'
   56 |     typeof(var) __val;                          \
      |            ^~~
In file included from out/ccode16.o.tmp.c:28:
./src/hw/usb-uhci.c:564:48: warning: taking address of packed member 'link' of class or structure 'uhci_td' may result in an unaligned pointer value [-Waddress-of-packed-member]
  564 |     struct uhci_td *next = (void*)(GET_LOWFLAT(td->link) & ~UHCI_PTR_BITS);
      |                                                ^~~~~~~~
./src/biosvar.h:127:49: note: expanded from macro 'GET_LOWFLAT'
  127 | #define GET_LOWFLAT(var) GET_LOW(*LOWFLAT2LOW(&(var)))
      |                                                 ^~~
./src/biosvar.h:121:35: note: expanded from macro 'LOWFLAT2LOW'
  121 | #define LOWFLAT2LOW(var) ((typeof(var))((void*)(var) - SYMBOL(zonelow_base)))
      |                                   ^~~
./src/biosvar.h:119:54: note: expanded from macro 'GET_LOW'
  119 | #define GET_LOW(var)            GET_FARVAR(SEG_LOW, (var))
      |                                                      ^~~
note: (skipping 2 expansions in backtrace; use -fmacro-backtrace-limit=0 to see all)
./src/farptr.h:144:47: note: expanded from macro 'GET_VAR'
  144 | #define GET_VAR(seg, var) __GET_VAR("", seg, (var))
      |                                               ^~~
./src/farptr.h:58:39: note: expanded from macro '__GET_VAR'
   58 |         READ8_SEG(prefix, seg, __val, var);     \
      |                                       ^~~
./src/farptr.h:19:19: note: expanded from macro 'READ8_SEG'
   19 |             : "m"(var), "m"(__segment_ ## SEG))
      |                   ^~~
In file included from out/ccode16.o.tmp.c:28:
./src/hw/usb-uhci.c:564:48: warning: taking address of packed member 'link' of class or structure 'uhci_td' may result in an unaligned pointer value [-Waddress-of-packed-member]
  564 |     struct uhci_td *next = (void*)(GET_LOWFLAT(td->link) & ~UHCI_PTR_BITS);
      |                                                ^~~~~~~~
./src/biosvar.h:127:49: note: expanded from macro 'GET_LOWFLAT'
  127 | #define GET_LOWFLAT(var) GET_LOW(*LOWFLAT2LOW(&(var)))
      |                                                 ^~~
./src/biosvar.h:121:35: note: expanded from macro 'LOWFLAT2LOW'
  121 | #define LOWFLAT2LOW(var) ((typeof(var))((void*)(var) - SYMBOL(zonelow_base)))
      |                                   ^~~
./src/biosvar.h:119:54: note: expanded from macro 'GET_LOW'
  119 | #define GET_LOW(var)            GET_FARVAR(SEG_LOW, (var))
      |                                                      ^~~
note: (skipping 2 expansions in backtrace; use -fmacro-backtrace-limit=0 to see all)
./src/farptr.h:144:47: note: expanded from macro 'GET_VAR'
  144 | #define GET_VAR(seg, var) __GET_VAR("", seg, (var))
      |                                               ^~~
./src/farptr.h:60:40: note: expanded from macro '__GET_VAR'
   60 |         READ16_SEG(prefix, seg, __val, var);    \
      |                                        ^~~
./src/farptr.h:22:19: note: expanded from macro 'READ16_SEG'
   22 |             : "m"(var), "m"(__segment_ ## SEG))
      |                   ^~~
In file included from out/ccode16.o.tmp.c:28:
./src/hw/usb-uhci.c:564:48: warning: taking address of packed member 'link' of class or structure 'uhci_td' may result in an unaligned pointer value [-Waddress-of-packed-member]
  564 |     struct uhci_td *next = (void*)(GET_LOWFLAT(td->link) & ~UHCI_PTR_BITS);
      |                                                ^~~~~~~~
./src/biosvar.h:127:49: note: expanded from macro 'GET_LOWFLAT'
  127 | #define GET_LOWFLAT(var) GET_LOW(*LOWFLAT2LOW(&(var)))
      |                                                 ^~~
./src/biosvar.h:121:35: note: expanded from macro 'LOWFLAT2LOW'
  121 | #define LOWFLAT2LOW(var) ((typeof(var))((void*)(var) - SYMBOL(zonelow_base)))
      |                                   ^~~
./src/biosvar.h:119:54: note: expanded from macro 'GET_LOW'
  119 | #define GET_LOW(var)            GET_FARVAR(SEG_LOW, (var))
      |                                                      ^~~
note: (skipping 2 expansions in backtrace; use -fmacro-backtrace-limit=0 to see all)
./src/farptr.h:144:47: note: expanded from macro 'GET_VAR'
  144 | #define GET_VAR(seg, var) __GET_VAR("", seg, (var))
      |                                               ^~~
./src/farptr.h:62:40: note: expanded from macro '__GET_VAR'
   62 |         READ32_SEG(prefix, seg, __val, var);    \
      |                                        ^~~
./src/farptr.h:25:19: note: expanded from macro 'READ32_SEG'
   25 |             : "m"(var), "m"(__segment_ ## SEG))
      |                   ^~~
In file included from out/ccode16.o.tmp.c:28:
./src/hw/usb-uhci.c:564:48: warning: taking address of packed member 'link' of class or structure 'uhci_td' may result in an unaligned pointer value [-Waddress-of-packed-member]
  564 |     struct uhci_td *next = (void*)(GET_LOWFLAT(td->link) & ~UHCI_PTR_BITS);
      |                                                ^~~~~~~~
./src/biosvar.h:127:49: note: expanded from macro 'GET_LOWFLAT'
  127 | #define GET_LOWFLAT(var) GET_LOW(*LOWFLAT2LOW(&(var)))
      |                                                 ^~~
./src/biosvar.h:121:35: note: expanded from macro 'LOWFLAT2LOW'
  121 | #define LOWFLAT2LOW(var) ((typeof(var))((void*)(var) - SYMBOL(zonelow_base)))
      |                                   ^~~
./src/biosvar.h:119:54: note: expanded from macro 'GET_LOW'
  119 | #define GET_LOW(var)            GET_FARVAR(SEG_LOW, (var))
      |                                                      ^~~
note: (skipping 2 expansions in backtrace; use -fmacro-backtrace-limit=0 to see all)
./src/farptr.h:144:47: note: expanded from macro 'GET_VAR'
  144 | #define GET_VAR(seg, var) __GET_VAR("", seg, (var))
      |                                               ^~~
./src/farptr.h:64:40: note: expanded from macro '__GET_VAR'
   64 |         READ64_SEG(prefix, seg, __val, var);    \
      |                                        ^~~
./src/farptr.h:28:59: note: expanded from macro 'READ64_SEG'
   28 |         union u64_u32_u *__r64_ptr = (union u64_u32_u *)&(var); \
      |                                                           ^~~
In file included from out/ccode16.o.tmp.c:28:
./src/hw/usb-uhci.c:567:17: warning: taking address of packed member 'status' of class or structure 'uhci_td' may result in an unaligned pointer value [-Waddress-of-packed-member]
  567 |     SET_LOWFLAT(td->status, (uhci_maxerr(0) | (status & TD_CTRL_LS)
      |                 ^~~~~~~~~~
./src/biosvar.h:128:54: note: expanded from macro 'SET_LOWFLAT'
  128 | #define SET_LOWFLAT(var, val) SET_LOW(*LOWFLAT2LOW(&(var)), (val))
      |                                                      ^~~
./src/biosvar.h:121:35: note: expanded from macro 'LOWFLAT2LOW'
  121 | #define LOWFLAT2LOW(var) ((typeof(var))((void*)(var) - SYMBOL(zonelow_base)))
      |                                   ^~~
./src/biosvar.h:120:54: note: expanded from macro 'SET_LOW'
  120 | #define SET_LOW(var, val)       SET_FARVAR(SEG_LOW, (var), (val))
      |                                                      ^~~
./src/farptr.h:143:56: note: expanded from macro 'SET_FARVAR'
  143 | #define SET_FARVAR(seg, var, val) __SET_FARVAR((seg), (var), (val))
      |                                                        ^~~
./src/farptr.h:113:16: note: expanded from macro '__SET_FARVAR'
  113 |         typeof(var) __sfv_val = (val);          \
      |                ^~~
In file included from out/ccode16.o.tmp.c:28:
./src/hw/usb-uhci.c:567:17: warning: taking address of packed member 'status' of class or structure 'uhci_td' may result in an unaligned pointer value [-Waddress-of-packed-member]
  567 |     SET_LOWFLAT(td->status, (uhci_maxerr(0) | (status & TD_CTRL_LS)
      |                 ^~~~~~~~~~
./src/biosvar.h:128:54: note: expanded from macro 'SET_LOWFLAT'
  128 | #define SET_LOWFLAT(var, val) SET_LOW(*LOWFLAT2LOW(&(var)), (val))
      |                                                      ^~~
./src/biosvar.h:121:35: note: expanded from macro 'LOWFLAT2LOW'
  121 | #define LOWFLAT2LOW(var) ((typeof(var))((void*)(var) - SYMBOL(zonelow_base)))
      |                                   ^~~
./src/biosvar.h:120:54: note: expanded from macro 'SET_LOW'
  120 | #define SET_LOW(var, val)       SET_FARVAR(SEG_LOW, (var), (val))
      |                                                      ^~~
note: (skipping 1 expansions in backtrace; use -fmacro-backtrace-limit=0 to see all)
./src/farptr.h:115:22: note: expanded from macro '__SET_FARVAR'
  115 |         SET_VAR(ES, (var), __sfv_val);          \
      |                      ^~~
./src/farptr.h:145:52: note: expanded from macro 'SET_VAR'
  145 | #define SET_VAR(seg, var, val) __SET_VAR("", seg, (var), (val))
      |                                                    ^~~
./src/farptr.h:70:20: note: expanded from macro '__SET_VAR'
   70 |         if (sizeof(var) == 1)                           \
      |                    ^~~
In file included from out/ccode16.o.tmp.c:28:
./src/hw/usb-uhci.c:567:17: warning: taking address of packed member 'status' of class or structure 'uhci_td' may result in an unaligned pointer value [-Waddress-of-packed-member]
  567 |     SET_LOWFLAT(td->status, (uhci_maxerr(0) | (status & TD_CTRL_LS)
      |                 ^~~~~~~~~~
./src/biosvar.h:128:54: note: expanded from macro 'SET_LOWFLAT'
  128 | #define SET_LOWFLAT(var, val) SET_LOW(*LOWFLAT2LOW(&(var)), (val))
      |                                                      ^~~
./src/biosvar.h:121:35: note: expanded from macro 'LOWFLAT2LOW'
  121 | #define LOWFLAT2LOW(var) ((typeof(var))((void*)(var) - SYMBOL(zonelow_base)))
      |                                   ^~~
./src/biosvar.h:120:54: note: expanded from macro 'SET_LOW'
  120 | #define SET_LOW(var, val)       SET_FARVAR(SEG_LOW, (var), (val))
      |                                                      ^~~
note: (skipping 2 expansions in backtrace; use -fmacro-backtrace-limit=0 to see all)
./src/farptr.h:145:52: note: expanded from macro 'SET_VAR'
  145 | #define SET_VAR(seg, var, val) __SET_VAR("", seg, (var), (val))
      |                                                    ^~~
./src/farptr.h:71:37: note: expanded from macro '__SET_VAR'
   71 |             WRITE8_SEG(prefix, seg, var, (val));        \
      |                                     ^~~
./src/farptr.h:34:53: note: expanded from macro 'WRITE8_SEG'
   34 |     __asm__(prefix "movb %b1, %%" #SEG ":%0" : "=m"(var)        \
      |                                                     ^~~
In file included from out/ccode16.o.tmp.c:28:
./src/hw/usb-uhci.c:567:17: warning: taking address of packed member 'status' of class or structure 'uhci_td' may result in an unaligned pointer value [-Waddress-of-packed-member]
  567 |     SET_LOWFLAT(td->status, (uhci_maxerr(0) | (status & TD_CTRL_LS)
      |                 ^~~~~~~~~~
./src/biosvar.h:128:54: note: expanded from macro 'SET_LOWFLAT'
  128 | #define SET_LOWFLAT(var, val) SET_LOW(*LOWFLAT2LOW(&(var)), (val))
      |                                                      ^~~
./src/biosvar.h:121:35: note: expanded from macro 'LOWFLAT2LOW'
  121 | #define LOWFLAT2LOW(var) ((typeof(var))((void*)(var) - SYMBOL(zonelow_base)))
      |                                   ^~~
./src/biosvar.h:120:54: note: expanded from macro 'SET_LOW'
  120 | #define SET_LOW(var, val)       SET_FARVAR(SEG_LOW, (var), (val))
      |                                                      ^~~
note: (skipping 1 expansions in backtrace; use -fmacro-backtrace-limit=0 to see all)
./src/farptr.h:115:22: note: expanded from macro '__SET_FARVAR'
  115 |         SET_VAR(ES, (var), __sfv_val);          \
      |                      ^~~
./src/farptr.h:145:52: note: expanded from macro 'SET_VAR'
  145 | #define SET_VAR(seg, var, val) __SET_VAR("", seg, (var), (val))
      |                                                    ^~~
./src/farptr.h:72:25: note: expanded from macro '__SET_VAR'
   72 |         else if (sizeof(var) == 2)                      \
      |                         ^~~
In file included from out/ccode16.o.tmp.c:28:
./src/hw/usb-uhci.c:567:17: warning: taking address of packed member 'status' of class or structure 'uhci_td' may result in an unaligned pointer value [-Waddress-of-packed-member]
  567 |     SET_LOWFLAT(td->status, (uhci_maxerr(0) | (status & TD_CTRL_LS)
      |                 ^~~~~~~~~~
./src/biosvar.h:128:54: note: expanded from macro 'SET_LOWFLAT'
  128 | #define SET_LOWFLAT(var, val) SET_LOW(*LOWFLAT2LOW(&(var)), (val))
      |                                                      ^~~
./src/biosvar.h:121:35: note: expanded from macro 'LOWFLAT2LOW'
  121 | #define LOWFLAT2LOW(var) ((typeof(var))((void*)(var) - SYMBOL(zonelow_base)))
      |                                   ^~~
./src/biosvar.h:120:54: note: expanded from macro 'SET_LOW'
  120 | #define SET_LOW(var, val)       SET_FARVAR(SEG_LOW, (var), (val))
      |                                                      ^~~
note: (skipping 2 expansions in backtrace; use -fmacro-backtrace-limit=0 to see all)
./src/farptr.h:145:52: note: expanded from macro 'SET_VAR'
  145 | #define SET_VAR(seg, var, val) __SET_VAR("", seg, (var), (val))
      |                                                    ^~~
./src/farptr.h:73:38: note: expanded from macro '__SET_VAR'
   73 |             WRITE16_SEG(prefix, seg, var, (val));       \
      |                                      ^~~
./src/farptr.h:37:53: note: expanded from macro 'WRITE16_SEG'
   37 |     __asm__(prefix "movw %w1, %%" #SEG ":%0" : "=m"(var)        \
      |                                                     ^~~
In file included from out/ccode16.o.tmp.c:28:
./src/hw/usb-uhci.c:567:17: warning: taking address of packed member 'status' of class or structure 'uhci_td' may result in an unaligned pointer value [-Waddress-of-packed-member]
  567 |     SET_LOWFLAT(td->status, (uhci_maxerr(0) | (status & TD_CTRL_LS)
      |                 ^~~~~~~~~~
./src/biosvar.h:128:54: note: expanded from macro 'SET_LOWFLAT'
  128 | #define SET_LOWFLAT(var, val) SET_LOW(*LOWFLAT2LOW(&(var)), (val))
      |                                                      ^~~
./src/biosvar.h:121:35: note: expanded from macro 'LOWFLAT2LOW'
  121 | #define LOWFLAT2LOW(var) ((typeof(var))((void*)(var) - SYMBOL(zonelow_base)))
      |                                   ^~~
./src/biosvar.h:120:54: note: expanded from macro 'SET_LOW'
  120 | #define SET_LOW(var, val)       SET_FARVAR(SEG_LOW, (var), (val))
      |                                                      ^~~
note: (skipping 1 expansions in backtrace; use -fmacro-backtrace-limit=0 to see all)
./src/farptr.h:115:22: note: expanded from macro '__SET_FARVAR'
  115 |         SET_VAR(ES, (var), __sfv_val);          \
      |                      ^~~
./src/farptr.h:145:52: note: expanded from macro 'SET_VAR'
  145 | #define SET_VAR(seg, var, val) __SET_VAR("", seg, (var), (val))
      |                                                    ^~~
./src/farptr.h:74:25: note: expanded from macro '__SET_VAR'
   74 |         else if (sizeof(var) == 4)                      \
      |                         ^~~
In file included from out/ccode16.o.tmp.c:28:
./src/hw/usb-uhci.c:567:17: warning: taking address of packed member 'status' of class or structure 'uhci_td' may result in an unaligned pointer value [-Waddress-of-packed-member]
  567 |     SET_LOWFLAT(td->status, (uhci_maxerr(0) | (status & TD_CTRL_LS)
      |                 ^~~~~~~~~~
./src/biosvar.h:128:54: note: expanded from macro 'SET_LOWFLAT'
  128 | #define SET_LOWFLAT(var, val) SET_LOW(*LOWFLAT2LOW(&(var)), (val))
      |                                                      ^~~
./src/biosvar.h:121:35: note: expanded from macro 'LOWFLAT2LOW'
  121 | #define LOWFLAT2LOW(var) ((typeof(var))((void*)(var) - SYMBOL(zonelow_base)))
      |                                   ^~~
./src/biosvar.h:120:54: note: expanded from macro 'SET_LOW'
  120 | #define SET_LOW(var, val)       SET_FARVAR(SEG_LOW, (var), (val))
      |                                                      ^~~
note: (skipping 2 expansions in backtrace; use -fmacro-backtrace-limit=0 to see all)
./src/farptr.h:145:52: note: expanded from macro 'SET_VAR'
  145 | #define SET_VAR(seg, var, val) __SET_VAR("", seg, (var), (val))
      |                                                    ^~~
./src/farptr.h:75:38: note: expanded from macro '__SET_VAR'
   75 |             WRITE32_SEG(prefix, seg, var, (val));       \
      |                                      ^~~
./src/farptr.h:40:52: note: expanded from macro 'WRITE32_SEG'
   40 |     __asm__(prefix "movl %1, %%" #SEG ":%0" : "=m"(var)         \
      |                                                    ^~~
In file included from out/ccode16.o.tmp.c:28:
./src/hw/usb-uhci.c:567:17: warning: taking address of packed member 'status' of class or structure 'uhci_td' may result in an unaligned pointer value [-Waddress-of-packed-member]
  567 |     SET_LOWFLAT(td->status, (uhci_maxerr(0) | (status & TD_CTRL_LS)
      |                 ^~~~~~~~~~
./src/biosvar.h:128:54: note: expanded from macro 'SET_LOWFLAT'
  128 | #define SET_LOWFLAT(var, val) SET_LOW(*LOWFLAT2LOW(&(var)), (val))
      |                                                      ^~~
./src/biosvar.h:121:35: note: expanded from macro 'LOWFLAT2LOW'
  121 | #define LOWFLAT2LOW(var) ((typeof(var))((void*)(var) - SYMBOL(zonelow_base)))
      |                                   ^~~
./src/biosvar.h:120:54: note: expanded from macro 'SET_LOW'
  120 | #define SET_LOW(var, val)       SET_FARVAR(SEG_LOW, (var), (val))
      |                                                      ^~~
note: (skipping 1 expansions in backtrace; use -fmacro-backtrace-limit=0 to see all)
./src/farptr.h:115:22: note: expanded from macro '__SET_FARVAR'
  115 |         SET_VAR(ES, (var), __sfv_val);          \
      |                      ^~~
./src/farptr.h:145:52: note: expanded from macro 'SET_VAR'
  145 | #define SET_VAR(seg, var, val) __SET_VAR("", seg, (var), (val))
      |                                                    ^~~
./src/farptr.h:76:25: note: expanded from macro '__SET_VAR'
   76 |         else if (sizeof(var) == 8)                      \
      |                         ^~~
In file included from out/ccode16.o.tmp.c:28:
./src/hw/usb-uhci.c:567:17: warning: taking address of packed member 'status' of class or structure 'uhci_td' may result in an unaligned pointer value [-Waddress-of-packed-member]
  567 |     SET_LOWFLAT(td->status, (uhci_maxerr(0) | (status & TD_CTRL_LS)
      |                 ^~~~~~~~~~
./src/biosvar.h:128:54In file included from :out/ccode32flat.o.tmp.c :note: 40expanded from macro 'SET_LOWFLAT':

./src/hw/megasas.c  :128180 | :#17d:e fwarning: itaking address of packed member 'flags' of class or structure 'megasas_cmd_frame' may result in an unaligned pointer value [-Waddress-of-packed-member]n
e   180S | E T _ L OSWEFTL_ALTO(WvFaLrA,T (vfarla)m eS-E>Tf_lLaOgWs(,* L0OxW0F0L0A1T)2;L
O      W| (                ^~~~~~~~~~~~&
(v./src/biosvar.ha:r128):)54,:  (note: vexpanded from macro 'SET_LOWFLAT'a
l)  )128
 |       #| d                                                     ^~~e
fi./src/biosvar.hn:e121 :S35E:T _note: Lexpanded from macro 'LOWFLAT2LOW'O
W  F121L | A#Td(evfairn,e  vLaOlW)F LSAETT2_LLOOWW((v*aLrO)W F(L(AtTy2pLeOoWf((&v(avra)r))()(,v o(ivda*l))()v
a      r| )                                                     ^~~ 
-./src/biosvar.h :S125Y:M27B:O Lnote: (expanded from macro 'LOWFLAT2LOW'z
on  e125l | o#wd_ebfaisnee) )L)O
W      F| L                                  ^~~A
T2L./src/biosvar.hO:W120(:v54a:r )note:  expanded from macro 'SET_LOW'(
va  r120) | 
#      d| e                          ^~~f
in./src/biosvar.he: 124S:E39T:_ Lnote: Oexpanded from macro 'SET_LOW'W
(  v124a | r#,d evfailn)e   S E T _ L OSWE(Tv_aFrA,R VvAaRl()S E G _ L O W ,d o( v{a r()v,a r()v a=l )()v
a      l| )                                                     ^~~;
 note: }(skipping 2 expansions in backtrace; use -fmacro-backtrace-limit=0 to see all) 
wh./src/farptr.hi:l145e: 52(:0 )note: 
expanded from macro 'SET_VAR'      
|                                       ^~~  
145 | #define SET_VAR(seg, var, val) __SET_VARIn file included from (out/ccode32flat.o.tmp.c":"40,:
 ./src/hw/megasas.cs:e181g:,17 :( vwarning: ataking address of packed member 'data_xfer_len' of class or structure 'megasas_cmd_frame' may result in an unaligned pointer value [-Waddress-of-packed-member]r
)  ,181  | ( v a l )S)E
T      _| L                                                   ^~~O
W./src/farptr.hF:L77A:T38(:f rnote: aexpanded from macro '__SET_VAR'm
e   -77> | d a t a _ x f e r _ l e nW,R IoTpE-6>4c_oSuEnGt( p*r ebflioxc,k ssiezge,) ;v
a      r| ,                ^~~~~~~~~~~~~~~~~~~~ 
(./src/biosvar.hv:a128l:)54):;  note:  expanded from macro 'SET_LOWFLAT' 
      128\ | 
#      d| e                                     ^~~f
ine ./src/farptr.hS:E44T:_59L:O Wnote: Fexpanded from macro 'WRITE64_SEG'L
A   T44( | v a r ,   v a l )u nSiEoTn_ LuO6W4(_*uL3O2W_FuL A*T_2_LwO6W4(_&p(tvra r=) )(,u n(ivoanl )u)6
4      _| u                                                     ^~~3
2_./src/biosvar.hu: 125*:)27&:( vnote: aexpanded from macro 'LOWFLAT2LOW'r
)  ;125  | \#
d      e| f                                                          ^~~i
ne LOWFLAT2LOW(var) (var)
      |                           ^~~
./src/biosvar.h:124:39: note: expanded from macro 'SET_LOW'
  124 | #define SEIn file included from Tout/ccode16.o.tmp.c_:L28O:
W./src/hw/usb-uhci.c(:v567a:r17,:  vwarning: ataking address of packed member 'status' of class or structure 'uhci_td' may result in an unaligned pointer value [-Waddress-of-packed-member]l
)    567  |         dSoE T{_ L(OvWaFrL)A T=( t(dv-a>ls)t;a t}u sw,h i(lueh c(i0_)m
a      x| e                                      ^~~r
r(0) | (status & TD_CTRL_LS)
      |                 ^~~~~~~~~~
./src/biosvar.h:128:54: note: expanded from macro 'SET_LOWFLAT'
  128 | #define SET_LOWFLAT(var, val) SET_LOW(*LOWFLAT2LOW(&(var)), (valIn file included from )out/ccode32flat.o.tmp.c):
40      :
| ./src/hw/megasas.c                                                     ^~~:
191:./src/biosvar.h21::121 :warning: 35taking address of packed member 'union megasas_cmd_frame::(anonymous at ./src/hw/megasas.c:75:5)' of class or structure 'megasas_cmd_frame' may result in an unaligned pointer value [-Waddress-of-packed-member]:
 note:   expanded from macro 'LOWFLAT2LOW'191
 |    121  |  # d e f i nSeE TL_OLWOFWLFALTA2TL(OfWr(avmaer-)> p(t(htryup.esogfl(_vaadrd)r),( ((vuo3i2d)*o)p(-v>abru)f _-f lS)Y;M
B      O| L                    ^~~~~~~~~~~~~~~~~~~~~(
z./src/biosvar.ho:n128e:l54o:w _note: bexpanded from macro 'SET_LOWFLAT'a
se  )128) | )#
d      e| f                                  ^~~i
ne ./src/biosvar.hS:E120T:_54L:O Wnote: Fexpanded from macro 'SET_LOW'L
A  T120( | v#adre,f ivnael )S ESTE_TL_OLWO(Wv(a*rL,O WvFaLlA)T 2 L O W ( & (SvEaTr_)F)A,R V(AvRa(lS)E)G
_      L| O                                                     ^~~W
,./src/biosvar.h :(125v:a27r:) ,note:  expanded from macro 'LOWFLAT2LOW'(
v  a125l | )#)d
e      f| i                                                     ^~~n
enote:  (skipping 2 expansions in backtrace; use -fmacro-backtrace-limit=0 to see all)L
OWF./src/farptr.hL:A145T:252L:O Wnote: (expanded from macro 'SET_VAR'v
ar  )145  | (#vdaerf)i
n      e|                            ^~~S
E./src/biosvar.hT:_124V:A39R:( snote: eexpanded from macro 'SET_LOW'g
,   v124a | r#,d evfailn)e  _S_ESTE_TL_OVWA(Rv(a"r",,  vsaelg),   ( v a r ) ,d o( v{a l()v)a
r      )|                                                     ^~~=
 (va./src/farptr.hl:)77;: 38}:  wnote: hexpanded from macro '__SET_VAR'i
l   e77  | ( 0 ) 
        |                                        ^~~ 
     WRITE64_SEG(prefix, seg, var, (val)); In file included from  out/ccode32flat.o.tmp.c : 40 :
 ./src/hw/megasas.c :\192
:      21| :                                     ^~~ 
warning: taking address of packed member 'union megasas_cmd_frame::(anonymous at ./src/hw/megasas.c:75:5)' of class or structure 'megasas_cmd_frame' may result in an unaligned pointer value [-Waddress-of-packed-member]./src/farptr.h
:45  :19216 | :   note:  expanded from macro 'WRITE64_SEG' 
     45  |   S E T _ L O W FtLyApTe(offr(avmaer-)> p_t_hvraul.useg_lt_mlpe n=,  (ovpa-l>uceo)u;n t   *   b l o c k s i z e ) ; 
        |                      ^~~~~~~~~~~~~~~~~~~~ 
  ./src/biosvar.h\:
128      :| 54               ^~~:
 note: expanded from macro 'SET_LOWFLAT'
  128 | #define SET_LOWFLAT(var, val) SET_LOW(*LOWFLAT2LOW(&(var)), (val))
      |                                                      ^~~
./src/biosvar.h:125:27: note: expanded from macro 'LOWFLAT2LOW'
  125 | #define LOWFLAT2LOW(var) (var)
      |                           ^~~
./src/biosvar.h:124:39: note: expanded from macro 'SET_LOW'
  124 | #define SET_LOW(var, val)       do { (var) = (val); } while (0)
      |                                       ^~~
In file included from out/ccode32flat.o.tmp.c:40:
./src/hw/megasas.c:195:17: warning: taking address of packed member 'context' of class or structure 'megasas_cmd_frame' may result in an unaligned pointer value [-Waddress-of-packed-member]
  195 |     SET_LOWFLAT(frame->context, (u32)frame);
      |                 ^~~~~~~~~~~~~~
./src/biosvar.h:128:54: note: expanded from macro 'SET_LOWFLAT'
  128 | #define SET_LOWFLAT(var, val) SET_LOW(*LOWFLAT2LOW(&(var)), (val))
      |                                                      ^~~
./src/biosvar.h:125:27: note: expanded from macro 'LOWFLAT2LOW'
  125 | #define LOWFLAT2LOW(var) (var)
      |                           ^~~
./src/biosvar.h:124:39: note: expanded from macro 'SET_LOW'
  124 | #define SET_LOW(var, val)       do { (var) = (val); } while (0)
      |                                       ^~~
In file included from out/ccode16.o.tmp.c:29:
./src/hw/usb-ohci.c:164:20: warning: taking address of packed member 'hwNextED' of class or structure 'ohci_ed' may result in an unaligned pointer value [-Waddress-of-packed-member]
  164 |             pos = &next->hwNextED;
      |                    ^~~~~~~~~~~~~~
./src/hw/usb-ohci.c:192:13: warning: logical not is only applied to the left hand side of this bitwise operator [-Wlogical-not-parentheses]
  192 |         if (! status & OHCI_HCR)
      |             ^        ~
./src/hw/usb-ohci.c:192:13: note: add parentheses after the '!' to evaluate the bitwise operator first
  192 |         if (! status & OHCI_HCR)
      |             ^                  
      |               (                )
./src/hw/usb-ohci.c:192:13: note: add parentheses around left hand side expression to silence this warning
  192 |         if (! status & OHCI_HCR)
      |             ^
      |             (       )
In file included from out/ccode32flat.o.tmp.c:41:
./src/hw/mpt-scsi.c:48:43: warning: unknown attribute 'externally_visible' ignored [-Wunknown-attributes]
   48 | u8 reply_msg[4] __attribute((aligned(4))) VARLOW;
      |                                           ^~~~~~
./src/types.h:106:52: note: expanded from macro 'VARLOW'
  106 | # define VARLOW __section(".data.varlow." UNIQSEC) __VISIBLE __weak
      |                                                    ^~~~~~~~~
./src/types.h:40:35: note: expanded from macro '__VISIBLE'
   40 | # define __VISIBLE __attribute__((externally_visible))
      |                                   ^~~~~~~~~~~~~~~~~~
./src/hw/usb-ohci.c:559:17: warning: taking address of packed member 'hwINFO' of class or structure 'ohci_td' may result in an unaligned pointer value [-Waddress-of-packed-member]
  559 |     SET_LOWFLAT(tail->hwINFO, TD_DP_IN | TD_T_TOGGLE | TD_CC);
      |                 ^~~~~~~~~~~~
./src/biosvar.h:128:54: note: expanded from macro 'SET_LOWFLAT'
  128 | #define SET_LOWFLAT(var, val) SET_LOW(*LOWFLAT2LOW(&(var)), (val))
      |                                                      ^~~
./src/biosvar.h:121:35: note: expanded from macro 'LOWFLAT2LOW'
  121 | #define LOWFLAT2LOW(var) ((typeof(var))((void*)(var) - SYMBOL(zonelow_base)))
      |                                   ^~~
./src/biosvar.h:120:54: note: expanded from macro 'SET_LOW'
  120 | #define SET_LOW(var, val)       SET_FARVAR(SEG_LOW, (var), (val))
      |                                                      ^~~
./src/farptr.h:143:56: note: expanded from macro 'SET_FARVAR'
  143 | #define SET_FARVAR(seg, var, val) __SET_FARVAR((seg), (var), (val))
      |                                                        ^~~
./src/farptr.h:113:16: note: expanded from macro '__SET_FARVAR'
  113 |         typeof(var) __sfv_val = (val);          \
      |                ^~~
In file included from out/ccode16.o.tmp.c:29:
./src/hw/usb-ohci.c:559:17: warning: taking address of packed member 'hwINFO' of class or structure 'ohci_td' may result in an unaligned pointer value [-Waddress-of-packed-member]
  559 |     SET_LOWFLAT(tail->hwINFO, TD_DP_IN | TD_T_TOGGLE | TD_CC);
      |                 ^~~~~~~~~~~~
./src/biosvar.h:128:54: note: expanded from macro 'SET_LOWFLAT'
  128 | #define SET_LOWFLAT(var, val) SET_LOW(*LOWFLAT2LOW(&(var)), (val))
      |                                                      ^~~
./src/biosvar.h:121:35: note: expanded from macro 'LOWFLAT2LOW'
  121 | In file included from #out/ccode32flat.o.tmp.cd:e42f:
i./src/post.cn:e182 :L6O:W Fwarning: Lunknown attribute 'externally_visible' ignored [-Wunknown-attributes]A
T  2182L | OvWo(ivda rV)I S(I(BtLyEp3e2oFfL(AvTa
r      )| )     ^~~~~~~~~~~~~(
(./src/types.hv:o101i:d60*:) (note: vexpanded from macro 'VISIBLE32FLAT'a
r)   -101  | S#Y MdBeOfLi(nzeo nVeIlSoIwB_LbEa3s2eF)L)A)T
       _| _                                  ^~~s
ecti./src/biosvar.ho:n120(:"54.:t enote: xexpanded from macro 'SET_LOW't
.  r120u | n#tdiemfei.n"e  USNEITQ_SLEOCW)( v_a_rV,I SvIaBlL)E 
        |                                                             ^~~~~~~~~ 
  ./src/types.hS:E40T:_35F:A Rnote: Vexpanded from macro '__VISIBLE'A
R(   S40E | G#_ LdOeWf,i n(ev a_r_)V,I S(IvBaLlE) )_
_      a| t                                                     ^~~t
rnote: i(skipping 1 expansions in backtrace; use -fmacro-backtrace-limit=0 to see all)b
ut./src/farptr.he:_115_:(22(:e xnote: texpanded from macro '__SET_FARVAR'e
r  n115a | l l y _ v i s i bSlEeT)_)V
A      R| (                                  ^~~~~~~~~~~~~~~~~~E
S, (var), __sfv_val);          \
      |                      ^~~
./src/farptr.h:145:52: note: expanded from macro 'SET_VAR'
  145 | #define SET_VAR(seg, var, val) __SET_VAR("", seg, (var), (val))
      |                                                    ^~~
./src/farptr.h:70:20: note: expanded from macro '__SET_VAR'
   70 |         if (sizeof(var) == 1)                           \
      |                    ^~~
In file included from out/ccode16.o.tmp.c:29:
./src/hw/usb-ohci.c:559:17: warning: taking address of packed member 'hwINFO' of class or structure 'ohci_td' may result in an unaligned pointer value [-Waddress-of-packed-member]
  559 |     SET_LOWFLAT(tail->hwINFO, TD_DP_IN | TD_T_TOGGLE | TD_CC);
      |                 ^~~~~~~~~~~~
./src/biosvar.h:128:54: note: expanded from macro 'SET_LOWFLAT'
  128 | #define SET_LOWFLAT(var, val) SET_LOW(*LOWFLAT2LOW(&(var)), (val))
      |                                                      ^~~
./src/biosvar.h:121:35: note: expanded from macro 'LOWFLAT2LOW'
  121 | #define LOWFLAT2LOW(var) ((typeof(var))((void*)(var) - SYMBOL(zonelow_base)))
      |                                   ^~~
./src/biosvar.h:120:54: note: expanded from macro 'SET_LOW'
  120 | #define SET_LOW(var, val)       SET_FARVAR(SEG_LOW, (var), (val))
      |                                                      ^~~
note: (skipping 2 expansions in backtrace; use -fmacro-backtrace-limit=0 to see all)
./src/farptr.h:145:52: note: expanded from macro 'SET_VAR'
  145 | #define SET_VAR(seg, var, val) __SET_VAR("", seg, (var), (val))
      |                                                    ^~~
In file included from ./src/farptr.hout/ccode32flat.o.tmp.c::7142::
37./src/post.c:: 306note: :expanded from macro '__SET_VAR'6
: warning:    unknown attribute 'externally_visible' ignored [-Wunknown-attributes]71
 |     306  |  v o i d   V I S IWBRLIET3E28I_NSIETG
(      p| r     ^~~~~~~~~~~~~e
fi./src/types.hx:,102 :s57e:g ,note:  expanded from macro 'VISIBLE32INIT'v
a  r102, |  #( vdaelf)i)n;e   V I S I B L E\3
2      I| N                                    ^~~I
T __./src/farptr.hs:e34c:t53i:o nnote: (expanded from macro 'WRITE8_SEG'"
.t   e34x | t . i n i_t_.a"s mU_N_I(QpSrEeCf)i x_ _"VmIoSvIbB L%Eb
1      ,|                                                          ^~~~~~~~~%
%./src/types.h": 40#:S35E:G  note: "expanded from macro '__VISIBLE':
%   040" |  #:  d"e=fmi"n(ev a_r_)V I S I B L E   _\_
a      t| t                                                    ^~~r
ibute__((externally_visible))
      |                                   ^~~~~~~~~~~~~~~~~~
In file included from out/ccode16.o.tmp.c:29:
./src/hw/usb-ohci.c:559:17: warning: taking address of packed member 'hwINFO' of class or structure 'ohci_td' may result in an unaligned pointer value [-Waddress-of-packed-member]
  559 |     SET_LOWFLAT(tail->hwINFO, TD_DP_IN | TD_T_TOGGLE | TD_CC);
      |                 ^~~~~~~~~~~~
./src/biosvar.h:128:54In file included from :out/ccode32flat.o.tmp.c :note: 42expanded from macro 'SET_LOWFLAT':

./src/post.c  :128323 | :#6d:e fwarning: iunknown attribute 'externally_visible' ignored [-Wunknown-attributes]n
e   S323E | Tv_oLiOdW FVLIASTI(BvLaEr3,2 FvLaAlT)
       S| E     ^~~~~~~~~~~~~T
_./src/types.hL:O101W:(60*:L Onote: Wexpanded from macro 'VISIBLE32FLAT'F
L  A101T | 2#L OdWe(f&i(nvea rV)I)S,I B(LvEa3l2)F)L
A      T|                                                       ^~~_
_se./src/biosvar.hc:t121i:o35n:( "note: .expanded from macro 'LOWFLAT2LOW't
ex  t121. | r#udnetfiimnee. "L OUWNFILQASTE2CL)O W_(_vVaIrS)I B(L(Et
y      p| e                                                           ^~~~~~~~~o
f(./src/types.hv:a40r:)35):( (note: vexpanded from macro '__VISIBLE'o
id*   )40( | v#a rd)e f-i nSeY M_B_OVLI(SzIoBnLeEl o_w__abtatsrei)b)u)t
e      _| _                                  ^~~(
(./src/biosvar.he:x120t:e54r:n anote: lexpanded from macro 'SET_LOW'l
y_  v120i | s#idbelfei)n)e
       S| E                                  ^~~~~~~~~~~~~~~~~~T
_LOW(var, val)       SET_FARVAR(SEG_LOW, (var), (val))
      |                                                      ^~~
note: (skipping 1 expansions in backtrace; use -fmacro-backtrace-limit=0 to see all)
./src/farptr.h:115:22: note: expanded from macro '__SET_FARVAR'
  115 |         SET_VAR(ES, (var), __sfv_val);          \
      |                      ^~~
./src/farptr.h:145:52: note: expanded from macro 'SET_VAR'
  145 | #define SET_VAR(seg, var, val) __SET_VAR("", seg, (var), (val))
      |                                                    ^~~
./src/farptr.h:72:25: note: expanded from macro '__SET_VAR'
   72 |         else if (sizeof(var) == 2)                      \
      |                         ^~~
In file included from out/ccode16.o.tmp.c:29:
In file included from ./src/hw/usb-ohci.cout/ccode32flat.o.tmp.c::55943::
17./src/e820map.c:: 18warning: :taking address of packed member 'hwINFO' of class or structure 'ohci_td' may result in an unaligned pointer value [-Waddress-of-packed-member]44
:   warning: 559unknown attribute 'externally_visible' ignored [-Wunknown-attributes] | 
     18  |  sStErTu_cLtO WeF8L2A0Te(nttariyl -e>8h2w0I_NlFiOs,t [TBDU_IDLPD__IMNA X|_ ET8D2_0T]_ TVOAGRGFLSEE G|; 
T      D| _                                           ^~~~~~~C
C)./src/types.h;:
107      :| 54                ^~~~~~~~~~~~:
 note: expanded from macro 'VARFSEG'
  107 | ./src/biosvar.h#: 128d:e54f:i nnote: eexpanded from macro 'SET_LOWFLAT' 
V  A128R | F#SdEeGf i_n_es eScEtTi_oLnO(W"F.LdAaTt(av.avra,r fvsaelg). "S EUTN_ILQOSWE(C*)L O_W_FVLIASTI2BLLOEW
(      &| (                                                     ^~~~~~~~~v
ar./src/types.h):)40,: 35(:v anote: lexpanded from macro '__VISIBLE')
)
         40|  |                                                      ^~~#
 de./src/biosvar.hf:i121n:e35 :_ _note: Vexpanded from macro 'LOWFLAT2LOW'I
SI  B121L | E# d_e_faitnter iLbOuWtFeL_A_T(2(LeOxWt(evranra)l l(y(_tvyipseiobfl(ev)a)r
)      )| (                                  ^~~~~~~~~~~~~~~~~~(
void*)(var) - SYMBOL(zonelow_base)))
      |                                   ^~~
./src/biosvar.hIn file included from :out/ccode32flat.o.tmp.c120::4354:
:./src/e820map.c :note: 19expanded from macro 'SET_LOW':
16  :120  | warning: #unknown attribute 'externally_visible' ignored [-Wunknown-attributes]d
ef   i19n | ei nStE Te_8L2O0W_(cvoaurn,t  vVaAlR)F S E G ; 
        | S               ^~~~~~~E
T./src/types.h_:F107A:R54V:A Rnote: (expanded from macro 'VARFSEG'S
EG  _107L | O#W ,d e(fvianre) ,V A(RvFaSlE)G) 
_      _| s                                                     ^~~e
cnote: t(skipping 2 expansions in backtrace; use -fmacro-backtrace-limit=0 to see all)i
on(./src/farptr.h":.145d:a52t:a .note: vexpanded from macro 'SET_VAR'a
r  f145s | e#gd.e"f iUnNeI QSSEETC_)V A_R_(VsIeSgI,B LvEa
r      ,|                                                       ^~~~~~~~~v
a./src/types.hl:)40 :_35_:S Enote: Texpanded from macro '__VISIBLE'_
V   A40R | (#" "d,e fsienge,  _(_vVaIrS)I,B L(Ev a_l_)a)t
t      r| i                                                   ^~~b
ute_./src/farptr.h_:(73(:e38x:t enote: rexpanded from macro '__SET_VAR'n
al   l73y | _ v i s i b l e ) ) 
        | W                                  ^~~~~~~~~~~~~~~~~~R
ITE16_SEG(prefix, seg, var, (val));       \
      |                                      ^~~
./src/farptr.h:37:53: note: expanded from macro 'WRITE16_SEG'
   37 |     __asm__(prefix "movw %w1, %%" #SEG ":%0" : "=m"(var)        \
      |                                                     ^~~
In file included from out/ccode16.o.tmp.c:29:
./src/hw/usb-ohci.c:559:17: warning: taking address of packed member 'hwINFO' of class or structure 'ohci_td' may result in an unaligned pointer value [-Waddress-of-packed-member]
  559 |     SET_LOWFLAT(tail->hwINFO, TD_DP_IN | TD_T_TOGGLE | TD_CC);
      |                 ^~~~~~~~~~~~
./src/biosvar.h:128:54: note: expanded from macro 'SET_LOWFLAT'
  128 | #define SET_LOWFLAT(var, val) SET_LOW(*LOWFLAT2LOW(&(var)), (val))
      |                                                      ^~~
./src/biosvar.h:121:35: note: expanded from macro 'LOWFLAT2LOW'
  121 | #define LOWFLAT2LOW(var) ((typeof(var))((void*)(var) - SYMBOL(zonelow_base)))
      |                                   ^~~
./src/biosvar.h:120:54: note: expanded from macro 'SET_LOW'
  120 | #define SET_LOW(var, val)       SET_FARVAR(SEG_LOW, (var), (val))
      |                                                      ^~~
note: (skipping 1 expansions in backtrace; use -fmacro-backtrace-limit=0 to see all)
./src/farptr.h:115:22: note: expanded from macro '__SET_FARVAR'
  115 |         SET_VAR(ES, (var), __sfv_val);          \
      |                      ^~~
./src/farptr.h:145:52: note: expanded from macro 'SET_VAR'
  145 | #define SET_VAR(seg, var, val) __SET_VAR("", seg, (var), (val))
      |                                                    ^~~
./src/farptr.h:74:25: note: expanded from macro '__SET_VAR'
   74 |         else if (sizeof(var) == 4)                      \
      |                         ^~~
In file included from out/ccode16.o.tmp.c:29:
./src/hw/usb-ohci.c:559:17: warning: taking address of packed member 'hwINFO' of class or structure 'ohci_td' may result in an unaligned pointer value [-Waddress-of-packed-member]
  559 |     SET_LOWFLAT(tail->hwINFO, TD_DP_IN | TD_T_TOGGLE | TD_CC);
      |                 ^~~~~~~~~~~~
./src/biosvar.h:128:54: note: expanded from macro 'SET_LOWFLAT'
  128 | #define SET_LOWFLAT(var, val) SET_LOW(*LOWFLAT2LOW(&(var)), (val))
      |                                                      ^~~
./src/biosvar.h:121:35: note: expanded from macro 'LOWFLAT2LOW'
  121 | #define LOWFLAT2LOW(var) ((typeof(var))((void*)(var) - SYMBOL(zonelow_base)))
      |                                   ^~~
./src/biosvar.h:120:54: note: expanded from macro 'SET_LOW'
  120 | #define SET_LOW(var, val)       SET_FARVAR(SEG_LOW, (var), (val))
      |                                                      ^~~
note: (skipping 2 expansions in backtrace; use -fmacro-backtrace-limit=0 to see all)
./src/farptr.h:145:52: note: expanded from macro 'SET_VAR'
  145 | #define SET_VAR(seg, var, val) __SET_VAR("", seg, (var), (val))
      |                                                    ^~~
./src/farptr.h:75:38: note: expanded from macro '__SET_VAR'
   75 |             WRITE32_SEG(prefix, seg, var, (val));       \
      |                                      ^~~
./src/farptr.h:40:52: note: expanded from macro 'WRITE32_SEG'
   40 |     __asm__(prefix "movl %1, %%" #SEG ":%0" : "=m"(var)         \
      |                                                    ^~~
In file included from out/ccode16.o.tmp.c:29:
./src/hw/usb-ohci.c:559:17: warning: taking address of packed member 'hwINFO' of class or structure 'ohci_td' may result in an unaligned pointer value [-Waddress-of-packed-member]
  559 |     SET_LOWFLAT(tail->hwINFO, TD_DP_IN | TD_T_TOGGLE | TD_CC);
      |                 ^~~~~~~~~~~~
./src/biosvar.h:128:54: note: expanded from macro 'SET_LOWFLAT'
  128 | #define SET_LOWFLAT(var, val) SET_LOW(*LOWFLAT2LOW(&(var)), (val))
      |                                                      ^~~
./src/biosvar.h:121:35: note: expanded from macro 'LOWFLAT2LOW'
  121 | #define LOWFLAT2LOW(var) ((typeof(var))((void*)(var) - SYMBOL(zonelow_base)))
      |                                   ^~~
./src/biosvar.h:120:54: note: expanded from macro 'SET_LOW'
  120 | #define SET_LOW(var, val)       SET_FARVAR(SEG_LOW, (var), (val))
      |                                                      ^~~
note: (skipping 1 expansions in backtrace; use -fmacro-backtrace-limit=0 to see all)
./src/farptr.h:115:22: note: expanded from macro '__SET_FARVAR'
  115 |         SET_VAR(ES, (var), __sfv_val);          \
      |                      ^~~
./src/farptr.h:145:52: note: expanded from macro 'SET_VAR'
  145 | #define SET_VAR(seg, var, val) __SET_VAR("", seg, (var), (val))
      |                                                    ^~~
./src/farptr.h:76:25: note: expanded from macro '__SET_VAR'
   76 |         else if (sizeof(var) == 8)                      \
      |                         ^~~
In file included from out/ccode16.o.tmp.c:29:
./src/hw/usb-ohci.c:559:17: warning: taking address of packed member 'hwINFO' of class or structure 'ohci_td' may result in an unaligned pointer value [-Waddress-of-packed-member]
  559 |     SET_LOWFLAT(tail->hwINFO, TD_DP_IN | TD_T_TOGGLE | TD_CC);
      |                 ^~~~~~~~~~~~
./src/biosvar.h:128:54: note: expanded from macro 'SET_LOWFLAT'
  128 | #define SET_LOWFLAT(var, val) SET_LOW(*LOWFLAT2LOW(&(var)), (val))
      |                                                      ^~~
./src/biosvar.h:121:35: note: expanded from macro 'LOWFLAT2LOW'
  121 | #define LOWFLAT2LOW(var) ((typeof(var))((void*)(var) - SYMBOL(zonelow_base)))
      |                                   ^~~
./src/biosvar.h:120:54: note: expanded from macro 'SET_LOW'
  120 | #define SET_LOW(var, val)       SET_FARVAR(SEG_LOW, (var), (val))
      |                                                      ^~~
note: (skipping 2 expansions in backtrace; use -fmacro-backtrace-limit=0 to see all)
./src/farptr.h:145:52: note: expanded from macro 'SET_VAR'
  145 | #define SET_VAR(seg, var, val) __SET_VAR("", seg, (var), (val))
      |                                                    ^~~
./src/farptr.h:77:38: note: expanded from macro '__SET_VAR'
   77 |             WRITE64_SEG(prefix, seg, var, (val));       \
      |                                      ^~~
./src/farptr.h:44:59: note: expanded from macro 'WRITE64_SEG'
   44 |         union u64_u32_u *__w64_ptr = (union u64_u32_u *)&(var); \
      |                                                           ^~~
In file included from out/ccode16.o.tmp.c:29:
./src/hw/usb-ohci.c:559:17: warning: taking address of packed member 'hwINFO' of class or structure 'ohci_td' may result in an unaligned pointer value [-Waddress-of-packed-member]
  559 |     SET_LOWFLAT(tail->hwINFO, TD_DP_IN | TD_T_TOGGLE | TD_CC);
      |                 ^~~~~~~~~~~~
./src/biosvar.h:128:54: note: expanded from macro 'SET_LOWFLAT'
  128 | #define SET_LOWFLAT(var, val) SET_LOW(*LOWFLAT2LOW(&(var)), (val))
      |                                                      ^~~
./src/biosvar.h:121:35: note: expanded from macro 'LOWFLAT2LOW'
  121 | #define LOWFLAT2LOW(var) ((typeof(var))((void*)(var) - SYMBOL(zonelow_base)))
      |                                   ^~~
./src/biosvar.h:120:54: note: expanded from macro 'SET_LOW'
  120 | #define SET_LOW(var, val)       SET_FARVAR(SEG_LOW, (var), (val))
      |                                                      ^~~
note: (skipping 2 expansions in backtrace; use -fmacro-backtrace-limit=0 to see all)
./src/farptr.h:145:52: note: expanded from macro 'SET_VAR'
  145 | #define SET_VAR(seg, var, val) __SET_VAR("", seg, (var), (val))
      |                                                    ^~~
./src/farptr.h:77:38: note: expanded from macro '__SET_VAR'
   77 |             WRITE64_SEG(prefix, seg, var, (val));       \
      |                                      ^~~
./src/farptr.h:45:16: note: expanded from macro 'WRITE64_SEG'
   45 |         typeof(var) __value_tmp = (value);                      \
      |                ^~~
In file included from out/ccode16.o.tmp.c:29:
./src/hw/usb-ohci.c:561:17: warning: taking address of packed member 'hwCBP' of class or structure 'ohci_td' may result in an unaligned pointer value [-Waddress-of-packed-member]
  561 |     SET_LOWFLAT(tail->hwCBP, (u32)intrdata);
      |                 ^~~~~~~~~~~
./src/biosvar.h:128:54: note: expanded from macro 'SET_LOWFLAT'
  128 | #define SET_LOWFLAT(var, val) SET_LOW(*LOWFLAT2LOW(&(var)), (val))
      |                                                      ^~~
./src/biosvar.h:121:35: note: expanded from macro 'LOWFLAT2LOW'
  121 | #define LOWFLAT2LOW(var) ((typeof(var))((void*)(var) - SYMBOL(zonelow_base)))
      |                                   ^~~
./src/biosvar.h:120:54: note: expanded from macro 'SET_LOW'
  120 | #define SET_LOW(var, val)       SET_FARVAR(SEG_LOW, (var), (val))
In file included from       out/ccode32flat.o.tmp.c| :                                                     ^~~44
:
./src/malloc.c./src/farptr.h::468143::1956::  warning: note: unknown attribute 'externally_visible' ignored [-Wunknown-attributes]expanded from macro 'SET_FARVAR'

  468   | 143u | 3#2d eLfeignaec ySREaTm_SFiAzReV AVRA(RsFeSgE,G ;v
a      r| ,                  ^~~~~~~ 
va./src/types.hl:)107 :_54_:S Enote: Texpanded from macro 'VARFSEG'_
F  A107R | V#A Rd(e(fsienge) ,V A(RvFaSrE)G,  _(_vsaelc)t)i
o      n| (                                                       ^~~"
../src/farptr.h:d113a:t16a:. vnote: aexpanded from macro '__SET_FARVAR'r
fseg."   113U | N I Q S E C )   _t_yVpIeSoIfB(LvEa
r      )|                                                       ^~~~~~~~~_
_s./src/types.hf:v40_:v35a:l  note: = (val)expanded from macro '__VISIBLE';
     40  |  #   d e f i n\e
       _| _               ^~~V
ISIBLE __attribute__((externally_visible))
      |                                   ^~~~~~~~~~~~~~~~~~
In file included from out/ccode16.o.tmp.c:29:
./src/hw/usb-ohci.c:561:17: warning: taking address of packed member 'hwCBP' of class or structure 'ohci_td' may result in an unaligned pointer value [-Waddress-of-packed-member]
  561 |     SET_LOWFLAT(tail->hwCBP, (u32)intrdata);
      |                 ^~~~~~~~~~~
./src/biosvar.h:128:54: note: expanded from macro 'SET_LOWFLAT'
  128 | #define SET_LOWFLAT(var, val) SET_LOW(*LOWFLAT2LOW(&(var)), (val))
      |                                                      ^~~
./src/biosvar.h:121:35: note: expanded from macro 'LOWFLAT2LOW'
  121 | #define LOWFLAT2LOW(var) ((typeof(var))((void*)(var) - SYMBOL(zonelow_base)))
      |                                   ^~~
./src/biosvar.h:120:54: note: expanded from macro 'SET_LOW'
  120 | #define SET_LOW(var, val)       SET_FARVAR(SEG_LOW, (var), (val))
      |                                                      ^~~
note: (skipping 1 expansions in backtrace; use -fmacro-backtrace-limit=0 to see all)
./src/farptr.h:115:22: note: expanded from macro '__SET_FARVAR'
  115 |         SET_VAR(ES, (var), __sfv_val);          \
      |                      ^~~
./src/farptr.h:145:52: note: expanded from macro 'SET_VAR'
  145 | #define SET_VAR(seg, var, val) __SET_VAR("", seg, (var), (val))
      |                                                    ^~~
./src/farptr.h:70:20: note: expanded from macro '__SET_VAR'
   70 |         if (sizeof(var) == 1)                           \
      |                    ^~~
In file included from out/ccode16.o.tmp.c:29:
./src/hw/usb-ohci.c:561:17: warning: taking address of packed member 'hwCBP' of class or structure 'ohci_td' may result in an unaligned pointer value [-Waddress-of-packed-member]
  561 |     SET_LOWFLAT(tail->hwCBP, (u32)intrdata);
      |                 ^~~~~~~~~~~
./src/biosvar.h:128:54: note: expanded from macro 'SET_LOWFLAT'
  128 | #define SET_LOWFLAT(var, val) SET_LOW(*LOWFLAT2LOW(&(var)), (val))
      |                                                      ^~~
./src/biosvar.h:121:35: note: expanded from macro 'LOWFLAT2LOW'
  121 | #define LOWFLAT2LOW(var) ((typeof(var))((void*)(var) - SYMBOL(zonelow_base)))
      |                                   ^~~
./src/biosvar.h:120:54: note: expanded from macro 'SET_LOW'
  120 | #define SET_LOW(var, val)       SET_FARVAR(SEG_LOW, (var), (val))
      |                                                      ^~~
note: (skipping 2 expansions in backtrace; use -fmacro-backtrace-limit=0 to see all)
./src/farptr.h:145:52: note: expanded from macro 'SET_VAR'
  145 | #define SET_VAR(seg, var, val) __SET_VAR("", seg, (var), (val))
      |                                                    ^~~
./src/farptr.h:71:37: note: expanded from macro '__SET_VAR'
   71 |             WRITE8_SEG(prefix, seg, var, (val));        \
      |                                     ^~~
./src/farptr.h:34:53: note: expanded from macro 'WRITE8_SEG'
   34 |     __asm__(prefix "movb %b1, %%" #SEG ":%0" : "=m"(var)        \
      |                                                     ^~~
In file included from out/ccode16.o.tmp.c:29:
./src/hw/usb-ohci.c:561:17: warning: taking address of packed member 'hwCBP' of class or structure 'ohci_td' may result in an unaligned pointer value [-Waddress-of-packed-member]
  561 |     SET_LOWFLAT(tail->hwCBP, (u32)intrdata);
      |                 ^~~~~~~~~~~
./src/biosvar.h:128:54: note: expanded from macro 'SET_LOWFLAT'
  128 | #define SET_LOWFLAT(var, val) SET_LOW(*LOWFLAT2LOW(&(var)), (val))
      |                                                      ^~~
./src/biosvar.h:121:35: note: expanded from macro 'LOWFLAT2LOW'
  121 | #define LOWFLAT2LOW(var) ((typeof(var))((void*)(var) - SYMBOL(zonelow_base)))
      |                                   ^~~
./src/biosvar.h:120:54: note: expanded from macro 'SET_LOW'
  120 | #define SET_LOW(var, val)       SET_FARVAR(SEG_LOW, (var), (val))
      |                                                      ^~~
note: (skipping 1 expansions in backtrace; use -fmacro-backtrace-limit=0 to see all)
./src/farptr.h:115:22: note: expanded from macro '__SET_FARVAR'
  115 |         SET_VAR(ES, (var), __sfv_val);          \
      |                      ^~~
./src/farptr.h:145:52: note: expanded from macro 'SET_VAR'
  145 | #define SET_VAR(seg, var, val) __SET_VAR("", seg, (var), (val))
      |                                                    ^~~
./src/farptr.h:72:25: note: expanded from macro '__SET_VAR'
   72 |         else if (sizeof(var) == 2)                      \
      |                         ^~~
In file included from out/ccode16.o.tmp.c:29:
./src/hw/usb-ohci.c:561:17: warning: taking address of packed member 'hwCBP' of class or structure 'ohci_td' may result in an unaligned pointer value [-Waddress-of-packed-member]
  561 |     SET_LOWFLAT(tail->hwCBP, (u32)intrdata);
      |                 ^~~~~~~~~~~
./src/biosvar.h:128:54: note: expanded from macro 'SET_LOWFLAT'
  128 | #define SET_LOWFLAT(var, val) SET_LOW(*LOWFLAT2LOW(&(var)), (val))
      |                                                      ^~~
./src/biosvar.h:121:35: note: expanded from macro 'LOWFLAT2LOW'
  121 | #define LOWFLAT2LOW(var) ((typeof(var))((void*)(var) - SYMBOL(zonelow_base)))
      |                                   ^~~
./src/biosvar.h:120:54: note: expanded from macro 'SET_LOW'
  120 | #define SET_LOW(var, val)       SET_FARVAR(SEG_LOW, (var), (val))
      |                                                      ^~~
note: (skipping 2 expansions in backtrace; use -fmacro-backtrace-limit=0 to see all)
./src/farptr.h:145:52: note: expanded from macro 'SET_VAR'
  145 | #define SET_VAR(seg, var, val) __SET_VAR("", seg, (var), (val))
      |                                                    ^~~
./src/farptr.h:73:38: note: expanded from macro '__SET_VAR'
   73 |             WRITE16_SEG(prefix, seg, var, (val));       \
      |                                      ^~~
./src/farptr.h:37:53: note: expanded from macro 'WRITE16_SEG'
   37 |     __asm__(prefix "movw %w1, %%" #SEG ":%0" : "=m"(var)        \
      |                                                     ^~~
In file included from out/ccode16.o.tmp.c:29:
./src/hw/usb-ohci.c:561:17: warning: taking address of packed member 'hwCBP' of class or structure 'ohci_td' may result in an unaligned pointer value [-Waddress-of-packed-member]
  561 |     SET_LOWFLAT(tail->hwCBP, (u32)intrdata);
      |                 ^~~~~~~~~~~
./src/biosvar.h:128:54: note: expanded from macro 'SET_LOWFLAT'
  128 | #define SET_LOWFLAT(var, val) SET_LOW(*LOWFLAT2LOW(&(var)), (val))
      |                                                      ^~~
./src/biosvar.h:121:35: note: expanded from macro 'LOWFLAT2LOW'
  121 | #define LOWFLAT2LOW(var) ((typeof(var))((void*)(var) - SYMBOL(zonelow_base)))
      |                                   ^~~
./src/biosvar.h:120:54: note: expanded from macro 'SET_LOW'
  120 | #define SET_LOW(var, val)       SET_FARVAR(SEG_LOW, (var), (val))
      |                                                      ^~~
note: (skipping 1 expansions in backtrace; use -fmacro-backtrace-limit=0 to see all)
./src/farptr.h:115:22: note: expanded from macro '__SET_FARVAR'
  115 |         SET_VAR(ES, (var), __sfv_val);          \
      |                      ^~~
./src/farptr.h:145:52: note: expanded from macro 'SET_VAR'
  145 | #define SET_VAR(seg, var, val) __SET_VAR("", seg, (var), (val))
      |                                                    ^~~
./src/farptr.h:74:25: note: expanded from macro '__SET_VAR'
   74 |         else if (sizeof(var) == 4)                      \
      |                         ^~~
In file included from out/ccode16.o.tmp.c:29:
./src/hw/usb-ohci.c:561:17: warning: taking address of packed member 'hwCBP' of class or structure 'ohci_td' may result in an unaligned pointer value [-Waddress-of-packed-member]
  561 |     SET_LOWFLAT(tail->hwCBP, (u32)intrdata);
      |                 ^~~~~~~~~~~
./src/biosvar.h:128:54: note: expanded from macro 'SET_LOWFLAT'
  128 | #define SET_LOWFLAT(var, val) SET_LOW(*LOWFLAT2LOW(&(var)), (val))
      |                                                      ^~~
./src/biosvar.h:121:35: note: expanded from macro 'LOWFLAT2LOW'
  121 | #define LOWFLAT2LOW(var) ((typeof(var))((void*)(var) - SYMBOL(zonelow_base)))
      |                                   ^~~
./src/biosvar.h:120:54: note: expanded from macro 'SET_LOW'
  120 | #define SET_LOW(var, val)       SET_FARVAR(SEG_LOW, (var), (val))
      |                                                      ^~~
note: (skipping 2 expansions in backtrace; use -fmacro-backtrace-limit=0 to see all)
./src/farptr.h:145:52: note: expanded from macro 'SET_VAR'
  145 | #define SET_VAR(seg, var, val) __SET_VAR("", seg, (var), (val))
      |                                                    ^~~
./src/farptr.h:75:38: note: expanded from macro '__SET_VAR'
   75 |             WRITE32_SEG(prefix, seg, var, (val));       \
      |                                      ^~~
./src/farptr.h:40:52: note: expanded from macro 'WRITE32_SEG'
   40 |     __asm__(prefix "movl %1, %%" #SEG ":%0" : "=m"(var)         \
      |                                                    ^~~
In file included from out/ccode16.o.tmp.c:29:
./src/hw/usb-ohci.c:561:17: warning: taking address of packed member 'hwCBP' of class or structure 'ohci_td' may result in an unaligned pointer value [-Waddress-of-packed-member]
  561 |     SET_LOWFLAT(tail->hwCBP, (u32)intrdata);
      |                 ^~~~~~~~~~~
./src/biosvar.h:128:54: note: expanded from macro 'SET_LOWFLAT'
  128 | #define SET_LOWFLAT(var, val) SET_LOW(*LOWFLAT2LOW(&(var)), (val))
      |                                                      ^~~
./src/biosvar.h:121:35: note: expanded from macro 'LOWFLAT2LOW'
  121 | #define LOWFLAT2LOW(var) ((typeof(var))((void*)(var) - SYMBOL(zonelow_base)))
      |                                   ^~~
./src/biosvar.h:120:54: note: expanded from macro 'SET_LOW'
  120 | #define SET_LOW(var, val)       SET_FARVAR(SEG_LOW, (var), (val))
      |                                                      ^~~
note: (skipping 1 expansions in backtrace; use -fmacro-backtrace-limit=0 to see all)
./src/farptr.h:115:22: note: expanded from macro '__SET_FARVAR'
  115 |         SET_VAR(ES, (var), __sfv_val);          \
      |                      ^~~
./src/farptr.h:145:52: note: expanded from macro 'SET_VAR'
  145 | #define SET_VAR(seg, var, val) __SET_VAR("", seg, (var), (val))
      |                                                    ^~~
./src/farptr.h:76:25: note: expanded from macro '__SET_VAR'
   76 |         else if (sizeof(var) == 8)                      \
      |                         ^~~
In file included from out/ccode16.o.tmp.c:29:
./src/hw/usb-ohci.c:561:17: warning: taking address of packed member 'hwCBP' of class or structure 'ohci_td' may result in an unaligned pointer value [-Waddress-of-packed-member]
  561 |     SET_LOWFLAT(tail->hwCBP, (u32)intrdata);
      |                 ^~~~~~~~~~~
./src/biosvar.h:128:54: note: expanded from macro 'SET_LOWFLAT'
  128 | #define SET_LOWFLAT(var, val) SET_LOW(*LOWFLAT2LOW(&(var)), (val))
      |                                                      ^~~
./src/biosvar.h:121:35: note: expanded from macro 'LOWFLAT2LOW'
  121 | #define LOWFLAT2LOW(var) ((typeof(vIn file included from aout/ccode32flat.o.tmp.cr:)48):
(./src/pmm.c(:v19o:i42d:* )warning: (unknown attribute 'externally_visible' ignored [-Wunknown-attributes]v
a   r19) |  s-t rSuYcMtB OpLm(mzhoenaedleorw _PbMaMsHeE)A)D)E
R       | _                                  ^~~_
align./src/biosvar.he:d120(:1546:)  note: Vexpanded from macro 'SET_LOW'A
R  F120S | E#Gd e=f i{n
e       | S                                         ^~~~~~~E
T./src/types.h_:L107O:W54(var, :v anote: lexpanded from macro 'VARFSEG')
    107  |  #   d eSfEiTn_eF AVRAVRAFRS(ESGE G___LsOeWc,t i(ovna(r").,d a(tvaa.lv)a)r
f      s| e                                                     ^~~g
.note: "(skipping 2 expansions in backtrace; use -fmacro-backtrace-limit=0 to see all) 
U./src/farptr.hN:I145Q:S52E:C )note:  expanded from macro 'SET_VAR'_
_  V145I | S#IdBeLfEi
n      e|                                                       ^~~~~~~~~S
E./src/types.hT:_40V:A35R:( snote: eexpanded from macro '__VISIBLE'g
,    40v | a#r ,d evfailn)e  ____SVEITS_IVBALRE( "_"_,a tstergi,b u(tvea_r_)(,( e(xvtaelr)n)a
l      l| y                                                   ^~~_
vi./src/farptr.hs:i77b:l38e:) )note: 
expanded from macro '__SET_VAR'      
|                                      ^~~~~~~~~~~~~~~~~~77
 |             WRITE64_SEG(prefix, seg, var, (val));       \
      |                                      ^~~
./src/farptr.h:44:59: note: expanded from macro 'WRITE64_SEG'
   44 |         union u64_u32_u *__w64_ptr = (union u64_u32_u *)&(var); \
      |                                                           ^~~
In file included from out/ccode16.o.tmp.c:29:
./src/hw/usb-ohci.c:561:17: warning: taking address of packed member 'hwCBP' of class or structure 'ohci_td' may result in an unaligned pointer value [-Waddress-of-packed-member]
  561 |     SET_LOWFLAT(tail->hwCBP, (u32)intrdata);
      |                 ^~~~~~~~~~~
./src/biosvar.h:128:54: note: expanded from macro 'SET_LOWFLAT'
  128 | #define SET_LOWFLAT(var, val) SET_LOW(*LOWFLAT2LOW(&(var)), (val))
      |                                                      ^~~
./src/biosvar.h:121:35: note: expanded from macro 'LOWFLAT2LOW'
  121 | #define LOWFLAT2LOW(var) ((typeof(var))((void*)(var) - SYMBOL(zonelow_In file included from bout/ccode32flat.o.tmp.ca:s48e:
)./src/pmm.c):)120
:      5| :                                  ^~~ 
warning: unknown attribute 'externally_visible' ignored [-Wunknown-attributes]
./src/biosvar.h  :120120 | :u543:2  note: Vexpanded from macro 'SET_LOW'I
S  I120B | L#Ed3e2fIiNnIeT 
S      E| T    ^~~~~~~~~~~~~_
L./src/types.hO:W102(:v57a:r ,note:  expanded from macro 'VISIBLE32INIT'v
a  l102) |  #   d e f i nSeE TV_IFSAIRBVLAER3(2SIENGI_TL O_W_,s e(cvtairo)n,( "(.vtaelx)t).
i      n| i                                                     ^~~t
.note: "(skipping 2 expansions in backtrace; use -fmacro-backtrace-limit=0 to see all) 
UNIQSEC./src/farptr.h): 145_:_52V:I Snote: Iexpanded from macro 'SET_VAR'B
LE
        145|  |                                                         ^~~~~~~~~#
d./src/types.he:f40i:n35e:  Snote: Eexpanded from macro '__VISIBLE'T
_   V40A | R#( sdeegf,i nvea r_,_ VvIaSlI)B L_E_ S_E_Ta_tVtArRi(b"u"t,e _s_e(g(,e x(tvearrn)a,l l(yv_avli)s)i
b      l| e                                                   ^~~)
)
      | ./src/farptr.h                                  ^~~~~~~~~~~~~~~~~~:
77:38: note: expanded from macro '__SET_VAR'
   77 |             WRITE64_SEG(prefix, seg, var, (val));       \
      |                                      ^~~
./src/farptr.h:45:16: note: expanded from macro 'WRITE64_SEG'
   45 |         typeof(var) __value_tmp = (value);                      \
      |                ^~~
In file included from out/ccode16.o.tmp.c:29:
./src/hw/usb-ohci.c:562:17: warning: taking address of packed member 'hwNextTD' of class or structure 'ohci_td' may result in an unaligned pointer value [-Waddress-of-packed-member]
  562 |     SET_LOWFLAT(tail->hwNextTD, (u32)next);
      |                 ^~~~~~~~~~~~~~
./src/biosvar.h:128:54: note: expanded from macro 'SET_LOWFLAT'
  128 | #define SET_LOWFLAT(var, val) SET_LOW(*LOWFLAT2LOW(&(var)), (val))
      |                                                      ^~~
./src/biosvar.h:121:35: note: expanded from macro 'LOWFLAT2LOW'
  121 | #define LOWFLAT2LOW(var) ((typeof(var))((void*)(var) - SYMBOL(zonelow_base)))
      |                                   ^~~
./src/biosvar.h:120:54: note: expanded from macro 'SET_LOW'
  120 | #define SET_LOW(var, val)       SET_FARVAR(SEG_LOW, (var), (val))
      |                                                      ^~~
./src/farptr.h:143:56: note: expanded from macro 'SET_FARVAR'
  In file included from 143out/ccode32flat.o.tmp.c | :#49d:
e./src/font.cf:i10n:e20 :S Ewarning: Tunknown attribute 'externally_visible' ignored [-Wunknown-attributes]_
FA   R10V | AuR8( svegga,f ovnatr8,[ 1v2a8l*)8 ]_ _VSAERTF_SFEAGRFVIAXRE(D((s0exgf)a,6 e()v a=r ){,
       (| v                   ^~~~~~~~~~~~~~~~~~~~a
l./src/types.h):)108
:      72| :                                                       ^~~ 
note: expanded from macro 'VARFSEGFIXED'./src/farptr.h
:113:  16108: |  #note:  expanded from macro '__SET_FARVAR'd
e  f113i | n e   V A R F S EtGyFpIeXoEfD((vaadrd)r )_ __s_fsve_cvtailo n=( "(.vfailx)e;d a d d r . "   _ _ s\t
r      i| n               ^~~g
ify(addr)) __VISIBLE __aligned(1)
      |                                                                        ^~~~~~~~~
./src/types.h:40:35: note: expanded from macro '__VISIBLE'
   40 | # define __VISIBLE __attribute__((externally_visiIn file included from bout/ccode16.o.tmp.cl:e29):
)./src/hw/usb-ohci.c
:      562| :                                  ^~~~~~~~~~~~~~~~~~17
: warning: taking address of packed member 'hwNextTD' of class or structure 'ohci_td' may result in an unaligned pointer value [-Waddress-of-packed-member]
  562 |     SET_LOWFLAT(tail->hwNextTD, (u32)next);
      |                 ^~~~~~~~~~~~~~
./src/biosvar.h:128:54: note: expanded from macro 'SET_LOWFLAT'
  128 | #define SET_LOWFLAT(var, val) SET_LOW(*LOWFLAT2LOW(&(var)), (val))
      |                                                      ^~~
./src/biosvar.h:121:35: note: expanded from macro 'LOWFLAT2LOW'
  121 | #define LOWFLAT2LOW(var) ((typeof(var))((void*)(var) - SYMBOL(zonelow_base)))
      |                                   ^~~
./src/biosvar.h:120:54: note: expanded from macro 'SET_LOW'
  120 | #define SET_LOW(var, val)       SET_FARVAR(SEG_LOW, (var), (val))
      |                                                      ^~~
note: (skipping 1 expansions in backtrace; use -fmacro-backtrace-limit=0 to see all)
./src/farptr.h:115:22: note: expanded from macro '__SET_FARVAR'
  115 |         SET_VAR(ES, (var), __sfv_val);          \
      |                      ^~~
./src/farptr.h:145:52: note: expanded from macro 'SET_VAR'
  145 | #define SET_VAR(seg, var, val) __SET_VAR("", seg, (var), (val))
      |                                                    ^~~
./src/farptr.h:70:20: note: expanded from macro '__SET_VAR'
   70 |         if (sizeof(var) == 1)                           \
      |                    ^~~
In file included from out/ccode16.o.tmp.c:29:
./src/hw/usb-ohci.c:562:17: warning: taking address of packed member 'hwNextTD' of class or structure 'ohci_td' may result in an unaligned pointer value [-Waddress-of-packed-member]
  562 |     SET_LOWFLAT(tail->hwNextTD, (u32)next);
      |                 ^~~~~~~~~~~~~~
./src/biosvar.h:128:54: note: expanded from macro 'SET_LOWFLAT'
  128 | #define SET_LOWFLAT(var, val) SET_LOW(*LOWFLAT2LOW(&(var)), (val))
      |                                                      ^~~
./src/biosvar.h:121:35: note: expanded from macro 'LOWFLAT2LOW'
  121 | #define LOWFLAT2LOW(var) ((typeof(var))((void*)(var) - SYMBOL(zonelow_base)))
      |                                   ^~~
./src/biosvar.h:120:54: note: expanded from macro 'SET_LOW'
  120 | #define SET_LOW(var, val)       SET_FARVAR(SEG_LOW, (var), (val))
      |                                                      ^~~
note: (skipping 2 expansions in backtrace; use -fmacro-backtrace-limit=0 to see all)
./src/farptr.h:145:52: note: expanded from macro 'SET_VAR'
  145 | #define SET_VAR(seg, var, val) __SET_VAR("", seg, (var), (val))
      |                                                    ^~~
./src/farptr.h:71:37: note: expanded from macro '__SET_VAR'
   71 |             WRITE8_SEG(prefix, seg, var, (val));        \
      |                                     ^~~
./src/farptr.h:34:53: note: expanded from macro 'WRITE8_SEG'
   34 |     __asm__(prefix "movb %b1, %%" #SEG ":%0" : "=m"(var)        \
      |                                                     ^~~
In file included from out/ccode16.o.tmp.c:29:
./src/hw/usb-ohci.c:562:17: warning: taking address of packed member 'hwNextTD' of class or structure 'ohci_td' may result in an unaligned pointer value [-Waddress-of-packed-member]
  562 |     SET_LOWFLAT(tail->hwNextTD, (u32)next);
      |                 ^~~~~~~~~~~~~~
./src/biosvar.h:128:54: note: expanded from macro 'SET_LOWFLAT'
  128 | #define SET_LOWFLAT(var, val) SET_LOW(*LOWFLAT2LOW(&(var)), (val))
      |                                                      ^~~
./src/biosvar.h:121:35: note: expanded from macro 'LOWFLAT2LOW'
  121 | #define LOWFLAT2LOW(var) ((typeof(var))((void*)(var) - SYMBOL(zonelow_base)))
      |                                   ^~~
./src/biosvar.h:120:54: note: expanded from macro 'SET_LOW'
  120 | #define SET_LOW(var, val)       SET_FARVAR(SEG_LOW, (var), (val))
      |                                                      ^~~
note: (skipping 1 expansions in backtrace; use -fmacro-backtrace-limit=0 to see all)
./src/farptr.h:115:22: note: expanded from macro '__SET_FARVAR'
  115 |         SET_VAR(ES, (var), __sfv_val);          \
      |                      ^~~
./src/farptr.h:145:52: note: expanded from macro 'SET_VAR'
  145 | #define SET_VAR(seg, var, val) __SET_VAR("", seg, (var), (val))
      |                                                    ^~~
./src/farptr.h:72:25: note: expanded from macro '__SET_VAR'
   72 |         else if (sizeof(var) == 2)                      \
      |                         ^~~
In file included from out/ccode16.o.tmp.c:29:
./src/hw/usb-ohci.c:562:17: warning: taking address of packed member 'hwNextTD' of class or structure 'ohci_td' may result in an unaligned pointer value [-Waddress-of-packed-member]
  562 |     SET_LOWFLAT(tail->hwNextTD, (u32)next);
      |                 ^~~~~~~~~~~~~~
./src/biosvar.h:128:54: note: expanded from macro 'SET_LOWFLAT'
  128 | #define SET_LOWFLAT(var, val) SET_LOW(*LOWFLAT2LOW(&(var)), (val))
      |                                                      ^~~
./src/biosvar.h:121:35: note: expanded from macro 'LOWFLAT2LOW'
  121 | #define LOWFLAT2LOW(var) ((typeof(var))((void*)(var) - SYMBOL(zonelow_base)))
      |                                   ^~~
./src/biosvar.h:120:54: note: expanded from macro 'SET_LOW'
  120 | #define SET_LOW(var, val)       SET_FARVAR(SEG_LOW, (var), (val))
      |                                                      ^~~
note: (skipping 2 expansions in backtrace; use -fmacro-backtrace-limit=0 to see all)
./src/farptr.h:145:52: note: expanded from macro 'SET_VAR'
  145 | #define SET_VAR(seg, var, val) __SET_VAR("", seg, (var), (val))
      |                                                    ^~~
./src/farptr.h:73:38: note: expanded from macro '__SET_VAR'
   73 |             WRITE16_SEG(prefix, seg, var, (val));       \
      |                                      ^~~
./src/farptr.h:37:53: note: expanded from macro 'WRITE16_SEG'
   37 |     __asm__(prefix "movw %w1, %%" #SEG ":%0" : "=m"(var)        \
      |                                                     ^~~
In file included from out/ccode16.o.tmp.c:29:
./src/hw/usb-ohci.c:562:17: warning: taking address of packed member 'hwNextTD' of class or structure 'ohci_td' may result in an unaligned pointer value [-Waddress-of-packed-member]
  562 |     SET_LOWFLAT(tail->hwNextTD, (u32)next);
      |                 ^~~~~~~~~~~~~~
./src/biosvar.h:128:54: note: expanded from macro 'SET_LOWFLAT'
  128 | #define SET_LOWFLAT(var, val) SET_LOW(*LOWFLAT2LOW(&(var)), (val))
      |                                                      ^~~
./src/biosvar.h:121:35: note: expanded from macro 'LOWFLAT2LOW'
  121 | #define LOWFLAT2LOW(var) ((typeof(var))((void*)(var) - SYMBOL(zonelow_base)))
      |                                   ^~~
./src/biosvar.h:120:54: note: expanded from macro 'SET_LOW'
  120 | #define SET_LOW(var, val)       SET_FARVAR(SEG_LOW, (var), (val))
      |                                                      ^~~
note: (skipping 1 expansions in backtrace; use -fmacro-backtrace-limit=0 to see all)
./src/farptr.h:115:22: note: expanded from macro '__SET_FARVAR'
  115 |         SET_VAR(ES, (var), __sfv_val);          \
      |                      ^~~
./src/farptr.h:145:52: note: expanded from macro 'SET_VAR'
  145 | #define SET_VAR(seg, var, val) __SET_VAR("", seg, (var), (val))
      |                                                    ^~~
./src/farptr.h:74:25: note: expanded from macro '__SET_VAR'
   74 |         else if (sizeof(var) == 4)                      \
      |                         ^~~
In file included from out/ccode16.o.tmp.c:29:
./src/hw/usb-ohci.c:562:17: warning: taking address of packed member 'hwNextTD' of class or structure 'ohci_td' may result in an unaligned pointer value [-Waddress-of-packed-member]
  562 |     SET_LOWFLAT(tail->hwNextTD, (u32)next);
      |                 ^~~~~~~~~~~~~~
./src/biosvar.h:128:54: note: expanded from macro 'SET_LOWFLAT'
  128 | #define SET_LOWFLAT(var, val) SET_LOW(*LOWFLAT2LOW(&(var)), (val))
      |                                                      ^~~
./src/biosvar.h:121:35: note: expanded from macro 'LOWFLAT2LOW'
  121 | #define LOWFLAT2LOW(var) ((typeof(var))((void*)(var) - SYMBOL(zonelow_base)))
      |                                   ^~~
./src/biosvar.h:120:54: note: expanded from macro 'SET_LOW'
  120 | #define SET_LOW(var, val)       SET_FARVAR(SEG_LOW, (var), (val))
      |                                                      ^~~
note: (skipping 2 expansions in backtrace; use -fmacro-backtrace-limit=0 to see all)
./src/farptr.h:145:52: note: expanded from macro 'SET_VAR'
  145 | #define SET_VAR(seg, var, val) __SET_VAR("", seg, (var), (val))
      |                                                    ^~~
./src/farptr.h:75:38: note: expanded from macro '__SET_VAR'
   75 |             WRITE32_SEG(prefix, seg, var, (val));       \
      |                                      ^~~
./src/farptr.h:40:52: note: expanded from macro 'WRITE32_SEG'
   40 |     __asm__(prefix "movl %1, %%" #SEG ":%0" : "=m"(var)         \
      |                                                    ^~~
In file included from out/ccode16.o.tmp.c:29:
./src/hw/usb-ohci.c:562:17: warning: taking address of packed member 'hwNextTD' of class or structure 'ohci_td' may result in an unaligned pointer value [-Waddress-of-packed-member]
  562 |     SET_LOWFLAT(tail->hwNextTD, (u32)next);
      |                 ^~~~~~~~~~~~~~
./src/biosvar.h:128:54: note: expanded from macro 'SET_LOWFLAT'
  128 | #define SET_LOWFLAT(var, val) SET_LOW(*LOWFLAT2LOW(&(var)), (val))
      |                                                      ^~~
./src/biosvar.h:121:35: note: expanded from macro 'LOWFLAT2LOW'
  121 | #define LOWFLAT2LOW(var) ((typeof(var))((void*)(var) - SYMBOL(zonelow_base)))
      |                                   ^~~
./src/biosvar.h:120:54: note: expanded from macro 'SET_LOW'
  120 | #define SET_LOW(var, val)       SET_FARVAR(SEG_LOW, (var), In file included from (out/ccode32flat.o.tmp.cv:a50l:
)./src/boot.c):
641      :| 33                                                     ^~~:
 note: warning: (skipping 1 expansions in backtrace; use -fmacro-backtrace-limit=0 to see all)taking address of packed member 'signature' of class or structure 'mbr_s' may result in an unaligned pointer value [-Waddress-of-packed-member]

./src/farptr.h  :641115 | : 22 :   note:  expanded from macro '__SET_FARVAR' 
    115i | f   ( G E T _ F ASREVTA_RV(AbRo(oEtSs,e g(,v amrb)r,- >_s_isgfnva_tvuarle));  ! =   M B R _ S I G\N
A      T| U                     ^~~R
E) ./src/farptr.h{:
145      :| 52                                ^~~~~~~~~~~~~~:
 ./src/farptr.hnote: :expanded from macro 'SET_VAR'180
:  18145: |  #note: expanded from macro 'GET_FARVAR'
d  e180f | i n e   S(E*T(_(VtAyRp(esoefg(,& (vvaarr,) )v)aMlA)K E___FSLEATT_PVTARR((("s"e,g )s,e g&,( v(avra)r))),) 
(      v| a                 ^~~l
))
      |                                                    ^~~
./src/farptr.h:76:25: note: expanded from macro '__SET_VAR'
   76 |         else if (sizeof(var) == 8)                      \
      |                         ^~~
In file included from out/ccode16.o.tmp.c:29:
./src/hw/usb-ohci.c:562:17: warning: taking address of packed member 'hwNextTD' of class or structure 'ohci_td' may result in an unaligned pointer value [-Waddress-of-packed-member]
  562 |     SET_LOWFLAT(tail->hwNextTD, (u32)next);
      |                 ^~~~~~~~~~~~~~
./src/biosvar.h:128:54: note: expanded from macro 'SET_LOWFLAT'
  128 | #define SET_LOWFLAT(var, val) SET_LOW(*LOWFLAT2LOW(&(var)), (val))
      |                                                      ^~~
./src/biosvar.h:121:35: note: expanded from macro 'LOWFLAT2LOW'
  121 | #define LOWFLAT2LOW(var) ((typeof(var))((void*)(In file included from vout/ccode32flat.o.tmp.ca:r50):
 ./src/boot.c-: 764S:Y18M:B Owarning: Lunknown attribute 'externally_visible' ignored [-Wunknown-attributes](
z  o764n | eilnotw _BboaosteS)e)q)u
e      n| c                                  ^~~e
 V./src/biosvar.hA:R120L:O54W:  =note:  expanded from macro 'SET_LOW'-
1;
        120|  |                  ^~~~~~#
d./src/types.he:f106i:n52e:  Snote: Eexpanded from macro 'VARLOW'T
_L  O106W | (#v adre,f ivnael )V A R L O W   _S_EsTe_cFtAiRoVnA(R"(.SdEaGt_aL.OvWa,r l(ovwa.r") ,U N(IvQaSlE)C))
       _| _                                                     ^~~V
Inote: S(skipping 2 expansions in backtrace; use -fmacro-backtrace-limit=0 to see all)I
BLE./src/farptr.h :_145_:w52e:a knote: 
expanded from macro 'SET_VAR'      
|                                                      ^~~~~~~~~145
 | ./src/types.h#:d40e:f35i:n enote:  expanded from macro '__VISIBLE'S
ET   _40V | A#R (dseefgi,n ev a_r_,V IvSaIlB)L E_ __S_EaTt_tVrAiRb(u"t"e,_ _s(e(ge,x t(evranra)l,l y(_vvails)i)b
l      e| )                                                   ^~~)

      |                                   ^~~~~~~~~~~~~~~~~~./src/farptr.h
:77:38: note: expanded from macro '__SET_VAR'
   77 |             WRITE64_SEG(prefix, seg, var, (val));   In file included from  out/ccode32flat.o.tmp.c : 50 :
\./src/boot.c
:      767| :                                     ^~~6
: warning: ./src/farptr.hunknown attribute 'externally_visible' ignored [-Wunknown-attributes]:
44  :76759 | :v onote: iexpanded from macro 'WRITE64_SEG'd
 V   I44S | I B L E 3 2 F L AuTn
i      o| n     ^~~~~~~~~~~~~ 
u./src/types.h6:4101_:u603:2 _note: uexpanded from macro 'VISIBLE32FLAT' 
*  _101_ | w#6 4d_epftirn e=  V(IuSnIiBoLnE 3u26F4L_AuT3 2__s_euc t*i)o&n((v"a.rt)e;x t\.
r      u| n                                                          ^~~t
ime." UNIQSEC) __VISIBLE
      |                                                            ^~~~~~~~~
./src/types.h:40:35: note: expanded from macro '__VISIBLE'
   40 | # defIn file included from iout/ccode16.o.tmp.cn:e29 :
_./src/hw/usb-ohci.c_:V562I:S17I:B Lwarning: Etaking address of packed member 'hwNextTD' of class or structure 'ohci_td' may result in an unaligned pointer value [-Waddress-of-packed-member] 
__a  t562t | r i b u tSeE_T__(L(OeWxFtLeArTn(atlaliyl_-v>ihswiNbelxet)T)D
,       | (                                  ^~~~~~~~~~~~~~~~~~u
32)next);
      |                 ^~~~~~~~~~~~~~
./src/biosvar.h:128:54: note: expanded from macro 'SET_LOWFLAT'
  128 | #define SET_LOWFLAT(var, val) SET_LOW(*LOWFLAT2LOW(&(var)), (val))
      |                                                      ^~~
./src/biosvar.h:121:35: note: expanded from macro 'LOWFLAT2LOW'
  121 | #define LOWFLAT2LOW(var) In file included from (out/ccode32flat.o.tmp.c(:t50y:
p./src/boot.ce:o777f:(6v:a rwarning: )unknown attribute 'externally_visible' ignored [-Wunknown-attributes])
(  (777v | oviodi*d) (VvIaSrI)B L-E 3S2YFMLBAOTL
(      z| o     ^~~~~~~~~~~~~n
e./src/types.hl:o101w:_60b:a snote: eexpanded from macro 'VISIBLE32FLAT')
))  
101       | | #                                  ^~~ 
def./src/biosvar.hi:n120e: 54V:I Snote: Iexpanded from macro 'SET_LOW'B
L  E1203 | 2#FdLeAfTi n_e_ sSeEcTt_iLoOnW(("v.atre,x tv.arlu)n t i m e . "  SUENTI_QFSAERCV)A R_(_SVEIGS_ILBOLWE,
       (| v                                                           ^~~~~~~~~a
r./src/types.h):,40 :(35v:a lnote: )expanded from macro '__VISIBLE')

      |                                                         ^~~40
 | note: #(skipping 2 expansions in backtrace; use -fmacro-backtrace-limit=0 to see all) 
de./src/farptr.hf:i145n:e52 :_ _note: Vexpanded from macro 'SET_VAR'I
SI  B145L | E# d_e_faitnter iSbEuTt_eV_A_R(((seexgt,e rvnaarl,l yv_avli)s i_b_lSeE)T)_
V      A| R                                  ^~~~~~~~~~~~~~~~~~(
"", seg, (var), (val))
      |                                                    ^~~
./src/farptr.h:77:38: note: expanded from macro '__SET_VAR'
   77 |             WRITE64_SEG(prefix, seg, var, (val));       \
      |                                      ^~~
./src/farptr.h:45:16: note: expanded from macro 'WRITE64_SEG'
   45 |         typeof(var) __value_tmp = (value);                      \
      |                ^~~
In file included from out/ccode16.o.tmp.c:29:
./src/hw/usb-ohci.c:563:17: warning: taking address of packed member 'hwBE' of class or structure 'ohci_td' may result in an unaligned pointer value [-Waddress-of-packed-member]
  563 |     SET_LOWFLAT(tail->hwBE, (u32)intrdata + maxpacket - 1);
      |                 ^~~~~~~~~~
./src/biosvar.h:128:54: note: expanded from macro 'SET_LOWFLAT'
  128 | #define SET_LOWFLAT(var, val) SET_LOW(*LOWFLAT2LOW(&(var)), (val))
      |                                                      ^~~
./src/biosvar.h:121:35: note: expanded from macro 'LOWFLAT2LOW'
  121 | #define LOWFLAT2LOW(var) ((typeof(var))((void*)(var) - SYMBOL(zonelow_base)))
      |                                   ^~~
./src/biosvar.h:120:54: note: expanded from macro 'SET_LOW'
  120 | #define SET_LOW(var, val)       SET_FARVAR(SEG_LOW, (var), (val))
      |                                                      ^~~
./src/farptr.h:143:56: note: expanded from macro 'SET_FARVAR'
  143 | #define SET_FARVAR(seg, var, val) __SET_FARVAR((seg), (var), (val))
      |                                                        ^~~
./src/farptr.h:113:16: note: expanded from macro '__SET_FARVAR'
  113 |         typeof(var) __sfv_val = (val);          \
      |                ^~~
In file included from out/ccode16.o.tmp.c:29:
./src/hw/usb-ohci.c:563:17: warning: taking address of packed member 'hwBE' of class or structure 'ohci_td' may result in an unaligned pointer value [-Waddress-of-packed-member]
  563 |     SET_LOWFLAT(tail->hwBE, (u32)intrdata + maxpacket - 1);
      |                 ^~~~~~~~~~
./src/biosvar.h:128:54: note: expanded from macro 'SET_LOWFLAT'
  128 | #define SET_LOWFLAT(var, val) SET_LOW(*LOWFLAT2LOW(&(var)), (val))
      |                                                      ^~~
./src/biosvar.h:121:35: note: expanded from macro 'LOWFLAT2LOW'
  121 | #define LOWFLAT2LOW(var) ((typeof(var))((void*)(var) - SYMBOL(zonelow_base)))
      |                                   ^~~
./src/biosvar.h:120:54: note: expanded from macro 'SET_LOW'
  120 | #define SET_LOW(var, val)       SET_FARVAR(SEG_LOW, (var), (val))
      |                                                      ^~~
note: (skipping 1 expansions in backtrace; use -fmacro-backtrace-limit=0 to see all)
./src/farptr.h:115:22: note: expanded from macro '__SET_FARVAR'
  115 |         SET_VAR(ES, (var), __sfv_val);          \
      |                      ^~~
./src/farptr.h:145:52: note: expanded from macro 'SET_VAR'
  145 | #define SET_VAR(seg, var, val) __SET_VAR("", seg, (var), (val))
      |                                                    ^~~
./src/farptr.h:70:20: note: expanded from macro '__SET_VAR'
   70 |         if (sizeof(var) == 1)                           \
      |                    ^~~
In file included from out/ccode16.o.tmp.c:29:
./src/hw/usb-ohci.c:563:17: warning: taking address of packed member 'hwBE' of class or structure 'ohci_td' may result in an unaligned pointer value [-Waddress-of-packed-member]
  563 |     SET_LOWFLAT(tail->hwBE, (u32)intrdata + maxpacket - 1);
      |                 ^~~~~~~~~~
./src/biosvar.h:128:54: note: expanded from macro 'SET_LOWFLAT'
  128 | #define SET_LOWFLAT(var, val) SET_LOW(*LOWFLAT2LOW(&(var)), (val))
      |                                                      ^~~
./src/biosvar.h:121:35: note: expanded from macro 'LOWFLAT2LOW'
  121 | #define LOWFLAT2LOW(var) ((typeof(var))((void*)(var) - SYMBOL(zonelow_base)))
      |                                   ^~~
./src/biosvar.h:120:54: note: expanded from macro 'SET_LOW'
  120 | #define SET_LOW(var, val)       SET_FARVAR(SEG_LOW, (var), (val))
      |                                                      ^~~
note: (skipping 2 expansions in backtrace; use -fmacro-backtrace-limit=0 to see all)
./src/farptr.h:145:52: note: expanded from macro 'SET_VAR'
  145 | #define SET_VAR(seg, var, val) __SET_VAR("", seg, (var), (val))
      |                                                    ^~~
./src/farptr.h:71:37: note: expanded from macro '__SET_VAR'
   71 |             WRITE8_SEG(prefix, seg, var, (val));        \
      |                                     ^~~
./src/farptr.h:34:53: note: expanded from macro 'WRITE8_SEG'
   34 |     __asm__(prefix "movb %b1, %%" #SEG ":%0" : "=m"(var)        \
      |                                                     ^~~
In file included from out/ccode16.o.tmp.c:29:
./src/hw/usb-ohci.c:563:17: warning: taking address of packed member 'hwBE' of class or structure 'ohci_td' may result in an unaligned pointer value [-Waddress-of-packed-member]
  563 |     SET_LOWFLAT(tail->hwBE, (u32)intrdata + maxpacket - 1);
      |                 ^~~~~~~~~~
./src/biosvar.h:128:54: note: expanded from macro 'SET_LOWFLAT'
  128 | #define SET_LOWFLAT(var, val) SET_LOW(*LOWFLAT2LOW(&(var)), (val))
      |                                                      ^~~
./src/biosvar.h:121:35: note: expanded from macro 'LOWFLAT2LOW'
  121 | #define LOWFLAT2LOW(var) ((typeof(var))((void*)(var) - SYMBOL(zonelow_base)))
      |                                   ^~~
./src/biosvar.h:120:54: note: expanded from macro 'SET_LOW'
  120 | #define SET_LOW(var, val)       SET_FARVAR(SEG_LOW, (var), (val))
      |                                                      ^~~
note: (skipping 1 expansions in backtrace; use -fmacro-backtrace-limit=0 to see all)
./src/farptr.h:115:22: note: expanded from macro '__SET_FARVAR'
  115 |         SET_VAR(ES, (var), __sfv_val);          \
      |                      ^~~
./src/farptr.h:145:52: note: expanded from macro 'SET_VAR'
  145 | #define SET_VAR(seg, var, val) __SET_VAR("", seg, (var), (val))
      |                                                    ^~~
./src/farptr.h:72:25: note: expanded from macro '__SET_VAR'
   72 |         else if (sizeof(var) == 2)                      \
      |                         ^~~
In file included from out/ccode16.o.tmp.c:29:
./src/hw/usb-ohci.c:563:17: warning: taking address of packed member 'hwBE' of class or structure 'ohci_td' may result in an unaligned pointer value [-Waddress-of-packed-member]
  563 |     SET_LOWFLAT(tail->hwBE, (u32)intrdata + maxpacket - 1);
      |                 ^~~~~~~~~~
./src/biosvar.h:128:54: note: expanded from macro 'SET_LOWFLAT'
  128 | #define SET_LOWFLAT(var, val) SET_LOW(*LOWFLAT2LOW(&(var)), (val))
      |                                                      ^~~
./src/biosvar.h:121:35: note: expanded from macro 'LOWFLAT2LOW'
  121 | #define LOWFLAT2LOW(var) ((typeof(var))((void*)(var) - SYMBOL(zonelow_base)))
      |                                   ^~~
./src/biosvar.h:120:54: note: expanded from macro 'SET_LOW'
  120 | #define SET_LOW(var, val)       SET_FARVAR(SEG_LOW, (var), (val))
      |                                                      ^~~
note: (skipping 2 expansions in backtrace; use -fmacro-backtrace-limit=0 to see all)
./src/farptr.h:145:52: note: expanded from macro 'SET_VAR'
  145 | #define SET_VAR(seg, var, val) __SET_VAR("", seg, (var), (val))
      |                                                    ^~~
./src/farptr.h:73:38: note: expanded from macro '__SET_VAR'
   73 |             WRITE16_SEG(prefix, seg, var, (val));       \
      |                                      ^~~
./src/farptr.h:37:53: note: expanded from macro 'WRITE16_SEG'
   37 |     __asm__(prefix "movw %w1, %%" #SEG ":%0" : "=m"(var)        \
      |                                                     ^~~
In file included from out/ccode16.o.tmp.c:29:
./src/hw/usb-ohci.c:563:17: warning: taking address of packed member 'hwBE' of class or structure 'ohci_td' may result in an unaligned pointer value [-Waddress-of-packed-member]
  563 |     SET_LOWFLAT(tail->hwBE, (u32)intrdata + maxpacket - 1);
      |                 ^~~~~~~~~~
./src/biosvar.h:128:54: note: expanded from macro 'SET_LOWFLAT'
  128 | #define SET_LOWFLAT(var, val) SET_LOW(*LOWFLAT2LOW(&(var)), (val))
      |                                                      ^~~
./src/biosvar.h:121:35: note: expanded from macro 'LOWFLAT2LOW'
  121 | #define LOWFLAT2LOW(var) ((typeof(var))((void*)(var) - SYMBOL(zonelow_base)))
      |                                   ^~~
./src/biosvar.h:120:54: note: expanded from macro 'SET_LOW'
  120 | #define SET_LOW(var, val)       SET_FARVAR(SEG_LOW, (var), (val))
      |                                                      ^~~
note: (skipping 1 expansions in backtrace; use -fmacro-backtrace-limit=0 to see all)
./src/farptr.h:115:22: note: expanded from macro '__SET_FARVAR'
  115 |         SET_VAR(ES, (var), __sfv_val);          \
      |                      ^~~
./src/farptr.h:145:52: note: expanded from macro 'SET_VAR'
  145 | #define SET_VAR(seg, var, val) __SET_VAR("", seg, (var), (val))
      |                                                    ^~~
./src/farptr.h:74:25: note: expanded from macro '__SET_VAR'
   74 |         else if (sizeof(var) == 4)                      \
      |                         ^~~
In file included from out/ccode16.o.tmp.c:29:
./src/hw/usb-ohci.c:563:17: warning: taking address of packed member 'hwBE' of class or structure 'ohci_td' may result in an unaligned pointer value [-Waddress-of-packed-member]
  563 |     SET_LOWFLAT(tail->hwBE, (u32)intrdata + maxpacket - 1);
      |                 ^~~~~~~~~~
./src/biosvar.h:128:54: note: expanded from macro 'SET_LOWFLAT'
  128 | #define SET_LOWFLAT(var, val) SET_LOW(*LOWFLAT2LOW(&(var)), (val))
      |                                                      ^~~
./src/biosvar.h:121:35: note: expanded from macro 'LOWFLAT2LOW'
  121 | #define LOWFLAT2LOW(var) ((typeof(var))((void*)(var) - SYMBOL(zonelow_base)))
      |                                   ^~~
./src/biosvar.h:120:54: note: expanded from macro 'SET_LOW'
  120 | #define SET_LOW(var, val)       SET_FARVAR(SEG_LOW, (var), (val))
      |                                                      ^~~
note: (skipping 2 expansions in backtrace; use -fmacro-backtrace-limit=0 to see all)
./src/farptr.h:145:52: note: expanded from macro 'SET_VAR'
  145 | #define SET_VAR(seg, var, val) __SET_VAR("", seg, (var), (val))
      |                                                    ^~~
./src/farptr.h:75:38: note: expanded from macro '__SET_VAR'
   75 |             WRITE32_SEG(prefix, seg, var, (val));       \
      |                                      ^~~
./src/farptr.h:40:52: note: expanded from macro 'WRITE32_SEG'
   40 |     __asm__(prefix "movl %1, %%" #SEG ":%0" : "=m"(var)         \
      |                                                    ^~~
In file included from out/ccode16.o.tmp.c:29:
./src/hw/usb-ohci.c:563:17: warning: taking address of packed member 'hwBE' of class or structure 'ohci_td' may result in an unaligned pointer value [-Waddress-of-packed-member]
  563 |     SET_LOWFLAT(tail->hwBE, (u32)intrdata + maxpacket - 1);
      |                 ^~~~~~~~~~
./src/biosvar.h:128:54: note: expanded from macro 'SET_LOWFLAT'
  128 | #define SET_LOWFLAT(var, val) SET_LOW(*LOWFLAT2LOW(&(var)), (val))
      |                                                      ^~~
./src/biosvar.h:121:35: note: expanded from macro 'LOWFLAT2LOW'
  121 | #define LOWFLAT2LOW(var) ((typeof(var))((void*)(var) - SYMBOL(zonelow_base)))
      |                                   ^~~
./src/biosvar.h:120:54: note: expanded from macro 'SET_LOW'
  120 | #define SET_LOW(var, val)       SET_FARVAR(SEG_LOW, (var), (val))
      |                                                      ^~~
note: (skipping 1 expansions in backtrace; use -fmacro-backtrace-limit=0 to see all)
./src/farptr.h:115:22: note: expanded from macro '__SET_FARVAR'
  115 |         SET_VAR(ES, (var), __sfv_val);          \
      |                      ^~~
./src/farptr.h:145:52: note: expanded from macro 'SET_VAR'
  145 | #define SET_VAR(seg, var, val) __SET_VAR("", seg, (var), (val))
      |                                                    ^~~
./src/farptr.h:76:25: note: expanded from macro '__SET_VAR'
   76 |         else if (sizeof(var) == 8)                      \
      |                         ^~~
In file included from out/ccode16.o.tmp.c:29:
./src/hw/usb-ohci.c:563:17: warning: taking address of packed member 'hwBE' of class or structure 'ohci_td' may result in an unaligned pointer value [-Waddress-of-packed-member]
  563 |     SET_LOWFLAT(tail->hwBE, (u32)intrdata + maxpacket - 1);
      |                 ^~~~~~~~~~
./src/biosvar.h:128:54: note: expanded from macro 'SET_LOWFLAT'
  128 | #define SET_LOWFLAT(var, val) SET_LOW(*LOWFLAT2LOW(&(var)), (val))
      |                                                      ^~~
./src/biosvar.h:121:35: note: expanded from macro 'LOWFLAT2LOW'
  121 | #define LOWFLAT2LOW(var) ((typeof(var))((void*)(var) - SYMBOL(zonelow_base)))
      |                                   ^~~
./src/biosvar.h:120:54: note: expanded from macro 'SET_LOW'
  120 | #define SET_LOW(var, val)       SET_FARVAR(SEG_LOW, (var), (val))
      |                                                      ^~~
note: (skipping 2 expansions in backtrace; use -fmacro-backtrace-limit=0 to see all)
./src/farptr.h:145:52: note: expanded from macro 'SET_VAR'
  145 | #define SET_VAR(seg, var, val) __SET_VAR("", seg, (var), (val))
      |                                                    ^~~
./src/farptr.h:77:38: note: expanded from macro '__SET_VAR'
   77 |             WRITE64_SEG(prefix, seg, var, (val));       \
      |                                      ^~~
./src/farptr.h:44:59: note: expanded from macro 'WRITE64_SEG'
   44 |         union u64_u32_u *__w64_ptr = (union u64_u32_u *)&(var); \
      |                                                           ^~~
In file included from out/ccode16.o.tmp.c:29:
./src/hw/usb-ohci.c:563:17: warning: taking address of packed member 'hwBE' of class or structure 'ohci_td' may result in an unaligned pointer value [-Waddress-of-packed-member]
  563 |     SET_LOWFLAT(tail->hwBE, (u32)intrdata + maxpacket - 1);
      |                 ^~~~~~~~~~
./src/biosvar.h:128:54: note: expanded from macro 'SET_LOWFLAT'
  128 | #define SET_LOWFLAT(var, val) SET_LOW(*LOWFLAT2LOW(&(var)), (val))
      |                                                      ^~~
./src/biosvar.h:121:35: note: expanded from macro 'LOWFLAT2LOW'
  121 | #define LOWFLAT2LOW(var) ((typeof(var))((void*)(var) - SYMBOL(zonelow_base)))
      |                                   ^~~
./src/biosvar.h:120:54: note: expanded from macro 'SET_LOW'
  120 | #define SET_LOW(var, val)       SET_FARVAR(SEG_LOW, (var), (val))
      |                                                      ^~~
note: (skipping 2 expansions in backtrace; use -fmacro-backtrace-limit=0 to see all)
./src/farptr.h:145:52: note: expanded from macro 'SET_VAR'
  145 | #define SET_VAR(seg, var, val) __SET_VAR("", seg, (var), (val))
      |                                                    ^~~
./src/farptr.h:77:38: note: expanded from macro '__SET_VAR'
   77 |             WRITE64_SEG(prefix, seg, var, (val));       \
      |                                      ^~~
./src/farptr.h:45:16: note: expanded from macro 'WRITE64_SEG'
   45 |         typeof(var) __value_tmp = (value);                      \
      |                ^~~
In file included from out/ccode32flat.o.tmp.c:54:
./src/tcgbios.c:49:13: warning: unknown attribute 'externally_visible' ignored [-Wunknown-attributes]
   49 | } tpm_state VARLOW;
      |             ^~~~~~
./src/types.h:106:52: note: expanded from macro 'VARLOW'
  106 | # define VARLOW __section(".data.varlow." UNIQSEC) __VISIBLE __weak
      |                                                    ^~~~~~~~~
./src/types.h:40:35: note: expanded from macro '__VISIBLE'
   40 | # define __VISIBLE __attribute__((externally_visible))
      |                                   ^~~~~~~~~~~~~~~~~~
In file included from out/ccode32flat.o.tmp.c:54:
./src/tcgbios.c:720:16: warning: unknown attribute 'externally_visible' ignored [-Wunknown-attributes]
  720 | u8 TPM_working VARLOW;
      |                ^~~~~~
./src/types.h:106:52: note: expanded from macro 'VARLOW'
  106 | # define VARLOW __section(".data.varlow." UNIQSEC) __VISIBLE __weak
      |                                                    ^~~~~~~~~
./src/types.h:40:35: note: expanded from macro '__VISIBLE'
   40 | # define __VISIBLE __attribute__((externally_visible))
      |                                   ^~~~~~~~~~~~~~~~~~
In file included from out/ccode32flat.o.tmp.c:54:
./src/tcgbios.c:1173:27: warning: unknown attribute 'externally_visible' ignored [-Wunknown-attributes]
 1173 | u8 TPM_interface_shutdown VARLOW;
      |                           ^~~~~~
./src/types.h:106:52: note: expanded from macro 'VARLOW'
  106 | # define VARLOW __section(".data.varlow." UNIQSEC) __VISIBLE __weak
      |                                                    ^~~~~~~~~
./src/types.h:40:35: note: expanded from macro '__VISIBLE'
   40 | # define __VISIBLE __attribute__((externally_visible))
      |                                   ^~~~~~~~~~~~~~~~~~
In file included from out/ccode32flat.o.tmp.c:54:
./src/tcgbios.c:1412:6: warning: unknown attribute 'externally_visible' ignored [-Wunknown-attributes]
 1412 | void VISIBLE32FLAT
      |      ^~~~~~~~~~~~~
./src/types.h:101:60: note: expanded from macro 'VISIBLE32FLAT'
  101 | # define VISIBLE32FLAT __section(".text.runtime." UNIQSEC) __VISIBLE
      |                                                            ^~~~~~~~~
./src/types.h:40:35: note: expanded from macro '__VISIBLE'
   40 | # define __VISIBLE __attribute__((externally_visible))
      |                                   ^~~~~~~~~~~~~~~~~~
In file included from out/ccode32flat.o.tmp.c:54:
./src/tcgbios.c:1480:46: warning: taking address of packed member 'union bregs::(anonymous at ./src/bregs.h:30:5)' of class or structure 'bregs' may result in an unaligned pointer value [-Waddress-of-packed-member]
 1480 |                                             &regs->edx);
      | In file included from                                              ^~~~~~~~~out/ccode16.o.tmp.c
:31:
./src/hw/usb-hid.c:15:32: warning: unknown attribute 'externally_visible' ignored [-Wunknown-attributes]
   15 | struct usb_pipe *keyboard_pipe VARFSEG;
      |                                ^~~~~~~
./src/types.h:70:57: note: expanded from macro 'VARFSEG'
   70 | # define VARFSEG __section(".discard.varfseg." UNIQSEC) __VISIBLE __weak
      |                                                         ^~~~~~~~~
./src/types.h:40:35: note: expanded from macro '__VISIBLE'
   40 | # define __VISIBLE __attribute__((externally_visible))
      |                                   ^~~~~~~~~~~~~~~~~~
In file included from out/ccode16.o.tmp.c:31:
./src/hw/usb-hid.c:16:29: warning: unknown attribute 'externally_visible' ignored [-Wunknown-attributes]
   16 | struct usb_pipe *mouse_pipe VARFSEG;
      |                             ^~~~~~~
./src/types.h:70:57: note: expanded from macro 'VARFSEG'
   70 | # define VARFSEG __section(".discard.varfseg." UNIQSEC) __VISIBLE __weak
      |                                                         ^~~~~~~~~
./src/types.h:40:35: note: expanded from macro '__VISIBLE'
   40 | # define __VISIBLE __attribute__((externally_visible))
      |                                   ^~~~~~~~~~~~~~~~~~
In file included from out/ccode16.o.tmp.c:31:
./src/hw/usb-hid.c:235:30: warning: unknown attribute 'externally_visible' ignored [-Wunknown-attributes]
  235 | struct usbkeyinfo LastUSBkey VARLOW;
      |                              ^~~~~~
./src/types.h:68:55: note: expanded from macro 'VARLOW'
   68 | # define VARLOW __section(".discard.varlow." UNIQSEC) __VISIBLE __weak
      |                                                       ^~~~~~~~~
./src/types.h:40:35: note: expanded from macro '__VISIBLE'
   40 | # define __VISIBLE __attribute__((externally_visible))
      |                                   ^~~~~~~~~~~~~~~~~~
In file included from out/ccode16.o.tmp.c:31:
./src/hw/usb-hid.c:245:16: error: invalid output size for constraint '=Qi'
  245 |     old.data = GET_LOW(LastUSBkey.data);
      |                ^
./src/biosvar.h:119:33: note: expanded from macro 'GET_LOW'
  119 | #define GET_LOW(var)            GET_FARVAR(SEG_LOW, (var))
      |                                 ^
./src/farptr.h:142:30: note: expanded from macro 'GET_FARVAR'
  142 | #define GET_FARVAR(seg, var) __GET_FARVAR((seg), (var))
      |                              ^
./src/farptr.h:111:5: note: expanded from macro '__GET_FARVAR'
  111 |     GET_VAR(ES, (var)); })
      |     ^
./src/farptr.h:144:27: note: expanded from macro 'GET_VAR'
  144 | #define GET_VAR(seg, var) __GET_VAR("", seg, (var))
      |                           ^
./src/farptr.h:58:32: note: expanded from macro '__GET_VAR'
   58 |         READ8_SEG(prefix, seg, __val, var);     \
      |                                ^
In file included from out/ccode16.o.tmp.c:31:
./src/hw/usb-hid.c:298:5: error: invalid input size for constraint 'Q'
  298 |     SET_LOW(LastUSBkey.data, old.data);
      |     ^
./src/biosvar.h:120:33: note: expanded from macro 'SET_LOW'
  120 | #define SET_LOW(var, val)       SET_FARVAR(SEG_LOW, (var), (val))
      |                                 ^
./src/farptr.h:143:35: note: expanded from macro 'SET_FARVAR'
  143 | #define SET_FARVAR(seg, var, val) __SET_FARVAR((seg), (var), (In file included from vout/ccode32flat.o.tmp.ca:l56):
)./src/hw/pcidevice.c
:      17| :                                  ^15
: ./src/farptr.hwarning: :unknown attribute 'externally_visible' ignored [-Wunknown-attributes]115
:9   :17  | note: iexpanded from macro '__SET_FARVAR'n
t   115M | a x P C I B u s  SVEATR_FVSAERG(;E
S      ,|                ^~~~~~~(
va./src/types.hr:)107,: 54_:_ snote: fexpanded from macro 'VARFSEG'v
_  v107a | l#) ;d e f i n e   V A R F\S
E      G|          ^_
_s./src/farptr.he:c145t:i32o:n (note: "expanded from macro 'SET_VAR'.
dat  a145. | v#adreffsienge. "S EUTN_IVQASRE(Cs)e g_,_ VvIaSrI,B LvEa
l      )|                                                       ^~~~~~~~~_
_./src/types.hS:E40T:_35V:A Rnote: (expanded from macro '__VISIBLE'"
"   ,40  | s#e gd,e f(ivnaer )_,_ V(IvSaIlB)L)E
       _| _                               ^a
t./src/farptr.ht:r71i:b42u:t enote: _expanded from macro '__SET_VAR'_
(   (71e | x t e r n a l l y _ v i sWiRbIlTeE)8)_
S      E| G                                  ^~~~~~~~~~~~~~~~~~(
prefix, seg, var, (val));        \
      |                                          ^
In file included from out/ccode16.o.tmp.c:35:
./src/hw/floppy.c:55:47: warning: unknown attribute 'externally_visible' ignored [-Wunknown-attributes]
   55 | struct floppy_ext_dbt_s diskette_param_table2 VARFSEG = {
      |                                               ^~~~~~~
./src/types.h:70:57: note: expanded from macro 'VARFSEG'
   70 | # define VARFSEG __section(".discard.varfseg." UNIQSEC) __VISIBLE __weak
      |                                                         ^~~~~~~~~
./src/types.h:40:35: note: expanded from macro '__VISIBLE'
   40 | # define __VISIBLE __attribute__((externally_visible))
      |                                   ^~~~~~~~~~~~~~~~~~
In file included from out/ccode16.o.tmp.c:35:
./src/hw/floppy.c:88:34: warning: unknown attribute 'externally_visible' ignored [-Wunknown-attributes]
   88 | struct floppyinfo_s FloppyInfo[] VARFSEG = {
      |                                  ^~~~~~~
./src/types.h:70:57: note: expanded from macro 'VARFSEG'
   70 | # define VARFSEG __section(".discard.varfseg." UNIQSEC) __VISIBLE __weak
      |                                                         ^~~~~~~~~
./src/types.h:40:35: note: expanded from macro '__VISIBLE'
   40 | # define __VISIBLE __attribute__((externally_visible))
      |                                   ^~~~~~~~~~~~~~~~~~
In file included from out/ccode16.o.tmp.c:35:
./src/hw/floppy.c:194:14: warning: unknown attribute 'externally_visible' ignored [-Wunknown-attributes]
  194 | u8 FloppyDOR VARLOW;
      |              ^~~~~~
./src/types.h:68:55: note: expanded from macro 'VARLOW'
   68 | # define VARLOW __section(".discard.varlow." UNIQSEC) __VISIBLE __weak
      |                                                       ^~~~~~~~~
./src/types.h:40:35: note: expanded from macro '__VISIBLE'
   40 | # define __VISIBLE __attribute__((externally_visible))
      |                                   ^~~~~~~~~~~~~~~~~~
In file included from out/ccode32flat.o.tmp.c:59:
./src/hw/usb-xhci.c:1131:5: warning: unknown attribute 'externally_visible' ignored [-Wunknown-attributes]
 1131 | int VISIBLE32FLAT
      |     ^~~~~~~~~~~~~
./src/types.h:101:60: note: expanded from macro 'VISIBLE32FLAT'
  101 | # define VISIBLE32FLAT __section(".text.runtime." UNIQSEC) __VISIBLE
      |                                                            ^~~~~~~~~
./src/types.h:40:35: note: expanded from macro '__VISIBLE'
   40 | # define __VISIBLE __attribute__((externally_visible))
      |                                   ^~~~~~~~~~~~~~~~~~
In file included from out/ccode32flat.o.tmp.c:61:
./src/hw/sdcard.c:193:29: warning: taking address of packed member 'irq_status' of class or structure 'sdhci_s' may result in an unaligned pointer value [-Waddress-of-packed-member]
  193 |     int ret = sdcard_waitw(&regs->irq_status, SI_ERROR|SI_CMD_COMPLETE);
      |                             ^~~~~~~~~~~~~~~~
In file included from out/ccode16.o.tmp.c:35:
./src/hw/floppy.c:711:6: warning: unknown attribute 'externally_visible' ignored [-Wunknown-attributes]
  711 | void VISIBLE16
      |      ^~~~~~~~~
./src/types.h:56:20: note: expanded from macro 'VISIBLE16'
   56 | # define VISIBLE16 __VISIBLE
      |                    ^~~~~~~~~
./src/types.h:40:35: note: expanded from macro '__VISIBLE'
   40 | # define __VISIBLE __attribute__((externally_visible))
      |                                   ^~~~~~~~~~~~~~~~~~
./src/hw/sdcard.c:349:29: warning: taking address of packed member 'clock_control' of class or structure 'sdhci_s' may result in an unaligned pointer value [-Waddress-of-packed-member]
  349 |     int ret = sdcard_waitw(&regs->clock_control, SCC_STABLE);
      |                             ^~~~~~~~~~~~~~~~~~~
In file included from out/ccode32flat.o.tmp.c:64:
./src/fw/multiboot.c:60:5: warning: unknown attribute 'externally_visible' ignored [-Wunknown-attributes]
   60 | u32 __VISIBLE entry_elf_eax, entry_elf_ebx;
      |     ^~~~~~~~~
./src/types.h:40:35: note: expanded from macro '__VISIBLE'
   40 | # define __VISIBLE __attribute__((externally_visible))
      |                                   ^~~~~~~~~~~~~~~~~~
In file included from out/ccode32flat.o.tmp.c:64:
./src/fw/multiboot.c:60:5: warning: unknown attribute 'externally_visible' ignored [-Wunknown-attributes]
   60 | u32 __VISIBLE entry_elf_eax, entry_elf_ebx;
      |     ^~~~~~~~~
./src/types.h:40:35: note: expanded from macro '__VISIBLE'
   40 | # define __VISIBLE __attribute__((externally_visible))
      |                                   ^~~~~~~~~~~~~~~~~~
In file included from out/ccode32flat.o.tmp.c:65:
./src/fw/csm.c:27:10: warning: the current #pragma pack alignment value is modified in the included file [-Wpragma-pack]
   27 | #include "std/LegacyBios.h"
      |          ^
src/std/LegacyBios.h:33:9: note: previous '#pragma pack' directive that modifies alignment is here
   33 | #pragma pack(1)
      |         ^
In file included from out/ccode32flat.o.tmp.c:65:
./src/fw/csm.c:29:33: warning: unknown attribute 'externally_visible' ignored [-Wunknown-attributes]
   29 | struct rsdp_descriptor csm_rsdp VARFSEG __aligned(16);
      |                                 ^~~~~~~
./src/types.h:107:54: note: expanded from macro 'VARFSEG'
  107 | # define VARFSEG __section(".data.varfseg." UNIQSEC) __VISIBLE
      |                                                      ^~~~~~~~~
./src/types.h:40:35: note: expanded from macro '__VISIBLE'
   40 | # define __VISIBLE __attribute__((externally_visible))
      |                                   ^~~~~~~~~~~~~~~~~~
In file included from out/ccode32flat.o.tmp.c:65:
./src/fw/csm.c:31:44: warning: unknown attribute 'externally_visible' ignored [-Wunknown-attributes]
   31 | EFI_COMPATIBILITY16_TABLE csm_compat_table VARFSEG __aligned(16) = {
      |                                            ^~~~~~~
./src/types.h:107:54: note: expanded from macro 'VARFSEG'
  107 | # define VARFSEG __section(".data.varfseg." UNIQSEC) __VISIBLE
      |                                                      ^~~~~~~~~
./src/types.h:40:35: note: expanded from macro '__VISIBLE'
   40 | # define __VISIBLE __attribute__((externally_visible))
      |                                   ^~~~~~~~~~~~~~~~~~
In file included from out/ccode32flat.o.tmp.c:65:
./src/fw/csm.c:283:6: warning: unknown attribute 'externally_visible' ignored [-Wunknown-attributes]
  283 | void VISIBLE32INIT
      |      ^~~~~~~~~~~~~
./src/types.h:102:57: note: expanded from macro 'VISIBLE32INIT'
  102 | # define VISIBLE32INIT __section(".text.init." UNIQSEC) __VISIBLE
      |                                                         ^~~~~~~~~
./src/types.h:40:35: note: expanded from macro '__VISIBLE'
   40 | # define __VISIBLE __attribute__((externally_visible))
      |                                   ^~~~~~~~~~~~~~~~~~
out/ccode32flat.o.tmp.c:65:11: warning: the current #pragma pack alignment value is modified in the included file [-Wpragma-pack]
   65 |  #include "src/fw/csm.c"
      |           ^
src/std/LegacyBios.h:33:9: note: previous '#pragma pack' directive that modifies alignment is here
   33 | #pragma pack(1)
      |         ^
In file included from out/ccode32flat.o.tmp.c:66:
./src/fw/biostables.c:22:28: warning: unknown attribute 'externally_visible' ignored [-Wunknown-attributes]
   22 | struct pir_header *PirAddr VARFSEG;
      |                            ^~~~~~~
./src/types.h:107:54: note: expanded from macro 'VARFSEG'
  107 | # define VARFSEG __section(".data.varfseg." UNIQSEC) __VISIBLE
      |                                                      ^~~~~~~~~
./src/types.h:40:35: note: expanded from macro '__VISIBLE'
   40 | # define __VISIBLE __attribute__((externally_visible))
      |                                   ^~~~~~~~~~~~~~~~~~
In file included from out/ccode16.o.tmp.c:40:
./src/hw/megasas.c:180:17: warning: In file included from taking address of packed member 'flags' of class or structure 'megasas_cmd_frame' may result in an unaligned pointer value [-Waddress-of-packed-member]out/ccode32flat.o.tmp.c
:66  :
180./src/fw/biostables.c | : 177 : 19 :S Ewarning: Tunknown attribute 'externally_visible' ignored [-Wunknown-attributes]_
LO  W177F | LuA3T2( farcapmie_-p>mf1laa_gcsn,t  0VxA0R0F0S1E)G;;

            | |                 ^~~~~~~~~~~~                  ^~~~~~~

./src/types.h:107:./src/biosvar.h54::128 :note: 54expanded from macro 'VARFSEG':
 note: expanded from macro 'SET_LOWFLAT'  
107   | 128# |  #ddeeffiinnee  VSAERTF_SLEOGW F_L_AsTe(cvtairo,n (v"a.ld)a tSaE.Tv_aLrOfWs(e*gL.O"W FULNAITQ2SLEOCW)( &_(_vVaIrS)I)B,L E(
v      a| l                                                     ^~~~~~~~~)
)./src/types.h
:      40| :                                                     ^~~35
:./src/biosvar.h :note: 121expanded from macro '__VISIBLE':
35   :40  | note: #expanded from macro 'LOWFLAT2LOW' 
de  f121i | n#ed e_f_iVnIeS ILBOLWEF L_A_Ta2tLtOrWi(bvuatre)_ _((((teyxpteeorfn(avlalry)_)v(i(sviobilde*)))(
v      a| r                                  ^~~~~~~~~~~~~~~~~~)
 - SYMBOL(zonelow_base)))
      |                                   ^~~
./src/biosvar.h:120:54: note: expanded from macro 'SET_LOW'
  120 | #define SET_LOW(var, val)       SET_FARVAR(SEG_LOW, (var), (val))
      |                                                      ^~~
./src/farptr.h:143:56: note: expanded from macro 'SET_FARVAR'
  143 | #define SET_FARVAR(seg, var, val) __SET_FARVAR((seg), (var), (val))
      |                                                        ^~~
./src/farptr.h:113:16: note: expanded from macro '__SET_FARVAR'
  113 |         typeof(var) __sfv_val = (val);          \
      |                ^~~
In file included from out/ccode16.o.tmp.c:40:
./src/hw/megasas.c:180:17: warning: taking address of packed member 'flags' of class or structure 'megasas_cmd_frame' may result in an unaligned pointer value [-Waddress-of-packed-member]
  180 |     SET_LOWFLAT(frame->flags, 0x0001);
      |                 ^~~~~~~~~~~~
./src/biosvar.h:128:54: note: expanded from macro 'SET_LOWFLAT'
  128 | #define SET_LOWFLAT(var, val) SET_LOW(*LOWFLAT2LOW(&(var)), (val))
      |                                                      ^~~
./src/biosvar.h:121:35: note: expanded from macro 'LOWFLAT2LOW'
  121 | #define LOWFLAT2LOW(var) ((typeof(var))((void*)(var) - SYMBOL(zonelow_base)))
      |                                   ^~~
./src/biosvar.h:120:54: note: expanded from macro 'SET_LOW'
  120 | #define SET_LOW(var, val)       SET_FARVAR(SEG_LOW, (var), (val))
      |                                                      ^~~
note: (skipping 1 expansions in backtrace; use -fmacro-backtrace-limit=0 to see all)
./src/farptr.h:115:22: note: expanded from macro '__SET_FARVAR'
  115 |         SET_VAR(ES, (var), __sfv_val);          \
      |                      ^~~
./src/farptr.h:145:52: note: expanded from macro 'SET_VAR'
  145 | #define SET_VAR(seg, var, val) __SET_VAR("", seg, (var), (val))
      |                                                    ^~~
./src/farptr.h:70:20: note: expanded from macro '__SET_VAR'
   70 |         if (sizeof(var) == 1)                           \
      |                    ^~~
In file included from out/ccode16.o.tmp.c:40:
./src/hw/megasas.c:180:17: warning: taking address of packed member 'flags' of class or structure 'megasas_cmd_frame' may result in an unaligned pointer value [-Waddress-of-packed-member]
  180 |     SET_LOWFLAT(frame->flags, 0x0001);
      |                 ^~~~~~~~~~~~
./src/biosvar.h:128:54: note: expanded from macro 'SET_LOWFLAT'
  128 | #define SET_LOWFLAT(var, val) SET_LOW(*LOWFLAT2LOW(&(var)), (val))
      |                                                      ^~~
./src/biosvar.h:121:35: note: expanded from macro 'LOWFLAT2LOW'
  121 | #define LOWFLAT2LOW(var) ((typeof(var))((void*)(var) - SYMBOL(zonelow_base)))
      |                                   ^~~
./src/biosvar.h:120:54: note: expanded from macro 'SET_LOW'
  120 | #define SET_LOW(var, val)       SET_FARVAR(SEG_LOW, (var), (val))
      |                                                      ^~~
note: (skipping 2 expansions in backtrace; use -fmacro-backtrace-limit=0 to see all)
./src/farptr.h:145:52: note: expanded from macro 'SET_VAR'
  145 | #define SET_VAR(seg, var, val) __SET_VAR("", seg, (var), (val))
      |                                                    ^~~
./src/farptr.h:71:37: note: expanded from macro '__SET_VAR'
   71 |             WRITE8_SEG(prefix, seg, var, (val));        \
      |                                     ^~~
./src/farptr.h:34:53: note: expanded from macro 'WRITE8_SEG'
   34 |     __asm__(prefix "movb %b1, %%" #SEG ":%0" : "=m"(var)        \
      |                                                     ^~~
In file included from out/ccode16.o.tmp.c:40:
./src/hw/megasas.c:180:17: warning: taking address of packed member 'flags' of class or structure 'megasas_cmd_frame' may result in an unaligned pointer value [-Waddress-of-packed-member]
  180 |     SET_LOWFLAT(frame->flags, 0x0001);
      |                 ^~~~~~~~~~~~
./src/biosvar.h:128:54: note: expanded from macro 'SET_LOWFLAT'
  128 | #define SET_LOWFLAT(var, val) SET_LOW(*LOWFLAT2LOW(&(var)), (val))
      |                                                      ^~~
./src/biosvar.h:121:35: note: expanded from macro 'LOWFLAT2LOW'
  121 | #define LOWFLAT2LOW(var) ((typeof(var))((void*)(var) - SYMBOL(zonelow_base)))
      |                                   ^~~
./src/biosvar.h:120:54: note: expanded from macro 'SET_LOW'
  120 | #define SET_LOW(var, val)       SET_FARVAR(SEG_LOW, (var), (val))
      |                                                      ^~~
note: (skipping 1 expansions in backtrace; use -fmacro-backtrace-limit=0 to see all)
./src/farptr.h:115:22: note: expanded from macro '__SET_FARVAR'
  115 |         SET_VAR(ES, (var), __sfv_val);          \
      |                      ^~~
./src/farptr.h:145:52: note: expanded from macro 'SET_VAR'
  145 | #define SET_VAR(seg, var, val) __SET_VAR("", seg, (var), (val))
      |                                                    ^~~
In file included from ./src/farptr.hout/ccode32flat.o.tmp.c::7267::
25./src/fw/paravirt.c:: 35note: :expanded from macro '__SET_VAR'23
:    warning: 72unknown attribute 'externally_visible' ignored [-Wunknown-attributes] | 
      35  |  i n t  ePllsaet fiofr m(Rsuinzneionfg(Ovna rV)A R=F=S E2G); 
        |                        ^~~~~~~ 
 ./src/types.h : 107 : 54 :   note:  expanded from macro 'VARFSEG' 
     107  |  #   d\e
f      i| n                        ^~~e
 VARFSEG __section(".data.varfseg." UNIQSEC) __VISIBLE
      |                                                      ^~~~~~~~~
./src/types.h:40:In file included from 35out/ccode16.o.tmp.c:: 40note: :
expanded from macro '__VISIBLE'./src/hw/megasas.c
:180   :4017 | :#  warning: dtaking address of packed member 'flags' of class or structure 'megasas_cmd_frame' may result in an unaligned pointer value [-Waddress-of-packed-member]e
f  i180n | e   _ _ VSIESTI_BLLOEW F_L_AaTt(tfrriabmuet-e>_f_l(a(gesx,t e0rxn0a0l0l1y)_;v
i      s| i                ^~~~~~~~~~~~b
le))
./src/biosvar.h      :| 128                                  ^~~~~~~~~~~~~~~~~~:
54: note: expanded from macro 'SET_LOWFLAT'
  128 | #define SET_LOWFLAT(var, val) SET_LOW(*LOWFLAT2LOW(&(var)), (val))
      |                                                      ^~~
./src/biosvar.h:121:35: note: expanded from macro 'LOWFLAT2LOW'
  121 | #define LOWFLAT2LOW(var) ((typeof(var))((void*)(var) - SYMBOL(zonelow_base)))
      |                                   ^~~
./src/biosvar.h:120:54: note: expanded from macro 'SET_LOW'
  120 | #define SET_LOW(var, val)       SET_FARVAR(SEG_LOW, (var), (val))
      |                                                      ^~~
note: (skipping 2 expansions in backtrace; use -fmacro-backtrace-limit=0 to see all)
./src/farptr.h:145:52: note: expanded from macro 'SET_VAR'
  145 | #define SET_VAR(seg, var, val) __SET_VAR("", seg, (var), (val))
      |                                                    ^~~
./src/farptr.h:73:38: note: expanded from macro '__SET_VAR'
   73 |             WRITE16_SEG(prefix, seg, var, (val));       \
      |                                      ^~~
./src/farptr.h:37:53: note: expanded from macro 'WRITE16_SEG'
   37 |     __asm__(prefix "movw %w1, %%" #SEG ":%0" : "=m"(var)        \
      |                                                     ^~~
In file included from out/ccode16.o.tmp.c:40:
./src/hw/megasas.c:180:17: warning: taking address of packed member 'flags' of class or structure 'megasas_cmd_frame' may result in an unaligned pointer value [-Waddress-of-packed-member]
  180 |     SET_LOWFLAT(frame->flags, 0x0001);
      |                 ^~~~~~~~~~~~
./src/biosvar.h:128:54: note: expanded from macro 'SET_LOWFLAT'
  128 | #define SET_LOWFLAT(var, val) SET_LOW(*LOWFLAT2LOW(&(var)), (val))
      |                                                      ^~~
./src/biosvar.h:121:35: note: expanded from macro 'LOWFLAT2LOW'
  121 | #define LOWFLAT2LOW(var) ((typeof(var))((void*)(var) - SYMBOL(zonelow_base)))
      |                                   ^~~
./src/biosvar.h:120:54: note: expanded from macro 'SET_LOW'
  120 | #define SET_LOW(var, val)       SET_FARVAR(SEG_LOW, (var), (val))
      |                                                      ^~~
note: (skipping 1 expansions in backtrace; use -fmacro-backtrace-limit=0 to see all)
./src/farptr.h:115:22: note: expanded from macro '__SET_FARVAR'
  115 |         SET_VAR(ES, (var), __sfv_val);          \
      |                      ^~~
./src/farptr.h:145:52: note: expanded from macro 'SET_VAR'
  145 | #define SET_VAR(seg, var, val) __SET_VAR("", seg, (var), (val))
      |                                                    ^~~
./src/farptr.h:74:25: note: expanded from macro '__SET_VAR'
   74 |         else if (sizeof(var) == 4)                      \
      |                         ^~~
In file included from out/ccode16.o.tmp.c:40:
./src/hw/megasas.c:180:17: warning: taking address of packed member 'flags' of class or structure 'megasas_cmd_frame' may result in an unaligned pointer value [-Waddress-of-packed-member]
  180 |     SET_LOWFLAT(frame->flags, 0x0001);
      |                 ^~~~~~~~~~~~
./src/biosvar.h:128:54: note: expanded from macro 'SET_LOWFLAT'
  128 | #define SET_LOWFLAT(var, val) SET_LOW(*LOWFLAT2LOW(&(var)), (val))
      |                                                      ^~~
./src/biosvar.h:121:35: note: expanded from macro 'LOWFLAT2LOW'
  121 | #define LOWFLAT2LOW(var) ((typeof(var))((void*)(var) - SYMBOL(zonelow_base)))
      |                                   ^~~
./src/biosvar.h:120:54: note: expanded from macro 'SET_LOW'
  120 | #define SET_LOW(var, val)       SET_FARVAR(SEG_LOW, (var), (val))
      |                                                      ^~~
note: (skipping 2 expansions in backtrace; use -fmacro-backtrace-limit=0 to see all)
./src/farptr.h:145:52: note: expanded from macro 'SET_VAR'
  145 | #define SET_VAR(seg, var, val) __SET_VAR("", seg, (var), (val))
      |                                                    ^~~
./src/farptr.h:75:38: note: expanded from macro '__SET_VAR'
   75 |             WRITE32_SEG(prefix, seg, var, (val));       \
      |                                      ^~~
./src/farptr.h:40:52: note: expanded from macro 'WRITE32_SEG'
   40 |     __asm__(prefix "movl %1, %%" #SEG ":%0" : "=m"(var)         \
      |                                                    ^~~
In file included from out/ccode16.o.tmp.c:40:
./src/hw/megasas.c:180:17: warning: taking address of packed member 'flags' of class or structure 'megasas_cmd_frame' may result in an unaligned pointer value [-Waddress-of-packed-member]
  180 |     SET_LOWFLAT(frame->flags, 0x0001);
      |                 ^~~~~~~~~~~~
./src/biosvar.h:128:54: note: expanded from macro 'SET_LOWFLAT'
  128 | #define SET_LOWFLAT(var, val) SET_LOW(*LOWFLAT2LOW(&(var)), (val))
      |                                                      ^~~
./src/biosvar.h:121:35: note: expanded from macro 'LOWFLAT2LOW'
  121 | #define LOWFLAT2LOW(var) ((typeof(var))((void*)(var) - SYMBOL(zonelow_base)))
      |                                   ^~~
./src/biosvar.h:120:54: note: expanded from macro 'SET_LOW'
  120 | #define SET_LOW(var, val)       SET_FARVAR(SEG_LOW, (var), (val))
      |                                                      ^~~
note: (skipping 1 expansions in backtrace; use -fmacro-backtrace-limit=0 to see all)
./src/farptr.h:115:22: note: expanded from macro '__SET_FARVAR'
  115 |         SET_VAR(ES, (var), __sfv_val);          \
      |                      ^~~
./src/farptr.h:145:52: note: expanded from macro 'SET_VAR'
  145 | #define SET_VAR(seg, var, val) __SET_VAR("", seg, (var), (val))
      |                                                    ^~~
./src/farptr.h:76:25: note: expanded from macro '__SET_VAR'
   76 |         else if (sizeof(var) == 8)                      \
      |                         ^~~
In file included from out/ccode16.o.tmp.c:40:
./src/hw/megasas.c:180:17: warning: taking address of packed member 'flags' of class or structure 'megasas_cmd_frame' may result in an unaligned pointer value [-Waddress-of-packed-member]
  180 |     SET_LOWFLAT(frame->flags, 0x0001);
      |                 ^~~~~~~~~~~~
./src/biosvar.h:128:54: note: expanded from macro 'SET_LOWFLAT'
  128 | #define SET_LOWFLAT(var, val) SET_LOW(*LOWFLAT2LOW(&(var)), (val))
      |                                                      ^~~
./src/biosvar.h:121:35: note: expanded from macro 'LOWFLAT2LOW'
  121 | #define LOWFLAT2LOW(var) ((typeof(var))((void*)(var) - SYMBOL(zonelow_base)))
      |                                   ^~~
./src/biosvar.h:120:54: note: expanded from macro 'SET_LOW'
  120 | #define SET_LOW(var, val)       SET_FARVAR(SEG_LOW, (var), (val))
      |                                                      ^~~
note: (skipping 2 expansions in backtrace; use -fmacro-backtrace-limit=0 to see all)
./src/farptr.h:145:52: note: expanded from macro 'SET_VAR'
  145 | #define SET_VAR(seg, var, val) __SET_VAR("", seg, (var), (val))
      |                                                    ^~~
./src/farptr.h:77:38: note: expanded from macro '__SET_VAR'
   77 |             WRITE64_SEG(prefix, seg, var, (val));       \
      |                                      ^~~
./src/farptr.h:44:59: note: expanded from macro 'WRITE64_SEG'
   44 |         union u64_u32_u *__w64_ptr = (union u64_u32_u *)&(var); \
      |                                                           ^~~
In file included from out/ccode16.o.tmp.c:40:
./src/hw/megasas.c:180:17: warning: taking address of packed member 'flags' of class or structure 'megasas_cmd_frame' may result in an unaligned pointer value [-Waddress-of-packed-member]
  180 |     SET_LOWFLAT(frame->flags, 0x0001);
      |                 ^~~~~~~~~~~~
./src/biosvar.h:128:54: note: expanded from macro 'SET_LOWFLAT'
  128 | #define SET_LOWFLAT(var, val) SET_LOW(*LOWFLAT2LOW(&(var)), (val))
      |                                                      ^~~
./src/biosvar.h:121:35: note: expanded from macro 'LOWFLAT2LOW'
  121 | #define LOWFLAT2LOW(var) ((typeof(var))((void*)(var) - SYMBOL(zonelow_base)))
      |                                   ^~~
./src/biosvar.h:120:54: note: expanded from macro 'SET_LOW'
  120 | #define SET_LOW(var, val)       SET_FARVAR(SEG_LOW, (var), (val))
      |                                                      ^~~
note: (skipping 2 expansions in backtrace; use -fmacro-backtrace-limit=0 to see all)
./src/farptr.h:145:52: note: expanded from macro 'SET_VAR'
  145 | #define SET_VAR(seg, var, val) __SET_VAR("", seg, (var), (val))
      |                                                    ^~~
./src/farptr.h:77:38: note: expanded from macro '__SET_VAR'
   77 |             WRITE64_SEG(prefix, seg, var, (val));       \
      |                                      ^~~
./src/farptr.h:45:16: note: expanded from macro 'WRITE64_SEG'
   45 |         typeof(var) __value_tmp = (value);                      \
      |                ^~~
In file included from out/ccode16.o.tmp.c:40:
./src/hw/megasas.c:181:17: warning: taking address of packed member 'data_xfer_len' of class or structure 'megasas_cmd_frame' may result in an unaligned pointer value [-Waddress-of-packed-member]
  181 |     SET_LOWFLAT(frame->data_xfer_len, op->count * blocksize);
      |                 ^~~~~~~~~~~~~~~~~~~~
./src/biosvar.h:128:54: note: expanded from macro 'SET_LOWFLAT'
  128 | #define SET_LOWFLAT(var, val) SET_LOW(*LOWFLAT2LOW(&(var)), (val))
      |                                                      ^~~
./src/biosvar.h:121:35: note: expanded from macro 'LOWFLAT2LOW'
  121 | #define LOWFLAT2LOW(var) ((typeof(var))((void*)(var) - SYMBOL(zonelow_base)))
      |                                   ^~~
./src/biosvar.h:120:54: note: expanded from macro 'SET_LOW'
  120 | #define SET_LOW(var, val)       SET_FARVAR(SEG_LOW, (var), (val))
      |                                                      ^~~
./src/farptr.h:143:56: note: expanded from macro 'SET_FARVAR'
  143 | #define SET_FARVAR(seg, var, val) __SET_FARVAR((seg), (var), (val))
      |                                                        ^~~
./src/farptr.h:113:16: note: expanded from macro '__SET_FARVAR'
  113 |         typeof(var) __sfv_val = (val);          \
      |                ^~~
In file included from out/ccode16.o.tmp.c:40:
./src/hw/megasas.c:181:17: warning: taking address of packed member 'data_xfer_len' of class or structure 'megasas_cmd_frame' may result in an unaligned pointer value [-Waddress-of-packed-member]
  181 |     SET_LOWFLAT(frame->data_xfer_len, op->count * blocksize);
      |                 ^~~~~~~~~~~~~~~~~~~~
./src/biosvar.h:128:54: note: expanded from macro 'SET_LOWFLAT'
  128 | #define SET_LOWFLAT(var, val) SET_LOW(*LOWFLAT2LOW(&(var)), (val))
      |                                                      ^~~
./src/biosvar.h:121:35: note: expanded from macro 'LOWFLAT2LOW'
  121 | #define LOWFLAT2LOW(var) ((typeof(var))((void*)(var) - SYMBOL(zonelow_base)))
      |                                   ^~~
./src/biosvar.h:120:54: note: expanded from macro 'SET_LOW'
  120 | #define SET_LOW(var, val)       SET_FARVAR(SEG_LOW, (var), (val))
      |                                                      ^~~
note: (skipping 1 expansions in backtrace; use -fmacro-backtrace-limit=0 to see all)
./src/farptr.h:115:22: note: expanded from macro '__SET_FARVAR'
  115 |         SET_VAR(ES, (var), __sfv_val);          \
      |                      ^~~
./src/farptr.h:145:52: note: expanded from macro 'SET_VAR'
  145 | #define SET_VAR(seg, var, val) __SET_VAR("", seg, (var), (val))
      |                                                    ^~~
./src/farptr.h:70:20: note: expanded from macro '__SET_VAR'
   70 |         if (sizeof(var) == 1)                           \
      |                    ^~~
In file included from out/ccode16.o.tmp.c:40:
./src/hw/megasas.c:181:17: warning: taking address of packed member 'data_xfer_len' of class or structure 'megasas_cmd_frame' may result in an unaligned pointer value [-Waddress-of-packed-member]
  181 |     SET_LOWFLAT(frame->data_xfer_len, op->count * blocksize);
      |                 ^~~~~~~~~~~~~~~~~~~~
./src/biosvar.h:128:54: note: expanded from macro 'SET_LOWFLAT'
  128 | #define SET_LOWFLAT(var, val) SET_LOW(*LOWFLAT2LOW(&(var)), (val))
      |                                                      ^~~
./src/biosvar.h:121:35: note: expanded from macro 'LOWFLAT2LOW'
  121 | #define LOWFLAT2LOW(var) ((typeof(var))((void*)(var) - SYMBOL(zonelow_base)))
      |                                   ^~~
./src/biosvar.h:120:54: note: expanded from macro 'SET_LOW'
  120 | #define SET_LOW(var, val)       SET_FARVAR(SEG_LOW, (var), (val))
      |                                                      ^~~
note: (skipping 2 expansions in backtrace; use -fmacro-backtrace-limit=0 to see all)
./src/farptr.h:145:52: note: expanded from macro 'SET_VAR'
  145 | #define SET_VAR(seg, var, val) __SET_VAR("", seg, (var), (val))
      |                                                    ^~~
./src/farptr.h:71:37: note: expanded from macro '__SET_VAR'
   71 |             WRITE8_SEG(prefix, seg, var, (val));        \
      |                                     ^~~
./src/farptr.h:34:53: note: expanded from macro 'WRITE8_SEG'
   34 |     __asm__(prefix "movb %b1, %%" #SEG ":%0" : "=m"(var)        \
      |                                                     ^~~
In file included from out/ccode16.o.tmp.c:40:
./src/hw/megasas.c:181:17: warning: taking address of packed member 'data_xfer_len' of class or structure 'megasas_cmd_frame' may result in an unaligned pointer value [-Waddress-of-packed-member]
  181 |     SET_LOWFLAT(frame->data_xfer_len, op->count * blocksize);
      |                 ^~~~~~~~~~~~~~~~~~~~
./src/biosvar.h:128:54: note: expanded from macro 'SET_LOWFLAT'
  128 | #define SET_LOWFLAT(var, val) SET_LOW(*LOWFLAT2LOW(&(var)), (val))
      |                                                      ^~~
./src/biosvar.h:121:35: note: expanded from macro 'LOWFLAT2LOW'
  121 | #define LOWFLAT2LOW(var) ((typeof(var))((void*)(var) - SYMBOL(zonelow_base)))
      |                                   ^~~
./src/biosvar.h:120:54: note: expanded from macro 'SET_LOW'
  120 | #define SET_LOW(var, val)       SET_FARVAR(SEG_LOW, (var), (val))
      |                                                      ^~~
note: (skipping 1 expansions in backtrace; use -fmacro-backtrace-limit=0 to see all)
./src/farptr.h:115:22: note: expanded from macro '__SET_FARVAR'
  115 |         SET_VAR(ES, (var), __sfv_val);          \
      |                      ^~~
./src/farptr.h:145:52: note: expanded from macro 'SET_VAR'
  145 | #define SET_VAR(seg, var, val) __SET_VAR("", seg, (var), (val))
      |                                                    ^~~
./src/farptr.h:72:25: note: expanded from macro '__SET_VAR'
   72 |         else if (sizeof(var) == 2)                      \
      |                         ^~~
In file included from out/ccode16.o.tmp.c:40:
./src/hw/megasas.c:181:17: warning: taking address of packed member 'data_xfer_len' of class or structure 'megasas_cmd_frame' may result in an unaligned pointer value [-Waddress-of-packed-member]
  181 |     SET_LOWFLAT(frame->data_xfer_len, op->count * blocksize);
      |                 ^~~~~~~~~~~~~~~~~~~~
./src/biosvar.h:128:54: note: expanded from macro 'SET_LOWFLAT'
  128 | #define SET_LOWFLAT(var, val) SET_LOW(*LOWFLAT2LOW(&(var)), (val))
      |                                                      ^~~
./src/biosvar.h:121:35: note: expanded from macro 'LOWFLAT2LOW'
  121 | #define LOWFLAT2LOW(var) ((typeof(var))((void*)(var) - SYMBOL(zonelow_base)))
      |                                   ^~~
./src/biosvar.h:120:54: note: expanded from macro 'SET_LOW'
  120 | #define SET_LOW(var, val)       SET_FARVAR(SEG_LOW, (var), (val))
      |                                                      ^~~
note: (skipping 2 expansions in backtrace; use -fmacro-backtrace-limit=0 to see all)
./src/farptr.h:145:52: note: expanded from macro 'SET_VAR'
  145 | #define SET_VAR(seg, var, val) __SET_VAR("", seg, (var), (val))
      |                                                    ^~~
./src/farptr.h:73:38: note: expanded from macro '__SET_VAR'
   73 |             WRITE16_SEG(prefix, seg, var, (val));       \
      |                                      ^~~
./src/farptr.h:37:53: note: expanded from macro 'WRITE16_SEG'
   37 |     __asm__(prefix "movw %w1, %%" #SEG ":%0" : "=m"(var)        \
      |                                                     ^~~
In file included from out/ccode16.o.tmp.c:40:
./src/hw/megasas.c:181:17: warning: taking address of packed member 'data_xfer_len' of class or structure 'megasas_cmd_frame' may result in an unaligned pointer value [-Waddress-of-packed-member]
  181 |     SET_LOWFLAT(frame->data_xfer_len, op->count * blocksize);
      |                 ^~~~~~~~~~~~~~~~~~~~
./src/biosvar.h:128:54: note: expanded from macro 'SET_LOWFLAT'
  128 | #define SET_LOWFLAT(var, val) SET_LOW(*LOWFLAT2LOW(&(var)), (val))
      |                                                      ^~~
./src/biosvar.h:121:35: note: expanded from macro 'LOWFLAT2LOW'
  121 | #define LOWFLAT2LOW(var) ((typeof(var))((void*)(var) - SYMBOL(zonelow_base)))
      |                                   ^~~
./src/biosvar.h:120:54: note: expanded from macro 'SET_LOW'
  120 | #define SET_LOW(var, val)       SET_FARVAR(SEG_LOW, (var), (val))
      |                                                      ^~~
note: (skipping 1 expansions in backtrace; use -fmacro-backtrace-limit=0 to see all)
./src/farptr.h:115:22: note: expanded from macro '__SET_FARVAR'
  115 |         SET_VAR(ES, (var), __sfv_val);          \
      |                      ^~~
./src/farptr.h:145:52: note: expanded from macro 'SET_VAR'
  145 | #define SET_VAR(seg, var, val) __SET_VAR("", seg, (var), (val))
      |                                                    ^~~
./src/farptr.h:74:25: note: expanded from macro '__SET_VAR'
   74 |         else if (sizeof(var) == 4)                      \
      |                         ^~~
In file included from out/ccode16.o.tmp.c:40:
./src/hw/megasas.c:181:17: warning: taking address of packed member 'data_xfer_len' of class or structure 'megasas_cmd_frame' may result in an unaligned pointer value [-Waddress-of-packed-member]
  181 |     SET_LOWFLAT(frame->data_xfer_len, op->count * blocksize);
      |                 ^~~~~~~~~~~~~~~~~~~~
./src/biosvar.h:128:54: note: expanded from macro 'SET_LOWFLAT'
  128 | #define SET_LOWFLAT(var, val) SET_LOW(*LOWFLAT2LOW(&(var)), (val))
      |                                                      ^~~
./src/biosvar.h:121:35: note: expanded from macro 'LOWFLAT2LOW'
  121 | #define LOWFLAT2LOW(var) ((typeof(var))((void*)(var) - SYMBOL(zonelow_base)))
      |                                   ^~~
./src/biosvar.h:120:54: note: expanded from macro 'SET_LOW'
  120 | #define SET_LOW(var, val)       SET_FARVAR(SEG_LOW, (var), (val))
      |                                                      ^~~
note: (skipping 2 expansions in backtrace; use -fmacro-backtrace-limit=0 to see all)
./src/farptr.h:145:52: note: expanded from macro 'SET_VAR'
  145 | #define SET_VAR(seg, var, val) __SET_VAR("", seg, (var), (val))
      |                                                    ^~~
./src/farptr.h:75:38: note: expanded from macro '__SET_VAR'
   75 |             WRITE32_SEG(prefix, seg, var, (val));       \
      |                                      ^~~
./src/farptr.h:40:52: note: expanded from macro 'WRITE32_SEG'
   40 |     __asm__(prefix "movl %1, %%" #SEG ":%0" : "=m"(var)         \
      |                                                    ^~~
In file included from out/ccode16.o.tmp.c:40:
./src/hw/megasas.c:181:17: warning: taking address of packed member 'data_xfer_len' of class or structure 'megasas_cmd_frame' may result in an unaligned pointer value [-Waddress-of-packed-member]
  181 |     SET_LOWFLAT(frame->data_xfer_len, op->count * blocksize);
      |                 ^~~~~~~~~~~~~~~~~~~~
./src/biosvar.h:128:54: note: expanded from macro 'SET_LOWFLAT'
  128 | #define SET_LOWFLAT(var, val) SET_LOW(*LOWFLAT2LOW(&(var)), (val))
      |                                                      ^~~
./src/biosvar.h:121:35: note: expanded from macro 'LOWFLAT2LOW'
  121 | #define LOWFLAT2LOW(var) ((typeof(var))((void*)(var) - SYMBOL(zonelow_base)))
      |                                   ^~~
./src/biosvar.h:120:54: note: expanded from macro 'SET_LOW'
  120 | #define SET_LOW(var, val)       SET_FARVAR(SEG_LOW, (var), (val))
      |                                                      ^~~
note: (skipping 1 expansions in backtrace; use -fmacro-backtrace-limit=0 to see all)
./src/farptr.h:115:22: note: expanded from macro '__SET_FARVAR'
  115 |         SET_VAR(ES, (var), __sfv_val);          \
      |                      ^~~
./src/farptr.h:145:52: note: expanded from macro 'SET_VAR'
  145 | #define SET_VAR(seg, var, val) __SET_VAR("", seg, (var), (val))
      |                                                    ^~~
./src/farptr.h:76:25: note: expanded from macro '__SET_VAR'
   76 |         else if (sizeof(var) == 8)                      \
      |                         ^~~
In file included from out/ccode16.o.tmp.c:40:
./src/hw/megasas.c:181:17: warning: taking address of packed member 'data_xfer_len' of class or structure 'megasas_cmd_frame' may result in an unaligned pointer value [-Waddress-of-packed-member]
  181 |     SET_LOWFLAT(frame->data_xfer_len, op->count * blocksize);
      |                 ^~~~~~~~~~~~~~~~~~~~
./src/biosvar.h:128:54: note: expanded from macro 'SET_LOWFLAT'
  128 | #define SET_LOWFLAT(var, val) SET_LOW(*LOWFLAT2LOW(&(var)), (val))
      |                                                      ^~~
./src/biosvar.h:121:35: note: expanded from macro 'LOWFLAT2LOW'
  121 | #define LOWFLAT2LOW(var) ((typeof(var))((void*)(var) - SYMBOL(zonelow_base)))
      |                                   ^~~
./src/biosvar.h:120:54: note: expanded from macro 'SET_LOW'
  120 | #define SET_LOW(var, val)       SET_FARVAR(SEG_LOW, (var), (val))
      |                                                      ^~~
note: (skipping 2 expansions in backtrace; use -fmacro-backtrace-limit=0 to see all)
./src/farptr.h:145:52: note: expanded from macro 'SET_VAR'
  145 | #define SET_VAR(seg, var, val) __SET_VAR("", seg, (var), (val))
      |                                                    ^~~
./src/farptr.h:77:38: note: expanded from macro '__SET_VAR'
   77 |             WRITE64_SEG(prefix, seg, var, (val));       \
      |                                      ^~~
./src/farptr.h:44:59: note: expanded from macro 'WRITE64_SEG'
   44 |         union u64_u32_u *__w64_ptr = (union u64_u32_u *)&(var); \
      |                                                           ^~~
In file included from out/ccode16.o.tmp.c:40:
./src/hw/megasas.c:181:17: warning: taking address of packed member 'data_xfer_len' of class or structure 'megasas_cmd_frame' may result in an unaligned pointer value [-Waddress-of-packed-member]
  181 |     SET_LOWFLAT(frame->data_xfer_len, op->count * blocksize);
      |                 ^~~~~~~~~~~~~~~~~~~~
./src/biosvar.h:128:54: note: expanded from macro 'SET_LOWFLAT'
  128 | #define SET_LOWFLAT(var, val) SET_LOW(*LOWFLAT2LOW(&(var)), (val))
      |                                                      ^~~
./src/biosvar.h:121:35: note: expanded from macro 'LOWFLAT2LOW'
  121 | #define LOWFLAT2LOW(var) ((typeof(var))((void*)(var) - SYMBOL(zonelow_base)))
      |                                   ^~~
./src/biosvar.h:120:54: note: expanded from macro 'SET_LOW'
  120 | #define SET_LOW(var, val)       SET_FARVAR(SEG_LOW, (var), (val))
      |                                                      ^~~
note: (skipping 2 expansions in backtrace; use -fmacro-backtrace-limit=0 to see all)
./src/farptr.h:145:52: note: expanded from macro 'SET_VAR'
  145 | #define SET_VAR(seg, var, val) __SET_VAR("", seg, (var), (val))
      |                                                    ^~~
./src/farptr.h:77:38: note: expanded from macro '__SET_VAR'
   77 |             WRITE64_SEG(prefix, seg, var, (val));       \
      |                                      ^~~
./src/farptr.h:45:16: note: expanded from macro 'WRITE64_SEG'
   45 |         typeof(var) __value_tmp = (value);                      \
      |                ^~~
In file included from out/ccode32flat.o.tmp.c:70:
./src/fw/smm.c:62:6: warning: unknown attribute 'externally_visible' ignored [-Wunknown-attributes]
   62 | void VISIBLE32FLAT
      |      ^~~~~~~~~~~~~
./src/types.h:101:60: note: expanded from macro 'VISIBLE32FLAT'
  101 | # dIn file included from eout/ccode16.o.tmp.cf:i40n:
e./src/hw/megasas.c :V191I:S21I:B Lwarning: Etaking address of packed member 'union megasas_cmd_frame::(anonymous at ./src/hw/megasas.c:75:5)' of class or structure 'megasas_cmd_frame' may result in an unaligned pointer value [-Waddress-of-packed-member]3
2F  L191A | T   _ _ s e c t iSoEnT(_"L.OtWeFxLtA.Tr(ufnrtaimmee-.>"p tUhNrIuQ.SsEgCl)_ a_d_dVrI,S I(BuL3E2
)      o| p                                                           ^~~~~~~~~-
>./src/types.hb:u40f:_35f:l )note: ;expanded from macro '__VISIBLE'

      |                        ^~~~~~~~~~~~~~~~~~~~~40
 | # d./src/biosvar.he:f128i:n54e:  _note: _expanded from macro 'SET_LOWFLAT'V
IS  I128B | L#Ed e_f_iantet rSiEbTu_tLeO_W_F(L(AeTx(tvearrn,a lvlayl_)v iSsEiTb_lLeO)W)(
*      L| O                                  ^~~~~~~~~~~~~~~~~~W
FLAT2LOW(&(var)), (val))
      |                                                      ^~~
./src/biosvar.h:121:35: note: expanded from macro 'LOWFLAT2LOW'
  121 | #define LOWFLAT2LOW(var) ((typeof(var))((void*)(var) - SYMBOL(zonelow_base)))
      |                                   ^~~
./src/biosvar.h:120:54: note: expanded from macro 'SET_LOW'
  120 | #define SET_LOW(var, val)       SET_FARVAR(SEG_LOW, (var), (val))
      |                                                      ^~~
./src/farptr.h:143:56: note: expanded from macro 'SET_FARVAR'
  143 | #define SET_FARVAR(seg, var, val) __SET_FARVAR((seg), (var), (val))
      |                                                        ^~~
./src/farptr.h:113:16: note: expanded from macro '__SET_FARVAR'
  113 |         typeof(var) __sfv_val = (val);          \
      |                ^~~
In file included from out/ccode16.o.tmp.c:40:
./src/hw/megasas.c:191:21: warning: taking address of packed member 'union megasas_cmd_frame::(anonymous at ./src/hw/megasas.c:75:5)' of class or structure 'megasas_cmd_frame' may result in an unaligned pointer value [-Waddress-of-packed-member]
  191 |         SET_LOWFLAT(frame->pthru.sgl_addr, (u32)op->buf_fl);
      |                     ^~~~~~~~~~~~~~~~~~~~~
./src/biosvar.h:128:54: note: expanded from macro 'SET_LOWFLAT'
  128 | #define SET_LOWFLAT(var, val) SET_LOW(*LOWFLAT2LOW(&(var)), (val))
      |                                                      ^~~
./src/biosvar.h:121:35: note: expanded from macro 'LOWFLAT2LOW'
  121 | #define LOWFLAT2LOW(var) ((typeof(var))((void*)(var) - SYMBOL(zonelow_base)))
      |                                   ^~~
./src/biosvar.h:120:54: note: expanded from macro 'SET_LOW'
  120 | #define SET_LOW(var, val)       SET_FARVAR(SEG_LOW, (var), (val))
      |                                                      ^~~
note: (skipping 1 expansions in backtrace; use -fmacro-backtrace-limit=0 to see all)
./src/farptr.h:115:22: note: expanded from macro '__SET_FARVAR'
  115 |         SET_VAR(ES, (var), __sfv_val);          \
      |                      ^~~
./src/farptr.h:145:52: note: expanded from macro 'SET_VAR'
  145 | #define SET_VAR(seg, var, val) __SET_VAR("", seg, (var), (val))
      |                                                    ^~~
./src/farptr.h:70:20: note: expanded from macro '__SET_VAR'
   70 |         if (sizeof(var) == 1)                           \
      |                    ^~~
In file included from out/ccode16.o.tmp.c:40:
./src/hw/megasas.c:191:21: warning: taking address of packed member 'union megasas_cmd_frame::(anonymous at ./src/hw/megasas.c:75:5)' of class or structure 'megasas_cmd_frame' may result in an unaligned pointer value [-Waddress-of-packed-member]
  191 |         SET_LOWFLAT(frame->pthru.sgl_addr, (u32)op->buf_fl);
      |                     ^~~~~~~~~~~~~~~~~~~~~
./src/biosvar.h:128:54: note: expanded from macro 'SET_LOWFLAT'
  128 | #define SET_LOWFLAT(var, val) SET_LOW(*LOWFLAT2LOW(&(var)), (val))
      |                                                      ^~~
./src/biosvar.h:121:35: note: expanded from macro 'LOWFLAT2LOW'
  121 | #define LOWFLAT2LOW(var) ((typeof(var))((void*)(var) - SYMBOL(zonelow_base)))
      |                                   ^~~
./src/biosvar.h:120:54: note: expanded from macro 'SET_LOW'
  120 | #define SET_LOW(var, val)       SET_FARVAR(SEG_LOW, (var), (val))
      |                                                      ^~~
note: (skipping 2 expansions in backtrace; use -fmacro-backtrace-limit=0 to see all)
./src/farptr.h:145:52: note: expanded from macro 'SET_VAR'
  145 | #define SET_VAR(seg, var, val) __SET_VAR("", seg, (var), (val))
      |                                                    ^~~
./src/farptr.h:71:37: note: expanded from macro '__SET_VAR'
   71 |             WRITE8_SEG(prefix, seg, var, (val));        \
      |                                     ^~~
./src/farptr.h:34:53: note: expanded from macro 'WRITE8_SEG'
   34 |     __asm__(prefix "movb %b1, %%" #SEG ":%0" : "=m"(var)        \
      |                                                     ^~~
In file included from out/ccode16.o.tmp.c:40:
./src/hw/megasas.c:191:21: In file included from warning: out/ccode32flat.o.tmp.ctaking address of packed member 'union megasas_cmd_frame::(anonymous at ./src/hw/megasas.c:75:5)' of class or structure 'megasas_cmd_frame' may result in an unaligned pointer value [-Waddress-of-packed-member]:
71:
  ./src/fw/smp.c191: | 83 : 6 :   warning:  unknown attribute 'externally_visible' ignored [-Wunknown-attributes] 
    S83E | Tv_oLiOdW FVLIASTI(BfLrEa3m2eF-L>ApTt
h      r| u     ^~~~~~~~~~~~~.
s./src/types.hg:l101_:a60d:d rnote: ,expanded from macro 'VISIBLE32FLAT' 
(  u1013 | 2#) odpe-f>ibnuef _VfIlS)I;B
L      E| 3                    ^~~~~~~~~~~~~~~~~~~~~2
FLAT ./src/biosvar.h_:_128s:e54c:t inote: oexpanded from macro 'SET_LOWFLAT'n
(  "128. | t#edxetf.irnuen tSiEmTe_.L"O WUFNLIAQTS(EvCa)r ,_ _vVaIlS)I BSLEET
_      L| O                                                           ^~~~~~~~~W
(./src/types.h*:L40O:W35F:L Anote: Texpanded from macro '__VISIBLE'2
LO   W40( | &#( vdaerf)i)n,e  (_v_aVlI)S)I
B      L| E                                                     ^~~ 
__./src/biosvar.ha:t121t:r35i:b unote: texpanded from macro 'LOWFLAT2LOW'e
_  _121( | (#edxetfeirnnea lLlOyW_FvLiAsTi2bLlOeW)()v
a      r| )                                  ^~~~~~~~~~~~~~~~~~ 
((typeof(var))((void*)(var) - SYMBOL(zonelow_base)))
      |                                   ^~~
./src/biosvar.h:120:54: note: expanded from macro 'SET_LOW'
  120 | #define SET_LOW(var, val)       SET_FARVAR(SEG_In file included from Lout/ccode32flat.o.tmp.cO:W71,:
 ./src/fw/smp.c(:v99a:r13):,  warning: (unknown attribute 'externally_visible' ignored [-Wunknown-attributes]v
a   l99) | )u
3      2|                                                       ^~~S
Mnote: P(skipping 1 expansions in backtrace; use -fmacro-backtrace-limit=0 to see all)L
oc./src/farptr.hk: 115_:_22V:I Snote: Iexpanded from macro '__SET_FARVAR'B
L  E115; | 
        |              ^~~~~~~~~ 
 ./src/types.h : 40 :S35E:T _note: Vexpanded from macro '__VISIBLE'A
R   (40E | S#,  d(evfairn)e,  ____VsIfSvI_BvLaEl )_;_ a t t r i b u t e _\_
(      (| e                     ^~~x
te./src/farptr.hr:n145a:l52l:y _note: vexpanded from macro 'SET_VAR'i
si  b145l | e#)d)e
f      i| n                                  ^~~~~~~~~~~~~~~~~~e
 SET_VAR(seg, var, val) __SET_VARIn file included from (out/ccode32flat.o.tmp.c":"71,:
 ./src/fw/smp.cs:e100g:,14 :( vwarning: aunknown attribute 'externally_visible' ignored [-Wunknown-attributes]r
)  ,100  | (uv3a2l )S)M
P      S| t                                                   ^~~a
ck ./src/farptr.h_:_72V:I25S:I Bnote: Lexpanded from macro '__SET_VAR'E
;   
72       | |               ^~~~~~~~~ 
 ./src/types.h : 40 : 35 :e lnote: sexpanded from macro '__VISIBLE'e
    i40f |  #( sdiezfeionfe( v_a_rV)I S=I=B L2E)  _ _ a t t r i b u t e _ _ ( ( e x t e r n a\l
l      y| _                        ^~~v
isible))
      |                                   ^~~~~~~~~~~~~~~~~~
In file included from out/ccode16.o.tmp.c:40:
./src/hw/megasas.c:191:21: warning: taking address of packed member 'union megasas_cmd_frame::(anonymous at ./src/hw/megasas.c:75:5)' of class or structure 'megasas_cmd_frame' may result in an unaligned pointer value [-Waddress-of-packed-member]
  191 |         SET_LOWFLAT(frame->pthru.sgl_addr, (u32)op->buf_fl);
      |                     ^~~~~~~~~~~~~~~~~~~~~
./src/biosvar.h:128:54: note: expanded from macro 'SET_LOWFLAT'
  128 | #define SET_LOWFLAT(var, val) SET_LOW(*LOWFLAT2LOW(&(var)), (val))
      |                                                      ^~~
./src/biosvar.h:121:35: note: expanded from macro 'LOWFLAT2LOW'
  121 | #define LOWFLAT2LOW(var) ((typeof(var))((void*)(var) - SYMBOL(zonelow_base)))
      |                                   ^~~
./src/biosvar.h:120:54: note: expanded from macro 'SET_LOW'
  120 | #define SET_LOW(var, val)       SET_FARVAR(SEG_LOW, (var), (val))
      |                                                      ^~~
note: (skipping 2 expansions in backtrace; use -fmacro-backtrace-limit=0 to see all)
./src/farptr.h:145:52: note: expanded from macro 'SET_VAR'
  145 | #define SET_VAR(seg, var, val) __SET_VAR("", seg, (var), (val))
      |                                                    ^~~
./src/farptr.h:73:38: note: expanded from macro '__SET_VAR'
   73 |             WRITE16_SEG(prefix, seg, var, (val));       \
      |                                      ^~~
./src/farptr.h:37:53: note: expanded from macro 'WRITE16_SEG'
   37 |     __asm__(prefix "movw %w1, %%" #SEG ":%0" : "=m"(var)        \
      |                                                     ^~~
In file included from out/ccode16.o.tmp.c:40:
./src/hw/megasas.c:191:21: warning: taking address of packed member 'union megasas_cmd_frame::(anonymous at ./src/hw/megasas.c:75:5)' of class or structure 'megasas_cmd_frame' may result in an unaligned pointer value [-Waddress-of-packed-member]
  191 |         SET_LOWFLAT(frame->pthru.sgl_addr, (u32)op->buf_fl);
      |                     ^~~~~~~~~~~~~~~~~~~~~
./src/biosvar.h:128:54: note: expanded from macro 'SET_LOWFLAT'
  128 | #define SET_LOWFLAT(var, val) SET_LOW(*LOWFLAT2LOW(&(var)), (val))
      |                                                      ^~~
./src/biosvar.h:121:35: note: expanded from macro 'LOWFLAT2LOW'
  121 | #define LOWFLAT2LOW(var) ((typeof(var))((void*)(var) - SYMBOL(zonelow_base)))
      |                                   ^~~
./src/biosvar.h:120:54: note: expanded from macro 'SET_LOW'
  120 | #define SET_LOW(var, val)       SET_FARVAR(SEG_LOW, (var), (val))
      |                                                      ^~~
note: (skipping 1 expansions in backtrace; use -fmacro-backtrace-limit=0 to see all)
./src/farptr.h:115:22: note: expanded from macro '__SET_FARVAR'
  115 |         SET_VAR(ES, (var), __sfv_val);          \
      |                      ^~~
./src/farptr.h:145:52: note: expanded from macro 'SET_VAR'
  145 | #define SET_VAR(seg, var, val) __SET_VAR("", seg, (var), (val))
      |                                                    ^~~
./src/farptr.h:74:25: note: expanded from macro '__SET_VAR'
   74 |         else if (sizeof(var) == 4)                      \
      |                         ^~~
In file included from out/ccode16.o.tmp.c:40:
./src/hw/megasas.c:191:21: warning: taking address of packed member 'union megasas_cmd_frame::(anonymous at ./src/hw/megasas.c:75:5)' of class or structure 'megasas_cmd_frame' may result in an unaligned pointer value [-Waddress-of-packed-member]
  191 |         SET_LOWFLAT(frame->pthru.sgl_addr, (u32)op->buf_fl);
      |                     ^~~~~~~~~~~~~~~~~~~~~
./src/biosvar.h:128:54: note: expanded from macro 'SET_LOWFLAT'
  128 | #define SET_LOWFLAT(var, val) SET_LOW(*LOWFLAT2LOW(&(var)), (val))
      |                                                      ^~~
./src/biosvar.h:121:35: note: expanded from macro 'LOWFLAT2LOW'
  121 | #define LOWFLAT2LOW(var) ((typeof(var))((void*)(var) - SYMBOL(zonelow_base)))
      |                                   ^~~
./src/biosvar.h:120:54: note: expanded from macro 'SET_LOW'
  120 | #define SET_LOW(var, val)       SET_FARVAR(SEG_LOW, (var), (val))
      |                                                      ^~~
note: (skipping 2 expansions in backtrace; use -fmacro-backtrace-limit=0 to see all)
./src/farptr.h:145:52: note: expanded from macro 'SET_VAR'
  145 | #define SET_VAR(seg, var, val) __SET_VAR("", seg, (var), (val))
      |                                                    ^~~
./src/farptr.h:75:38: note: expanded from macro '__SET_VAR'
   75 |             WRITE32_SEG(prefix, seg, var, (val));       \
      |                                      ^~~
./src/farptr.h:40:52: note: expanded from macro 'WRITE32_SEG'
   40 |     __asm__(prefix "movl %1, %%" #SEG ":%0" : "=m"(var)         \
      |                                                    ^~~
In file included from out/ccode16.o.tmp.c:40:
./src/hw/megasas.c:191:21: warning: taking address of packed member 'union megasas_cmd_frame::(anonymous at ./src/hw/megasas.c:75:5)' of class or structure 'megasas_cmd_frame' may result in an unaligned pointer value [-Waddress-of-packed-member]
  191 |         SET_LOWFLAT(frame->pthru.sgl_addr, (u32)op->buf_fl);
      |                     ^~~~~~~~~~~~~~~~~~~~~
./src/biosvar.h:128:54: note: expanded from macro 'SET_LOWFLAT'
  128 | #define SET_LOWFLAT(var, val) SET_LOW(*LOWFLAT2LOW(&(var)), (val))
      |                                                      ^~~
./src/biosvar.h:121:35: note: expanded from macro 'LOWFLAT2LOW'
  121 | #define LOWFLAT2LOW(var) ((typeof(var))((void*)(var) - SYMBOL(zonelow_base)))
      |                                   ^~~
./src/biosvar.h:120:54: note: expanded from macro 'SET_LOW'
  120 | #define SET_LOW(var, val)       SET_FARVAR(SEG_LOW, (var), (val))
      |                                                      ^~~
note: (skipping 1 expansions in backtrace; use -fmacro-backtrace-limit=0 to see all)
./src/farptr.h:115:22: note: expanded from macro '__SET_FARVAR'
  115 |         SET_VAR(ES, (var), __sfv_val);          \
      |                      ^~~
./src/farptr.h:145:52: note: expanded from macro 'SET_VAR'
  145 | #define SET_VAR(seg, var, val) __SET_VAR("", seg, (var), (val))
      |                                                    ^~~
./src/farptr.h:76:25: note: expanded from macro '__SET_VAR'
   76 |         else if (sizeof(var) == 8)                      \
      |                         ^~~
In file included from out/ccode16.o.tmp.c:40:
./src/hw/megasas.c:191:21: warning: taking address of packed member 'union megasas_cmd_frame::(anonymous at ./src/hw/megasas.c:75:5)' of class or structure 'megasas_cmd_frame' may result in an unaligned pointer value [-Waddress-of-packed-member]
  191 |         SET_LOWFLAT(frame->pthru.sgl_addr, (u32)op->buf_fl);
      |                     ^~~~~~~~~~~~~~~~~~~~~
./src/biosvar.h:128:54: note: expanded from macro 'SET_LOWFLAT'
  128 | #define SET_LOWFLAT(var, val) SET_LOW(*LOWFLAT2LOW(&(var)), (val))
      |                                                      ^~~
./src/biosvar.h:121:35: note: expanded from macro 'LOWFLAT2LOW'
  121 | #define LOWFLAT2LOW(var) ((typeof(var))((void*)(var) - SYMBOL(zonelow_base)))
      |                                   ^~~
./src/biosvar.h:120:54: note: expanded from macro 'SET_LOW'
  120 | #define SET_LOW(var, val)       SET_FARVAR(SEG_LOW, (var), (val))
      |                                                      ^~~
note: (skipping 2 expansions in backtrace; use -fmacro-backtrace-limit=0 to see all)
./src/farptr.h:145:52: note: expanded from macro 'SET_VAR'
  145 | #define SET_VAR(seg, var, val) __SET_VAR("", seg, (var), (val))
      |                                                    ^~~
./src/farptr.h:77:38: note: expanded from macro '__SET_VAR'
   77 |             WRITE64_SEG(prefix, seg, var, (val));       \
      |                                      ^~~
./src/farptr.h:44:59: note: expanded from macro 'WRITE64_SEG'
   44 |         union u64_u32_u *__w64_ptr = (union u64_u32_u *)&(var); \
      |                                                           ^~~
In file included from out/ccode16.o.tmp.c:40:
./src/hw/megasas.c:191:21: warning: taking address of packed member 'union megasas_cmd_frame::(anonymous at ./src/hw/megasas.c:75:5)' of class or structure 'megasas_cmd_frame' may result in an unaligned pointer value [-Waddress-of-packed-member]
  191 |         SET_LOWFLAT(frame->pthru.sgl_addr, (u32)op->buf_fl);
      |                     ^~~~~~~~~~~~~~~~~~~~~
./src/biosvar.h:128:54: note: expanded from macro 'SET_LOWFLAT'
  128 | #define SET_LOWFLAT(var, val) SET_LOW(*LOWFLAT2LOW(&(var)), (val))
      |                                                      ^~~
./src/biosvar.h:121:35: note: expanded from macro 'LOWFLAT2LOW'
  121 | #define LOWFLAT2LOW(var) ((typeof(var))((void*)(var) - SYMBOL(zonelow_base)))
      |                                   ^~~
./src/biosvar.h:120:54: note: expanded from macro 'SET_LOW'
  120 | #define SET_LOW(var, val)       SET_FARVAR(SEG_LOW, (var), (val))
      |                                                      ^~~
note: (skipping 2 expansions in backtrace; use -fmacro-backtrace-limit=0 to see all)
./src/farptr.h:145:52: note: expanded from macro 'SET_VAR'
  145 | #define SET_VAR(seg, var, val) __SET_VAR("", seg, (var), (val))
      |                                                    ^~~
./src/farptr.h:77:38: note: expanded from macro '__SET_VAR'
   77 |             WRITE64_SEG(prefix, seg, var, (val));       \
      |                                      ^~~
./src/farptr.h:45:16: note: expanded from macro 'WRITE64_SEG'
   45 |         typeof(var) __value_tmp = (value);                      \
      |                ^~~
In file included from out/ccode16.o.tmp.c:40:
./src/hw/megasas.c:192:21: warning: taking address of packed member 'union megasas_cmd_frame::(anonymous at ./src/hw/megasas.c:75:5)' of class or structure 'megasas_cmd_frame' may result in an unaligned pointer value [-Waddress-of-packed-member]
  192 |         SET_LOWFLAT(frame->pthru.sgl_len, op->count * blocksize);
      |                     ^~~~~~~~~~~~~~~~~~~~
./src/biosvar.h:128:54: note: expanded from macro 'SET_LOWFLAT'
  128 | #define SET_LOWFLAT(var, val) SET_LOW(*LOWFLAT2LOW(&(var)), (val))
      |                                                      ^~~
./src/biosvar.h:121:35: note: expanded from macro 'LOWFLAT2LOW'
  121 | #define LOWFLAT2LOW(var) ((typeof(var))((void*)(var) - SYMBOL(zonelow_base)))
      |                                   ^~~
./src/biosvar.h:120:54: note: expanded from macro 'SET_LOW'
  120 | #define SET_LOW(var, val)       SET_FARVAR(SEG_LOW, (var), (val))
      |                                                      ^~~
./src/farptr.h:143:56: note: expanded from macro 'SET_FARVAR'
  143 | #define SET_FARVAR(seg, var, val) __SET_FARVAR((seg), (var), (val))
      |                                                        ^~~
./src/farptr.h:113:16: note: expanded from macro '__SET_FARVAR'
  113 |         typeof(var) __sfv_val = (val);          \
      |                ^~~
In file included from out/ccode16.o.tmp.c:40:
./src/hw/megasas.c:192:21: warning: taking address of packed member 'union megasas_cmd_frame::(anonymous at ./src/hw/megasas.c:75:5)' of class or structure 'megasas_cmd_frame' may result in an unaligned pointer value [-Waddress-of-packed-member]
  192 |         SET_LOWFLAT(frame->pthru.sgl_len, op->count * blocksize);
      |                     ^~~~~~~~~~~~~~~~~~~~
./src/biosvar.h:128:54: note: expanded from macro 'SET_LOWFLAT'
  128 | #define SET_LOWFLAT(var, val) SET_LOW(*LOWFLAT2LOW(&(var)), (val))
      |                                                      ^~~
./src/biosvar.h:121:35: note: expanded from macro 'LOWFLAT2LOW'
  121 | #define LOWFLAT2LOW(var) ((typeof(var))((void*)(var) - SYMBOL(zonelow_base)))
      |                                   ^~~
./src/biosvar.h:120:54: note: expanded from macro 'SET_LOW'
  120 | #define SET_LOW(var, val)       SET_FARVAR(SEG_LOW, (var), (val))
      |                                                      ^~~
note: (skipping 1 expansions in backtrace; use -fmacro-backtrace-limit=0 to see all)
./src/farptr.h:115:22: note: expanded from macro '__SET_FARVAR'
  115 |         SET_VAR(ES, (var), __sfv_val);          \
      |                      ^~~
./src/farptr.h:145:52: note: expanded from macro 'SET_VAR'
  145 | #define SET_VAR(seg, var, val) __SET_VAR("", seg, (var), (val))
      |                                                    ^~~
./src/farptr.h:70:20: note: expanded from macro '__SET_VAR'
   70 |         if (sizeof(var) == 1)                           \
      |                    ^~~
In file included from out/ccode16.o.tmp.c:40:
./src/hw/megasas.c:192:21: warning: taking address of packed member 'union megasas_cmd_frame::(anonymous at ./src/hw/megasas.c:75:5)' of class or structure 'megasas_cmd_frame' may result in an unaligned pointer value [-Waddress-of-packed-member]
  192 |         SET_LOWFLAT(frame->pthru.sgl_len, op->count * blocksize);
      |                     ^~~~~~~~~~~~~~~~~~~~
./src/biosvar.h:128:54: note: expanded from macro 'SET_LOWFLAT'
  128 | #define SET_LOWFLAT(var, val) SET_LOW(*LOWFLAT2LOW(&(var)), (val))
      |                                                      ^~~
./src/biosvar.h:121:35: note: expanded from macro 'LOWFLAT2LOW'
  121 | #define LOWFLAT2LOW(var) ((typeof(var))((void*)(var) - SYMBOL(zonelow_base)))
      |                                   ^~~
./src/biosvar.h:120:54: note: expanded from macro 'SET_LOW'
  120 | #define SET_LOW(var, val)       SET_FARVAR(SEG_LOW, (var), (val))
      |                                                      ^~~
note: (skipping 2 expansions in backtrace; use -fmacro-backtrace-limit=0 to see all)
./src/farptr.h:145:52: note: expanded from macro 'SET_VAR'
  145 | #define SET_VAR(seg, var, val) __SET_VAR("", seg, (var), (val))
      |                                                    ^~~
./src/farptr.h:71:37: note: expanded from macro '__SET_VAR'
   71 |             WRITE8_SEG(prefix, seg, var, (val));        \
      |                                     ^~~
./src/farptr.h:34:53: note: expanded from macro 'WRITE8_SEG'
   34 |     __asm__(prefix "movb %b1, %%" #SEG ":%0" : "=m"(var)        \
      |                                                     ^~~
In file included from out/ccode16.o.tmp.c:40:
./src/hw/megasas.c:192:21: warning: taking address of packed member 'union megasas_cmd_frame::(anonymous at ./src/hw/megasas.c:75:5)' of class or structure 'megasas_cmd_frame' may result in an unaligned pointer value [-Waddress-of-packed-member]
  192 |         SET_LOWFLAT(frame->pthru.sgl_len, op->count * blocksize);
      |                     ^~~~~~~~~~~~~~~~~~~~
./src/biosvar.h:128:54: note: expanded from macro 'SET_LOWFLAT'
  128 | #define SET_LOWFLAT(var, val) SET_LOW(*LOWFLAT2LOW(&(var)), (val))
      |                                                      ^~~
./src/biosvar.h:121:35: note: expanded from macro 'LOWFLAT2LOW'
  121 | #define LOWFLAT2LOW(var) ((typeof(var))((void*)(var) - SYMBOL(zonelow_base)))
      |                                   ^~~
./src/biosvar.h:120:54: note: expanded from macro 'SET_LOW'
  120 | #define SET_LOW(var, val)       SET_FARVAR(SEG_LOW, (var), (val))
      |                                                      ^~~
note: (skipping 1 expansions in backtrace; use -fmacro-backtrace-limit=0 to see all)
./src/farptr.h:115:22: note: expanded from macro '__SET_FARVAR'
  115 |         SET_VAR(ES, (var), __sfv_val);          \
      |                      ^~~
./src/farptr.h:145:52: note: expanded from macro 'SET_VAR'
  145 | #define SET_VAR(seg, var, val) __SET_VAR("", seg, (var), (val))
      |                                                    ^~~
./src/farptr.h:72:25: note: expanded from macro '__SET_VAR'
   72 |         else if (sizeof(var) == 2)                      \
      |                         ^~~
In file included from out/ccode16.o.tmp.c:40:
./src/hw/megasas.c:192:21: warning: taking address of packed member 'union megasas_cmd_frame::(anonymous at ./src/hw/megasas.c:75:5)' of class or structure 'megasas_cmd_frame' may result in an unaligned pointer value [-Waddress-of-packed-member]
  192 |         SET_LOWFLAT(frame->pthru.sgl_len, op->count * blocksize);
      |                     ^~~~~~~~~~~~~~~~~~~~
./src/biosvar.h:128:54: note: expanded from macro 'SET_LOWFLAT'
  128 | #define SET_LOWFLAT(var, val) SET_LOW(*LOWFLAT2LOW(&(var)), (val))
      |                                                      ^~~
./src/biosvar.h:121:35: note: expanded from macro 'LOWFLAT2LOW'
  121 | #define LOWFLAT2LOW(var) ((typeof(var))((void*)(var) - SYMBOL(zonelow_base)))
      |                                   ^~~
./src/biosvar.h:120:54: note: expanded from macro 'SET_LOW'
  120 | #define SET_LOW(var, val)       SET_FARVAR(SEG_LOW, (var), (val))
      |                                                      ^~~
note: (skipping 2 expansions in backtrace; use -fmacro-backtrace-limit=0 to see all)
./src/farptr.h:145:52: note: expanded from macro 'SET_VAR'
  145 | #define SET_VAR(seg, var, val) __SET_VAR("", seg, (var), (val))
      |                                                    ^~~
./src/farptr.h:73:38: note: expanded from macro '__SET_VAR'
   73 |             WRITE16_SEG(prefix, seg, var, (val));       \
      |                                      ^~~
./src/farptr.h:37:53: note: expanded from macro 'WRITE16_SEG'
   37 |     __asm__(prefix "movw %w1, %%" #SEG ":%0" : "=m"(var)        \
      |                                                     ^~~
In file included from out/ccode16.o.tmp.c:40:
./src/hw/megasas.c:192:21: warning: taking address of packed member 'union megasas_cmd_frame::(anonymous at ./src/hw/megasas.c:75:5)' of class or structure 'megasas_cmd_frame' may result in an unaligned pointer value [-Waddress-of-packed-member]
  192 |         SET_LOWFLAT(frame->pthru.sgl_len, op->count * blocksize);
      |                     ^~~~~~~~~~~~~~~~~~~~
./src/biosvar.h:128:54: note: expanded from macro 'SET_LOWFLAT'
  128 | #define SET_LOWFLAT(var, val) SET_LOW(*LOWFLAT2LOW(&(var)), (val))
      |                                                      ^~~
./src/biosvar.h:121:35: note: expanded from macro 'LOWFLAT2LOW'
  121 | #define LOWFLAT2LOW(var) ((typeof(var))((void*)(var) - SYMBOL(zonelow_base)))
      |                                   ^~~
./src/biosvar.h:120:54: note: expanded from macro 'SET_LOW'
  120 | #define SET_LOW(var, val)       SET_FARVAR(SEG_LOW, (var), (val))
      |                                                      ^~~
note: (skipping 1 expansions in backtrace; use -fmacro-backtrace-limit=0 to see all)
./src/farptr.h:115:22: note: expanded from macro '__SET_FARVAR'
  115 |         SET_VAR(ES, (var), __sfv_val);          \
      |                      ^~~
./src/farptr.h:145:52: note: expanded from macro 'SET_VAR'
  145 | #define SET_VAR(seg, var, val) __SET_VAR("", seg, (var), (val))
      |                                                    ^~~
./src/farptr.h:74:25: note: expanded from macro '__SET_VAR'
   74 |         else if (sizeof(var) == 4)                      \
      |                         ^~~
In file included from out/ccode16.o.tmp.c:40:
./src/hw/megasas.c:192:21: warning: taking address of packed member 'union megasas_cmd_frame::(anonymous at ./src/hw/megasas.c:75:5)' of class or structure 'megasas_cmd_frame' may result in an unaligned pointer value [-Waddress-of-packed-member]
  192 |         SET_LOWFLAT(frame->pthru.sgl_len, op->count * blocksize);
      |                     ^~~~~~~~~~~~~~~~~~~~
./src/biosvar.h:128:54: note: expanded from macro 'SET_LOWFLAT'
  128 | #define SET_LOWFLAT(var, val) SET_LOW(*LOWFLAT2LOW(&(var)), (val))
      |                                                      ^~~
./src/biosvar.h:121:35: note: expanded from macro 'LOWFLAT2LOW'
  121 | #define LOWFLAT2LOW(var) ((typeof(var))((void*)(var) - SYMBOL(zonelow_base)))
      |                                   ^~~
./src/biosvar.h:120:54: note: expanded from macro 'SET_LOW'
  120 | #define SET_LOW(var, val)       SET_FARVAR(SEG_LOW, (var), (val))
      |                                                      ^~~
note: (skipping 2 expansions in backtrace; use -fmacro-backtrace-limit=0 to see all)
./src/farptr.h:145:52: note: expanded from macro 'SET_VAR'
  145 | #define SET_VAR(seg, var, val) __SET_VAR("", seg, (var), (val))
      |                                                    ^~~
./src/farptr.h:75:38: note: expanded from macro '__SET_VAR'
   75 |             WRITE32_SEG(prefix, seg, var, (val));       \
      |                                      ^~~
./src/farptr.h:40:52: note: expanded from macro 'WRITE32_SEG'
   40 |     __asm__(prefix "movl %1, %%" #SEG ":%0" : "=m"(var)         \
      |                                                    ^~~
In file included from out/ccode16.o.tmp.c:40:
./src/hw/megasas.c:192:21: warning: taking address of packed member 'union megasas_cmd_frame::(anonymous at ./src/hw/megasas.c:75:5)' of class or structure 'megasas_cmd_frame' may result in an unaligned pointer value [-Waddress-of-packed-member]
  192 |         SET_LOWFLAT(frame->pthru.sgl_len, op->count * blocksize);
      |                     ^~~~~~~~~~~~~~~~~~~~
./src/biosvar.h:128:54: note: expanded from macro 'SET_LOWFLAT'
  128 | #define SET_LOWFLAT(var, val) SET_LOW(*LOWFLAT2LOW(&(var)), (val))
      |                                                      ^~~
./src/biosvar.h:121:35: note: expanded from macro 'LOWFLAT2LOW'
  121 | #define LOWFLAT2LOW(var) ((typeof(var))((void*)(var) - SYMBOL(zonelow_base)))
      |                                   ^~~
./src/biosvar.h:120:54: note: expanded from macro 'SET_LOW'
  120 | #define SET_LOW(var, val)       SET_FARVAR(SEG_LOW, (var), (val))
      |                                                      ^~~
note: (skipping 1 expansions in backtrace; use -fmacro-backtrace-limit=0 to see all)
./src/farptr.h:115:22: note: expanded from macro '__SET_FARVAR'
  115 |         SET_VAR(ES, (var), __sfv_val);          \
      |                      ^~~
./src/farptr.h:145:52: note: expanded from macro 'SET_VAR'
  145 | #define SET_VAR(seg, var, val) __SET_VAR("", seg, (var), (val))
      |                                                    ^~~
./src/farptr.h:76:25: note: expanded from macro '__SET_VAR'
   76 |         else if (sizeof(var) == 8)                      \
      |                         ^~~
In file included from out/ccode16.o.tmp.c:40:
./src/hw/megasas.c:192:21: warning: taking address of packed member 'union megasas_cmd_frame::(anonymous at ./src/hw/megasas.c:75:5)' of class or structure 'megasas_cmd_frame' may result in an unaligned pointer value [-Waddress-of-packed-member]
  192 |         SET_LOWFLAT(frame->pthru.sgl_len, op->count * blocksize);
      |                     ^~~~~~~~~~~~~~~~~~~~
./src/biosvar.h:128:54: note: expanded from macro 'SET_LOWFLAT'
  128 | #define SET_LOWFLAT(var, val) SET_LOW(*LOWFLAT2LOW(&(var)), (val))
      |                                                      ^~~
./src/biosvar.h:121:35: note: expanded from macro 'LOWFLAT2LOW'
  121 | #define LOWFLAT2LOW(var) ((typeof(var))((void*)(var) - SYMBOL(zonelow_base)))
      |                                   ^~~
./src/biosvar.h:120:54: note: expanded from macro 'SET_LOW'
  120 | #define SET_LOW(var, val)       SET_FARVAR(SEG_LOW, (var), (val))
      |                                                      ^~~
note: (skipping 2 expansions in backtrace; use -fmacro-backtrace-limit=0 to see all)
./src/farptr.h:145:52: note: expanded from macro 'SET_VAR'
  145 | #define SET_VAR(seg, var, val) __SET_VAR("", seg, (var), (val))
      |                                                    ^~~
./src/farptr.h:77:38: note: expanded from macro '__SET_VAR'
   77 |             WRITE64_SEG(prefix, seg, var, (val));       \
      |                                      ^~~
./src/farptr.h:44:59: note: expanded from macro 'WRITE64_SEG'
   44 |         union u64_u32_u *__w64_ptr = (union u64_u32_u *)&(var); \
      |                                                           ^~~
In file included from out/ccode16.o.tmp.c:40:
./src/hw/megasas.c:192:21: warning: taking address of packed member 'union megasas_cmd_frame::(anonymous at ./src/hw/megasas.c:75:5)' of class or structure 'megasas_cmd_frame' may result in an unaligned pointer value [-Waddress-of-packed-member]
  192 |         SET_LOWFLAT(frame->pthru.sgl_len, op->count * blocksize);
      |                     ^~~~~~~~~~~~~~~~~~~~
./src/biosvar.h:128:54: note: expanded from macro 'SET_LOWFLAT'
  128 | #define SET_LOWFLAT(var, val) SET_LOW(*LOWFLAT2LOW(&(var)), (val))
      |                                                      ^~~
./src/biosvar.h:121:35: note: expanded from macro 'LOWFLAT2LOW'
  121 | #define LOWFLAT2LOW(var) ((typeof(var))((void*)(var) - SYMBOL(zonelow_base)))
      |                                   ^~~
./src/biosvar.h:120:54: note: expanded from macro 'SET_LOW'
  120 | #define SET_LOW(var, val)       SET_FARVAR(SEG_LOW, (var), (val))
      |                                                      ^~~
note: (skipping 2 expansions in backtrace; use -fmacro-backtrace-limit=0 to see all)
./src/farptr.h:145:52: note: expanded from macro 'SET_VAR'
  145 | #define SET_VAR(seg, var, val) __SET_VAR("", seg, (var), (val))
      |                                                    ^~~
./src/farptr.h:77:38: note: expanded from macro '__SET_VAR'
   77 |             WRITE64_SEG(prefix, seg, var, (val));       \
      |                                      ^~~
./src/farptr.h:45:16: note: expanded from macro 'WRITE64_SEG'
   45 |         typeof(var) __value_tmp = (value);                      \
      |                ^~~
In file included from out/ccode16.o.tmp.c:40:
./src/hw/megasas.c:195:17: warning: taking address of packed member 'context' of class or structure 'megasas_cmd_frame' may result in an unaligned pointer value [-Waddress-of-packed-member]
  195 |     SET_LOWFLAT(frame->context, (u32)frame);
      |                 ^~~~~~~~~~~~~~
./src/biosvar.h:128:54: note: expanded from macro 'SET_LOWFLAT'
  128 | #define SET_LOWFLAT(var, val) SET_LOW(*LOWFLAT2LOW(&(var)), (val))
      |                                                      ^~~
./src/biosvar.h:121:35: note: expanded from macro 'LOWFLAT2LOW'
  121 | #define LOWFLAT2LOW(var) ((typeof(var))((void*)(var) - SYMBOL(zonelow_base)))
      |                                   ^~~
./src/biosvar.h:120:54: note: expanded from macro 'SET_LOW'
  120 | #define SET_LOW(var, val)       SET_FARVAR(SEG_LOW, (var), (val))
      |                                                      ^~~
./src/farptr.h:143:56: note: expanded from macro 'SET_FARVAR'
  143 | #define SET_FARVAR(seg, var, val) __SET_FARVAR((seg), (var), (val))
      |                                                        ^~~
./src/farptr.h:113:16: note: expanded from macro '__SET_FARVAR'
  113 |         typeof(var) __sfv_val = (val);          \
      |                ^~~
In file included from out/ccode16.o.tmp.c:40:
./src/hw/megasas.c:195:17: warning: taking address of packed member 'context' of class or structure 'megasas_cmd_frame' may result in an unaligned pointer value [-Waddress-of-packed-member]
  195 |     SET_LOWFLAT(frame->context, (u32)frame);
      |                 ^~~~~~~~~~~~~~
./src/biosvar.h:128:54: note: expanded from macro 'SET_LOWFLAT'
  128 | #define SET_LOWFLAT(var, val) SET_LOW(*LOWFLAT2LOW(&(var)), (val))
      |                                                      ^~~
./src/biosvar.h:121:35: note: expanded from macro 'LOWFLAT2LOW'
  121 | #define LOWFLAT2LOW(var) ((typeof(var))((void*)(var) - SYMBOL(zonelow_base)))
      |                                   ^~~
./src/biosvar.h:120:54: note: expanded from macro 'SET_LOW'
  120 | #define SET_LOW(var, val)       SET_FARVAR(SEG_LOW, (var), (val))
      |                                                      ^~~
note: (skipping 1 expansions in backtrace; use -fmacro-backtrace-limit=0 to see all)
./src/farptr.h:115:22: note: expanded from macro '__SET_FARVAR'
  115 |         SET_VAR(ES, (var), __sfv_val);          \
      |                      ^~~
./src/farptr.h:145:52: note: expanded from macro 'SET_VAR'
  145 | #define SET_VAR(seg, var, val) __SET_VAR("", seg, (var), (val))
      |                                                    ^~~
./src/farptr.h:70:20: note: expanded from macro '__SET_VAR'
   70 |         if (sizeof(var) == 1)                           \
      |                    ^~~
In file included from out/ccode16.o.tmp.c:40:
./src/hw/megasas.c:195:17: warning: taking address of packed member 'context' of class or structure 'megasas_cmd_frame' may result in an unaligned pointer value [-Waddress-of-packed-member]
  195 |     SET_LOWFLAT(frame->context, (u32)frame);
      |                 ^~~~~~~~~~~~~~
./src/biosvar.h:128:54: note: expanded from macro 'SET_LOWFLAT'
  128 | #define SET_LOWFLAT(var, val) SET_LOW(*LOWFLAT2LOW(&(var)), (val))
      |                                                      ^~~
./src/biosvar.h:121:35: note: expanded from macro 'LOWFLAT2LOW'
  121 | #define LOWFLAT2LOW(var) ((typeof(var))((void*)(var) - SYMBOL(zonelow_base)))
      |                                   ^~~
./src/biosvar.h:120:54: note: expanded from macro 'SET_LOW'
  120 | #define SET_LOW(var, val)       SET_FARVAR(SEG_LOW, (var), (val))
      |                                                      ^~~
note: (skipping 2 expansions in backtrace; use -fmacro-backtrace-limit=0 to see all)
./src/farptr.h:145:52: note: expanded from macro 'SET_VAR'
  145 | #define SET_VAR(seg, var, val) __SET_VAR("", seg, (var), (val))
      |                                                    ^~~
./src/farptr.h:71:37: note: expanded from macro '__SET_VAR'
   71 |             WRITE8_SEG(prefix, seg, var, (val));        \
      |                                     ^~~
./src/farptr.h:34:53: note: expanded from macro 'WRITE8_SEG'
   34 |     __asm__(prefix "movb %b1, %%" #SEG ":%0" : "=m"(var)        \
      |                                                     ^~~
In file included from out/ccode16.o.tmp.c:40:
./src/hw/megasas.c:195:17: warning: taking address of packed member 'context' of class or structure 'megasas_cmd_frame' may result in an unaligned pointer value [-Waddress-of-packed-member]
  195 |     SET_LOWFLAT(frame->context, (u32)frame);
      |                 ^~~~~~~~~~~~~~
./src/biosvar.h:128:54: note: expanded from macro 'SET_LOWFLAT'
  128 | #define SET_LOWFLAT(var, val) SET_LOW(*LOWFLAT2LOW(&(var)), (val))
      |                                                      ^~~
./src/biosvar.h:121:35: note: expanded from macro 'LOWFLAT2LOW'
  121 | #define LOWFLAT2LOW(var) ((typeof(var))((void*)(var) - SYMBOL(zonelow_base)))
      |                                   ^~~
./src/biosvar.h:120:54: note: expanded from macro 'SET_LOW'
  120 | #define SET_LOW(var, val)       SET_FARVAR(SEG_LOW, (var), (val))
      |                                                      ^~~
note: (skipping 1 expansions in backtrace; use -fmacro-backtrace-limit=0 to see all)
./src/farptr.h:115:22: note: expanded from macro '__SET_FARVAR'
  115 |         SET_VAR(ES, (var), __sfv_val);          \
      |                      ^~~
./src/farptr.h:145:52: note: expanded from macro 'SET_VAR'
  145 | #define SET_VAR(seg, var, val) __SET_VAR("", seg, (var), (val))
      |                                                    ^~~
./src/farptr.h:72:25: note: expanded from macro '__SET_VAR'
   72 |         else if (sizeof(var) == 2)                      \
      |                         ^~~
In file included from out/ccode16.o.tmp.c:40:
./src/hw/megasas.c:195:17: warning: taking address of packed member 'context' of class or structure 'megasas_cmd_frame' may result in an unaligned pointer value [-Waddress-of-packed-member]
  195 |     SET_LOWFLAT(frame->context, (u32)frame);
      |                 ^~~~~~~~~~~~~~
./src/biosvar.h:128:54: note: expanded from macro 'SET_LOWFLAT'
  128 | #define SET_LOWFLAT(var, val) SET_LOW(*LOWFLAT2LOW(&(var)), (val))
      |                                                      ^~~
./src/biosvar.h:121:35: note: expanded from macro 'LOWFLAT2LOW'
  121 | #define LOWFLAT2LOW(var) ((typeof(var))((void*)(var) - SYMBOL(zonelow_base)))
      |                                   ^~~
./src/biosvar.h:120:54: note: expanded from macro 'SET_LOW'
  120 | #define SET_LOW(var, val)       SET_FARVAR(SEG_LOW, (var), (val))
      |                                                      ^~~
note: (skipping 2 expansions in backtrace; use -fmacro-backtrace-limit=0 to see all)
./src/farptr.h:145:52: note: expanded from macro 'SET_VAR'
  145 | #define SET_VAR(seg, var, val) __SET_VAR("", seg, (var), (val))
      |                                                    ^~~
./src/farptr.h:73:38: note: expanded from macro '__SET_VAR'
   73 |             WRITE16_SEG(prefix, seg, var, (val));       \
      |                                      ^~~
./src/farptr.h:37:53: note: expanded from macro 'WRITE16_SEG'
   37 |     __asm__(prefix "movw %w1, %%" #SEG ":%0" : "=m"(var)        \
      |                                                     ^~~
In file included from out/ccode16.o.tmp.c:40:
./src/hw/megasas.c:195:17: warning: taking address of packed member 'context' of class or structure 'megasas_cmd_frame' may result in an unaligned pointer value [-Waddress-of-packed-member]
  195 |     SET_LOWFLAT(frame->context, (u32)frame);
      |                 ^~~~~~~~~~~~~~
./src/biosvar.h:128:54: note: expanded from macro 'SET_LOWFLAT'
  128 | #define SET_LOWFLAT(var, val) SET_LOW(*LOWFLAT2LOW(&(var)), (val))
      |                                                      ^~~
./src/biosvar.h:121:35: note: expanded from macro 'LOWFLAT2LOW'
  121 | #define LOWFLAT2LOW(var) ((typeof(var))((void*)(var) - SYMBOL(zonelow_base)))
      |                                   ^~~
./src/biosvar.h:120:54: note: expanded from macro 'SET_LOW'
  120 | #define SET_LOW(var, val)       SET_FARVAR(SEG_LOW, (var), (val))
      |                                                      ^~~
note: (skipping 1 expansions in backtrace; use -fmacro-backtrace-limit=0 to see all)
./src/farptr.h:115:22: note: expanded from macro '__SET_FARVAR'
  115 |         SET_VAR(ES, (var), __sfv_val);          \
      |                      ^~~
./src/farptr.h:145:52: note: expanded from macro 'SET_VAR'
  145 | #define SET_VAR(seg, var, val) __SET_VAR("", seg, (var), (val))
      |                                                    ^~~
./src/farptr.h:74:25: note: expanded from macro '__SET_VAR'
   74 |         else if (sizeof(var) == 4)                      \
      |                         ^~~
In file included from out/ccode16.o.tmp.c:40:
./src/hw/megasas.c:195:17: warning: taking address of packed member 'context' of class or structure 'megasas_cmd_frame' may result in an unaligned pointer value [-Waddress-of-packed-member]
  195 |     SET_LOWFLAT(frame->context, (u32)frame);
      |                 ^~~~~~~~~~~~~~
./src/biosvar.h:128:54: note: expanded from macro 'SET_LOWFLAT'
  128 | #define SET_LOWFLAT(var, val) SET_LOW(*LOWFLAT2LOW(&(var)), (val))
      |                                                      ^~~
./src/biosvar.h:121:35: note: expanded from macro 'LOWFLAT2LOW'
  121 | #define LOWFLAT2LOW(var) ((typeof(var))((void*)(var) - SYMBOL(zonelow_base)))
      |                                   ^~~
./src/biosvar.h:120:54: note: expanded from macro 'SET_LOW'
  120 | #define SET_LOW(var, val)       SET_FARVAR(SEG_LOW, (var), (val))
      |                                                      ^~~
note: (skipping 2 expansions in backtrace; use -fmacro-backtrace-limit=0 to see all)
./src/farptr.h:145:52: note: expanded from macro 'SET_VAR'
  145 | #define SET_VAR(seg, var, val) __SET_VAR("", seg, (var), (val))
      |                                                    ^~~
./src/farptr.h:75:38: note: expanded from macro '__SET_VAR'
   75 |             WRITE32_SEG(prefix, seg, var, (val));       \
      |                                      ^~~
./src/farptr.h:40:52: note: expanded from macro 'WRITE32_SEG'
   40 |     __asm__(prefix "movl %1, %%" #SEG ":%0" : "=m"(var)         \
      |                                                    ^~~
In file included from out/ccode16.o.tmp.c:40:
./src/hw/megasas.c:195:17: warning: taking address of packed member 'context' of class or structure 'megasas_cmd_frame' may result in an unaligned pointer value [-Waddress-of-packed-member]
  195 |     SET_LOWFLAT(frame->context, (u32)frame);
      |                 ^~~~~~~~~~~~~~
./src/biosvar.h:128:54: note: expanded from macro 'SET_LOWFLAT'
  128 | #define SET_LOWFLAT(var, val) SET_LOW(*LOWFLAT2LOW(&(var)), (val))
      |                                                      ^~~
./src/biosvar.h:121:35: note: expanded from macro 'LOWFLAT2LOW'
  121 | #define LOWFLAT2LOW(var) ((typeof(var))((void*)(var) - SYMBOL(zonelow_base)))
      |                                   ^~~
./src/biosvar.h:120:54: note: expanded from macro 'SET_LOW'
  120 | #define SET_LOW(var, val)       SET_FARVAR(SEG_LOW, (var), (val))
      |                                                      ^~~
note: (skipping 1 expansions in backtrace; use -fmacro-backtrace-limit=0 to see all)
./src/farptr.h:115:22: note: expanded from macro '__SET_FARVAR'
  115 |         SET_VAR(ES, (var), __sfv_val);          \
      |                      ^~~
./src/farptr.h:145:52: note: expanded from macro 'SET_VAR'
  145 | #define SET_VAR(seg, var, val) __SET_VAR("", seg, (var), (val))
      |                                                    ^~~
./src/farptr.h:76:25: note: expanded from macro '__SET_VAR'
   76 |         else if (sizeof(var) == 8)                      \
      |                         ^~~
In file included from out/ccode16.o.tmp.c:40:
./src/hw/megasas.c:195:17: warning: taking address of packed member 'context' of class or structure 'megasas_cmd_frame' may result in an unaligned pointer value [-Waddress-of-packed-member]
  195 |     SET_LOWFLAT(frame->context, (u32)frame);
      |                 ^~~~~~~~~~~~~~
./src/biosvar.h:128:54: note: expanded from macro 'SET_LOWFLAT'
  128 | #define SET_LOWFLAT(var, val) SET_LOW(*LOWFLAT2LOW(&(var)), (val))
      |                                                      ^~~
./src/biosvar.h:121:35: note: expanded from macro 'LOWFLAT2LOW'
  121 | #define LOWFLAT2LOW(var) ((typeof(var))((void*)(var) - SYMBOL(zonelow_base)))
      |                                   ^~~
./src/biosvar.h:120:54: note: expanded from macro 'SET_LOW'
  120 | #define SET_LOW(var, val)       SET_FARVAR(SEG_LOW, (var), (val))
      |                                                      ^~~
note: (skipping 2 expansions in backtrace; use -fmacro-backtrace-limit=0 to see all)
./src/farptr.h:145:52: note: expanded from macro 'SET_VAR'
  145 | #define SET_VAR(seg, var, val) __SET_VAR("", seg, (var), (val))
      |                                                    ^~~
./src/farptr.h:77:38: note: expanded from macro '__SET_VAR'
   77 |             WRITE64_SEG(prefix, seg, var, (val));       \
      |                                      ^~~
./src/farptr.h:44:59: note: expanded from macro 'WRITE64_SEG'
   44 |         union u64_u32_u *__w64_ptr = (union u64_u32_u *)&(var); \
      |                                                           ^~~
In file included from out/ccode16.o.tmp.c:40:
./src/hw/megasas.c:195:17: warning: taking address of packed member 'context' of class or structure 'megasas_cmd_frame' may result in an unaligned pointer value [-Waddress-of-packed-member]
  195 |     SET_LOWFLAT(frame->context, (u32)frame);
      |                 ^~~~~~~~~~~~~~
./src/biosvar.h:128:54: note: expanded from macro 'SET_LOWFLAT'
  128 | #define SET_LOWFLAT(var, val) SET_LOW(*LOWFLAT2LOW(&(var)), (val))
      |                                                      ^~~
./src/biosvar.h:121:35: note: expanded from macro 'LOWFLAT2LOW'
  121 | #define LOWFLAT2LOW(var) ((typeof(var))((void*)(var) - SYMBOL(zonelow_base)))
      |                                   ^~~
./src/biosvar.h:120:54: note: expanded from macro 'SET_LOW'
  120 | #define SET_LOW(var, val)       SET_FARVAR(SEG_LOW, (var), (val))
      |                                                      ^~~
note: (skipping 2 expansions in backtrace; use -fmacro-backtrace-limit=0 to see all)
./src/farptr.h:145:52: note: expanded from macro 'SET_VAR'
  145 | #define SET_VAR(seg, var, val) __SET_VAR("", seg, (var), (val))
      |                                                    ^~~
./src/farptr.h:77:38: note: expanded from macro '__SET_VAR'
   77 |             WRITE64_SEG(prefix, seg, var, (val));       \
      |                                      ^~~
./src/farptr.h:45:16: note: expanded from macro 'WRITE64_SEG'
   45 |         typeof(var) __value_tmp = (value);                      \
      |                ^~~
In file included from out/ccode16.o.tmp.c:41:
./src/hw/mpt-scsi.c:48:43: warning: unknown attribute 'externally_visible' ignored [-Wunknown-attributes]
   48 | u8 reply_msg[4] __attribute((aligned(4))) VARLOW;
      |                                           ^~~~~~
./src/types.h:68:55: note: expanded from macro 'VARLOW'
   68 | # define VARLOW __section(".discard.varlow." UNIQSEC) __VISIBLE __weak
      |                                                       ^~~~~~~~~
./src/types.h:40:35: note: expanded from macro '__VISIBLE'
   40 | # define __VISIBLE __attribute__((externally_visible))
      |                                   ^~~~~~~~~~~~~~~~~~
261 warnings and 14 errors generated.
make: *** [Makefile:151: out/ccode16.o] Error 1
make: *** Waiting for unfinished jobs....
In file included from out/ccode32flat.o.tmp.c:69:
./src/fw/pciinit.c:518:13: warning: unused function 'pci_bios_init_platform' [-Wunused-function]
  518 | static void pci_bios_init_platform(void)
      |             ^~~~~~~~~~~~~~~~~~~~~~
149 warnings generated.
