mkdir -p -- ./gettext
mkdir -p -- ./gmp
mkdir -p -- ./lto-plugin
mkdir -p -- ./libiberty
mkdir -p -- build-x86_64-w64-mingw32/libiberty
mkdir -p -- build-x86_64-w64-mingw32/fixincludes
Configuring in ./gmp
Configuring in ./lto-plugin
Configuring in build-x86_64-w64-mingw32/fixincludes
Configuring in ./gettext
Configuring in build-x86_64-w64-mingw32/libiberty
Configuring in ./libiberty
configure: creating cache ./config.cache
configure: creating cache ./config.cache
checking whether to enable maintainer-specific portions of Makefiles... no
checking for makeinfo... /c/Users/Syf/Desktop/BS4/tools/gcc-15.2.0/missing makeinfo
configure: WARNING:
*** Makeinfo is missing. Info documentation will not be built.
checking for perl... perl
checking build system type... checking build system type... configure: loading site script /etc/config.site
configure: loading site script /etc/config.site
x86_64-w64-mingw32
x86_64-w64-mingw32
checking host system type... checking host system type... configure: creating cache ./config.cache
checking whether to enable maintainer-specific portions of Makefiles... no
checking for makeinfo... /c/Users/Syf/Desktop/BS4/tools/gcc-15.2.0/missing makeinfo
configure: WARNING:
*** Makeinfo is missing. Info documentation will not be built.
checking for perl... perl
configure: creating cache ./config.cache
configure: loading site script /etc/config.site
x86_64-w64-mingw32
checking for x86_64-w64-mingw32-ar... ar 
checking for x86_64-w64-mingw32-ranlib... ranlib 
checking for -plugin option... configure: creating cache ./config.cache
x86_64-w64-mingw32
checking target system type... checking build system type... checking build system type... i686-pc-elf
checking for x86_64-w64-mingw32-gcc... /mingw64/bin/gcc
x86_64-w64-mingw32
x86_64-w64-mingw32
checking host system type... checking host system type... x86_64-w64-mingw32
checking for x86_64-w64-mingw32-ar... ar 
checking for x86_64-w64-mingw32-ranlib... ranlib 
checking for -plugin option... checking for x86_64-w64-mingw32-ar... (cached) ar 
x86_64-w64-mingw32
checking target system type... configure: loading site script /etc/config.site
no
checking whether to install libiberty headers and static library... no
configure: target_header_dir = 
checking for x86_64-w64-mingw32-gcc... /mingw64/bin/gcc
checking build system type... i686-pc-elf
checking for a BSD-compatible install... configure: creating cache ./config.cache
checking for a BSD-compatible install... checking for x86_64-w64-mingw32-ar... (cached) ar 
/usr/bin/install -c
checking whether build environment is sane... /usr/bin/install -c
checking whether build environment is sane... no
checking whether to install libiberty headers and static library... no
configure: target_header_dir = 
checking for x86_64-w64-mingw32-gcc... /mingw64/bin/gcc
yes
yes
x86_64-w64-mingw32
checking host system type... checking whether the C compiler works... checking for a thread-safe mkdir -p... checking for a race-free mkdir -p... /usr/bin/mkdir -p
checking for gawk... gawk
checking whether make sets $(MAKE)... /usr/bin/mkdir -p
checking for gawk... gawk
checking whether make sets $(MAKE)... yes
checking for C compiler default output file name... a.exe
none-w64-mingw32
checking for a BSD-compatible install... checking for suffix of executables... yes
yes
checking whether make supports nested variables... checking whether the C compiler works... checking whether make supports nested variables... /usr/bin/install -c
checking whether build environment is sane... yes
yes
yes
.exe
checking whether we are cross compiling... checking for x86_64-w64-mingw32-gcc... /mingw64/bin/gcc
checking whether the C compiler works... checking whether to enable maintainer-specific portions of Makefiles... no
yes
checking for C compiler default output file name... a.exe
checking for style of include used by make... checking for none-w64-mingw32-strip... no
checking for strip... strip
configure: WARNING: using cross tools not prefixed with host triplet
checking for a thread-safe mkdir -p... checking for suffix of executables... /usr/bin/mkdir -p
checking for gawk... gawk
checking whether make sets $(MAKE)... GNU
checking for x86_64-w64-mingw32-gcc... /mingw64/bin/gcc
no
checking for suffix of object files... yes
.exe
yes
checking for C compiler default output file name... a.exe
checking for suffix of executables... checking whether make supports nested variables... checking whether we are cross compiling... yes
o
checking whether we are using the GNU C compiler... .exe
no
checking whether to enable maintainer-specific portions of Makefiles... no
checking whether the C compiler works... yes
checking whether /mingw64/bin/gcc accepts -g... checking for suffix of object files... checking whether we are cross compiling... checking whether the C compiler works... configure: WARNING: the "none" host is obsolete, use --disable-assembly
checking ABI=standard
yes
checking for /mingw64/bin/gcc option to accept ISO C89... o
checking whether we are using the GNU C compiler... checking compiler /mingw64/bin/gcc -g -O2   ... no
yes
checking for C compiler default output file name... a.exe
checking for suffix of object files... yes
checking for C compiler default output file name... a.exe
checking for suffix of executables... checking for suffix of executables... yes
checking whether /mingw64/bin/gcc accepts -g... none needed
checking how to run the C preprocessor... o
checking whether we are using the GNU C compiler... yes
checking for /mingw64/bin/gcc option to accept ISO C89... .exe
.exe
checking whether we are cross compiling... checking whether we are cross compiling... yes
checking whether /mingw64/bin/gcc accepts -g... /mingw64/bin/gcc -E
none needed
checking how to run the C preprocessor... yes
checking for /mingw64/bin/gcc option to accept ISO C89... no
no
checking for suffix of object files... checking for suffix of object files... checking for grep that handles long lines and -e... /mingw64/bin/gcc -E
o
o
checking whether we are using the GNU C compiler... checking whether the compiler supports GNU C... /usr/bin/grep
checking for egrep... none needed
checking how to run the C preprocessor... /usr/bin/grep -E
checking for ANSI C header files... yes
checking whether /mingw64/bin/gcc accepts -g... yes
checking whether /mingw64/bin/gcc accepts -g... yes
checking for /mingw64/bin/gcc option to accept ISO C89... yes
checking for /mingw64/bin/gcc option to enable C11 features... checking for grep that handles long lines and -e... /mingw64/bin/gcc -E
/usr/bin/grep
checking for egrep... /usr/bin/grep -E
checking for ANSI C header files... none needed
checking whether /mingw64/bin/gcc understands -c and -o together... none needed
checking whether /mingw64/bin/gcc understands -c and -o together... checking for grep that handles long lines and -e... /usr/bin/grep
checking for egrep... /usr/bin/grep -E
checking for ANSI C header files... yes
checking for sys/types.h... yes
checking dependency style of /mingw64/bin/gcc... yes
checking whether the compiler is clang... yes
no
checking for compiler option needed when checking for declarations... none
checking whether make supports the include directive... yes
checking for sys/stat.h... checking for sys/types.h... yes (GNU style)
checking dependency style of /mingw64/bin/gcc... yes
gcc3
checking how to run the C preprocessor... yes
checking for stdlib.h... yes
checking for sys/stat.h... checking for sys/types.h... no, long long reliability test 1
checking for none-w64-mingw32-gcc... /mingw64/bin/gcc
yes
/mingw64/bin/gcc -E
yes
yes
gcc3
checking whether to use Java... no
checking how to run the C preprocessor... checking for string.h... checking for stdlib.h... checking for sys/stat.h... yes
yes
checking for grep that handles long lines and -e... /usr/bin/grep
checking for egrep... /mingw64/bin/gcc -E
yes
/usr/bin/grep -E
checking for ANSI C header files... checking whether the C compiler works... checking for memory.h... checking for string.h... checking for stdlib.h... yes
yes
yes
checking for C compiler default output file name... a.exe
checking for suffix of executables... yes
checking for grep that handles long lines and -e... checking for strings.h... /usr/bin/grep
checking for egrep... /usr/bin/grep -E
checking for preferred C# implementation... no
checking for C# compiler... no
checking for memory.h... checking for string.h... checking build system type... yes
.exe
x86_64-w64-mingw32
checking host system type... checking whether we are cross compiling... yes
yes
checking for suffix of object files... yes
x86_64-w64-mingw32
checking for Minix Amsterdam compiler... checking for inttypes.h... checking for strings.h... yes
no
checking for x86_64-w64-mingw32-ar... ar 
checking for stdio.h... checking for memory.h... checking for sys/types.h... o
checking whether we are using the GNU C compiler... yes
yes
yes
checking for stdlib.h... yes
yes
checking whether /mingw64/bin/gcc accepts -g... yes
checking for stdint.h... checking for inttypes.h... yes
checking for string.h... checking for strings.h... checking for sys/stat.h... yes
checking for /mingw64/bin/gcc option to accept ISO C89... yes
yes
yes
yes
yes
checking for inttypes.h... checking for unistd.h... checking for stdint.h... checking for inttypes.h... none needed
checking whether /mingw64/bin/gcc understands -c and -o together... checking for stdlib.h... yes
checking for stdint.h... yes
yes
yes
yes
checking minix/config.h usability... yes
checking for strings.h... yes
checking for /mingw64/bin/gcc option to accept ISO C99... checking for unistd.h... checking for string.h... checking for stdint.h... yes
checking for sys/stat.h... no
checking minix/config.h presence... yes
none needed
checking how to run the C preprocessor... yes
yes
checking minix/config.h usability... yes
checking for sys/types.h... no
checking for minix/config.h... no
checking whether it is safe to define __EXTENSIONS__... checking for unistd.h... checking for memory.h... yes
checking for unistd.h... no
checking minix/config.h presence... /mingw64/bin/gcc -E
yes
checking for a sed that does not truncate output... yes
yes
/usr/bin/sed
checking minix/config.h usability... checking whether /mingw64/bin/gcc supports -W... yes
checking for wchar.h... checking for strings.h... no
checking for minix/config.h... no
checking whether it is safe to define __EXTENSIONS__... yes
checking build system compiler /mingw64/bin/gcc... yes
checking for minix/config.h... yes
checking whether /mingw64/bin/gcc supports -Wall... no
checking minix/config.h presence... yes
checking for special C compiler options needed for large files... no
checking for _FILE_OFFSET_BITS value needed for large files... checking for inttypes.h... yes
checking whether /mingw64/bin/gcc supports -Wwrite-strings... no
checking for minix/config.h... no
checking whether it is safe to define __EXTENSIONS__... no
checking for sys/param.h... yes
checking for build system preprocessor... yes
/mingw64/bin/gcc -E
checking for build system executable suffix... yes
64
yes
checking for special C compiler options needed for large files... no
checking for _FILE_OFFSET_BITS value needed for large files... yes
checking for sys/socket.h... checking whether /mingw64/bin/gcc supports -Wstrict-prototypes... checking for stdint.h... checking whether /mingw64/bin/gcc supports -W... yes
yes
yes
checking whether /mingw64/bin/gcc supports -Wmissing-prototypes... .exe
checking whether build system compiler is ANSI... no
checking for error.h... checking whether /mingw64/bin/gcc supports -Wall... checking for unistd.h... 64
yes
yes
yes
checking for getopt.h... yes
checking for build system compiler math library... checking whether /mingw64/bin/gcc supports -Wold-style-definition... checking whether /mingw64/bin/gcc supports -W... checking whether /mingw64/bin/gcc supports -Wwrite-strings... yes
yes
yes
checking for sys/cdefs.h... checking minix/config.h usability... yes
yes
checking whether /mingw64/bin/gcc supports -Wmissing-format-attribute... -lm
checking for grep that handles long lines and -e... checking whether /mingw64/bin/gcc supports -Wall... checking whether /mingw64/bin/gcc supports -Wc++-compat... /usr/bin/grep
checking for egrep... /usr/bin/grep -E
using ABI=""
      CC="/mingw64/bin/gcc"
      CFLAGS="-g -O2  "
      CPPFLAGS=""
      MPN_PATH="generic"
checking whether assembler supports --noexecstack option... yes
checking for threads.h... yes
yes
yes
no
checking minix/config.h presence... checking whether /mingw64/bin/gcc supports -Wwrite-strings... no
checking for none-w64-mingw32-ar... ar 
checking for BSD- or MS-compatible name lister (nm)... nm
checking the name lister (nm) interface... checking whether /mingw64/bin/gcc supports -Woverlength-strings... checking whether /mingw64/bin/gcc supports -Wstrict-prototypes... yes
yes
yes
no
checking for iconv.h... checking whether /mingw64/bin/gcc supports -pedantic -Wlong-long... no
checking for minix/config.h... no
checking whether it is safe to define __EXTENSIONS__... checking whether /mingw64/bin/gcc supports -Wshadow=local... checking whether /mingw64/bin/gcc supports -Wc++-compat... yes
yes
checking for limits.h... checking for ANSI C header files... (cached) yes
yes
checking for x86_64-w64-mingw32-gcc... (cached) /mingw64/bin/gcc
yes
yes
checking whether /mingw64/bin/gcc supports -pedantic ... checking stddef.h usability... BSD nm
checking for none-w64-mingw32-as... as
checking for none-w64-mingw32-dlltool... dlltool
checking for none-w64-mingw32-objdump... objdump
checking how to print strings... checking whether /mingw64/bin/gcc supports -Wstrict-prototypes... printf
checking for a sed that does not truncate output... yes
checking for crtdefs.h... /usr/bin/sed
yes
checking whether /mingw64/bin/gcc and cc understand -c and -o together... checking for fgrep... yes
checking stddef.h presence... /usr/bin/grep -F
checking for ld used by /mingw64/bin/gcc... yes
checking whether /mingw64/bin/gcc supports -Wshadow=local... yes
checking for wctype.h... yes
checking for stddef.h... yes
checking whether we are using the GNU C compiler... (cached) yes
checking whether /mingw64/bin/gcc accepts -g... (cached) yes
checking for /mingw64/bin/gcc option to accept ISO C89... (cached) none needed
checking whether /mingw64/bin/gcc understands -c and -o together... (cached) yes
checking dependency style of /mingw64/bin/gcc... (cached) gcc3
checking for special C compiler options needed for large files... no
checking for _FILE_OFFSET_BITS value needed for large files... yes
checking whether /mingw64/bin/gcc supports -pedantic ... checking for stdlib.h... (cached) yes
yes
checking for langinfo.h... checking for strings.h... (cached) yes
yes
checking whether /mingw64/bin/gcc and cc understand -c and -o together... no
checking for xlocale.h... yes
checking for unistd.h... (cached) yes
checking for an ANSI C-conforming const... C:/Users/Syf/Desktop/BS4/tools/msys64/msys64/mingw64/bin/../lib/gcc/x86_64-w64-mingw32/16.2.0/../../../../x86_64-w64-mingw32/bin/ld.exe
checking if the linker (C:/Users/Syf/Desktop/BS4/tools/msys64/msys64/mingw64/bin/../lib/gcc/x86_64-w64-mingw32/16.2.0/../../../../x86_64-w64-mingw32/bin/ld.exe) is GNU ld... yes
checking whether ln -s works... no, using cp -pR
checking the maximum length of command line arguments... 8192
64
checking how to convert x86_64-w64-mingw32 file names to none-w64-mingw32 format... checking fcntl.h usability... func_convert_file_msys_to_w32
checking how to convert x86_64-w64-mingw32 file names to toolchain format... func_convert_file_msys_to_w32
checking for C:/Users/Syf/Desktop/BS4/tools/msys64/msys64/mingw64/bin/../lib/gcc/x86_64-w64-mingw32/16.2.0/../../../../x86_64-w64-mingw32/bin/ld.exe option to reload object files... -r
checking for none-w64-mingw32-objdump... (cached) objdump
checking how to recognize dependent libraries... checking whether /mingw64/bin/gcc supports -Wall... file_magic ^x86 archive import|^x86 DLL
yes
checking for inline... checking for none-w64-mingw32-dlltool... (cached) dlltool
checking how to associate runtime and link libraries... no
checking for sys/mman.h... yes
checking fcntl.h presence... inline
checking whether byte ordering is bigendian... yes
checking for -static-libgcc... func_cygming_dll_for_implib
checking for none-w64-mingw32-ar... (cached) ar 
checking for archiver @FILE support... yes
checking for fcntl.h... yes
yes
checking for an ANSI C-conforming const... no
checking for sys/time.h... checking sys/file.h usability... yes
checking for CET support... no
checking whether symbol versioning is supported... yes
checking for inline... @
checking for none-w64-mingw32-strip... strip
checking for none-w64-mingw32-ranlib... ranlib 
checking command to parse nm output from /mingw64/bin/gcc object... yes
checking sys/file.h presence... yes
checking for stdbool.h... inline
checking whether byte ordering is bigendian... yes
checking for sys/file.h... yes
gnu
checking how to print strings... yes
checking for stdckdint.h... no
checking for a BSD-compatible install... printf
checking for a sed that does not truncate output... checking for sys/stat.h... (cached) yes
/usr/bin/sed
checking for fgrep... /usr/bin/grep -F
checking for ld used by /mingw64/bin/gcc... /usr/bin/install -c
checking for CET support... no
checking target system type... yes
checking for features.h... checking for clearerr_unlocked... i686-pc-elf
checking for sys/file.h... no
checking whether it is safe to define __EXTENSIONS__... ok
yes
checking for sysroot... no
checking for a working dd... no
no
checking for a BSD-compatible install... checking for feof_unlocked... checking for sys/param.h... C:/Users/Syf/Desktop/BS4/tools/msys64/msys64/mingw64/bin/../lib/gcc/x86_64-w64-mingw32/16.2.0/../../../../x86_64-w64-mingw32/bin/ld.exe
checking if the linker (C:/Users/Syf/Desktop/BS4/tools/msys64/msys64/mingw64/bin/../lib/gcc/x86_64-w64-mingw32/16.2.0/../../../../x86_64-w64-mingw32/bin/ld.exe) is GNU ld... yes
checking whether _XOPEN_SOURCE should be defined... /usr/bin/dd
checking how to truncate binary pipes... yes
checking for BSD- or MS-compatible name lister (nm)... /usr/bin/install -c
checking for CET support... no
checking target system type... yes
/usr/bin/dd bs=4096 count=1
checking for none-w64-mingw32-mt... i686-pc-elf
no
checking for mt... no
checking if : is a manifest tool... no
checking whether to use C++... yes
checking whether the C++ compiler (/mingw64/bin/g++ -g -O2   -static-libstdc++ -static-libgcc -Wl,--stack,12582912) works... checking for limits.h... no
checking for ANSI C header files... checking for sys/file.h... yes
no
checking for ferror_unlocked... yes
yes
checking whether the C++ compiler supports namespaces... checking for stdlib.h... (cached) yes
checking for sys/param.h... checking for malloc.h... yes
yes
checking for sys/types.h... yes
no
checking for limits.h... checking for fflush_unlocked... checking for string.h... (cached) yes
yes
yes
/mingw64/bin/nm -B
checking the name lister (/mingw64/bin/nm -B) interface... checking for unistd.h... checking for sys/stat.h... (cached) yes
checking for stdlib.h... (cached) yes
checking for strings.h... (cached) yes
yes
no
checking for malloc.h... checking for fgetc_unlocked... checking for sys/time.h... BSD nm
checking whether ln -s works... no, using cp -pR
checking the maximum length of command line arguments... 8192
checking whether the shell understands some XSI constructs... yes
checking whether the shell understands "+="... yes
checking for stdlib.h... yes
checking for C:/Users/Syf/Desktop/BS4/tools/msys64/msys64/mingw64/bin/../lib/gcc/x86_64-w64-mingw32/16.2.0/../../../../x86_64-w64-mingw32/bin/ld.exe option to reload object files... -r
checking for x86_64-w64-mingw32-objdump... objdump
checking how to recognize dependent libraries... yes
file_magic ^x86 archive import|^x86 DLL
checking for string.h... (cached) yes
yes
checking for time.h... checking for x86_64-w64-mingw32-ar... ar 
checking for x86_64-w64-mingw32-strip... no
checking for strip... strip
checking for x86_64-w64-mingw32-ranlib... ranlib 
checking command to parse /mingw64/bin/nm -B output from /mingw64/bin/gcc object... checking for unistd.h... (cached) yes
no
checking for string.h... yes
checking for fgets_unlocked... yes
checking dependency style of /mingw64/bin/g++... checking for strings.h... (cached) yes
checking for sys/resource.h... yes
checking for sys/time.h... checking for memory.h... no
yes
no
checking for sys/stat.h... (cached) yes
checking for fileno_unlocked... yes
checking for time.h... gcc3
checking whether the compiler supports GNU C++... checking for sys/mman.h... yes
checking for strings.h... ok
checking for dlfcn.h... yes
checking whether /mingw64/bin/g++ accepts -g... no
checking for sys/resource.h... no
yes
checking for fcntl.h... yes
checking for /mingw64/bin/gcc option to enable large file support... checking for fprintf_unlocked... yes
checking for inttypes.h... no
checking for objdir... no
.libs
checking for sys/stat.h... (cached) yes
checking for alloca.h... yes
checking for sys/mman.h... no
checking for stdint.h... -D_FILE_OFFSET_BITS=64
checking whether C compiler handles -Werror -Wunknown-warning-option... no
checking for fputc_unlocked... checking for sys/pstat.h... no
yes
checking if /mingw64/bin/gcc supports -fno-rtti -fno-exceptions... checking for fcntl.h... no
checking for auto-import of symbols... no
checking for unistd.h... yes
checking for sys/sysmp.h... no
checking for alloca.h... checking for fputs_unlocked... yes
no
checking for /mingw64/bin/gcc option to produce PIC... -DDLL_EXPORT -DPIC
checking if /mingw64/bin/gcc PIC flag -DDLL_EXPORT -DPIC works... no
checking for dlfcn.h... checking for sys/sysinfo.h... no
no
checking how to print strings... checking for sys/pstat.h... printf
checking for a sed that does not truncate output... /usr/bin/sed
no
yes
checking if /mingw64/bin/gcc static flag -static works... checking for fgrep... no
checking for objdir... no
/usr/bin/grep -F
checking for ld used by /mingw64/bin/gcc... checking for machine/hal_sysinfo.h... .libs
checking for fread_unlocked... no
yes
checking if /mingw64/bin/gcc supports -c -o file.o... checking for sys/sysmp.h... no
checking for sys/table.h... no
no
checking for sys/sysinfo.h... checking if /mingw64/bin/gcc supports -fno-rtti -fno-exceptions... checking for fwrite_unlocked... no
C:/Users/Syf/Desktop/BS4/tools/msys64/msys64/mingw64/bin/../lib/gcc/x86_64-w64-mingw32/16.2.0/../../../../x86_64-w64-mingw32/bin/ld.exe
checking if the linker (C:/Users/Syf/Desktop/BS4/tools/msys64/msys64/mingw64/bin/../lib/gcc/x86_64-w64-mingw32/16.2.0/../../../../x86_64-w64-mingw32/bin/ld.exe) is GNU ld... checking for sys/sysctl.h... yes
checking for BSD- or MS-compatible name lister (nm)... nm
checking the name lister (nm) interface... yes
checking if /mingw64/bin/gcc supports -c -o file.o... (cached) yes
checking whether the /mingw64/bin/gcc linker (C:/Users/Syf/Desktop/BS4/tools/msys64/msys64/mingw64/bin/../lib/gcc/x86_64-w64-mingw32/16.2.0/../../../../x86_64-w64-mingw32/bin/ld.exe) supports shared libraries... no
checking for machine/hal_sysinfo.h... yes
checking whether -lc should be explicitly linked in... no
checking for sys/systemcfg.h... no
checking for /mingw64/bin/gcc option to produce PIC... -DDLL_EXPORT -DPIC
checking if /mingw64/bin/gcc PIC flag -DDLL_EXPORT -DPIC works... no
BSD nm
checking whether ln -s works... no, using cp -pR
checking the maximum length of command line arguments... 8192
checking for getchar_unlocked... no
checking how to convert x86_64-w64-mingw32 file names to x86_64-w64-mingw32 format... func_convert_file_msys_to_w32
checking how to convert x86_64-w64-mingw32 file names to toolchain format... func_convert_file_msys_to_w32
checking for C:/Users/Syf/Desktop/BS4/tools/msys64/msys64/mingw64/bin/../lib/gcc/x86_64-w64-mingw32/16.2.0/../../../../x86_64-w64-mingw32/bin/ld.exe option to reload object files... -r
checking for x86_64-w64-mingw32-file... no
checking for file... file
checking for x86_64-w64-mingw32-objdump... objdump
checking how to recognize dependent libraries... checking for sys/table.h... file_magic ^x86 archive import|^x86 DLL
yes
checking dynamic linker characteristics... no
checking for x86_64-w64-mingw32-dlltool... dlltool
checking how to associate runtime and link libraries... checking for stdint.h... (cached) yes
yes
checking if /mingw64/bin/gcc static flag -static works... func_cygming_dll_for_implib
checking for x86_64-w64-mingw32-ar... (cached) ar 
checking for archiver @FILE support... no
checking for stdio_ext.h... checking for sys/sysctl.h... no
yes
checking if /mingw64/bin/gcc supports -c -o file.o... Win32 ld.exe
checking how to hardcode library paths into programs... immediate
checking whether stripping libraries is possible... checking for getc_unlocked... @
checking for x86_64-w64-mingw32-strip... no
checking for strip... strip
checking for x86_64-w64-mingw32-ranlib... ranlib 
checking command to parse nm output from /mingw64/bin/gcc object... no
yes
checking if libtool supports shared libraries... yes
checking whether to build shared libraries... yes
checking whether to build static libraries... yes
checking for int64_t... no
checking for process.h... checking for sys/systemcfg.h... yes
no
yes
checking if /mingw64/bin/gcc supports -c -o file.o... (cached) yes
checking whether the /mingw64/bin/gcc linker (C:/Users/Syf/Desktop/BS4/tools/msys64/msys64/mingw64/bin/../lib/gcc/x86_64-w64-mingw32/16.2.0/../../../../x86_64-w64-mingw32/bin/ld.exe) supports shared libraries... checking for putchar_unlocked... checking for sys/prctl.h... no
checking for stdint.h... (cached) yes
yes
checking dynamic linker characteristics... yes
checking for uint64_t... no
checking for stdio_ext.h... checking for spawn.h... yes
checking for sys/wait.h that is POSIX.1 compatible... no
ok
checking for putc_unlocked... Win32 ld.exe
checking how to hardcode library paths into programs... immediate
checking whether stripping libraries is possible... checking for sysroot... no
checking for a working dd... no
yes
checking if libtool supports shared libraries... yes
checking whether to build shared libraries... no
checking whether to build static libraries... yes
no
checking for process.h... checking how to run the C++ preprocessor... checking for libgen.h... no
/usr/bin/dd
checking how to truncate binary pipes... yes
yes
/usr/bin/dd bs=4096 count=1
checking for x86_64-w64-mingw32-mt... no
checking for mt... no
checking if : is a manifest tool... checking for sys/wait.h that is POSIX.1 compatible... checking for sys/prctl.h... no
configure: updating cache ./config.cache
no
checking for dlfcn.h... /mingw64/bin/g++ -E
checking that generated files are newer than configure... done
configure: creating ./config.status
checking whether abort is declared... no
checking whether time.h and sys/time.h may both be included... no
yes
checking for spawn.h... no
checking for x86_64-w64-mingw32-as... as
checking for x86_64-w64-mingw32-dlltool... (cached) dlltool
checking for x86_64-w64-mingw32-objdump... (cached) objdump
checking for objdir... yes
checking whether errno must be declared... .libs
checking whether asprintf is declared... no
checking size of int... no
checking for libgen.h... yes
yes
checking if /mingw64/bin/gcc supports -fno-rtti -fno-exceptions... checking whether basename is declared... checking for sys/wait.h that is POSIX.1 compatible... checking whether the /mingw64/bin/g++ linker (C:/Users/Syf/Desktop/BS4/tools/msys64/msys64/mingw64/bin/../lib/gcc/x86_64-w64-mingw32/16.2.0/../../../../x86_64-w64-mingw32/bin/ld.exe) supports shared libraries... 4
yes
checking size of long... no
checking whether time.h and sys/time.h may both be included... no
checking for /mingw64/bin/g++ option to produce PIC... -DDLL_EXPORT -DPIC
checking if /mingw64/bin/g++ PIC flag -DDLL_EXPORT -DPIC works... no
checking for /mingw64/bin/gcc option to produce PIC... -DDLL_EXPORT -DPIC
checking if /mingw64/bin/gcc PIC flag -DDLL_EXPORT -DPIC works... checking whether errno is declared... yes
checking whether errno must be declared... 4
checking size of size_t... yes
checking if /mingw64/bin/g++ static flag  works... yes
no
checking size of int... yes
checking if /mingw64/bin/gcc static flag -static works... checking whether vasprintf is declared... yes
checking if /mingw64/bin/g++ supports -c -o file.o... yes
checking if /mingw64/bin/gcc supports -c -o file.o... yes
8
checking for long long... 4
checking whether memmem is declared... checking size of long... yes
checking if /mingw64/bin/g++ supports -c -o file.o... (cached) yes
checking whether the /mingw64/bin/g++ linker (C:/Users/Syf/Desktop/BS4/tools/msys64/msys64/mingw64/bin/../lib/gcc/x86_64-w64-mingw32/16.2.0/../../../../x86_64-w64-mingw32/bin/ld.exe) supports shared libraries... yes
checking dynamic linker characteristics... Win32 ld.exe
checking how to hardcode library paths into programs... immediate
checking for ANSI C header files... (cached) yes
checking whether time.h and sys/time.h may both be included... no
yes
checking if /mingw64/bin/gcc supports -c -o file.o... (cached) yes
checking whether the /mingw64/bin/gcc linker (C:/Users/Syf/Desktop/BS4/tools/msys64/msys64/mingw64/bin/../lib/gcc/x86_64-w64-mingw32/16.2.0/../../../../x86_64-w64-mingw32/bin/ld.exe) supports shared libraries... yes
checking size of long long... 4
checking whether clearerr_unlocked is declared... checking size of size_t... yes
yes
checking dynamic linker characteristics... checking fcntl.h usability... no
yes
checking fcntl.h presence... 8
checking for a 64-bit type... Win32 ld.exe
checking how to hardcode library paths into programs... immediate
checking whether stripping libraries is possible... checking whether feof_unlocked is declared... 8
yes
checking for fcntl.h... yes
checking for long long... yes
checking if libtool supports shared libraries... yes
checking whether to build shared libraries... no
checking whether to build static libraries... yes
checking how to run the C++ preprocessor... uint64_t
checking for intptr_t... checking float.h usability... no
yes
checking float.h presence... checking whether ferror_unlocked is declared... yes
/mingw64/bin/g++ -E
checking for float.h... yes
yes
checking size of long long... yes
checking for uintptr_t... checking invent.h usability... no
checking whether fflush_unlocked is declared... 8
checking for a 64-bit type... no
checking invent.h presence... no
yes
checking for ssize_t... uint64_t
checking for intptr_t... no
checking for invent.h... no
checking whether fgetc_unlocked is declared... checking langinfo.h usability... checking for ld used by /mingw64/bin/g++... no
no
checking langinfo.h presence... yes
checking for pid_t... checking whether fgets_unlocked is declared... yes
checking for uintptr_t... no
checking for langinfo.h... no
checking locale.h usability... no
C:/Users/Syf/Desktop/BS4/tools/msys64/msys64/mingw64/bin/../lib/gcc/x86_64-w64-mingw32/16.2.0/../../../../x86_64-w64-mingw32/bin/ld.exe
checking if the linker (C:/Users/Syf/Desktop/BS4/tools/msys64/msys64/mingw64/bin/../lib/gcc/x86_64-w64-mingw32/16.2.0/../../../../x86_64-w64-mingw32/bin/ld.exe) is GNU ld... checking whether fileno_unlocked is declared... yes
yes
yes
checking locale.h presence... checking for library containing strerror... checking whether the /mingw64/bin/g++ linker (C:/Users/Syf/Desktop/BS4/tools/msys64/msys64/mingw64/bin/../lib/gcc/x86_64-w64-mingw32/16.2.0/../../../../x86_64-w64-mingw32/bin/ld.exe) supports shared libraries... yes
checking for ssize_t... yes
yes
checking for locale.h... yes
no
checking nl_types.h usability... none required
checking whether fprintf_unlocked is declared... checking for asprintf... yes
checking for pid_t... no
checking nl_types.h presence... no
yes
checking whether fputc_unlocked is declared... checking for atexit... no
checking for nl_types.h... no
checking sys/attributes.h usability... no
yes
checking for library containing strerror... yes
checking whether fputs_unlocked is declared... no
checking sys/attributes.h presence... checking for basename... none required
no
no
checking for sys/attributes.h... no
checking for asprintf... checking sys/iograph.h usability... checking whether fread_unlocked is declared... yes
checking for bcmp... yes
no
checking sys/iograph.h presence... no
checking for /mingw64/bin/g++ option to produce PIC... -DDLL_EXPORT -DPIC
checking if /mingw64/bin/g++ PIC flag -DDLL_EXPORT -DPIC works... checking for atexit... checking whether fwrite_unlocked is declared... no
checking for sys/iograph.h... no
checking sys/mman.h usability... no
yes
checking if /mingw64/bin/g++ static flag -static works... yes
checking for bcopy... no
checking whether getchar_unlocked is declared... checking for basename... yes
checking if /mingw64/bin/g++ supports -c -o file.o... no
checking sys/mman.h presence... no
no
checking for sys/mman.h... no
no
yes
checking for bsearch... checking sys/param.h usability... checking whether getc_unlocked is declared... checking for bcmp... yes
checking sys/param.h presence... yes
checking if /mingw64/bin/g++ supports -c -o file.o... (cached) yes
checking whether the /mingw64/bin/g++ linker (C:/Users/Syf/Desktop/BS4/tools/msys64/msys64/mingw64/bin/../lib/gcc/x86_64-w64-mingw32/16.2.0/../../../../x86_64-w64-mingw32/bin/ld.exe) supports shared libraries... yes
checking dynamic linker characteristics... Win32 ld.exe
checking how to hardcode library paths into programs... immediate
checking for x86_64-w64-mingw32-windres... no
checking for windres... windres
yes
yes
checking for sys/param.h... yes
no
checking for bzero... checking sys/processor.h usability... checking whether putchar_unlocked is declared... no
checking for bcopy... no
checking sys/processor.h presence... no
no
checking for x86_64-w64-mingw32-windres... windres
checking whether NLS is requested... no
checking for calloc... checking whether putc_unlocked is declared... checking for msgfmt... /usr/bin/msgfmt
checking for gmsgfmt... /usr/bin/msgfmt
no
checking for sys/processor.h... no
no
checking sys/pstat.h usability... checking for bsearch... checking for xgettext... no
checking for an ANSI C-conforming const... /usr/bin/xgettext
yes
yes
checking sys/mman.h usability... no
checking sys/pstat.h presence... yes
checking for msgmerge... /usr/bin/msgmerge
checking for clock... checking for ld... C:/Users/Syf/Desktop/BS4/tools/msys64/msys64/mingw64/bin/../lib/gcc/x86_64-w64-mingw32/16.2.0/../../../../x86_64-w64-mingw32/bin/ld.exe
checking if the linker (C:/Users/Syf/Desktop/BS4/tools/msys64/msys64/mingw64/bin/../lib/gcc/x86_64-w64-mingw32/16.2.0/../../../../x86_64-w64-mingw32/bin/ld.exe) is GNU ld... yes
checking for shared library run path origin... checking for bzero... no
checking for sys/pstat.h... no
no
checking sys/mman.h presence... checking sys/sysinfo.h usability... yes
checking for ffs... no
checking for sys/mman.h... no
checking for mmap... no
no
checking sys/sysinfo.h presence... checking for calloc... done
checking 32-bit host C ABI... no
checking for sys/sysinfo.h... no
no
no
checking whether to enable maintainer-specific portions of Makefiles... no
checking sys/syssgi.h usability... checking for getcwd... no
checking for ELF binary format... yes
no
checking for the common suffixes of directories in the library search path... configure: updating cache ./config.cache
lib,lib,lib
checking for clock... no
checking sys/syssgi.h presence... yes
configure: creating ./config.status
config.status: creating Makefile
checking for CFPreferencesCopyAppValue... checking for getpagesize... no
checking for sys/syssgi.h... no
yes
checking sys/systemcfg.h usability... config.status: creating config.h
checking for ffs... yes
no
checking for CFLocaleCopyPreferredLanguages... no
checking sys/systemcfg.h presence... checking for gettimeofday... config.status: executing depfiles commands
no
checking whether to use NLS... no
no
checking for sys/systemcfg.h... no
no
yes
checking for size_t... checking sys/time.h usability... checking for getcwd... config.status: executing libtool commands
checking for index... yes
checking sys/time.h presence... yes
yes
checking for sys/time.h... yes
checking for getpagesize... checking sys/times.h usability... yes
checking for working alloca.h... no
checking for insque... yes
no
checking sys/times.h presence... no
checking for alloca... mkdir -p -- build-x86_64-w64-mingw32/libcpp
Configuring in build-x86_64-w64-mingw32/libcpp
checking for gettimeofday... config.status: creating Makefile
no
checking for sys/times.h... no
checking for sys/resource.h... no
checking for memchr... yes
checking whether the preprocessor supports include_next... config.status: creating mkheaders.almost
yes
no
checking for sys/sysctl.h... checking for index... yes
checking whether source code line length is unlimited... config.status: creating config.h
yes
no
checking for machine/hal_sysinfo.h... yes
checking whether malloc is ptrdiff_t safe... checking for memrchr... yes
checking whether malloc, realloc, calloc set errno on failure... no
checking whether lstat correctly handles trailing slash... no
no
checking for insque... checking whether fgetc is declared... no
no
checking for canonicalize_file_name... checking for memcmp... mkdir -p -- ./zlib
yes
Configuring in ./zlib
checking whether fscanf is declared... no
checking for memchr... yes
yes
no
checking for realpath... checking whether optarg is declared... checking for memcpy... yes
yes
checking for memrchr... checking whether ungetc is declared... yes
no
checking for lstat... checking for memmem... yes
checking whether vfprintf is declared... no
checking for memcmp... yes
no
no
checking for _set_invalid_parameter_handler... checking for memmove... checking whether sys_errlist is declared... yes
yes
checking for fcntl... no
checking for memcpy... yes
checking whether sys_nerr is declared... checking for mempcpy... configure: creating cache ./config.cache
yes
checking build system type... no
checking return type of signal handlers... x86_64-w64-mingw32
checking host system type... no
checking for symlink... checking for memmem... x86_64-w64-mingw32
checking target system type... yes
i686-pc-elf
checking whether make sets $(MAKE)... void
checking for intmax_t... checking for memset... yes
checking for a BSD-compatible install... no
/usr/bin/install -c
checking for x86_64-w64-mingw32-gcc... /mingw64/bin/gcc
checking for memmove... no
checking for getdtablesize... yes
yes
checking for long double... checking for mkstemps... yes
checking whether the C compiler works... configure: loading site script /etc/config.site
configure: creating cache ./config.cache
checking for mempcpy... checking build system type... no
checking for getexecname... no
x86_64-w64-mingw32
checking host system type... checking for putenv... yes
checking for C compiler default output file name... a.exe
yes
checking for suffix of executables... checking for long long... x86_64-w64-mingw32
checking target system type... i686-pc-elf
checking for a BSD-compatible install... yes
.exe
yes
checking whether we are cross compiling... /usr/bin/install -c
checking whether build environment is sane... checking for memset... yes
checking for random... no
checking for iswcntrl... yes
no
checking for ptrdiff_t... checking for suffix of object files... checking for a thread-safe mkdir -p... /usr/bin/mkdir -p
checking for gawk... gawk
checking whether make sets $(MAKE)... yes
o
checking whether we are using the GNU C compiler... yes
no
checking for rename... checking whether make supports nested variables... yes
checking for mbsinit... checking for mkstemps... yes
checking whether /mingw64/bin/gcc accepts -g... yes
yes
checking for quad_t... checking whether to enable maintainer-specific portions of Makefiles... no
checking for x86_64-w64-mingw32-gcc... /mingw64/bin/gcc
yes
checking for /mingw64/bin/gcc option to accept ISO C89... yes
yes
checking for mbrtowc... checking for rindex... no
no
checking for uint_least32_t... checking for putenv... none needed
yes
checking for mbslen... yes
no
checking for setenv... checking whether the C compiler works... checking for random... yes
checking whether we are using the GNU C++ compiler... checking for intptr_t... yes
checking whether /mingw64/bin/g++ accepts -g... no
checking for mprotect... yes
checking for C compiler default output file name... a.exe
checking for suffix of executables... no
yes
checking for x86_64-w64-mingw32-ranlib... ranlib 
checking for x86_64-w64-mingw32-ar... ar 
checking how to run the C preprocessor... checking for snprintf... no
checking for rename... yes
checking for readlink... yes
.exe
checking for working volatile... checking whether we are cross compiling... yes
checking for C/C++ restrict keyword... /mingw64/bin/gcc -E
yes
yes
checking for sigsetmask... checking for rindex... __restrict
checking whether gcc __attribute__ ((const)) works... checking for grep that handles long lines and -e... /usr/bin/grep
checking for egrep... yes
checking whether gcc __attribute__ ((malloc)) works... no
checking for setenv... /usr/bin/grep -E
checking for ANSI C header files... no
checking for suffix of object files... no
no
yes
checking whether gcc __attribute__ ((mode (XX))) works... checking for stpcpy... checking for setenv... o
checking whether we are using the GNU C compiler... yes
checking whether gcc __attribute__ ((noreturn)) works... yes
checking whether /mingw64/bin/gcc accepts -g... yes
checking whether gcc hidden aliases work... no
checking for wcwidth... no
no
yes
checking for /mingw64/bin/gcc option to accept ISO C89... checking for stpncpy... checking for snprintf... yes
yes
checking for inline... checking for sys/types.h... none needed
checking whether /mingw64/bin/gcc understands -c and -o together... inline
yes
no
yes
checking for strcasecmp... checking for cos in -lm... no
checking for /mingw64/bin/gcc options needed to detect all undeclared functions... checking for sys/stat.h... yes
checking for sigsetmask... checking for style of include used by make... GNU
checking dependency style of /mingw64/bin/gcc... yes
yes
checking for stdlib.h... yes
checking for working alloca.h... no
checking for strchr... checking for stpcpy... yes
none needed
checking whether // is distinct from /... yes
checking whether realpath works... no
checking for alloca (via gmp-impl.h)... gcc3
checking for CET support... no
checking how to print strings... checking for string.h... printf
checking for a sed that does not truncate output... /usr/bin/sed
checking for grep that handles long lines and -e... /usr/bin/grep
checking for egrep... yes
/usr/bin/grep -E
checking for fgrep... yes
/usr/bin/grep -F
checking for ld used by /mingw64/bin/gcc... no
yes
checking how to allocate temporary memory... alloca
checking for stpncpy... checking for strdup... checking for memory.h... checking whether byte ordering is bigendian... yes
yes
checking for strings.h... no
C:/Users/Syf/Desktop/BS4/tools/msys64/msys64/mingw64/bin/../lib/gcc/x86_64-w64-mingw32/16.2.0/../../../../x86_64-w64-mingw32/bin/ld.exe
checking if the linker (C:/Users/Syf/Desktop/BS4/tools/msys64/msys64/mingw64/bin/../lib/gcc/x86_64-w64-mingw32/16.2.0/../../../../x86_64-w64-mingw32/bin/ld.exe) is GNU ld... checking for strcasecmp... yes
checking for BSD- or MS-compatible name lister (nm)... checking for strncasecmp... yes
checking for inttypes.h... no
checking format of `double' floating point... yes
yes
yes
checking for strchr... checking for strndup... checking for stdint.h... no
checking for faccessat... IEEE little endian
yes
checking for alarm... yes
yes
checking for unistd.h... /mingw64/bin/nm -B
checking the name lister (/mingw64/bin/nm -B) interface... checking for strnlen... checking for strdup... yes
yes
checking minix/config.h usability... checking for attr_get... no
checking for C/C++ restrict keyword... BSD nm
checking whether ln -s works... no, using cp -pR
checking the maximum length of command line arguments... 8192
checking whether the shell understands some XSI constructs... yes
checking whether the shell understands "+="... yes
checking for C:/Users/Syf/Desktop/BS4/tools/msys64/msys64/mingw64/bin/../lib/gcc/x86_64-w64-mingw32/16.2.0/../../../../x86_64-w64-mingw32/bin/ld.exe option to reload object files... -r
checking for x86_64-w64-mingw32-objdump... objdump
checking how to recognize dependent libraries... yes
yes
file_magic ^x86 archive import|^x86 DLL
no
checking minix/config.h presence... __restrict__
checking for winsock2.h... checking for strncasecmp... checking for strrchr... no
checking for x86_64-w64-mingw32-ar... ar 
checking for x86_64-w64-mingw32-strip... no
checking for strip... strip
checking for x86_64-w64-mingw32-ranlib... ranlib 
checking command to parse /mingw64/bin/nm -B output from /mingw64/bin/gcc object... no
checking for minix/config.h... no
checking whether it is safe to define __EXTENSIONS__... checking for clock... yes
checking for special C compiler options needed for large files... no
checking for _FILE_OFFSET_BITS value needed for large files... yes
yes
yes
checking for strstr... checking for strndup... checking for cputime... 64
checking for aclocal... aclocal
checking for autoconf... autoconf
checking for autoheader... autoheader
checking whether /mingw64/bin/gcc supports -W... yes
yes
ok
checking how to run the C preprocessor... yes
no
checking for strtod... checking whether /mingw64/bin/gcc supports -Wall... checking for strnlen... checking for getpagesize... yes
checking if environ is properly declared... yes
/mingw64/bin/gcc -E
yes
checking whether /mingw64/bin/gcc supports -Wnarrowing... yes
yes
checking for strtol... checking for getrusage... yes
checking for strrchr... checking whether /mingw64/bin/gcc supports -Wwrite-strings... checking for ANSI C header files... yes
checking for complete errno.h... yes
yes
no
checking for EMULTIHOP value... checking whether /mingw64/bin/gcc supports -Wmissing-format-attribute... no
checking for strtoul... yes
checking for gettimeofday... yes
no
checking for ENOLINK value... checking for strstr... checking whether /mingw64/bin/gcc supports -Wstrict-prototypes... yes
checking for EOVERFLOW value... yes
yes
yes
yes
checking for error... checking whether /mingw64/bin/gcc supports -Wmissing-prototypes... checking for strtoll... checking for getsysinfo... yes
yes
checking whether /mingw64/bin/gcc supports -Wold-style-definition... checking for strtod... yes
yes
checking for sys/types.h... yes
checking for strtoull... no
checking whether /mingw64/bin/gcc supports -Wc++-compat... no
checking for localeconv... yes
yes
checking whether error_at_line is declared... yes
checking whether /mingw64/bin/gcc supports -pedantic -Wlong-long... checking for sys/stat.h... checking for strtol... yes
yes
yes
yes
checking for strverscmp... checking whether /mingw64/bin/gcc supports -fno-exceptions... yes
checking for memset... checking for stdlib.h... yes
no
checking whether strerror_r is declared... checking for strtoul... checking whether /mingw64/bin/gcc supports -fno-rtti... yes
no
checking for tmpnam... yes
yes
checking for string.h... yes
checking for mmap... checking for strtoll... yes
yes
no
checking whether strerror_r returns char *... no
checking whether ctype.h defines __header_inline... checking dependency style of /mingw64/bin/g++... checking for memory.h... checking for vasprintf... yes
yes
no
checking for mprotect... checking for strtoull... yes
no
checking for working fcntl.h... checking for strings.h... checking for vfprintf... yes
gcc3
checking whether time.h and sys/time.h may both be included... yes
yes
no
checking for pid_t... checking for nl_langinfo... checking for inttypes.h... yes
checking whether string.h and strings.h may both be included... checking for strverscmp... yes
yes
yes
checking locale.h usability... checking for vprintf... checking for stdint.h... no
yes
checking locale.h presence... no
checking for obstack_vprintf... checking for tmpnam... yes
yes
checking for locale.h... yes
yes
checking for mode_t... yes
checking for unistd.h... checking fcntl.h usability... checking for vsnprintf... yes
no
yes
yes
checking fcntl.h presence... checking for popen... checking for vasprintf... checking for dlfcn.h... yes
checking for fcntl.h... yes
checking limits.h usability... yes
yes
yes
no
checking for objdir... yes
checking whether stat file-mode macros are broken... checking for vsprintf... yes
checking limits.h presence... .libs
checking for processor_info... checking for vfprintf... yes
checking for limits.h... yes
no
checking for 64-bit off_t... checking stddef.h usability... yes
checking for 64-bit st_size... yes
yes
no
yes
checking stddef.h presence... checking if /mingw64/bin/gcc supports -fno-rtti -fno-exceptions... checking for pstat_getprocessor... checking for waitpid... checking for vprintf... yes
checking for stddef.h... yes
checking for stdlib.h... (cached) yes
no
checking for nlink_t... no
checking for /mingw64/bin/gcc option to produce PIC... -DDLL_EXPORT -DPIC
checking if /mingw64/bin/gcc PIC flag -DDLL_EXPORT -DPIC works... no
checking for strings.h... (cached) yes
no
yes
checking for raise... checking for setproctitle... checking for string.h... (cached) yes
checking for vsnprintf... yes
checking if /mingw64/bin/gcc static flag -static works... checking sys/file.h usability... no
checking for sdkddkver.h... yes
yes
checking if /mingw64/bin/gcc supports -c -o file.o... no
checking whether alloca needs Cray hooks... yes
checking sys/file.h presence... checking for read_real_time... yes
yes
no
checking stack direction for C alloca... checking whether getdtablesize is declared... yes
checking for sys/file.h... yes
checking for vsprintf... checking for unistd.h... (cached) yes
checking whether byte ordering is bigendian... no
yes
checking if /mingw64/bin/gcc supports -c -o file.o... (cached) yes
checking whether the /mingw64/bin/gcc linker (C:/Users/Syf/Desktop/BS4/tools/msys64/msys64/mingw64/bin/../lib/gcc/x86_64-w64-mingw32/16.2.0/../../../../x86_64-w64-mingw32/bin/ld.exe) supports shared libraries... -1
checking for sigaction... checking for vfork.h... yes
checking dynamic linker characteristics... yes
no
checking for getopt.h... (cached) yes
checking for getopt_long_only... no
checking for waitpid... checking for fork... no
yes
checking whether getopt is POSIX compatible... checking for sigaltstack... Win32 ld.exe
checking how to hardcode library paths into programs... immediate
checking whether stripping libraries is possible... yes
checking if libtool supports shared libraries... yes
checking whether to build shared libraries... no
checking whether to build static libraries... yes
checking how to run the C preprocessor... /mingw64/bin/gcc -E
no
checking for an ANSI C-conforming const... no
no
yes
checking for inline... checking for setproctitle... checking for vfork... no
inline
checking for obstacks... checking for sigstack... checking for stdlib.h... (cached) yes
checking for unistd.h... (cached) yes
no
checking for _doprnt... no
checking whether alloca needs Cray hooks... no
checking for off_t... no
checking stack direction for C alloca... checking for sys/param.h... no
checking for syssgi... yes
yes
checking for working GNU getopt function... no
checking for sys_errlist... (cached) yes
checking for getpagesize... checking for sys_nerr... (cached) -1
yes
yes
checking for size_t... checking for vfork.h... checking for sys_siglist... no
yes
checking for working mmap... checking for strchr... no
checking for fork... no
no
checking for external symbol _system_configuration... yes
checking for ssize_t... checking for memcpy... yes
no
no
checking for strerror... checking for __fsetlocking... checking for vfork... yes
yes
checking for uintptr_t... yes
checking for working GNU getopt_long function... checking for strerror... yes
no
no
checking for _doprnt... checking for strnlen... checking for canonicalize_file_name... yes
yes
checking for ptrdiff_t... checking for unistd.h... (cached) yes
yes
checking for pthread.h... yes
no
checking for sys_errlist... (cached) yes
no
checking for sys_nerr... (cached) yes
checking for dup3... checking for strtol... configure: updating cache ./config.cache
yes
checking for sys_siglist... checking that generated files are newer than configure... done
configure: creating ./config.status
yes
checking for uint64_t... yes
checking for pthread_kill in -lpthread... yes
checking whether struct tm is in sys/time.h or time.h... no
checking for strtoul... no
checking for external symbol _system_configuration... checking for getrlimit... time.h
checking size of int... yes
checking whether POSIX threads API is available... yes
yes
no
checking for __fsetlocking... checking for sysconf... no
checking whether setlocale (LC_ALL, NULL) is multithread-safe... yes
checking whether setlocale (category, NULL) is multithread-safe... yes
checking for iconv... checking for getrusage... 4
checking size of long... no
no
checking for canonicalize_file_name... checking for sysctl... no
checking for getsysinfo... no
4
no
checking for dup3... checking for sysctlbyname... checking for clearerr_unlocked... yes
checking for working iconv... no
checking for gettimeofday... (cached) yes
no
no
checking for on_exit... no
checking for times... checking for feof_unlocked... checking for getrlimit... yes
checking how to link with libiconv... -liconv
checking whether iconv is compatible with its POSIX signature... no
yes
checking for inline... no
no
checking for library containing clock_gettime... checking for pipe2... checking for ferror_unlocked... no
inline
checking whether limits.h has WORD_BIT, BOOL_WIDTH etc.... checking for getrusage... none required
checking for vsnprintf... no
no
checking for fflush_unlocked... checking for posix_spawn... no
checking for wint_t... no
yes
checking whether vsnprintf works... probably
configure: WARNING: cannot check for properly working vsnprintf when cross compiling, will assume it's ok
checking whether sscanf needs writable input... no
checking for struct pst_processor.psp_iticksperclktick... checking for getsysinfo... yes
checking whether wint_t is large enough... no
checking for fgetc_unlocked... no
checking for posix_spawnp... no
no
checking for gettimeofday... (cached) yes
no
checking whether the compiler produces multi-arch binaries... no
checking for on_exit... checking for fgets_unlocked... no
checking for psignal... no
checking whether stdint.h conforms to C99... no
checking for fileno_unlocked... no
checking for pipe2... no
checking for pstat_getdynamic... no
checking for fprintf_unlocked... yes
checking whether stdint.h works without ISO C predefines... no
yes
checking whether stdint.h has UINTMAX_WIDTH etc.... checking for posix_spawn... no
checking for fputc_unlocked... no
checking for pstat_getstatic... no
checking whether iswcntrl works... no
checking for posix_spawnp... no
checking for fputs_unlocked... yes
checking for wctype_t... no
checking for realpath... yes
checking for wctrans_t... no
no
checking for fread_unlocked... checking for psignal... yes
checking for nl_langinfo and CODESET... no
no
checking for setrlimit... checking for fwrite_unlocked... no
checking for a traditional french locale... no
checking for pstat_getdynamic... French_France.1252
checking for a traditional japanese locale... no
no
checking for getchar_unlocked... checking for spawnve... none
checking for a french Unicode locale... no
yes
checking for pstat_getstatic... no
checking for getc_unlocked... checking for spawnvpe... none
checking for a transitional chinese locale... yes
no
none
checking for wchar_t... checking for strerror... checking for putchar_unlocked... no
checking for realpath... yes
checking for good max_align_t... yes
yes
checking whether NULL can be used in arbitrary expressions... no
checking for strsignal... checking for putc_unlocked... yes
checking for unreachable... no
checking for setrlimit... no
checking for setlocale... no
checking whether locale.h defines locale_t... no
checking for sysconf... yes
no
checking whether abort is declared... checking for spawnve... no
checking whether locale.h conforms to POSIX:2001... yes
no
yes
checking whether asprintf is declared... checking for sysctl... config.status: creating Makefile
checking for spawnvpe... no
checking whether struct lconv is properly defined... yes
checking whether basename is declared... config.status: executing depfiles commands
yes
checking for strerror... no
no
no
checking for sysmp... checking for LC_MESSAGES... checking whether errno is declared... yes
yes
checking for strsignal... checking whether getopt is declared... no
checking for uselocale... yes
no
checking for table... checking whether vasprintf is declared... yes
no
checking for sysconf... checking whether clearerr_unlocked is declared... no
checking for multithread API to use... none
checking whether malloc (0) returns nonnull... config.status: executing libtool commands
no
no
checking for times... checking whether feof_unlocked is declared... yes
checking for mbstate_t... no
yes
checking whether mbrtowc handles incomplete characters... guessing yes
checking whether mbrtowc works as well as mbtowc... guessing yes
checking for mmap... checking for sysctl... no
checking whether ferror_unlocked is declared... no
checking for wait3... mkdir -p -- ./libbacktrace
Configuring in ./libbacktrace
no
no
checking whether memchr works... no
checking whether fflush_unlocked is declared... checking for sysmp... no
no
yes
checking whether <limits.h> defines MIN and MAX... checking for wait4... checking whether fgetc_unlocked is declared... no
no
checking for table... checking whether fgets_unlocked is declared... no
checking whether <sys/param.h> defines MIN and MAX... no
checking for sbrk... no
checking whether fileno_unlocked is declared... no
checking for O_CLOEXEC... no
checking for times... no
no
checking whether fprintf_unlocked is declared... no
checking for promoted mode_t type... checking whether basename is declared... int
checking for sigset_t... no
no
yes
checking for wait3... checking whether fputc_unlocked is declared... checking whether ffs is declared... no
checking for SIGPIPE... no
no
checking for shared library path variable... checking whether fputs_unlocked is declared... no
no
checking whether asprintf is declared... checking for wait4... PATH
checking whether to activate relocatable installation... no
no
checking whether setenv is declared... yes
checking whether fread_unlocked is declared... checking whether vasprintf is declared... configure: loading site script /etc/config.site
configure: creating cache ./config.cache
no
yes
checking build system type... no
checking whether fwrite_unlocked is declared... checking whether snprintf is declared... no
checking for uid_t in sys/types.h... x86_64-w64-mingw32
checking host system type... checking for sbrk... x86_64-w64-mingw32
checking target system type... no
checking for volatile sig_atomic_t... yes
i686-pc-elf
checking for x86_64-w64-mingw32-gcc... /mingw64/bin/gcc
no
checking whether vsnprintf is declared... checking whether getchar_unlocked is declared... yes
checking whether calloc is declared... no
no
checking whether the C compiler works... yes
checking for sighandler_t... yes
checking whether getc_unlocked is declared... checking whether basename is declared... checking whether getenv is declared... yes
checking for C compiler default output file name... a.exe
yes
checking for suffix of executables... no
yes
checking whether ffs is declared... no
checking whether putchar_unlocked is declared... checking whether getopt is declared... .exe
checking whether C symbols are prefixed with underscore at the linker level... checking whether we are cross compiling... yes
no
no
checking whether fcloseall is declared... checking whether malloc is declared... no
checking for suffix of object files... no
checking whether putc_unlocked is declared... yes
checking whether asprintf is declared... yes
o
checking whether we are using the GNU C compiler... checking whether getw is declared... checking whether realloc is declared... no
checking for working alloca.h... yes
yes
checking whether /mingw64/bin/gcc accepts -g... yes
checking whether vasprintf is declared... yes
checking whether putw is declared... yes
checking for /mingw64/bin/gcc option to accept ISO C89... checking whether sbrk is declared... no
checking for alloca... yes
yes
checking which flavor of printf attribute matches inttypes macros... checking whether snprintf is declared... none needed
checking whether /mingw64/bin/gcc understands -c and -o together... yes
checking for ANSI C header files... (cached) yes
checking for nl_langinfo and CODESET... yes
no
yes
checking how to run the C preprocessor... checking whether vsnprintf is declared... checking whether strtol is declared... no
checking whether NLS is requested... no
gnu
checking for msgfmt... checking whether ecvt is declared... yes
yes
/usr/bin/msgfmt
checking for gmsgfmt... /usr/bin/msgfmt
checking for xgettext... /mingw64/bin/gcc -E
checking whether strtoul is declared... checking whether calloc is declared... /usr/bin/xgettext
yes
checking for msgmerge... checking whether fcvt is declared... /usr/bin/msgmerge
yes
yes
checking whether strtoll is declared... checking for ld used by GCC... checking whether getenv is declared... checking for grep that handles long lines and -e... /usr/bin/grep
checking for egrep... yes
/usr/bin/grep -E
checking for ANSI C header files... checking whether gcvt is declared... yes
yes
checking whether strtoull is declared... checking whether getopt is declared... yes
checking whether MB_CUR_MAX is correct... guessing yes
checking whether strerror(0) succeeds... yes
yes
C:/Users/Syf/Desktop/BS4/tools/msys64/msys64/mingw64/bin/../lib/gcc/x86_64-w64-mingw32/16.2.0/../../../../x86_64-w64-mingw32/bin/ld.exe
checking if the linker (C:/Users/Syf/Desktop/BS4/tools/msys64/msys64/mingw64/bin/../lib/gcc/x86_64-w64-mingw32/16.2.0/../../../../x86_64-w64-mingw32/bin/ld.exe) is GNU ld... yes
checking for shared library run path origin... checking whether strverscmp is declared... checking whether malloc is declared... yes
checking whether strnlen is declared... yes
yes
checking for sys/types.h... checking whether realloc is declared... yes
checking for struct timespec in <time.h>... done
checking for CFPreferencesCopyAppValue... no
yes
yes
yes
checking for TIME_UTC in <time.h>... checking whether strnlen is declared... checking for sys/stat.h... checking whether sbrk is declared... no
checking for CFLocaleCopyPreferredLanguages... yes
checking whether canonicalize_file_name must be declared... yes
checking for stdlib.h... no
no
checking whether to use NLS... no
checking whether NLS is requested... no
checking for uchar... checking whether execvpe is declared... no
yes

checking size of ino_t... checking whether strtol is declared... yes
checking for SHA1 HW acceleration support... yes
checking for string.h... checking whether clearerr_unlocked is declared... yes
yes
checking whether strtoul is declared... 2
checking for memory.h... checking size of dev_t... yes
yes
x86 SHA1
no
checking whether strtoll is declared... checking whether feof_unlocked is declared... checking for stdlib.h... (cached) yes
checking for strings.h... 4
checking for iconv... (cached) no
checking for unistd.h... (cached) yes
yes
yes
checking whether strtoull is declared... checking for sys/param.h... (cached) yes
checking for CET support... no
checking for inttypes.h... checking for getpagesize... (cached) yes
checking for working mmap... yes
no
yes
checking whether ferror_unlocked is declared... checking whether strverscmp is declared... configure: updating cache ./config.cache
no
checking for stdint.h... checking for working strncmp... configure: creating ./config.status
yes
no
checking for unistd.h... no
yes
checking whether fflush_unlocked is declared... checking whether strnlen is declared... yes
configure: updating cache ./config.cache
checking minix/config.h usability... yes
checking whether canonicalize_file_name must be declared... no
checking minix/config.h presence... no
checking whether fgets_unlocked is declared... no
checking for minix/config.h... no
checking whether it is safe to define __EXTENSIONS__... yes
checking for SHA1 HW acceleration support... yes
checking for a BSD-compatible install... /usr/bin/install -c
checking whether build environment is sane... no
yes
checking whether fputc_unlocked is declared... configure: creating ./config.status
checking for a thread-safe mkdir -p... x86 SHA1
/usr/bin/mkdir -p
checking for gawk... gawk
checking whether make sets $(MAKE)... config.status: creating Makefile
checking for stdlib.h... (cached) yes
yes
checking for unistd.h... (cached) yes
checking whether make supports nested variables... config.status: creating config.h
yes
checking for sys/param.h... (cached) yes
no
checking whether fputs_unlocked is declared... checking whether to enable maintainer-specific portions of Makefiles... no
checking for x86_64-w64-mingw32-gcc... (cached) /mingw64/bin/gcc
checking for getpagesize... (cached) yes
checking for working mmap... config.status: executing depdir commands
mkdir -p -- .deps
config.status: executing default-1 commands
no
checking for working strncmp... checking whether we are using the GNU C compiler... (cached) yes
checking whether /mingw64/bin/gcc accepts -g... (cached) yes
checking for /mingw64/bin/gcc option to accept ISO C89... (cached) none needed
checking whether /mingw64/bin/gcc understands -c and -o together... (cached) yes
checking for x86_64-w64-mingw32-ranlib... ranlib 
checking for gawk... (cached) gawk
checking for dwz... no
checking how to print strings... no
printf
checking for a sed that does not truncate output... /usr/bin/sed
checking whether fread_unlocked is declared... checking for fgrep... mkdir -p -- ./libcody
/usr/bin/grep -F
checking for ld used by /mingw64/bin/gcc... Configuring in ./libcody
yes
configure: updating cache ./config.cache
no
C:/Users/Syf/Desktop/BS4/tools/msys64/msys64/mingw64/bin/../lib/gcc/x86_64-w64-mingw32/16.2.0/../../../../x86_64-w64-mingw32/bin/ld.exe
checking if the linker (C:/Users/Syf/Desktop/BS4/tools/msys64/msys64/mingw64/bin/../lib/gcc/x86_64-w64-mingw32/16.2.0/../../../../x86_64-w64-mingw32/bin/ld.exe) is GNU ld... checking whether fwrite_unlocked is declared... yes
checking for BSD- or MS-compatible name lister (nm)... config.status: creating Makefile
no
config.status: creating testsuite/Makefile
checking whether getc_unlocked is declared... configure: creating ./config.status
config.status: creating config.h
/mingw64/bin/nm -B
checking the name lister (/mingw64/bin/nm -B) interface... no
checking whether getchar_unlocked is declared... config.status: executing default commands
BSD nm
checking whether ln -s works... no, using cp -pR
checking the maximum length of command line arguments... 8192
checking whether the shell understands some XSI constructs... yes
checking whether the shell understands "+="... yes
checking for C:/Users/Syf/Desktop/BS4/tools/msys64/msys64/mingw64/bin/../lib/gcc/x86_64-w64-mingw32/16.2.0/../../../../x86_64-w64-mingw32/bin/ld.exe option to reload object files... -r
checking for x86_64-w64-mingw32-objdump... objdump
checking how to recognize dependent libraries... file_magic ^x86 archive import|^x86 DLL
no
checking whether putc_unlocked is declared... checking for x86_64-w64-mingw32-ar... ar 
checking for x86_64-w64-mingw32-strip... no
checking for strip... strip
checking for x86_64-w64-mingw32-ranlib... (cached) ranlib 
checking command to parse /mingw64/bin/nm -B output from /mingw64/bin/gcc object... mkdir -p -- ./libdecnumber
Configuring in ./libdecnumber
no
checking whether putchar_unlocked is declared... ok
checking for dlfcn.h... configure: loading site script /etc/config.site
configure: creating cache ./config.cache
no
checking whether <wchar.h> uses 'inline' correctly... yes
checking build system type... checking whether wcsdup is declared... config.status: creating Makefile
no
checking for objdir... x86_64-w64-mingw32
checking host system type... .libs
x86_64-w64-mingw32
checking maintainer-mode... 
yes
checking for C compiler option to allow warnings... config.status: creating testsuite/Makefile
checking if /mingw64/bin/gcc supports -fno-rtti -fno-exceptions... -Wno-error
checking whether the C++ compiler works... config.status: creating config.h
checking for alignas and alignof... yes, keywords
checking for static_assert... no
checking for /mingw64/bin/gcc option to produce PIC... -DDLL_EXPORT -DPIC
checking if /mingw64/bin/gcc PIC flag -DDLL_EXPORT -DPIC works... config.status: executing default commands
yes
checking for C++ compiler default output file name... a.exe
checking for suffix of executables... yes, a keyword
checking for atexit... yes
checking if /mingw64/bin/gcc static flag -static works... .exe
checking whether we are cross compiling... yes
checking for __builtin_expect... yes
checking if /mingw64/bin/gcc supports -c -o file.o... no
checking for suffix of object files... yes
checking for readlinkat... o
checking whether we are using the GNU C++ compiler... mkdir -p -- ./fixincludes
Configuring in ./fixincludes
yes
checking if /mingw64/bin/gcc supports -c -o file.o... (cached) yes
checking whether the /mingw64/bin/gcc linker (C:/Users/Syf/Desktop/BS4/tools/msys64/msys64/mingw64/bin/../lib/gcc/x86_64-w64-mingw32/16.2.0/../../../../x86_64-w64-mingw32/bin/ld.exe) supports shared libraries... yes
checking whether /mingw64/bin/g++ accepts -g... yes
checking dynamic linker characteristics... yes
checking whether /mingw64/bin/g++ is for C++11... no
checking whether // is distinct from /... (cached) yes
checking whether dup2 works... Win32 ld.exe
checking how to hardcode library paths into programs... immediate
checking whether stripping libraries is possible... configure: loading site script /etc/config.site
configure: creating cache ./config.cache
checking whether make sets $(MAKE)... yes
checking if libtool supports shared libraries... yes
checking whether to build shared libraries... no
checking whether to build static libraries... yes
checking for special C compiler options needed for large files... no
checking for _FILE_OFFSET_BITS value needed for large files... adding -std=c++11
no
checking for setdtablesize... checking adding -Wl,--no-undefined to linker... yes
checking for x86_64-w64-mingw32-gcc... /mingw64/bin/gcc
ok
64
checking exceptions... no
checking for x86_64-w64-mingw32-ranlib... ranlib 
checking for x86_64-w64-mingw32-ar... ar 
checking unwind.h usability... checking whether the C compiler works... configure: updating cache ./config.cache
no
checking for flexible array member... configure: creating ./config.status
yes
checking for C compiler default output file name... a.exe
yes
checking for suffix of executables... checking whether free is known to preserve errno... .exe
yes
checking unwind.h presence... checking whether we are cross compiling... no
checking for getprogname... no
checking for suffix of object files... yes
checking for unwind.h... yes
checking for _Unwind_Backtrace... o
checking whether we are using the GNU C compiler... yes
checking for -funwind-tables option... yes
checking whether /mingw64/bin/gcc accepts -g... yes
checking for /mingw64/bin/gcc option to accept ISO C89... no
yes
checking for -frandom-seed=string option... checking whether program_invocation_name is declared... yes
checking whether /mingw64/bin/gcc supports -W... none needed
checking for x86_64-w64-mingw32-ranlib... ranlib 
checking for x86_64-w64-mingw32-ar... ar 
checking for aclocal... aclocal
checking for autoconf... autoconf
checking for autoheader... autoheader
checking whether /mingw64/bin/gcc supports -W... yes
no
checking whether /mingw64/bin/gcc supports -Wall... config.status: creating Makefile
checking whether program_invocation_name is declared... (cached) no
yes
checking whether program_invocation_short_name is declared... configure: loading site script /etc/config.site
configure: creating cache ./config.cache
checking whether /mingw64/bin/gcc supports -Wall... yes
checking build system type... checking whether /mingw64/bin/gcc supports -Wwrite-strings... config.status: creating config.h
yes
x86_64-w64-mingw32
checking host system type... checking whether /mingw64/bin/gcc supports -Wwrite-strings... x86_64-w64-mingw32
checking target system type... yes
i686-pc-elf
checking for x86_64-w64-mingw32-gcc... /mingw64/bin/gcc
checking whether /mingw64/bin/gcc supports -Wstrict-prototypes... yes
no
checking whether __argv is declared... checking whether /mingw64/bin/gcc supports -Wstrict-prototypes... yes
checking whether /mingw64/bin/gcc supports -Wmissing-prototypes... yes
yes
checking whether /mingw64/bin/gcc supports -Wmissing-prototypes... yes
checking whether the C compiler works... checking whether the compiler generally respects inline... checking whether /mingw64/bin/gcc supports -Wold-style-definition... yes
checking whether /mingw64/bin/gcc supports -Wold-style-definition... yes
checking for iswblank... make[1]: Entering directory '/c/Users/Syf/Desktop/BS4/tools/gcc-build-mingw/libiberty'
if [ x"" != x ] && [ ! -d pic ]; then \
  mkdir pic; \
else true; fi
yes
touch stamp-picdir
yes
checking for C compiler default output file name... a.exe
if [ x"" != x ] && [ ! -d noasan ]; then \
  mkdir noasan; \
else true; fi
checking for suffix of executables... touch stamp-noasandir
checking whether /mingw64/bin/gcc supports -Wmissing-format-attribute... yes
checking whether /mingw64/bin/gcc supports -Wmissing-format-attribute... yes
.exe
if [ x"" != x ]; then \
  /mingw64/bin/gcc -c -DHAVE_CONFIG_H -g -O2    -I. -I../../gcc-15.2.0/libiberty/../include  -W -Wall -Wwrite-strings -Wc++-compat -Wstrict-prototypes -Wshadow=local -pedantic  -D_GNU_SOURCE   ../../gcc-15.2.0/libiberty/dwarfnames.c -o pic/dwarfnames.o; \
else true; fi
checking whether we are cross compiling... if [ x"" != x ]; then \
  /mingw64/bin/gcc -c -DHAVE_CONFIG_H -g -O2    -I. -I../../gcc-15.2.0/libiberty/../include  -W -Wall -Wwrite-strings -Wc++-compat -Wstrict-prototypes -Wshadow=local -pedantic  -D_GNU_SOURCE    ../../gcc-15.2.0/libiberty/dwarfnames.c -o noasan/dwarfnames.o; \
else true; fi
checking whether /mingw64/bin/gcc supports -Wcast-qual... /mingw64/bin/gcc -c -DHAVE_CONFIG_H -g -O2    -I. -I../../gcc-15.2.0/libiberty/../include  -W -Wall -Wwrite-strings -Wc++-compat -Wstrict-prototypes -Wshadow=local -pedantic  -D_GNU_SOURCE  ../../gcc-15.2.0/libiberty/dwarfnames.c -o dwarfnames.o
yes
yes
checking whether /mingw64/bin/gcc supports -Wcast-qual... checking whether iswblank is declared... yes
if [ x"" != x ]; then \
  /mingw64/bin/gcc -c -DHAVE_CONFIG_H -g -O2    -I. -I../../gcc-15.2.0/libiberty/../include  -W -Wall -Wwrite-strings -Wc++-compat -Wstrict-prototypes -Wshadow=local -pedantic  -D_GNU_SOURCE   ../../gcc-15.2.0/libiberty/dyn-string.c -o pic/dyn-string.o; \
else true; fi
no
checking for suffix of object files... if [ x"" != x ]; then \
  /mingw64/bin/gcc -c -DHAVE_CONFIG_H -g -O2    -I. -I../../gcc-15.2.0/libiberty/../include  -W -Wall -Wwrite-strings -Wc++-compat -Wstrict-prototypes -Wshadow=local -pedantic  -D_GNU_SOURCE    ../../gcc-15.2.0/libiberty/dyn-string.c -o noasan/dyn-string.o; \
else true; fi
yes
checking whether /mingw64/bin/gcc supports -Wattributes... checking whether /mingw64/bin/gcc supports -pedantic -Wlong-long... /mingw64/bin/gcc -c -DHAVE_CONFIG_H -g -O2    -I. -I../../gcc-15.2.0/libiberty/../include  -W -Wall -Wwrite-strings -Wc++-compat -Wstrict-prototypes -Wshadow=local -pedantic  -D_GNU_SOURCE  ../../gcc-15.2.0/libiberty/dyn-string.c -o dyn-string.o
yes
checking whether to use Java... no
checking whether the compiler supports the __inline keyword... yes
o
checking whether we are using the GNU C compiler... yes
if [ x"" != x ]; then \
  /mingw64/bin/gcc -c -DHAVE_CONFIG_H -g -O2    -I. -I../../gcc-15.2.0/libiberty/../include  -W -Wall -Wwrite-strings -Wc++-compat -Wstrict-prototypes -Wshadow=local -pedantic  -D_GNU_SOURCE   ../../gcc-15.2.0/libiberty/fdmatch.c -o pic/fdmatch.o; \
else true; fi
checking whether /mingw64/bin/gcc supports -fno-lto... if [ x"" != x ]; then \
  /mingw64/bin/gcc -c -DHAVE_CONFIG_H -g -O2    -I. -I../../gcc-15.2.0/libiberty/../include  -W -Wall -Wwrite-strings -Wc++-compat -Wstrict-prototypes -Wshadow=local -pedantic  -D_GNU_SOURCE    ../../gcc-15.2.0/libiberty/fdmatch.c -o noasan/fdmatch.o; \
else true; fi
checking whether /mingw64/bin/gcc supports -Wunknown-attributes... yes
checking whether mbrtowc handles a NULL pwc argument... guessing yes
checking whether mbrtowc handles a NULL string argument... guessing yes
checking whether mbrtowc has a correct return value... /mingw64/bin/gcc -c -DHAVE_CONFIG_H -g -O2    -I. -I../../gcc-15.2.0/libiberty/../include  -W -Wall -Wwrite-strings -Wc++-compat -Wstrict-prototypes -Wshadow=local -pedantic  -D_GNU_SOURCE  ../../gcc-15.2.0/libiberty/fdmatch.c -o fdmatch.o
yes
checking whether /mingw64/bin/gcc accepts -g... yes
if [ x"" != x ]; then \
  /mingw64/bin/gcc -c -DHAVE_CONFIG_H -g -O2    -I. -I../../gcc-15.2.0/libiberty/../include  -W -Wall -Wwrite-strings -Wc++-compat -Wstrict-prototypes -Wshadow=local -pedantic  -D_GNU_SOURCE   ../../gcc-15.2.0/libiberty/fibheap.c -o pic/fibheap.o; \
else true; fi
checking how to run the C preprocessor... if [ x"" != x ]; then \
  /mingw64/bin/gcc -c -DHAVE_CONFIG_H -g -O2    -I. -I../../gcc-15.2.0/libiberty/../include  -W -Wall -Wwrite-strings -Wc++-compat -Wstrict-prototypes -Wshadow=local -pedantic  -D_GNU_SOURCE    ../../gcc-15.2.0/libiberty/fibheap.c -o noasan/fibheap.o; \
else true; fi
/mingw64/bin/gcc -c -DHAVE_CONFIG_H -g -O2    -I. -I../../gcc-15.2.0/libiberty/../include  -W -Wall -Wwrite-strings -Wc++-compat -Wstrict-prototypes -Wshadow=local -pedantic  -D_GNU_SOURCE  ../../gcc-15.2.0/libiberty/fibheap.c -o fibheap.o
yes
checking for /mingw64/bin/gcc option to accept ISO C89... no
checking whether /mingw64/bin/gcc supports -Wpointer-arith... yes
checking whether mbrtowc returns 0 when parsing a NUL character... guessing yes
checking whether mbrtowc stores incomplete characters... if [ x"" != x ]; then \
  /mingw64/bin/gcc -c -DHAVE_CONFIG_H -g -O2    -I. -I../../gcc-15.2.0/libiberty/../include  -W -Wall -Wwrite-strings -Wc++-compat -Wstrict-prototypes -Wshadow=local -pedantic  -D_GNU_SOURCE   ../../gcc-15.2.0/libiberty/filedescriptor.c -o pic/filedescriptor.o; \
else true; fi
if [ x"" != x ]; then \
  /mingw64/bin/gcc -c -DHAVE_CONFIG_H -g -O2    -I. -I../../gcc-15.2.0/libiberty/../include  -W -Wall -Wwrite-strings -Wc++-compat -Wstrict-prototypes -Wshadow=local -pedantic  -D_GNU_SOURCE    ../../gcc-15.2.0/libiberty/filedescriptor.c -o noasan/filedescriptor.o; \
else true; fi
/mingw64/bin/gcc -c -DHAVE_CONFIG_H -g -O2    -I. -I../../gcc-15.2.0/libiberty/../include  -W -Wall -Wwrite-strings -Wc++-compat -Wstrict-prototypes -Wshadow=local -pedantic  -D_GNU_SOURCE  ../../gcc-15.2.0/libiberty/filedescriptor.c -o filedescriptor.o
yes
checking for _Unwind_GetIPInfo... none needed
checking how to run the C preprocessor... /mingw64/bin/gcc -E
no
checking whether mbrtowc works on empty input... /mingw64/bin/gcc -E
checking for grep that handles long lines and -e... /usr/bin/grep
checking for egrep... /usr/bin/grep -E
checking for ANSI C header files... if [ x"" != x ]; then \
  /mingw64/bin/gcc -c -DHAVE_CONFIG_H -g -O2    -I. -I../../gcc-15.2.0/libiberty/../include  -W -Wall -Wwrite-strings -Wc++-compat -Wstrict-prototypes -Wshadow=local -pedantic  -D_GNU_SOURCE   ../../gcc-15.2.0/libiberty/filename_cmp.c -o pic/filename_cmp.o; \
else true; fi
if [ x"" != x ]; then \
  /mingw64/bin/gcc -c -DHAVE_CONFIG_H -g -O2    -I. -I../../gcc-15.2.0/libiberty/../include  -W -Wall -Wwrite-strings -Wc++-compat -Wstrict-prototypes -Wshadow=local -pedantic  -D_GNU_SOURCE    ../../gcc-15.2.0/libiberty/filename_cmp.c -o noasan/filename_cmp.o; \
else true; fi
yes
checking whether the C locale is free of encoding errors... /mingw64/bin/gcc -c -DHAVE_CONFIG_H -g -O2    -I. -I../../gcc-15.2.0/libiberty/../include  -W -Wall -Wwrite-strings -Wc++-compat -Wstrict-prototypes -Wshadow=local -pedantic  -D_GNU_SOURCE  ../../gcc-15.2.0/libiberty/filename_cmp.c -o filename_cmp.o
checking for grep that handles long lines and -e... /usr/bin/grep
checking for egrep... yes
checking for CET support... no
checking __sync extensions... if [ x"" != x ]; then \
  /mingw64/bin/gcc -c -DHAVE_CONFIG_H -g -O2    -I. -I../../gcc-15.2.0/libiberty/../include  -W -Wall -Wwrite-strings -Wc++-compat -Wstrict-prototypes -Wshadow=local -pedantic  -D_GNU_SOURCE   ../../gcc-15.2.0/libiberty/floatformat.c -o pic/floatformat.o; \
else true; fi
/usr/bin/grep -E
checking for ANSI C header files... if [ x"" != x ]; then \
  /mingw64/bin/gcc -c -DHAVE_CONFIG_H -g -O2    -I. -I../../gcc-15.2.0/libiberty/../include  -W -Wall -Wwrite-strings -Wc++-compat -Wstrict-prototypes -Wshadow=local -pedantic  -D_GNU_SOURCE    ../../gcc-15.2.0/libiberty/floatformat.c -o noasan/floatformat.o; \
else true; fi
/mingw64/bin/gcc -c -DHAVE_CONFIG_H -g -O2    -I. -I../../gcc-15.2.0/libiberty/../include  -W -Wall -Wwrite-strings -Wc++-compat -Wstrict-prototypes -Wshadow=local -pedantic  -D_GNU_SOURCE  ../../gcc-15.2.0/libiberty/floatformat.c -o floatformat.o
yes
checking for memmove... if [ x"" != x ]; then \
  /mingw64/bin/gcc -c -DHAVE_CONFIG_H -g -O2    -I. -I../../gcc-15.2.0/libiberty/../include  -W -Wall -Wwrite-strings -Wc++-compat -Wstrict-prototypes -Wshadow=local -pedantic  -D_GNU_SOURCE   ../../gcc-15.2.0/libiberty/fnmatch.c -o pic/fnmatch.o; \
else true; fi
yes
checking __atomic extensions... if [ x"" != x ]; then \
  /mingw64/bin/gcc -c -DHAVE_CONFIG_H -g -O2    -I. -I../../gcc-15.2.0/libiberty/../include  -W -Wall -Wwrite-strings -Wc++-compat -Wstrict-prototypes -Wshadow=local -pedantic  -D_GNU_SOURCE    ../../gcc-15.2.0/libiberty/fnmatch.c -o noasan/fnmatch.o; \
else true; fi
/mingw64/bin/gcc -c -DHAVE_CONFIG_H -g -O2    -I. -I../../gcc-15.2.0/libiberty/../include  -W -Wall -Wwrite-strings -Wc++-compat -Wstrict-prototypes -Wshadow=local -pedantic  -D_GNU_SOURCE  ../../gcc-15.2.0/libiberty/fnmatch.c -o fnmatch.o
yes
checking for sys/types.h... if [ x"" != x ]; then \
  /mingw64/bin/gcc -c -DHAVE_CONFIG_H -g -O2    -I. -I../../gcc-15.2.0/libiberty/../include  -W -Wall -Wwrite-strings -Wc++-compat -Wstrict-prototypes -Wshadow=local -pedantic  -D_GNU_SOURCE   ../../gcc-15.2.0/libiberty/fopen_unlocked.c -o pic/fopen_unlocked.o; \
else true; fi
if [ x"" != x ]; then \
  /mingw64/bin/gcc -c -DHAVE_CONFIG_H -g -O2    -I. -I../../gcc-15.2.0/libiberty/../include  -W -Wall -Wwrite-strings -Wc++-compat -Wstrict-prototypes -Wshadow=local -pedantic  -D_GNU_SOURCE    ../../gcc-15.2.0/libiberty/fopen_unlocked.c -o noasan/fopen_unlocked.o; \
else true; fi
yes
checking output filetype... /mingw64/bin/gcc -c -DHAVE_CONFIG_H -g -O2    -I. -I../../gcc-15.2.0/libiberty/../include  -W -Wall -Wwrite-strings -Wc++-compat -Wstrict-prototypes -Wshadow=local -pedantic  -D_GNU_SOURCE  ../../gcc-15.2.0/libiberty/fopen_unlocked.c -o fopen_unlocked.o
yes
checking for mempcpy... checking size of void *... yes
if [ x"" != x ]; then \
  /mingw64/bin/gcc -c -DHAVE_CONFIG_H -g -O2    -I. -I../../gcc-15.2.0/libiberty/../include  -W -Wall -Wwrite-strings -Wc++-compat -Wstrict-prototypes -Wshadow=local -pedantic  -D_GNU_SOURCE   ../../gcc-15.2.0/libiberty/getopt.c -o pic/getopt.o; \
else true; fi
if [ x"" != x ]; then \
  /mingw64/bin/gcc -c -DHAVE_CONFIG_H -g -O2    -I. -I../../gcc-15.2.0/libiberty/../include  -W -Wall -Wwrite-strings -Wc++-compat -Wstrict-prototypes -Wshadow=local -pedantic  -D_GNU_SOURCE    ../../gcc-15.2.0/libiberty/getopt.c -o noasan/getopt.o; \
else true; fi
/mingw64/bin/gcc -c -DHAVE_CONFIG_H -g -O2    -I. -I../../gcc-15.2.0/libiberty/../include  -W -Wall -Wwrite-strings -Wc++-compat -Wstrict-prototypes -Wshadow=local -pedantic  -D_GNU_SOURCE  ../../gcc-15.2.0/libiberty/getopt.c -o getopt.o
pecoff
yes
checking for sys/stat.h... checking for sys/types.h... looking for a compliant stdint.h in stdint.h, checking for uintmax_t... if [ x"" != x ]; then \
  /mingw64/bin/gcc -c -DHAVE_CONFIG_H -g -O2    -I. -I../../gcc-15.2.0/libiberty/../include  -W -Wall -Wwrite-strings -Wc++-compat -Wstrict-prototypes -Wshadow=local -pedantic  -D_GNU_SOURCE   ../../gcc-15.2.0/libiberty/getopt1.c -o pic/getopt1.o; \
else true; fi
yes
yes
if [ x"" != x ]; then \
  /mingw64/bin/gcc -c -DHAVE_CONFIG_H -g -O2    -I. -I../../gcc-15.2.0/libiberty/../include  -W -Wall -Wwrite-strings -Wc++-compat -Wstrict-prototypes -Wshadow=local -pedantic  -D_GNU_SOURCE    ../../gcc-15.2.0/libiberty/getopt1.c -o noasan/getopt1.o; \
else true; fi
/mingw64/bin/gcc -c -DHAVE_CONFIG_H -g -O2    -I. -I../../gcc-15.2.0/libiberty/../include  -W -Wall -Wwrite-strings -Wc++-compat -Wstrict-prototypes -Wshadow=local -pedantic  -D_GNU_SOURCE  ../../gcc-15.2.0/libiberty/getopt1.c -o getopt1.o
yes
if [ x"" != x ]; then \
  /mingw64/bin/gcc -c -DHAVE_CONFIG_H -g -O2    -I. -I../../gcc-15.2.0/libiberty/../include  -W -Wall -Wwrite-strings -Wc++-compat -Wstrict-prototypes -Wshadow=local -pedantic  -D_GNU_SOURCE   ../../gcc-15.2.0/libiberty/getpwd.c -o pic/getpwd.o; \
else true; fi
checking for stdlib.h... checking whether program_invocation_name is declared... (cached) no
if [ x"" != x ]; then \
  /mingw64/bin/gcc -c -DHAVE_CONFIG_H -g -O2    -I. -I../../gcc-15.2.0/libiberty/../include  -W -Wall -Wwrite-strings -Wc++-compat -Wstrict-prototypes -Wshadow=local -pedantic  -D_GNU_SOURCE    ../../gcc-15.2.0/libiberty/getpwd.c -o noasan/getpwd.o; \
else true; fi
checking for sys/stat.h... checking whether program_invocation_short_name is declared... (cached) no
checking for raise... /mingw64/bin/gcc -c -DHAVE_CONFIG_H -g -O2    -I. -I../../gcc-15.2.0/libiberty/../include  -W -Wall -Wwrite-strings -Wc++-compat -Wstrict-prototypes -Wshadow=local -pedantic  -D_GNU_SOURCE  ../../gcc-15.2.0/libiberty/getpwd.c -o getpwd.o
yes
checking for uintptr_t... if [ x"" != x ]; then \
  /mingw64/bin/gcc -c -DHAVE_CONFIG_H -g -O2    -I. -I../../gcc-15.2.0/libiberty/../include  -W -Wall -Wwrite-strings -Wc++-compat -Wstrict-prototypes -Wshadow=local -pedantic  -D_GNU_SOURCE   ../../gcc-15.2.0/libiberty/getruntime.c -o pic/getruntime.o; \
else true; fi
yes
if [ x"" != x ]; then \
  /mingw64/bin/gcc -c -DHAVE_CONFIG_H -g -O2    -I. -I../../gcc-15.2.0/libiberty/../include  -W -Wall -Wwrite-strings -Wc++-compat -Wstrict-prototypes -Wshadow=local -pedantic  -D_GNU_SOURCE    ../../gcc-15.2.0/libiberty/getruntime.c -o noasan/getruntime.o; \
else true; fi
yes
/mingw64/bin/gcc -c -DHAVE_CONFIG_H -g -O2    -I. -I../../gcc-15.2.0/libiberty/../include  -W -Wall -Wwrite-strings -Wc++-compat -Wstrict-prototypes -Wshadow=local -pedantic  -D_GNU_SOURCE  ../../gcc-15.2.0/libiberty/getruntime.c -o getruntime.o
checking for string.h... yes
checking for rawmemchr... if [ x"" != x ]; then \
  /mingw64/bin/gcc -c -DHAVE_CONFIG_H -g -O2    -I. -I../../gcc-15.2.0/libiberty/../include  -W -Wall -Wwrite-strings -Wc++-compat -Wstrict-prototypes -Wshadow=local -pedantic  -D_GNU_SOURCE   ../../gcc-15.2.0/libiberty/hashtab.c -o pic/hashtab.o; \
else true; fi
checking for stdlib.h... if [ x"" != x ]; then \
  /mingw64/bin/gcc -c -DHAVE_CONFIG_H -g -O2    -I. -I../../gcc-15.2.0/libiberty/../include  -W -Wall -Wwrite-strings -Wc++-compat -Wstrict-prototypes -Wshadow=local -pedantic  -D_GNU_SOURCE    ../../gcc-15.2.0/libiberty/hashtab.c -o noasan/hashtab.o; \
else true; fi
/mingw64/bin/gcc -c -DHAVE_CONFIG_H -g -O2    -I. -I../../gcc-15.2.0/libiberty/../include  -W -Wall -Wwrite-strings -Wc++-compat -Wstrict-prototypes -Wshadow=local -pedantic  -D_GNU_SOURCE  ../../gcc-15.2.0/libiberty/hashtab.c -o hashtab.o
yes
yes
yes
checking for int_least32_t... checking for memory.h... if [ x"" != x ]; then \
  /mingw64/bin/gcc -c -DHAVE_CONFIG_H -g -O2    -I. -I../../gcc-15.2.0/libiberty/../include  -W -Wall -Wwrite-strings -Wc++-compat -Wstrict-prototypes -Wshadow=local -pedantic  -D_GNU_SOURCE   ../../gcc-15.2.0/libiberty/hex.c -o pic/hex.o; \
else true; fi
checking for string.h... if [ x"" != x ]; then \
  /mingw64/bin/gcc -c -DHAVE_CONFIG_H -g -O2    -I. -I../../gcc-15.2.0/libiberty/../include  -W -Wall -Wwrite-strings -Wc++-compat -Wstrict-prototypes -Wshadow=local -pedantic  -D_GNU_SOURCE    ../../gcc-15.2.0/libiberty/hex.c -o noasan/hex.o; \
else true; fi
/mingw64/bin/gcc -c -DHAVE_CONFIG_H -g -O2    -I. -I../../gcc-15.2.0/libiberty/../include  -W -Wall -Wwrite-strings -Wc++-compat -Wstrict-prototypes -Wshadow=local -pedantic  -D_GNU_SOURCE  ../../gcc-15.2.0/libiberty/hex.c -o hex.o
yes
if [ x"" != x ]; then \
  /mingw64/bin/gcc -c -DHAVE_CONFIG_H -g -O2    -I. -I../../gcc-15.2.0/libiberty/../include  -W -Wall -Wwrite-strings -Wc++-compat -Wstrict-prototypes -Wshadow=local -pedantic  -D_GNU_SOURCE   ../../gcc-15.2.0/libiberty/lbasename.c -o pic/lbasename.o; \
else true; fi
yes
if [ x"" != x ]; then \
  /mingw64/bin/gcc -c -DHAVE_CONFIG_H -g -O2    -I. -I../../gcc-15.2.0/libiberty/../include  -W -Wall -Wwrite-strings -Wc++-compat -Wstrict-prototypes -Wshadow=local -pedantic  -D_GNU_SOURCE    ../../gcc-15.2.0/libiberty/lbasename.c -o noasan/lbasename.o; \
else true; fi
no
checking whether realloc (0, 0) returns nonnull... /mingw64/bin/gcc -c -DHAVE_CONFIG_H -g -O2    -I. -I../../gcc-15.2.0/libiberty/../include  -W -Wall -Wwrite-strings -Wc++-compat -Wstrict-prototypes -Wshadow=local -pedantic  -D_GNU_SOURCE  ../../gcc-15.2.0/libiberty/lbasename.c -o lbasename.o
checking for strings.h... checking for memory.h... yes
checking for int_fast32_t... if [ x"" != x ]; then \
  /mingw64/bin/gcc -c -DHAVE_CONFIG_H -g -O2    -I. -I../../gcc-15.2.0/libiberty/../include  -W -Wall -Wwrite-strings -Wc++-compat -Wstrict-prototypes -Wshadow=local -pedantic  -D_GNU_SOURCE   ../../gcc-15.2.0/libiberty/ldirname.c -o pic/ldirname.o; \
else true; fi
if [ x"" != x ]; then \
  /mingw64/bin/gcc -c -DHAVE_CONFIG_H -g -O2    -I. -I../../gcc-15.2.0/libiberty/../include  -W -Wall -Wwrite-strings -Wc++-compat -Wstrict-prototypes -Wshadow=local -pedantic  -D_GNU_SOURCE    ../../gcc-15.2.0/libiberty/ldirname.c -o noasan/ldirname.o; \
else true; fi
/mingw64/bin/gcc -c -DHAVE_CONFIG_H -g -O2    -I. -I../../gcc-15.2.0/libiberty/../include  -W -Wall -Wwrite-strings -Wc++-compat -Wstrict-prototypes -Wshadow=local -pedantic  -D_GNU_SOURCE  ../../gcc-15.2.0/libiberty/ldirname.c -o ldirname.o
yes
yes
yes
checking for reallocarray... if [ x"" != x ]; then \
  /mingw64/bin/gcc -c -DHAVE_CONFIG_H -g -O2    -I. -I../../gcc-15.2.0/libiberty/../include  -W -Wall -Wwrite-strings -Wc++-compat -Wstrict-prototypes -Wshadow=local -pedantic  -D_GNU_SOURCE   ../../gcc-15.2.0/libiberty/lrealpath.c -o pic/lrealpath.o; \
else true; fi
if [ x"" != x ]; then \
  /mingw64/bin/gcc -c -DHAVE_CONFIG_H -g -O2    -I. -I../../gcc-15.2.0/libiberty/../include  -W -Wall -Wwrite-strings -Wc++-compat -Wstrict-prototypes -Wshadow=local -pedantic  -D_GNU_SOURCE    ../../gcc-15.2.0/libiberty/lrealpath.c -o noasan/lrealpath.o; \
else true; fi
checking for inttypes.h... /mingw64/bin/gcc -c -DHAVE_CONFIG_H -g -O2    -I. -I../../gcc-15.2.0/libiberty/../include  -W -Wall -Wwrite-strings -Wc++-compat -Wstrict-prototypes -Wshadow=local -pedantic  -D_GNU_SOURCE  ../../gcc-15.2.0/libiberty/lrealpath.c -o lrealpath.o
checking for strings.h... 8
yes
yes
checking for uint64_t... checking size of unsigned short... yes
checking for stdint.h... checking for inttypes.h... no
checking for faccessat... (cached) no
checking whether free is known to preserve errno... (cached) no
checking for mempcpy... (cached) yes
checking for rawmemchr... (cached) no
checking for search.h... yes
yes
if [ x"" != x ]; then \
  /mingw64/bin/gcc -c -DHAVE_CONFIG_H -g -O2    -I. -I../../gcc-15.2.0/libiberty/../include  -W -Wall -Wwrite-strings -Wc++-compat -Wstrict-prototypes -Wshadow=local -pedantic  -D_GNU_SOURCE   ../../gcc-15.2.0/libiberty/make-relative-prefix.c -o pic/make-relative-prefix.o; \
else true; fi
yes
checking what to include in gstdint.h... if [ x"" != x ]; then \
  /mingw64/bin/gcc -c -DHAVE_CONFIG_H -g -O2    -I. -I../../gcc-15.2.0/libiberty/../include  -W -Wall -Wwrite-strings -Wc++-compat -Wstrict-prototypes -Wshadow=local -pedantic  -D_GNU_SOURCE    ../../gcc-15.2.0/libiberty/make-relative-prefix.c -o noasan/make-relative-prefix.o; \
else true; fi
checking for unistd.h... stdint.h (already complete)
checking sys/mman.h usability... /mingw64/bin/gcc -c -DHAVE_CONFIG_H -g -O2    -I. -I../../gcc-15.2.0/libiberty/../include  -W -Wall -Wwrite-strings -Wc++-compat -Wstrict-prototypes -Wshadow=local -pedantic  -D_GNU_SOURCE  ../../gcc-15.2.0/libiberty/make-relative-prefix.c -o make-relative-prefix.o
yes
checking for tsearch... checking for stdint.h... yes
if [ x"" != x ]; then \
  /mingw64/bin/gcc -c -DHAVE_CONFIG_H -g -O2    -I. -I../../gcc-15.2.0/libiberty/../include  -W -Wall -Wwrite-strings -Wc++-compat -Wstrict-prototypes -Wshadow=local -pedantic  -D_GNU_SOURCE   ../../gcc-15.2.0/libiberty/make-temp-file.c -o pic/make-temp-file.o; \
else true; fi
yes
if [ x"" != x ]; then \
  /mingw64/bin/gcc -c -DHAVE_CONFIG_H -g -O2    -I. -I../../gcc-15.2.0/libiberty/../include  -W -Wall -Wwrite-strings -Wc++-compat -Wstrict-prototypes -Wshadow=local -pedantic  -D_GNU_SOURCE    ../../gcc-15.2.0/libiberty/make-temp-file.c -o noasan/make-temp-file.o; \
else true; fi
/mingw64/bin/gcc -c -DHAVE_CONFIG_H -g -O2    -I. -I../../gcc-15.2.0/libiberty/../include  -W -Wall -Wwrite-strings -Wc++-compat -Wstrict-prototypes -Wshadow=local -pedantic  -D_GNU_SOURCE  ../../gcc-15.2.0/libiberty/make-temp-file.c -o make-temp-file.o
no
checking sys/mman.h presence... yes
checking whether setlocale (LC_ALL, NULL) is multithread-safe... (cached) yes
checking whether setlocale (category, NULL) is multithread-safe... (cached) yes
checking for ssize_t... checking ctype.h usability... checking for unistd.h... yes
checking for struct stat.st_atim.tv_nsec... yes
checking ctype.h presence... yes
no
checking for sys/mman.h... no
2
checking link.h usability... checking size of unsigned... checking minix/config.h usability... yes
checking for ctype.h... yes
checking stddef.h usability... no
checking minix/config.h presence... no
checking link.h presence... if [ x"" != x ]; then \
  /mingw64/bin/gcc -c -DHAVE_CONFIG_H -g -O2    -I. -I../../gcc-15.2.0/libiberty/../include  -W -Wall -Wwrite-strings -Wc++-compat -Wstrict-prototypes -Wshadow=local -pedantic  -D_GNU_SOURCE   ../../gcc-15.2.0/libiberty/objalloc.c -o pic/objalloc.o; \
else true; fi
if [ x"" != x ]; then \
  /mingw64/bin/gcc -c -DHAVE_CONFIG_H -g -O2    -I. -I../../gcc-15.2.0/libiberty/../include  -W -Wall -Wwrite-strings -Wc++-compat -Wstrict-prototypes -Wshadow=local -pedantic  -D_GNU_SOURCE    ../../gcc-15.2.0/libiberty/objalloc.c -o noasan/objalloc.o; \
else true; fi
/mingw64/bin/gcc -c -DHAVE_CONFIG_H -g -O2    -I. -I../../gcc-15.2.0/libiberty/../include  -W -Wall -Wwrite-strings -Wc++-compat -Wstrict-prototypes -Wshadow=local -pedantic  -D_GNU_SOURCE  ../../gcc-15.2.0/libiberty/objalloc.c -o objalloc.o
yes
checking stddef.h presence... if [ x"" != x ]; then \
  /mingw64/bin/gcc -c -DHAVE_CONFIG_H -g -O2    -I. -I../../gcc-15.2.0/libiberty/../include  -W -Wall -Wwrite-strings -Wc++-compat -Wstrict-prototypes -Wshadow=local -pedantic  -D_GNU_SOURCE   ../../gcc-15.2.0/libiberty/obstack.c -o pic/obstack.o; \
else true; fi
no
checking for minix/config.h... no
checking whether it is safe to define __EXTENSIONS__... yes
checking for stddef.h... yes
no
checking for link.h... no
if [ x"" != x ]; then \
  /mingw64/bin/gcc -c -DHAVE_CONFIG_H -g -O2    -I. -I../../gcc-15.2.0/libiberty/../include  -W -Wall -Wwrite-strings -Wc++-compat -Wstrict-prototypes -Wshadow=local -pedantic  -D_GNU_SOURCE    ../../gcc-15.2.0/libiberty/obstack.c -o noasan/obstack.o; \
else true; fi
/mingw64/bin/gcc -c -DHAVE_CONFIG_H -g -O2    -I. -I../../gcc-15.2.0/libiberty/../include  -W -Wall -Wwrite-strings -Wc++-compat -Wstrict-prototypes -Wshadow=local -pedantic  -D_GNU_SOURCE  ../../gcc-15.2.0/libiberty/obstack.c -o obstack.o
checking sys/link.h usability... checking for string.h... (cached) yes
yes
checking for a sed that does not truncate output... if [ x"" != x ]; then \
  /mingw64/bin/gcc -c -DHAVE_CONFIG_H -g -O2    -I. -I../../gcc-15.2.0/libiberty/../include  -W -Wall -Wwrite-strings -Wc++-compat -Wstrict-prototypes -Wshadow=local -pedantic  -D_GNU_SOURCE   ../../gcc-15.2.0/libiberty/partition.c -o pic/partition.o; \
else true; fi
/usr/bin/sed
no
checking for struct stat.st_atimespec.tv_nsec... if [ x"" != x ]; then \
  /mingw64/bin/gcc -c -DHAVE_CONFIG_H -g -O2    -I. -I../../gcc-15.2.0/libiberty/../include  -W -Wall -Wwrite-strings -Wc++-compat -Wstrict-prototypes -Wshadow=local -pedantic  -D_GNU_SOURCE    ../../gcc-15.2.0/libiberty/partition.c -o noasan/partition.o; \
else true; fi
/mingw64/bin/gcc -c -DHAVE_CONFIG_H -g -O2    -I. -I../../gcc-15.2.0/libiberty/../include  -W -Wall -Wwrite-strings -Wc++-compat -Wstrict-prototypes -Wshadow=local -pedantic  -D_GNU_SOURCE  ../../gcc-15.2.0/libiberty/partition.c -o partition.o
checking stdio.h usability... checking whether /mingw64/bin/gcc supports -W... no
checking sys/link.h presence... if [ x"" != x ]; then \
  /mingw64/bin/gcc -c -DHAVE_CONFIG_H -g -O2    -I. -I../../gcc-15.2.0/libiberty/../include  -W -Wall -Wwrite-strings -Wc++-compat -Wstrict-prototypes -Wshadow=local -pedantic  -D_GNU_SOURCE   ../../gcc-15.2.0/libiberty/pexecute.c -o pic/pexecute.o; \
else true; fi
if [ x"" != x ]; then \
  /mingw64/bin/gcc -c -DHAVE_CONFIG_H -g -O2    -I. -I../../gcc-15.2.0/libiberty/../include  -W -Wall -Wwrite-strings -Wc++-compat -Wstrict-prototypes -Wshadow=local -pedantic  -D_GNU_SOURCE    ../../gcc-15.2.0/libiberty/pexecute.c -o noasan/pexecute.o; \
else true; fi
yes
yes
checking stdio.h presence... /mingw64/bin/gcc -c -DHAVE_CONFIG_H -g -O2    -I. -I../../gcc-15.2.0/libiberty/../include  -W -Wall -Wwrite-strings -Wc++-compat -Wstrict-prototypes -Wshadow=local -pedantic  -D_GNU_SOURCE  ../../gcc-15.2.0/libiberty/pexecute.c -o pexecute.o
checking whether /mingw64/bin/gcc supports -Wall... yes
checking for stdio.h... yes
if [ x"" != x ]; then \
  /mingw64/bin/gcc -c -DHAVE_CONFIG_H -g -O2    -I. -I../../gcc-15.2.0/libiberty/../include  -W -Wall -Wwrite-strings -Wc++-compat -Wstrict-prototypes -Wshadow=local -pedantic  -D_GNU_SOURCE   ../../gcc-15.2.0/libiberty/physmem.c -o pic/physmem.o; \
else true; fi
no
checking for sys/link.h... no
checking mach-o/dyld.h usability... if [ x"" != x ]; then \
  /mingw64/bin/gcc -c -DHAVE_CONFIG_H -g -O2    -I. -I../../gcc-15.2.0/libiberty/../include  -W -Wall -Wwrite-strings -Wc++-compat -Wstrict-prototypes -Wshadow=local -pedantic  -D_GNU_SOURCE    ../../gcc-15.2.0/libiberty/physmem.c -o noasan/physmem.o; \
else true; fi
/mingw64/bin/gcc -c -DHAVE_CONFIG_H -g -O2    -I. -I../../gcc-15.2.0/libiberty/../include  -W -Wall -Wwrite-strings -Wc++-compat -Wstrict-prototypes -Wshadow=local -pedantic  -D_GNU_SOURCE  ../../gcc-15.2.0/libiberty/physmem.c -o physmem.o
yes
looking for a compliant stdint.h in stdint.h, checking for uintmax_t... checking whether /mingw64/bin/gcc supports -Wwrite-strings... no
checking mach-o/dyld.h presence... yes
4
checking whether /mingw64/bin/gcc supports -Wstrict-prototypes... checking size of unsigned long... no
checking for struct stat.st_atimensec... no
checking for mach-o/dyld.h... no
checking sys/ldr.h usability... yes
checking for uintptr_t... ../../gcc-15.2.0/libiberty/physmem.c: In function 'physmem_total':
../../gcc-15.2.0/libiberty/physmem.c:161:18: warning: cast between incompatible function types from 'FARPROC' {aka 'long long int (*)(void)'} to 'WINBOOL (*)(lMEMORYSTATUSEX *)' {aka 'int (*)(lMEMORYSTATUSEX *)'} [-Wcast-function-type]
  161 |     if ((pfnex = (PFN_MS_EX) GetProcAddress (h, "GlobalMemoryStatusEx")))
      |                  ^
../../gcc-15.2.0/libiberty/physmem.c: In function 'physmem_available':
../../gcc-15.2.0/libiberty/physmem.c:262:18: warning: cast between incompatible function types from 'FARPROC' {aka 'long long int (*)(void)'} to 'WINBOOL (*)(lMEMORYSTATUSEX *)' {aka 'int (*)(lMEMORYSTATUSEX *)'} [-Wcast-function-type]
  262 |     if ((pfnex = (PFN_MS_EX) GetProcAddress (h, "GlobalMemoryStatusEx")))
      |                  ^
yes
if [ x"" != x ]; then \
  /mingw64/bin/gcc -c -DHAVE_CONFIG_H -g -O2    -I. -I../../gcc-15.2.0/libiberty/../include  -W -Wall -Wwrite-strings -Wc++-compat -Wstrict-prototypes -Wshadow=local -pedantic  -D_GNU_SOURCE   ../../gcc-15.2.0/libiberty/pex-common.c -o pic/pex-common.o; \
else true; fi
checking whether /mingw64/bin/gcc supports -Wmissing-prototypes... if [ x"" != x ]; then \
  /mingw64/bin/gcc -c -DHAVE_CONFIG_H -g -O2    -I. -I../../gcc-15.2.0/libiberty/../include  -W -Wall -Wwrite-strings -Wc++-compat -Wstrict-prototypes -Wshadow=local -pedantic  -D_GNU_SOURCE    ../../gcc-15.2.0/libiberty/pex-common.c -o noasan/pex-common.o; \
else true; fi
/mingw64/bin/gcc -c -DHAVE_CONFIG_H -g -O2    -I. -I../../gcc-15.2.0/libiberty/../include  -W -Wall -Wwrite-strings -Wc++-compat -Wstrict-prototypes -Wshadow=local -pedantic  -D_GNU_SOURCE  ../../gcc-15.2.0/libiberty/pex-common.c -o pex-common.o
no
checking sys/ldr.h presence... yes
checking whether /mingw64/bin/gcc supports -Wold-style-definition... if [ x"" != x ]; then \
  /mingw64/bin/gcc -c -DHAVE_CONFIG_H -g -O2    -I. -I../../gcc-15.2.0/libiberty/../include  -W -Wall -Wwrite-strings -Wc++-compat -Wstrict-prototypes -Wshadow=local -pedantic  -D_GNU_SOURCE   ../../gcc-15.2.0/libiberty/pex-one.c -o pic/pex-one.o; \
else true; fi
yes
checking for int_least32_t... if [ x"" != x ]; then \
  /mingw64/bin/gcc -c -DHAVE_CONFIG_H -g -O2    -I. -I../../gcc-15.2.0/libiberty/../include  -W -Wall -Wwrite-strings -Wc++-compat -Wstrict-prototypes -Wshadow=local -pedantic  -D_GNU_SOURCE    ../../gcc-15.2.0/libiberty/pex-one.c -o noasan/pex-one.o; \
else true; fi
/mingw64/bin/gcc -c -DHAVE_CONFIG_H -g -O2    -I. -I../../gcc-15.2.0/libiberty/../include  -W -Wall -Wwrite-strings -Wc++-compat -Wstrict-prototypes -Wshadow=local -pedantic  -D_GNU_SOURCE  ../../gcc-15.2.0/libiberty/pex-one.c -o pex-one.o
no
checking for sys/ldr.h... no
checking windows.h usability... yes
if [ x"" != x ]; then \
  /mingw64/bin/gcc -c -DHAVE_CONFIG_H -g -O2    -I. -I../../gcc-15.2.0/libiberty/../include  -W -Wall -Wwrite-strings -Wc++-compat -Wstrict-prototypes -Wshadow=local -pedantic  -D_GNU_SOURCE   ../../gcc-15.2.0/libiberty/pex-win32.c -o pic/pex-win32.o; \
else true; fi
if [ x"" != x ]; then \
  /mingw64/bin/gcc -c -DHAVE_CONFIG_H -g -O2    -I. -I../../gcc-15.2.0/libiberty/../include  -W -Wall -Wwrite-strings -Wc++-compat -Wstrict-prototypes -Wshadow=local -pedantic  -D_GNU_SOURCE    ../../gcc-15.2.0/libiberty/pex-win32.c -o noasan/pex-win32.o; \
else true; fi
checking whether /mingw64/bin/gcc supports -Wmissing-format-attribute... /mingw64/bin/gcc -c -DHAVE_CONFIG_H -g -O2    -I. -I../../gcc-15.2.0/libiberty/../include  -W -Wall -Wwrite-strings -Wc++-compat -Wstrict-prototypes -Wshadow=local -pedantic  -D_GNU_SOURCE  ../../gcc-15.2.0/libiberty/pex-win32.c -o pex-win32.o
no
checking for struct stat.st_atim.st__tim.tv_nsec... yes
yes
checking for int_fast32_t... checking whether /mingw64/bin/gcc supports -Woverlength-strings... yes
checking whether /mingw64/bin/gcc supports -pedantic -Wlong-long... yes
checking for ANSI C header files... (cached) yes
yes
checking windows.h presence... yes
checking for uint64_t... checking stddef.h usability... if [ x"" != x ]; then \
  /mingw64/bin/gcc -c -DHAVE_CONFIG_H -g -O2    -I. -I../../gcc-15.2.0/libiberty/../include  -W -Wall -Wwrite-strings -Wc++-compat -Wstrict-prototypes -Wshadow=local -pedantic  -D_GNU_SOURCE   ../../gcc-15.2.0/libiberty/vprintf-support.c -o pic/vprintf-support.o; \
else true; fi
if [ x"" != x ]; then \
  /mingw64/bin/gcc -c -DHAVE_CONFIG_H -g -O2    -I. -I../../gcc-15.2.0/libiberty/../include  -W -Wall -Wwrite-strings -Wc++-compat -Wstrict-prototypes -Wshadow=local -pedantic  -D_GNU_SOURCE    ../../gcc-15.2.0/libiberty/vprintf-support.c -o noasan/vprintf-support.o; \
else true; fi
4
checking size of mp_limb_t... /mingw64/bin/gcc -c -DHAVE_CONFIG_H -g -O2    -I. -I../../gcc-15.2.0/libiberty/../include  -W -Wall -Wwrite-strings -Wc++-compat -Wstrict-prototypes -Wshadow=local -pedantic  -D_GNU_SOURCE  ../../gcc-15.2.0/libiberty/vprintf-support.c -o vprintf-support.o
yes
checking stddef.h presence... if [ x"" != x ]; then \
  /mingw64/bin/gcc -c -DHAVE_CONFIG_H -g -O2    -I. -I../../gcc-15.2.0/libiberty/../include  -W -Wall -Wwrite-strings -Wc++-compat -Wstrict-prototypes -Wshadow=local -pedantic  -D_GNU_SOURCE   ../../gcc-15.2.0/libiberty/rust-demangle.c -o pic/rust-demangle.o; \
else true; fi
if [ x"" != x ]; then \
  /mingw64/bin/gcc -c -DHAVE_CONFIG_H -g -O2    -I. -I../../gcc-15.2.0/libiberty/../include  -W -Wall -Wwrite-strings -Wc++-compat -Wstrict-prototypes -Wshadow=local -pedantic  -D_GNU_SOURCE    ../../gcc-15.2.0/libiberty/rust-demangle.c -o noasan/rust-demangle.o; \
else true; fi
yes
checking for stddef.h... yes
/mingw64/bin/gcc -c -DHAVE_CONFIG_H -g -O2    -I. -I../../gcc-15.2.0/libiberty/../include  -W -Wall -Wwrite-strings -Wc++-compat -Wstrict-prototypes -Wshadow=local -pedantic  -D_GNU_SOURCE  ../../gcc-15.2.0/libiberty/rust-demangle.c -o rust-demangle.o
no
checking for struct stat.st_birthtimespec.tv_nsec... yes
checking what to include in gstdint.h... checking for stdlib.h... (cached) yes
stdint.h (already complete)
checking for an ANSI C-conforming const... yes
checking for windows.h... yes
checking for tlhelp32.h... checking for strings.h... (cached) yes
yes
checking for off_t... checking for unistd.h... (cached) yes
if [ x"" != x ]; then \
  /mingw64/bin/gcc -c -DHAVE_CONFIG_H -g -O2    -I. -I../../gcc-15.2.0/libiberty/../include  -W -Wall -Wwrite-strings -Wc++-compat -Wstrict-prototypes -Wshadow=local -pedantic  -D_GNU_SOURCE   ../../gcc-15.2.0/libiberty/safe-ctype.c -o pic/safe-ctype.o; \
else true; fi
if [ x"" != x ]; then \
  /mingw64/bin/gcc -c -DHAVE_CONFIG_H -g -O2    -I. -I../../gcc-15.2.0/libiberty/../include  -W -Wall -Wwrite-strings -Wc++-compat -Wstrict-prototypes -Wshadow=local -pedantic  -D_GNU_SOURCE    ../../gcc-15.2.0/libiberty/safe-ctype.c -o noasan/safe-ctype.o; \
else true; fi
checking fcntl.h usability... /mingw64/bin/gcc -c -DHAVE_CONFIG_H -g -O2    -I. -I../../gcc-15.2.0/libiberty/../include  -W -Wall -Wwrite-strings -Wc++-compat -Wstrict-prototypes -Wshadow=local -pedantic  -D_GNU_SOURCE  ../../gcc-15.2.0/libiberty/safe-ctype.c -o safe-ctype.o
if [ x"" != x ]; then \
  /mingw64/bin/gcc -c -DHAVE_CONFIG_H -g -O2    -I. -I../../gcc-15.2.0/libiberty/../include  -W -Wall -Wwrite-strings -Wc++-compat -Wstrict-prototypes -Wshadow=local -pedantic  -D_GNU_SOURCE   ../../gcc-15.2.0/libiberty/simple-object.c -o pic/simple-object.o; \
else true; fi
if [ x"" != x ]; then \
  /mingw64/bin/gcc -c -DHAVE_CONFIG_H -g -O2    -I. -I../../gcc-15.2.0/libiberty/../include  -W -Wall -Wwrite-strings -Wc++-compat -Wstrict-prototypes -Wshadow=local -pedantic  -D_GNU_SOURCE    ../../gcc-15.2.0/libiberty/simple-object.c -o noasan/simple-object.o; \
else true; fi
/mingw64/bin/gcc -c -DHAVE_CONFIG_H -g -O2    -I. -I../../gcc-15.2.0/libiberty/../include  -W -Wall -Wwrite-strings -Wc++-compat -Wstrict-prototypes -Wshadow=local -pedantic  -D_GNU_SOURCE  ../../gcc-15.2.0/libiberty/simple-object.c -o simple-object.o
yes
checking size of int... yes
checking fcntl.h presence... no
checking for struct stat.st_birthtimensec... yes
checking for fcntl.h... yes
yes
if [ x"" != x ]; then \
  /mingw64/bin/gcc -c -DHAVE_CONFIG_H -g -O2    -I. -I../../gcc-15.2.0/libiberty/../include  -W -Wall -Wwrite-strings -Wc++-compat -Wstrict-prototypes -Wshadow=local -pedantic  -D_GNU_SOURCE   ../../gcc-15.2.0/libiberty/simple-object-coff.c -o pic/simple-object-coff.o; \
else true; fi
checking for fcntl... if [ x"" != x ]; then \
  /mingw64/bin/gcc -c -DHAVE_CONFIG_H -g -O2    -I. -I../../gcc-15.2.0/libiberty/../include  -W -Wall -Wwrite-strings -Wc++-compat -Wstrict-prototypes -Wshadow=local -pedantic  -D_GNU_SOURCE    ../../gcc-15.2.0/libiberty/simple-object-coff.c -o noasan/simple-object-coff.o; \
else true; fi
/mingw64/bin/gcc -c -DHAVE_CONFIG_H -g -O2    -I. -I../../gcc-15.2.0/libiberty/../include  -W -Wall -Wwrite-strings -Wc++-compat -Wstrict-prototypes -Wshadow=local -pedantic  -D_GNU_SOURCE  ../../gcc-15.2.0/libiberty/simple-object-coff.c -o simple-object-coff.o
checking sys/file.h usability... 4
checking size of long... if [ x"" != x ]; then \
  /mingw64/bin/gcc -c -DHAVE_CONFIG_H -g -O2    -I. -I../../gcc-15.2.0/libiberty/../include  -W -Wall -Wwrite-strings -Wc++-compat -Wstrict-prototypes -Wshadow=local -pedantic  -D_GNU_SOURCE   ../../gcc-15.2.0/libiberty/simple-object-elf.c -o pic/simple-object-elf.o; \
else true; fi
yes
checking sys/file.h presence... 4
if [ x"" != x ]; then \
  /mingw64/bin/gcc -c -DHAVE_CONFIG_H -g -O2    -I. -I../../gcc-15.2.0/libiberty/../include  -W -Wall -Wwrite-strings -Wc++-compat -Wstrict-prototypes -Wshadow=local -pedantic  -D_GNU_SOURCE    ../../gcc-15.2.0/libiberty/simple-object-elf.c -o noasan/simple-object-elf.o; \
else true; fi
/mingw64/bin/gcc -c -DHAVE_CONFIG_H -g -O2    -I. -I../../gcc-15.2.0/libiberty/../include  -W -Wall -Wwrite-strings -Wc++-compat -Wstrict-prototypes -Wshadow=local -pedantic  -D_GNU_SOURCE  ../../gcc-15.2.0/libiberty/simple-object-elf.c -o simple-object-elf.o
yes
checking for sys/file.h... yes
no
checking for stack_t... checking whether strnlen is declared... checking for sys/stat.h... (cached) yes
4
checking for ANSI C header files... (cached) yes
checking build system type... no
checking for tputs in -lncurses... checking for clearerr_unlocked... yes
x86_64-w64-mingw32
checking host system type... no
checking for struct stat.st_birthtim.tv_nsec... if [ x"" != x ]; then \
  /mingw64/bin/gcc -c -DHAVE_CONFIG_H -g -O2    -I. -I../../gcc-15.2.0/libiberty/../include  -W -Wall -Wwrite-strings -Wc++-compat -Wstrict-prototypes -Wshadow=local -pedantic  -D_GNU_SOURCE   ../../gcc-15.2.0/libiberty/simple-object-mach-o.c -o pic/simple-object-mach-o.o; \
else true; fi
x86_64-w64-mingw32
checking target system type... if [ x"" != x ]; then \
  /mingw64/bin/gcc -c -DHAVE_CONFIG_H -g -O2    -I. -I../../gcc-15.2.0/libiberty/../include  -W -Wall -Wwrite-strings -Wc++-compat -Wstrict-prototypes -Wshadow=local -pedantic  -D_GNU_SOURCE    ../../gcc-15.2.0/libiberty/simple-object-mach-o.c -o noasan/simple-object-mach-o.o; \
else true; fi
checking whether getpagesize is declared... /mingw64/bin/gcc -c -DHAVE_CONFIG_H -g -O2    -I. -I../../gcc-15.2.0/libiberty/../include  -W -Wall -Wwrite-strings -Wc++-compat -Wstrict-prototypes -Wshadow=local -pedantic  -D_GNU_SOURCE  ../../gcc-15.2.0/libiberty/simple-object-mach-o.c -o simple-object-mach-o.o
i686-pc-elf
checking for decimal floating point... configure: WARNING: decimal float is not supported for this target, ignored
dpd
checking whether byte ordering is bigendian... yes
checking for readline in -lreadline... no
no
checking for feof_unlocked... if [ x"" != x ]; then \
  /mingw64/bin/gcc -c -DHAVE_CONFIG_H -g -O2    -I. -I../../gcc-15.2.0/libiberty/../include  -W -Wall -Wwrite-strings -Wc++-compat -Wstrict-prototypes -Wshadow=local -pedantic  -D_GNU_SOURCE   ../../gcc-15.2.0/libiberty/simple-object-xcoff.c -o pic/simple-object-xcoff.o; \
else true; fi
if [ x"" != x ]; then \
  /mingw64/bin/gcc -c -DHAVE_CONFIG_H -g -O2    -I. -I../../gcc-15.2.0/libiberty/../include  -W -Wall -Wwrite-strings -Wc++-compat -Wstrict-prototypes -Wshadow=local -pedantic  -D_GNU_SOURCE    ../../gcc-15.2.0/libiberty/simple-object-xcoff.c -o noasan/simple-object-xcoff.o; \
else true; fi
checking for lstat... /mingw64/bin/gcc -c -DHAVE_CONFIG_H -g -O2    -I. -I../../gcc-15.2.0/libiberty/../include  -W -Wall -Wwrite-strings -Wc++-compat -Wstrict-prototypes -Wshadow=local -pedantic  -D_GNU_SOURCE  ../../gcc-15.2.0/libiberty/simple-object-xcoff.c -o simple-object-xcoff.o
yes
checking readline/readline.h usability... if [ x"" != x ]; then \
  /mingw64/bin/gcc -c -DHAVE_CONFIG_H -g -O2    -I. -I../../gcc-15.2.0/libiberty/../include  -W -Wall -Wwrite-strings -Wc++-compat -Wstrict-prototypes -Wshadow=local -pedantic  -D_GNU_SOURCE   ../../gcc-15.2.0/libiberty/sort.c -o pic/sort.o; \
else true; fi
yes
checking readline/readline.h presence... if [ x"" != x ]; then \
  /mingw64/bin/gcc -c -DHAVE_CONFIG_H -g -O2    -I. -I../../gcc-15.2.0/libiberty/../include  -W -Wall -Wwrite-strings -Wc++-compat -Wstrict-prototypes -Wshadow=local -pedantic  -D_GNU_SOURCE    ../../gcc-15.2.0/libiberty/sort.c -o noasan/sort.o; \
else true; fi
no
/mingw64/bin/gcc -c -DHAVE_CONFIG_H -g -O2    -I. -I../../gcc-15.2.0/libiberty/../include  -W -Wall -Wwrite-strings -Wc++-compat -Wstrict-prototypes -Wshadow=local -pedantic  -D_GNU_SOURCE  ../../gcc-15.2.0/libiberty/sort.c -o sort.o
no
checking for CET support... no
checking for ferror_unlocked... yes
checking for readline/readline.h... yes
checking readline/history.h usability... no
no
checking for bool, true, false... if [ x"" != x ]; then \
  /mingw64/bin/gcc -c -DHAVE_CONFIG_H -g -O2    -I. -I../../gcc-15.2.0/libiberty/../include  -W -Wall -Wwrite-strings -Wc++-compat -Wstrict-prototypes -Wshadow=local -pedantic  -D_GNU_SOURCE   ../../gcc-15.2.0/libiberty/spaces.c -o pic/spaces.o; \
else true; fi
checking for readlink... if [ x"" != x ]; then \
  /mingw64/bin/gcc -c -DHAVE_CONFIG_H -g -O2    -I. -I../../gcc-15.2.0/libiberty/../include  -W -Wall -Wwrite-strings -Wc++-compat -Wstrict-prototypes -Wshadow=local -pedantic  -D_GNU_SOURCE    ../../gcc-15.2.0/libiberty/spaces.c -o noasan/spaces.o; \
else true; fi
/mingw64/bin/gcc -c -DHAVE_CONFIG_H -g -O2    -I. -I../../gcc-15.2.0/libiberty/../include  -W -Wall -Wwrite-strings -Wc++-compat -Wstrict-prototypes -Wshadow=local -pedantic  -D_GNU_SOURCE  ../../gcc-15.2.0/libiberty/spaces.c -o spaces.o
yes
checking for winsock2.h... (cached) yes
checking for working strnlen... configure: updating cache ./config.cache
yes
checking readline/history.h presence... if [ x"" != x ]; then \
  /mingw64/bin/gcc -c -DHAVE_CONFIG_H -g -O2    -I. -I../../gcc-15.2.0/libiberty/../include  -W -Wall -Wwrite-strings -Wc++-compat -Wstrict-prototypes -Wshadow=local -pedantic  -D_GNU_SOURCE   ../../gcc-15.2.0/libiberty/splay-tree.c -o pic/splay-tree.o; \
else true; fi
if [ x"" != x ]; then \
  /mingw64/bin/gcc -c -DHAVE_CONFIG_H -g -O2    -I. -I../../gcc-15.2.0/libiberty/../include  -W -Wall -Wwrite-strings -Wc++-compat -Wstrict-prototypes -Wshadow=local -pedantic  -D_GNU_SOURCE    ../../gcc-15.2.0/libiberty/splay-tree.c -o noasan/splay-tree.o; \
else true; fi
configure: creating ./config.status
/mingw64/bin/gcc -c -DHAVE_CONFIG_H -g -O2    -I. -I../../gcc-15.2.0/libiberty/../include  -W -Wall -Wwrite-strings -Wc++-compat -Wstrict-prototypes -Wshadow=local -pedantic  -D_GNU_SOURCE  ../../gcc-15.2.0/libiberty/splay-tree.c -o splay-tree.o
yes
checking for readline/history.h... yes
checking readline detected... yes
checking for bison... bison -y
checking for flex... touch lex.yy.c
no
checking lex output file root... lex.yy
checking lex library... checking for fflush_unlocked... no
checking for getexecname... if [ x"" != x ]; then \
  /mingw64/bin/gcc -c -DHAVE_CONFIG_H -g -O2    -I. -I../../gcc-15.2.0/libiberty/../include  -W -Wall -Wwrite-strings -Wc++-compat -Wstrict-prototypes -Wshadow=local -pedantic  -D_GNU_SOURCE   ../../gcc-15.2.0/libiberty/stack-limit.c -o pic/stack-limit.o; \
else true; fi
if [ x"" != x ]; then \
  /mingw64/bin/gcc -c -DHAVE_CONFIG_H -g -O2    -I. -I../../gcc-15.2.0/libiberty/../include  -W -Wall -Wwrite-strings -Wc++-compat -Wstrict-prototypes -Wshadow=local -pedantic  -D_GNU_SOURCE    ../../gcc-15.2.0/libiberty/stack-limit.c -o noasan/stack-limit.o; \
else true; fi
yes
checking for strtoul... /mingw64/bin/gcc -c -DHAVE_CONFIG_H -g -O2    -I. -I../../gcc-15.2.0/libiberty/../include  -W -Wall -Wwrite-strings -Wc++-compat -Wstrict-prototypes -Wshadow=local -pedantic  -D_GNU_SOURCE  ../../gcc-15.2.0/libiberty/stack-limit.c -o stack-limit.o
if [ x"" != x ]; then \
  /mingw64/bin/gcc -c -DHAVE_CONFIG_H -g -O2    -I. -I../../gcc-15.2.0/libiberty/../include  -W -Wall -Wwrite-strings -Wc++-compat -Wstrict-prototypes -Wshadow=local -pedantic  -D_GNU_SOURCE   ../../gcc-15.2.0/libiberty/strerror.c -o pic/strerror.o; \
else true; fi
if [ x"" != x ]; then \
  /mingw64/bin/gcc -c -DHAVE_CONFIG_H -g -O2    -I. -I../../gcc-15.2.0/libiberty/../include  -W -Wall -Wwrite-strings -Wc++-compat -Wstrict-prototypes -Wshadow=local -pedantic  -D_GNU_SOURCE    ../../gcc-15.2.0/libiberty/strerror.c -o noasan/strerror.o; \
else true; fi
/mingw64/bin/gcc -c -DHAVE_CONFIG_H -g -O2    -I. -I../../gcc-15.2.0/libiberty/../include  -W -Wall -Wwrite-strings -Wc++-compat -Wstrict-prototypes -Wshadow=local -pedantic  -D_GNU_SOURCE  ../../gcc-15.2.0/libiberty/strerror.c -o strerror.o
no
yes
checking whether strtoul works... if [ x"" != x ]; then \
  /mingw64/bin/gcc -c -DHAVE_CONFIG_H -g -O2    -I. -I../../gcc-15.2.0/libiberty/../include  -W -Wall -Wwrite-strings -Wc++-compat -Wstrict-prototypes -Wshadow=local -pedantic  -D_GNU_SOURCE   ../../gcc-15.2.0/libiberty/strsignal.c -o pic/strsignal.o; \
else true; fi
if [ x"" != x ]; then \
  /mingw64/bin/gcc -c -DHAVE_CONFIG_H -g -O2    -I. -I../../gcc-15.2.0/libiberty/../include  -W -Wall -Wwrite-strings -Wc++-compat -Wstrict-prototypes -Wshadow=local -pedantic  -D_GNU_SOURCE    ../../gcc-15.2.0/libiberty/strsignal.c -o noasan/strsignal.o; \
else true; fi
checking for fgetc_unlocked... /mingw64/bin/gcc -c -DHAVE_CONFIG_H -g -O2    -I. -I../../gcc-15.2.0/libiberty/../include  -W -Wall -Wwrite-strings -Wc++-compat -Wstrict-prototypes -Wshadow=local -pedantic  -D_GNU_SOURCE  ../../gcc-15.2.0/libiberty/strsignal.c -o strsignal.o
no
checking whether _pgmptr is declared... if [ x"" != x ]; then \
  /mingw64/bin/gcc -c -DHAVE_CONFIG_H -g -O2    -I. -I../../gcc-15.2.0/libiberty/../include  -W -Wall -Wwrite-strings -Wc++-compat -Wstrict-prototypes -Wshadow=local -pedantic  -D_GNU_SOURCE   ../../gcc-15.2.0/libiberty/timeval-utils.c -o pic/timeval-utils.o; \
else true; fi
if [ x"" != x ]; then \
  /mingw64/bin/gcc -c -DHAVE_CONFIG_H -g -O2    -I. -I../../gcc-15.2.0/libiberty/../include  -W -Wall -Wwrite-strings -Wc++-compat -Wstrict-prototypes -Wshadow=local -pedantic  -D_GNU_SOURCE    ../../gcc-15.2.0/libiberty/timeval-utils.c -o noasan/timeval-utils.o; \
else true; fi
/mingw64/bin/gcc -c -DHAVE_CONFIG_H -g -O2    -I. -I../../gcc-15.2.0/libiberty/../include  -W -Wall -Wwrite-strings -Wc++-compat -Wstrict-prototypes -Wshadow=local -pedantic  -D_GNU_SOURCE  ../../gcc-15.2.0/libiberty/timeval-utils.c -o timeval-utils.o
yes
if [ x"" != x ]; then \
  /mingw64/bin/gcc -c -DHAVE_CONFIG_H -g -O2    -I. -I../../gcc-15.2.0/libiberty/../include  -W -Wall -Wwrite-strings -Wc++-compat -Wstrict-prototypes -Wshadow=local -pedantic  -D_GNU_SOURCE   ../../gcc-15.2.0/libiberty/unlink-if-ordinary.c -o pic/unlink-if-ordinary.o; \
else true; fi
checking for KERN_PROC... if [ x"" != x ]; then \
  /mingw64/bin/gcc -c -DHAVE_CONFIG_H -g -O2    -I. -I../../gcc-15.2.0/libiberty/../include  -W -Wall -Wwrite-strings -Wc++-compat -Wstrict-prototypes -Wshadow=local -pedantic  -D_GNU_SOURCE    ../../gcc-15.2.0/libiberty/unlink-if-ordinary.c -o noasan/unlink-if-ordinary.o; \
else true; fi
/mingw64/bin/gcc -c -DHAVE_CONFIG_H -g -O2    -I. -I../../gcc-15.2.0/libiberty/../include  -W -Wall -Wwrite-strings -Wc++-compat -Wstrict-prototypes -Wshadow=local -pedantic  -D_GNU_SOURCE  ../../gcc-15.2.0/libiberty/unlink-if-ordinary.c -o unlink-if-ordinary.o
no
no
checking for sys/single_threaded.h... checking for fgets_unlocked... if [ x"" != x ]; then \
  /mingw64/bin/gcc -c -DHAVE_CONFIG_H -g -O2    -I. -I../../gcc-15.2.0/libiberty/../include  -W -Wall -Wwrite-strings -Wc++-compat -Wstrict-prototypes -Wshadow=local -pedantic  -D_GNU_SOURCE   ../../gcc-15.2.0/libiberty/xasprintf.c -o pic/xasprintf.o; \
else true; fi
if [ x"" != x ]; then \
  /mingw64/bin/gcc -c -DHAVE_CONFIG_H -g -O2    -I. -I../../gcc-15.2.0/libiberty/../include  -W -Wall -Wwrite-strings -Wc++-compat -Wstrict-prototypes -Wshadow=local -pedantic  -D_GNU_SOURCE    ../../gcc-15.2.0/libiberty/xasprintf.c -o noasan/xasprintf.o; \
else true; fi
/mingw64/bin/gcc -c -DHAVE_CONFIG_H -g -O2    -I. -I../../gcc-15.2.0/libiberty/../include  -W -Wall -Wwrite-strings -Wc++-compat -Wstrict-prototypes -Wshadow=local -pedantic  -D_GNU_SOURCE  ../../gcc-15.2.0/libiberty/xasprintf.c -o xasprintf.o
no
checking for KERN_PROG_ARGS... if [ x"" != x ]; then \
  /mingw64/bin/gcc -c -DHAVE_CONFIG_H -g -O2    -I. -I../../gcc-15.2.0/libiberty/../include  -W -Wall -Wwrite-strings -Wc++-compat -Wstrict-prototypes -Wshadow=local -pedantic  -D_GNU_SOURCE   ../../gcc-15.2.0/libiberty/xatexit.c -o pic/xatexit.o; \
else true; fi
none needed
checking whether yytext is a pointer... if [ x"" != x ]; then \
  /mingw64/bin/gcc -c -DHAVE_CONFIG_H -g -O2    -I. -I../../gcc-15.2.0/libiberty/../include  -W -Wall -Wwrite-strings -Wc++-compat -Wstrict-prototypes -Wshadow=local -pedantic  -D_GNU_SOURCE    ../../gcc-15.2.0/libiberty/xatexit.c -o noasan/xatexit.o; \
else true; fi
/mingw64/bin/gcc -c -DHAVE_CONFIG_H -g -O2    -I. -I../../gcc-15.2.0/libiberty/../include  -W -Wall -Wwrite-strings -Wc++-compat -Wstrict-prototypes -Wshadow=local -pedantic  -D_GNU_SOURCE  ../../gcc-15.2.0/libiberty/xatexit.c -o xatexit.o
no
checking for variable-length arrays... no
if [ x"" != x ]; then \
  /mingw64/bin/gcc -c -DHAVE_CONFIG_H -g -O2    -I. -I../../gcc-15.2.0/libiberty/../include  -W -Wall -Wwrite-strings -Wc++-compat -Wstrict-prototypes -Wshadow=local -pedantic  -D_GNU_SOURCE   ../../gcc-15.2.0/libiberty/xexit.c -o pic/xexit.o; \
else true; fi
if [ x"" != x ]; then \
  /mingw64/bin/gcc -c -DHAVE_CONFIG_H -g -O2    -I. -I../../gcc-15.2.0/libiberty/../include  -W -Wall -Wwrite-strings -Wc++-compat -Wstrict-prototypes -Wshadow=local -pedantic  -D_GNU_SOURCE    ../../gcc-15.2.0/libiberty/xexit.c -o noasan/xexit.o; \
else true; fi
no
checking for clock_gettime... checking for fileno_unlocked... /mingw64/bin/gcc -c -DHAVE_CONFIG_H -g -O2    -I. -I../../gcc-15.2.0/libiberty/../include  -W -Wall -Wwrite-strings -Wc++-compat -Wstrict-prototypes -Wshadow=local -pedantic  -D_GNU_SOURCE  ../../gcc-15.2.0/libiberty/xexit.c -o xexit.o
if [ x"" != x ]; then \
  /mingw64/bin/gcc -c -DHAVE_CONFIG_H -g -O2    -I. -I../../gcc-15.2.0/libiberty/../include  -W -Wall -Wwrite-strings -Wc++-compat -Wstrict-prototypes -Wshadow=local -pedantic  -D_GNU_SOURCE   ../../gcc-15.2.0/libiberty/xmalloc.c -o pic/xmalloc.o; \
else true; fi
if [ x"" != x ]; then \
  /mingw64/bin/gcc -c -DHAVE_CONFIG_H -g -O2    -I. -I../../gcc-15.2.0/libiberty/../include  -W -Wall -Wwrite-strings -Wc++-compat -Wstrict-prototypes -Wshadow=local -pedantic  -D_GNU_SOURCE    ../../gcc-15.2.0/libiberty/xmalloc.c -o noasan/xmalloc.o; \
else true; fi
/mingw64/bin/gcc -c -DHAVE_CONFIG_H -g -O2    -I. -I../../gcc-15.2.0/libiberty/../include  -W -Wall -Wwrite-strings -Wc++-compat -Wstrict-prototypes -Wshadow=local -pedantic  -D_GNU_SOURCE  ../../gcc-15.2.0/libiberty/xmalloc.c -o xmalloc.o
no
yes
creating config.m4
config.status: creating Makefile
yes
checking whether wcwidth is declared... checking whether -pthread is supported... if [ x"" != x ]; then \
  /mingw64/bin/gcc -c -DHAVE_CONFIG_H -g -O2    -I. -I../../gcc-15.2.0/libiberty/../include  -W -Wall -Wwrite-strings -Wc++-compat -Wstrict-prototypes -Wshadow=local -pedantic  -D_GNU_SOURCE   ../../gcc-15.2.0/libiberty/xmemdup.c -o pic/xmemdup.o; \
else true; fi
if [ x"" != x ]; then \
  /mingw64/bin/gcc -c -DHAVE_CONFIG_H -g -O2    -I. -I../../gcc-15.2.0/libiberty/../include  -W -Wall -Wwrite-strings -Wc++-compat -Wstrict-prototypes -Wshadow=local -pedantic  -D_GNU_SOURCE    ../../gcc-15.2.0/libiberty/xmemdup.c -o noasan/xmemdup.o; \
else true; fi
/mingw64/bin/gcc -c -DHAVE_CONFIG_H -g -O2    -I. -I../../gcc-15.2.0/libiberty/../include  -W -Wall -Wwrite-strings -Wc++-compat -Wstrict-prototypes -Wshadow=local -pedantic  -D_GNU_SOURCE  ../../gcc-15.2.0/libiberty/xmemdup.c -o xmemdup.o
no
yes
checking whether -gdwarf-5 is supported... checking for fprintf_unlocked... if [ x"" != x ]; then \
  /mingw64/bin/gcc -c -DHAVE_CONFIG_H -g -O2    -I. -I../../gcc-15.2.0/libiberty/../include  -W -Wall -Wwrite-strings -Wc++-compat -Wstrict-prototypes -Wshadow=local -pedantic  -D_GNU_SOURCE   ../../gcc-15.2.0/libiberty/xstrdup.c -o pic/xstrdup.o; \
else true; fi
config.status: creating config.h
if [ x"" != x ]; then \
  /mingw64/bin/gcc -c -DHAVE_CONFIG_H -g -O2    -I. -I../../gcc-15.2.0/libiberty/../include  -W -Wall -Wwrite-strings -Wc++-compat -Wstrict-prototypes -Wshadow=local -pedantic  -D_GNU_SOURCE    ../../gcc-15.2.0/libiberty/xstrdup.c -o noasan/xstrdup.o; \
else true; fi
/mingw64/bin/gcc -c -DHAVE_CONFIG_H -g -O2    -I. -I../../gcc-15.2.0/libiberty/../include  -W -Wall -Wwrite-strings -Wc++-compat -Wstrict-prototypes -Wshadow=local -pedantic  -D_GNU_SOURCE  ../../gcc-15.2.0/libiberty/xstrdup.c -o xstrdup.o
configure: updating cache ./config.cache
if [ x"" != x ]; then \
  /mingw64/bin/gcc -c -DHAVE_CONFIG_H -g -O2    -I. -I../../gcc-15.2.0/libiberty/../include  -W -Wall -Wwrite-strings -Wc++-compat -Wstrict-prototypes -Wshadow=local -pedantic  -D_GNU_SOURCE   ../../gcc-15.2.0/libiberty/xstrerror.c -o pic/xstrerror.o; \
else true; fi
checking that generated files are newer than configure... done
configure: creating ./config.status
if [ x"" != x ]; then \
  /mingw64/bin/gcc -c -DHAVE_CONFIG_H -g -O2    -I. -I../../gcc-15.2.0/libiberty/../include  -W -Wall -Wwrite-strings -Wc++-compat -Wstrict-prototypes -Wshadow=local -pedantic  -D_GNU_SOURCE    ../../gcc-15.2.0/libiberty/xstrerror.c -o noasan/xstrerror.o; \
else true; fi
yes
checking for compress in -lz... config.status: executing gstdint.h commands
/mingw64/bin/gcc -c -DHAVE_CONFIG_H -g -O2    -I. -I../../gcc-15.2.0/libiberty/../include  -W -Wall -Wwrite-strings -Wc++-compat -Wstrict-prototypes -Wshadow=local -pedantic  -D_GNU_SOURCE  ../../gcc-15.2.0/libiberty/xstrerror.c -o xstrerror.o
no
checking whether wcwidth is a macro... if [ x"" != x ]; then \
  /mingw64/bin/gcc -c -DHAVE_CONFIG_H -g -O2    -I. -I../../gcc-15.2.0/libiberty/../include  -W -Wall -Wwrite-strings -Wc++-compat -Wstrict-prototypes -Wshadow=local -pedantic  -D_GNU_SOURCE   ../../gcc-15.2.0/libiberty/xstrndup.c -o pic/xstrndup.o; \
else true; fi
if [ x"" != x ]; then \
  /mingw64/bin/gcc -c -DHAVE_CONFIG_H -g -O2    -I. -I../../gcc-15.2.0/libiberty/../include  -W -Wall -Wwrite-strings -Wc++-compat -Wstrict-prototypes -Wshadow=local -pedantic  -D_GNU_SOURCE    ../../gcc-15.2.0/libiberty/xstrndup.c -o noasan/xstrndup.o; \
else true; fi
no
no
/mingw64/bin/gcc -c -DHAVE_CONFIG_H -g -O2    -I. -I../../gcc-15.2.0/libiberty/../include  -W -Wall -Wwrite-strings -Wc++-compat -Wstrict-prototypes -Wshadow=local -pedantic  -D_GNU_SOURCE  ../../gcc-15.2.0/libiberty/xstrndup.c -o xstrndup.o
checking for fputc_unlocked... checking for size_t... (cached) yes
checking for setlocale... yes
checking whether --build-id is supported... if [ x"" != x ]; then \
  /mingw64/bin/gcc -c -DHAVE_CONFIG_H -g -O2    -I. -I../../gcc-15.2.0/libiberty/../include  -W -Wall -Wwrite-strings -Wc++-compat -Wstrict-prototypes -Wshadow=local -pedantic  -D_GNU_SOURCE   ../../gcc-15.2.0/libiberty/xvasprintf.c -o pic/xvasprintf.o; \
else true; fi
if [ x"" != x ]; then \
  /mingw64/bin/gcc -c -DHAVE_CONFIG_H -g -O2    -I. -I../../gcc-15.2.0/libiberty/../include  -W -Wall -Wwrite-strings -Wc++-compat -Wstrict-prototypes -Wshadow=local -pedantic  -D_GNU_SOURCE    ../../gcc-15.2.0/libiberty/xvasprintf.c -o noasan/xvasprintf.o; \
else true; fi
/mingw64/bin/gcc -c -DHAVE_CONFIG_H -g -O2    -I. -I../../gcc-15.2.0/libiberty/../include  -W -Wall -Wwrite-strings -Wc++-compat -Wstrict-prototypes -Wshadow=local -pedantic  -D_GNU_SOURCE  ../../gcc-15.2.0/libiberty/xvasprintf.c -o xvasprintf.o
if [ x"" != x ]; then \
  /mingw64/bin/gcc -c -DHAVE_CONFIG_H -g -O2    -I. -I../../gcc-15.2.0/libiberty/../include  -W -Wall -Wwrite-strings -Wc++-compat -Wstrict-prototypes -Wshadow=local -pedantic  -D_GNU_SOURCE   ../../gcc-15.2.0/libiberty/bcmp.c -o pic/bcmp.o; \
else true; fi
if [ x"" != x ]; then \
  /mingw64/bin/gcc -c -DHAVE_CONFIG_H -g -O2    -I. -I../../gcc-15.2.0/libiberty/../include  -W -Wall -Wwrite-strings -Wc++-compat -Wstrict-prototypes -Wshadow=local -pedantic  -D_GNU_SOURCE    ../../gcc-15.2.0/libiberty/bcmp.c -o noasan/bcmp.o; \
else true; fi
/mingw64/bin/gcc -c -DHAVE_CONFIG_H -g -O2    -I. -I../../gcc-15.2.0/libiberty/../include  -W -Wall -Wwrite-strings -Wc++-compat -Wstrict-prototypes -Wshadow=local -pedantic  -D_GNU_SOURCE  ../../gcc-15.2.0/libiberty/bcmp.c -o bcmp.o
yes
checking for perl... /usr/bin/perl
checking whether the C++ compiler (/mingw64/bin/g++ -g -O2   -static-libstdc++ -static-libgcc -Wl,--stack,12582912) works... yes
checking whether --compress-debug-sections=zlib-gnu is supported... if [ x"" != x ]; then \
  /mingw64/bin/gcc -c -DHAVE_CONFIG_H -g -O2    -I. -I../../gcc-15.2.0/libiberty/../include  -W -Wall -Wwrite-strings -Wc++-compat -Wstrict-prototypes -Wshadow=local -pedantic  -D_GNU_SOURCE   ../../gcc-15.2.0/libiberty/bcopy.c -o pic/bcopy.o; \
else true; fi
no
if [ x"" != x ]; then \
  /mingw64/bin/gcc -c -DHAVE_CONFIG_H -g -O2    -I. -I../../gcc-15.2.0/libiberty/../include  -W -Wall -Wwrite-strings -Wc++-compat -Wstrict-prototypes -Wshadow=local -pedantic  -D_GNU_SOURCE    ../../gcc-15.2.0/libiberty/bcopy.c -o noasan/bcopy.o; \
else true; fi
/mingw64/bin/gcc -c -DHAVE_CONFIG_H -g -O2    -I. -I../../gcc-15.2.0/libiberty/../include  -W -Wall -Wwrite-strings -Wc++-compat -Wstrict-prototypes -Wshadow=local -pedantic  -D_GNU_SOURCE  ../../gcc-15.2.0/libiberty/bcopy.c -o bcopy.o
checking for fputs_unlocked... if [ x"" != x ]; then \
  /mingw64/bin/gcc -c -DHAVE_CONFIG_H -g -O2    -I. -I../../gcc-15.2.0/libiberty/../include  -W -Wall -Wwrite-strings -Wc++-compat -Wstrict-prototypes -Wshadow=local -pedantic  -D_GNU_SOURCE   ../../gcc-15.2.0/libiberty/bzero.c -o pic/bzero.o; \
else true; fi
make[1]: Entering directory '/c/Users/Syf/Desktop/BS4/tools/gcc-build-mingw/build-x86_64-w64-mingw32/libiberty'
if [ x"" != x ] && [ ! -d pic ]; then \
  mkdir pic; \
else true; fi
if [ x"" != x ]; then \
  /mingw64/bin/gcc -c -DHAVE_CONFIG_H -g -O2    -I. -I../../gcc-15.2.0/libiberty/../include  -W -Wall -Wwrite-strings -Wc++-compat -Wstrict-prototypes -Wshadow=local -pedantic  -D_GNU_SOURCE    ../../gcc-15.2.0/libiberty/bzero.c -o noasan/bzero.o; \
else true; fi
/mingw64/bin/gcc -c -DHAVE_CONFIG_H -g -O2    -I. -I../../gcc-15.2.0/libiberty/../include  -W -Wall -Wwrite-strings -Wc++-compat -Wstrict-prototypes -Wshadow=local -pedantic  -D_GNU_SOURCE  ../../gcc-15.2.0/libiberty/bzero.c -o bzero.o
touch stamp-picdir
if [ x"" != x ] && [ ! -d noasan ]; then \
  mkdir noasan; \
else true; fi
yes
checking whether the C++ compiler supports namespaces... touch stamp-noasandir
if [ x"" != x ]; then \
  /mingw64/bin/gcc -c -DHAVE_CONFIG_H -g -O2  -I. -I../../../gcc-15.2.0/libiberty/../include  -W -Wall -Wwrite-strings -Wc++-compat -Wstrict-prototypes -Wshadow=local -pedantic  -D_GNU_SOURCE   ../../../gcc-15.2.0/libiberty/dwarfnames.c -o pic/dwarfnames.o; \
else true; fi
if [ x"" != x ]; then \
  /mingw64/bin/gcc -c -DHAVE_CONFIG_H -g -O2    -I. -I../../gcc-15.2.0/libiberty/../include  -W -Wall -Wwrite-strings -Wc++-compat -Wstrict-prototypes -Wshadow=local -pedantic  -D_GNU_SOURCE   ../../gcc-15.2.0/libiberty/ffs.c -o pic/ffs.o; \
else true; fi
no
checking whether --compress-debug-sections=zlib-gabi is supported... if [ x"" != x ]; then \
  /mingw64/bin/gcc -c -DHAVE_CONFIG_H -g -O2  -I. -I../../../gcc-15.2.0/libiberty/../include  -W -Wall -Wwrite-strings -Wc++-compat -Wstrict-prototypes -Wshadow=local -pedantic  -D_GNU_SOURCE    ../../../gcc-15.2.0/libiberty/dwarfnames.c -o noasan/dwarfnames.o; \
else true; fi
if [ x"" != x ]; then \
  /mingw64/bin/gcc -c -DHAVE_CONFIG_H -g -O2    -I. -I../../gcc-15.2.0/libiberty/../include  -W -Wall -Wwrite-strings -Wc++-compat -Wstrict-prototypes -Wshadow=local -pedantic  -D_GNU_SOURCE    ../../gcc-15.2.0/libiberty/ffs.c -o noasan/ffs.o; \
else true; fi
/mingw64/bin/gcc -c -DHAVE_CONFIG_H -g -O2    -I. -I../../gcc-15.2.0/libiberty/../include  -W -Wall -Wwrite-strings -Wc++-compat -Wstrict-prototypes -Wshadow=local -pedantic  -D_GNU_SOURCE  ../../gcc-15.2.0/libiberty/ffs.c -o ffs.o
/mingw64/bin/gcc -c -DHAVE_CONFIG_H -g -O2  -I. -I../../../gcc-15.2.0/libiberty/../include  -W -Wall -Wwrite-strings -Wc++-compat -Wstrict-prototypes -Wshadow=local -pedantic  -D_GNU_SOURCE  ../../../gcc-15.2.0/libiberty/dwarfnames.c -o dwarfnames.o
if [ x"" != x ]; then \
  /mingw64/bin/gcc -c -DHAVE_CONFIG_H -g -O2    -I. -I../../gcc-15.2.0/libiberty/../include  -W -Wall -Wwrite-strings -Wc++-compat -Wstrict-prototypes -Wshadow=local -pedantic  -D_GNU_SOURCE   ../../gcc-15.2.0/libiberty/index.c -o pic/index.o; \
else true; fi
no
if [ x"" != x ]; then \
  /mingw64/bin/gcc -c -DHAVE_CONFIG_H -g -O2    -I. -I../../gcc-15.2.0/libiberty/../include  -W -Wall -Wwrite-strings -Wc++-compat -Wstrict-prototypes -Wshadow=local -pedantic  -D_GNU_SOURCE    ../../gcc-15.2.0/libiberty/index.c -o noasan/index.o; \
else true; fi
/mingw64/bin/gcc -c -DHAVE_CONFIG_H -g -O2    -I. -I../../gcc-15.2.0/libiberty/../include  -W -Wall -Wwrite-strings -Wc++-compat -Wstrict-prototypes -Wshadow=local -pedantic  -D_GNU_SOURCE  ../../gcc-15.2.0/libiberty/index.c -o index.o
checking for fread_unlocked... if [ x"" != x ]; then \
  /mingw64/bin/gcc -c -DHAVE_CONFIG_H -g -O2  -I. -I../../../gcc-15.2.0/libiberty/../include  -W -Wall -Wwrite-strings -Wc++-compat -Wstrict-prototypes -Wshadow=local -pedantic  -D_GNU_SOURCE   ../../../gcc-15.2.0/libiberty/dyn-string.c -o pic/dyn-string.o; \
else true; fi
if [ x"" != x ]; then \
  /mingw64/bin/gcc -c -DHAVE_CONFIG_H -g -O2  -I. -I../../../gcc-15.2.0/libiberty/../include  -W -Wall -Wwrite-strings -Wc++-compat -Wstrict-prototypes -Wshadow=local -pedantic  -D_GNU_SOURCE    ../../../gcc-15.2.0/libiberty/dyn-string.c -o noasan/dyn-string.o; \
else true; fi
/mingw64/bin/gcc -c -DHAVE_CONFIG_H -g -O2  -I. -I../../../gcc-15.2.0/libiberty/../include  -W -Wall -Wwrite-strings -Wc++-compat -Wstrict-prototypes -Wshadow=local -pedantic  -D_GNU_SOURCE  ../../../gcc-15.2.0/libiberty/dyn-string.c -o dyn-string.o
if [ x"" != x ]; then \
  /mingw64/bin/gcc -c -DHAVE_CONFIG_H -g -O2    -I. -I../../gcc-15.2.0/libiberty/../include  -W -Wall -Wwrite-strings -Wc++-compat -Wstrict-prototypes -Wshadow=local -pedantic  -D_GNU_SOURCE   ../../gcc-15.2.0/libiberty/insque.c -o pic/insque.o; \
else true; fi
if [ x"" != x ]; then \
  /mingw64/bin/gcc -c -DHAVE_CONFIG_H -g -O2    -I. -I../../gcc-15.2.0/libiberty/../include  -W -Wall -Wwrite-strings -Wc++-compat -Wstrict-prototypes -Wshadow=local -pedantic  -D_GNU_SOURCE    ../../gcc-15.2.0/libiberty/insque.c -o noasan/insque.o; \
else true; fi
no
checking for ZSTD_compress in -lzstd... /mingw64/bin/gcc -c -DHAVE_CONFIG_H -g -O2    -I. -I../../gcc-15.2.0/libiberty/../include  -W -Wall -Wwrite-strings -Wc++-compat -Wstrict-prototypes -Wshadow=local -pedantic  -D_GNU_SOURCE  ../../gcc-15.2.0/libiberty/insque.c -o insque.o
if [ x"" != x ]; then \
  /mingw64/bin/gcc -c -DHAVE_CONFIG_H -g -O2    -I. -I../../gcc-15.2.0/libiberty/../include  -W -Wall -Wwrite-strings -Wc++-compat -Wstrict-prototypes -Wshadow=local -pedantic  -D_GNU_SOURCE   ../../gcc-15.2.0/libiberty/memrchr.c -o pic/memrchr.o; \
else true; fi
if [ x"" != x ]; then \
  /mingw64/bin/gcc -c -DHAVE_CONFIG_H -g -O2  -I. -I../../../gcc-15.2.0/libiberty/../include  -W -Wall -Wwrite-strings -Wc++-compat -Wstrict-prototypes -Wshadow=local -pedantic  -D_GNU_SOURCE   ../../../gcc-15.2.0/libiberty/fdmatch.c -o pic/fdmatch.o; \
else true; fi
if [ x"" != x ]; then \
  /mingw64/bin/gcc -c -DHAVE_CONFIG_H -g -O2    -I. -I../../gcc-15.2.0/libiberty/../include  -W -Wall -Wwrite-strings -Wc++-compat -Wstrict-prototypes -Wshadow=local -pedantic  -D_GNU_SOURCE    ../../gcc-15.2.0/libiberty/memrchr.c -o noasan/memrchr.o; \
else true; fi
if [ x"" != x ]; then \
  /mingw64/bin/gcc -c -DHAVE_CONFIG_H -g -O2  -I. -I../../../gcc-15.2.0/libiberty/../include  -W -Wall -Wwrite-strings -Wc++-compat -Wstrict-prototypes -Wshadow=local -pedantic  -D_GNU_SOURCE    ../../../gcc-15.2.0/libiberty/fdmatch.c -o noasan/fdmatch.o; \
else true; fi
/mingw64/bin/gcc -c -DHAVE_CONFIG_H -g -O2    -I. -I../../gcc-15.2.0/libiberty/../include  -W -Wall -Wwrite-strings -Wc++-compat -Wstrict-prototypes -Wshadow=local -pedantic  -D_GNU_SOURCE  ../../gcc-15.2.0/libiberty/memrchr.c -o memrchr.o
/mingw64/bin/gcc -c -DHAVE_CONFIG_H -g -O2  -I. -I../../../gcc-15.2.0/libiberty/../include  -W -Wall -Wwrite-strings -Wc++-compat -Wstrict-prototypes -Wshadow=local -pedantic  -D_GNU_SOURCE  ../../../gcc-15.2.0/libiberty/fdmatch.c -o fdmatch.o
yes
checking dependency style of /mingw64/bin/g++... (cached) gcc3
checking whether the compiler supports GNU C++... (cached) yes
checking whether /mingw64/bin/g++ accepts -g... (cached) yes
no
yes
checking whether --compress-debug-sections=zstd is supported... if [ x"" != x ]; then \
  /mingw64/bin/gcc -c -DHAVE_CONFIG_H -g -O2    -I. -I../../gcc-15.2.0/libiberty/../include  -W -Wall -Wwrite-strings -Wc++-compat -Wstrict-prototypes -Wshadow=local -pedantic  -D_GNU_SOURCE   ../../gcc-15.2.0/libiberty/memmem.c -o pic/memmem.o; \
else true; fi
if [ x"" != x ]; then \
  /mingw64/bin/gcc -c -DHAVE_CONFIG_H -g -O2  -I. -I../../../gcc-15.2.0/libiberty/../include  -W -Wall -Wwrite-strings -Wc++-compat -Wstrict-prototypes -Wshadow=local -pedantic  -D_GNU_SOURCE   ../../../gcc-15.2.0/libiberty/fibheap.c -o pic/fibheap.o; \
else true; fi
if [ x"" != x ]; then \
  /mingw64/bin/gcc -c -DHAVE_CONFIG_H -g -O2    -I. -I../../gcc-15.2.0/libiberty/../include  -W -Wall -Wwrite-strings -Wc++-compat -Wstrict-prototypes -Wshadow=local -pedantic  -D_GNU_SOURCE    ../../gcc-15.2.0/libiberty/memmem.c -o noasan/memmem.o; \
else true; fi
checking for fwrite_unlocked... if [ x"" != x ]; then \
  /mingw64/bin/gcc -c -DHAVE_CONFIG_H -g -O2  -I. -I../../../gcc-15.2.0/libiberty/../include  -W -Wall -Wwrite-strings -Wc++-compat -Wstrict-prototypes -Wshadow=local -pedantic  -D_GNU_SOURCE    ../../../gcc-15.2.0/libiberty/fibheap.c -o noasan/fibheap.o; \
else true; fi
/mingw64/bin/gcc -c -DHAVE_CONFIG_H -g -O2    -I. -I../../gcc-15.2.0/libiberty/../include  -W -Wall -Wwrite-strings -Wc++-compat -Wstrict-prototypes -Wshadow=local -pedantic  -D_GNU_SOURCE  ../../gcc-15.2.0/libiberty/memmem.c -o memmem.o
/mingw64/bin/gcc -c -DHAVE_CONFIG_H -g -O2  -I. -I../../../gcc-15.2.0/libiberty/../include  -W -Wall -Wwrite-strings -Wc++-compat -Wstrict-prototypes -Wshadow=local -pedantic  -D_GNU_SOURCE  ../../../gcc-15.2.0/libiberty/fibheap.c -o fibheap.o
if [ x"" != x ]; then \
  /mingw64/bin/gcc -c -DHAVE_CONFIG_H -g -O2    -I. -I../../gcc-15.2.0/libiberty/../include  -W -Wall -Wwrite-strings -Wc++-compat -Wstrict-prototypes -Wshadow=local -pedantic  -D_GNU_SOURCE   ../../gcc-15.2.0/libiberty/mkstemps.c -o pic/mkstemps.o; \
else true; fi
configure: updating cache ./config.cache
if [ x"" != x ]; then \
  /mingw64/bin/gcc -c -DHAVE_CONFIG_H -g -O2    -I. -I../../gcc-15.2.0/libiberty/../include  -W -Wall -Wwrite-strings -Wc++-compat -Wstrict-prototypes -Wshadow=local -pedantic  -D_GNU_SOURCE    ../../gcc-15.2.0/libiberty/mkstemps.c -o noasan/mkstemps.o; \
else true; fi
/mingw64/bin/gcc -c -DHAVE_CONFIG_H -g -O2    -I. -I../../gcc-15.2.0/libiberty/../include  -W -Wall -Wwrite-strings -Wc++-compat -Wstrict-prototypes -Wshadow=local -pedantic  -D_GNU_SOURCE  ../../gcc-15.2.0/libiberty/mkstemps.c -o mkstemps.o
checking that generated files are newer than configure... done
if [ x"" != x ]; then \
  /mingw64/bin/gcc -c -DHAVE_CONFIG_H -g -O2  -I. -I../../../gcc-15.2.0/libiberty/../include  -W -Wall -Wwrite-strings -Wc++-compat -Wstrict-prototypes -Wshadow=local -pedantic  -D_GNU_SOURCE   ../../../gcc-15.2.0/libiberty/filedescriptor.c -o pic/filedescriptor.o; \
else true; fi
if [ x"" != x ]; then \
  /mingw64/bin/gcc -c -DHAVE_CONFIG_H -g -O2  -I. -I../../../gcc-15.2.0/libiberty/../include  -W -Wall -Wwrite-strings -Wc++-compat -Wstrict-prototypes -Wshadow=local -pedantic  -D_GNU_SOURCE    ../../../gcc-15.2.0/libiberty/filedescriptor.c -o noasan/filedescriptor.o; \
else true; fi
/mingw64/bin/gcc -c -DHAVE_CONFIG_H -g -O2  -I. -I../../../gcc-15.2.0/libiberty/../include  -W -Wall -Wwrite-strings -Wc++-compat -Wstrict-prototypes -Wshadow=local -pedantic  -D_GNU_SOURCE  ../../../gcc-15.2.0/libiberty/filedescriptor.c -o filedescriptor.o
if [ x"" != x ]; then \
  /mingw64/bin/gcc -c -DHAVE_CONFIG_H -g -O2    -I. -I../../gcc-15.2.0/libiberty/../include  -W -Wall -Wwrite-strings -Wc++-compat -Wstrict-prototypes -Wshadow=local -pedantic  -D_GNU_SOURCE   ../../gcc-15.2.0/libiberty/random.c -o pic/random.o; \
else true; fi
no
checking for objcopy... objcopy
checking for readelf... readelf
checking whether objcopy supports debuglink... if [ x"" != x ]; then \
  /mingw64/bin/gcc -c -DHAVE_CONFIG_H -g -O2    -I. -I../../gcc-15.2.0/libiberty/../include  -W -Wall -Wwrite-strings -Wc++-compat -Wstrict-prototypes -Wshadow=local -pedantic  -D_GNU_SOURCE    ../../gcc-15.2.0/libiberty/random.c -o noasan/random.o; \
else true; fi
no
/mingw64/bin/gcc -c -DHAVE_CONFIG_H -g -O2    -I. -I../../gcc-15.2.0/libiberty/../include  -W -Wall -Wwrite-strings -Wc++-compat -Wstrict-prototypes -Wshadow=local -pedantic  -D_GNU_SOURCE  ../../gcc-15.2.0/libiberty/random.c -o random.o
checking for getchar_unlocked... yes
checking for dsymutil... dsymutil
checking for nm... /mingw64/bin/nm -B
checking for xz... xz
checking for comm... comm
checking for lzma_auto_decoder in -llzma... if [ x"" != x ]; then \
  /mingw64/bin/gcc -c -DHAVE_CONFIG_H -g -O2    -I. -I../../gcc-15.2.0/libiberty/../include  -W -Wall -Wwrite-strings -Wc++-compat -Wstrict-prototypes -Wshadow=local -pedantic  -D_GNU_SOURCE   ../../gcc-15.2.0/libiberty/rindex.c -o pic/rindex.o; \
else true; fi
if [ x"" != x ]; then \
  /mingw64/bin/gcc -c -DHAVE_CONFIG_H -g -O2    -I. -I../../gcc-15.2.0/libiberty/../include  -W -Wall -Wwrite-strings -Wc++-compat -Wstrict-prototypes -Wshadow=local -pedantic  -D_GNU_SOURCE    ../../gcc-15.2.0/libiberty/rindex.c -o noasan/rindex.o; \
else true; fi
/mingw64/bin/gcc -c -DHAVE_CONFIG_H -g -O2    -I. -I../../gcc-15.2.0/libiberty/../include  -W -Wall -Wwrite-strings -Wc++-compat -Wstrict-prototypes -Wshadow=local -pedantic  -D_GNU_SOURCE  ../../gcc-15.2.0/libiberty/rindex.c -o rindex.o
if [ x"" != x ]; then \
  /mingw64/bin/gcc -c -DHAVE_CONFIG_H -g -O2    -I. -I../../gcc-15.2.0/libiberty/../include  -W -Wall -Wwrite-strings -Wc++-compat -Wstrict-prototypes -Wshadow=local -pedantic  -D_GNU_SOURCE   ../../gcc-15.2.0/libiberty/setenv.c -o pic/setenv.o; \
else true; fi
configure: creating ./config.status
if [ x"" != x ]; then \
  /mingw64/bin/gcc -c -DHAVE_CONFIG_H -g -O2    -I. -I../../gcc-15.2.0/libiberty/../include  -W -Wall -Wwrite-strings -Wc++-compat -Wstrict-prototypes -Wshadow=local -pedantic  -D_GNU_SOURCE    ../../gcc-15.2.0/libiberty/setenv.c -o noasan/setenv.o; \
else true; fi
/mingw64/bin/gcc -c -DHAVE_CONFIG_H -g -O2    -I. -I../../gcc-15.2.0/libiberty/../include  -W -Wall -Wwrite-strings -Wc++-compat -Wstrict-prototypes -Wshadow=local -pedantic  -D_GNU_SOURCE  ../../gcc-15.2.0/libiberty/setenv.c -o setenv.o
yes
checking whether tests can run... no
if [ x"" != x ]; then \
  /mingw64/bin/gcc -c -DHAVE_CONFIG_H -g -O2  -I. -I../../../gcc-15.2.0/libiberty/../include  -W -Wall -Wwrite-strings -Wc++-compat -Wstrict-prototypes -Wshadow=local -pedantic  -D_GNU_SOURCE   ../../../gcc-15.2.0/libiberty/filename_cmp.c -o pic/filename_cmp.o; \
else true; fi
if [ x"" != x ]; then \
  /mingw64/bin/gcc -c -DHAVE_CONFIG_H -g -O2    -I. -I../../gcc-15.2.0/libiberty/../include  -W -Wall -Wwrite-strings -Wc++-compat -Wstrict-prototypes -Wshadow=local -pedantic  -D_GNU_SOURCE   ../../gcc-15.2.0/libiberty/sigsetmask.c -o pic/sigsetmask.o; \
else true; fi
if [ x"" != x ]; then \
  /mingw64/bin/gcc -c -DHAVE_CONFIG_H -g -O2  -I. -I../../../gcc-15.2.0/libiberty/../include  -W -Wall -Wwrite-strings -Wc++-compat -Wstrict-prototypes -Wshadow=local -pedantic  -D_GNU_SOURCE    ../../../gcc-15.2.0/libiberty/filename_cmp.c -o noasan/filename_cmp.o; \
else true; fi
if [ x"" != x ]; then \
  /mingw64/bin/gcc -c -DHAVE_CONFIG_H -g -O2    -I. -I../../gcc-15.2.0/libiberty/../include  -W -Wall -Wwrite-strings -Wc++-compat -Wstrict-prototypes -Wshadow=local -pedantic  -D_GNU_SOURCE    ../../gcc-15.2.0/libiberty/sigsetmask.c -o noasan/sigsetmask.o; \
else true; fi
checking for getc_unlocked... /mingw64/bin/gcc -c -DHAVE_CONFIG_H -g -O2  -I. -I../../../gcc-15.2.0/libiberty/../include  -W -Wall -Wwrite-strings -Wc++-compat -Wstrict-prototypes -Wshadow=local -pedantic  -D_GNU_SOURCE  ../../../gcc-15.2.0/libiberty/filename_cmp.c -o filename_cmp.o
/mingw64/bin/gcc -c -DHAVE_CONFIG_H -g -O2    -I. -I../../gcc-15.2.0/libiberty/../include  -W -Wall -Wwrite-strings -Wc++-compat -Wstrict-prototypes -Wshadow=local -pedantic  -D_GNU_SOURCE  ../../gcc-15.2.0/libiberty/sigsetmask.c -o sigsetmask.o
if [ x"" != x ]; then \
  /mingw64/bin/gcc -c -DHAVE_CONFIG_H -g -O2    -I. -I../../gcc-15.2.0/libiberty/../include  -W -Wall -Wwrite-strings -Wc++-compat -Wstrict-prototypes -Wshadow=local -pedantic  -D_GNU_SOURCE   ../../gcc-15.2.0/libiberty/stpcpy.c -o pic/stpcpy.o; \
else true; fi
if [ x"" != x ]; then \
  /mingw64/bin/gcc -c -DHAVE_CONFIG_H -g -O2    -I. -I../../gcc-15.2.0/libiberty/../include  -W -Wall -Wwrite-strings -Wc++-compat -Wstrict-prototypes -Wshadow=local -pedantic  -D_GNU_SOURCE    ../../gcc-15.2.0/libiberty/stpcpy.c -o noasan/stpcpy.o; \
else true; fi
if [ x"" != x ]; then \
  /mingw64/bin/gcc -c -DHAVE_CONFIG_H -g -O2  -I. -I../../../gcc-15.2.0/libiberty/../include  -W -Wall -Wwrite-strings -Wc++-compat -Wstrict-prototypes -Wshadow=local -pedantic  -D_GNU_SOURCE   ../../../gcc-15.2.0/libiberty/floatformat.c -o pic/floatformat.o; \
else true; fi
/mingw64/bin/gcc -c -DHAVE_CONFIG_H -g -O2    -I. -I../../gcc-15.2.0/libiberty/../include  -W -Wall -Wwrite-strings -Wc++-compat -Wstrict-prototypes -Wshadow=local -pedantic  -D_GNU_SOURCE  ../../gcc-15.2.0/libiberty/stpcpy.c -o stpcpy.o
yes
if [ x"" != x ]; then \
  /mingw64/bin/gcc -c -DHAVE_CONFIG_H -g -O2  -I. -I../../../gcc-15.2.0/libiberty/../include  -W -Wall -Wwrite-strings -Wc++-compat -Wstrict-prototypes -Wshadow=local -pedantic  -D_GNU_SOURCE    ../../../gcc-15.2.0/libiberty/floatformat.c -o noasan/floatformat.o; \
else true; fi
/mingw64/bin/gcc -c -DHAVE_CONFIG_H -g -O2  -I. -I../../../gcc-15.2.0/libiberty/../include  -W -Wall -Wwrite-strings -Wc++-compat -Wstrict-prototypes -Wshadow=local -pedantic  -D_GNU_SOURCE  ../../../gcc-15.2.0/libiberty/floatformat.c -o floatformat.o
if [ x"" != x ]; then \
  /mingw64/bin/gcc -c -DHAVE_CONFIG_H -g -O2    -I. -I../../gcc-15.2.0/libiberty/../include  -W -Wall -Wwrite-strings -Wc++-compat -Wstrict-prototypes -Wshadow=local -pedantic  -D_GNU_SOURCE   ../../gcc-15.2.0/libiberty/stpncpy.c -o pic/stpncpy.o; \
else true; fi
if [ x"" != x ]; then \
  /mingw64/bin/gcc -c -DHAVE_CONFIG_H -g -O2    -I. -I../../gcc-15.2.0/libiberty/../include  -W -Wall -Wwrite-strings -Wc++-compat -Wstrict-prototypes -Wshadow=local -pedantic  -D_GNU_SOURCE    ../../gcc-15.2.0/libiberty/stpncpy.c -o noasan/stpncpy.o; \
else true; fi
/mingw64/bin/gcc -c -DHAVE_CONFIG_H -g -O2    -I. -I../../gcc-15.2.0/libiberty/../include  -W -Wall -Wwrite-strings -Wc++-compat -Wstrict-prototypes -Wshadow=local -pedantic  -D_GNU_SOURCE  ../../gcc-15.2.0/libiberty/stpncpy.c -o stpncpy.o
no
if [ x"" != x ]; then \
  /mingw64/bin/gcc -c -DHAVE_CONFIG_H -g -O2  -I. -I../../../gcc-15.2.0/libiberty/../include  -W -Wall -Wwrite-strings -Wc++-compat -Wstrict-prototypes -Wshadow=local -pedantic  -D_GNU_SOURCE   ../../../gcc-15.2.0/libiberty/fnmatch.c -o pic/fnmatch.o; \
else true; fi
checking for putchar_unlocked... if [ x"" != x ]; then \
  /mingw64/bin/gcc -c -DHAVE_CONFIG_H -g -O2    -I. -I../../gcc-15.2.0/libiberty/../include  -W -Wall -Wwrite-strings -Wc++-compat -Wstrict-prototypes -Wshadow=local -pedantic  -D_GNU_SOURCE   ../../gcc-15.2.0/libiberty/strverscmp.c -o pic/strverscmp.o; \
else true; fi
configure: updating cache ./config.cache
if [ x"" != x ]; then \
  /mingw64/bin/gcc -c -DHAVE_CONFIG_H -g -O2  -I. -I../../../gcc-15.2.0/libiberty/../include  -W -Wall -Wwrite-strings -Wc++-compat -Wstrict-prototypes -Wshadow=local -pedantic  -D_GNU_SOURCE    ../../../gcc-15.2.0/libiberty/fnmatch.c -o noasan/fnmatch.o; \
else true; fi
if [ x"" != x ]; then \
  /mingw64/bin/gcc -c -DHAVE_CONFIG_H -g -O2    -I. -I../../gcc-15.2.0/libiberty/../include  -W -Wall -Wwrite-strings -Wc++-compat -Wstrict-prototypes -Wshadow=local -pedantic  -D_GNU_SOURCE    ../../gcc-15.2.0/libiberty/strverscmp.c -o noasan/strverscmp.o; \
else true; fi
/mingw64/bin/gcc -c -DHAVE_CONFIG_H -g -O2  -I. -I../../../gcc-15.2.0/libiberty/../include  -W -Wall -Wwrite-strings -Wc++-compat -Wstrict-prototypes -Wshadow=local -pedantic  -D_GNU_SOURCE  ../../../gcc-15.2.0/libiberty/fnmatch.c -o fnmatch.o
/mingw64/bin/gcc -c -DHAVE_CONFIG_H -g -O2    -I. -I../../gcc-15.2.0/libiberty/../include  -W -Wall -Wwrite-strings -Wc++-compat -Wstrict-prototypes -Wshadow=local -pedantic  -D_GNU_SOURCE  ../../gcc-15.2.0/libiberty/strverscmp.c -o strverscmp.o
checking that generated files are newer than configure... done
configure: creating ./config.status
if [ x"" != x ]; then \
  /mingw64/bin/gcc -c -DHAVE_CONFIG_H -g -O2    -I. -I../../gcc-15.2.0/libiberty/../include  -W -Wall -Wwrite-strings -Wc++-compat -Wstrict-prototypes -Wshadow=local -pedantic  -D_GNU_SOURCE   ../../gcc-15.2.0/libiberty/waitpid.c -o pic/waitpid.o; \
else true; fi
if [ x"" != x ]; then \
  /mingw64/bin/gcc -c -DHAVE_CONFIG_H -g -O2    -I. -I../../gcc-15.2.0/libiberty/../include  -W -Wall -Wwrite-strings -Wc++-compat -Wstrict-prototypes -Wshadow=local -pedantic  -D_GNU_SOURCE    ../../gcc-15.2.0/libiberty/waitpid.c -o noasan/waitpid.o; \
else true; fi
if [ x"" != x ]; then \
  /mingw64/bin/gcc -c -DHAVE_CONFIG_H -g -O2  -I. -I../../../gcc-15.2.0/libiberty/../include  -W -Wall -Wwrite-strings -Wc++-compat -Wstrict-prototypes -Wshadow=local -pedantic  -D_GNU_SOURCE   ../../../gcc-15.2.0/libiberty/fopen_unlocked.c -o pic/fopen_unlocked.o; \
else true; fi
/mingw64/bin/gcc -c -DHAVE_CONFIG_H -g -O2    -I. -I../../gcc-15.2.0/libiberty/../include  -W -Wall -Wwrite-strings -Wc++-compat -Wstrict-prototypes -Wshadow=local -pedantic  -D_GNU_SOURCE  ../../gcc-15.2.0/libiberty/waitpid.c -o waitpid.o
if [ x"" != x ]; then \
  /mingw64/bin/gcc -c -DHAVE_CONFIG_H -g -O2  -I. -I../../../gcc-15.2.0/libiberty/../include  -W -Wall -Wwrite-strings -Wc++-compat -Wstrict-prototypes -Wshadow=local -pedantic  -D_GNU_SOURCE    ../../../gcc-15.2.0/libiberty/fopen_unlocked.c -o noasan/fopen_unlocked.o; \
else true; fi
/mingw64/bin/gcc -c -DHAVE_CONFIG_H -g -O2  -I. -I../../../gcc-15.2.0/libiberty/../include  -W -Wall -Wwrite-strings -Wc++-compat -Wstrict-prototypes -Wshadow=local -pedantic  -D_GNU_SOURCE  ../../../gcc-15.2.0/libiberty/fopen_unlocked.c -o fopen_unlocked.o
if [ x"" != x ]; then \
  /mingw64/bin/gcc -c -DHAVE_CONFIG_H -g -O2    -I. -I../../gcc-15.2.0/libiberty/../include  -W -Wall -Wwrite-strings -Wc++-compat -Wstrict-prototypes -Wshadow=local -pedantic  -D_GNU_SOURCE   ../../gcc-15.2.0/libiberty/setproctitle.c -o pic/setproctitle.o; \
else true; fi
if [ x"" != x ]; then \
  /mingw64/bin/gcc -c -DHAVE_CONFIG_H -g -O2    -I. -I../../gcc-15.2.0/libiberty/../include  -W -Wall -Wwrite-strings -Wc++-compat -Wstrict-prototypes -Wshadow=local -pedantic  -D_GNU_SOURCE    ../../gcc-15.2.0/libiberty/setproctitle.c -o noasan/setproctitle.o; \
else true; fi
if [ x"" != x ]; then \
  /mingw64/bin/gcc -c -DHAVE_CONFIG_H -g -O2  -I. -I../../../gcc-15.2.0/libiberty/../include  -W -Wall -Wwrite-strings -Wc++-compat -Wstrict-prototypes -Wshadow=local -pedantic  -D_GNU_SOURCE   ../../../gcc-15.2.0/libiberty/getopt.c -o pic/getopt.o; \
else true; fi
no
if [ x"" != x ]; then \
  /mingw64/bin/gcc -c -DHAVE_CONFIG_H -g -O2  -I. -I../../../gcc-15.2.0/libiberty/../include  -W -Wall -Wwrite-strings -Wc++-compat -Wstrict-prototypes -Wshadow=local -pedantic  -D_GNU_SOURCE    ../../../gcc-15.2.0/libiberty/getopt.c -o noasan/getopt.o; \
else true; fi
/mingw64/bin/gcc -c -DHAVE_CONFIG_H -g -O2    -I. -I../../gcc-15.2.0/libiberty/../include  -W -Wall -Wwrite-strings -Wc++-compat -Wstrict-prototypes -Wshadow=local -pedantic  -D_GNU_SOURCE  ../../gcc-15.2.0/libiberty/setproctitle.c -o setproctitle.o
/mingw64/bin/gcc -c -DHAVE_CONFIG_H -g -O2  -I. -I../../../gcc-15.2.0/libiberty/../include  -W -Wall -Wwrite-strings -Wc++-compat -Wstrict-prototypes -Wshadow=local -pedantic  -D_GNU_SOURCE  ../../../gcc-15.2.0/libiberty/getopt.c -o getopt.o
checking for putc_unlocked... if [ x"" != x ]; then \
  /mingw64/bin/gcc -c -DHAVE_CONFIG_H -g -O2    -I. -I../../gcc-15.2.0/libiberty/../include  -W -Wall -Wwrite-strings -Wc++-compat -Wstrict-prototypes -Wshadow=local -pedantic  -D_GNU_SOURCE   ../../gcc-15.2.0/libiberty/vfork.c -o pic/vfork.o; \
else true; fi
if [ x"" != x ]; then \
  /mingw64/bin/gcc -c -DHAVE_CONFIG_H -g -O2    -I. -I../../gcc-15.2.0/libiberty/../include  -W -Wall -Wwrite-strings -Wc++-compat -Wstrict-prototypes -Wshadow=local -pedantic  -D_GNU_SOURCE    ../../gcc-15.2.0/libiberty/vfork.c -o noasan/vfork.o; \
else true; fi
/mingw64/bin/gcc -c -DHAVE_CONFIG_H -g -O2    -I. -I../../gcc-15.2.0/libiberty/../include  -W -Wall -Wwrite-strings -Wc++-compat -Wstrict-prototypes -Wshadow=local -pedantic  -D_GNU_SOURCE  ../../gcc-15.2.0/libiberty/vfork.c -o vfork.o
echo ./regex.o ./cplus-dem.o ./cp-demangle.o ./md5.o ./sha1.o ./alloca.o ./argv.o ./bsearch_r.o ./choose-temp.o ./concat.o ./cp-demint.o ./crc32.o ./d-demangle.o ./dwarfnames.o ./dyn-string.o ./fdmatch.o ./fibheap.o ./filedescriptor.o ./filename_cmp.o ./floatformat.o ./fnmatch.o ./fopen_unlocked.o ./getopt.o ./getopt1.o ./getpwd.o ./getruntime.o ./hashtab.o ./hex.o ./lbasename.o ./ldirname.o ./lrealpath.o ./make-relative-prefix.o ./make-temp-file.o ./objalloc.o ./obstack.o ./partition.o ./pexecute.o ./physmem.o ./pex-common.o ./pex-one.o ./pex-win32.o ./vprintf-support.o ./rust-demangle.o ./safe-ctype.o ./simple-object.o ./simple-object-coff.o ./simple-object-elf.o ./simple-object-mach-o.o ./simple-object-xcoff.o ./sort.o ./spaces.o ./splay-tree.o ./stack-limit.o ./strerror.o ./strsignal.o ./timeval-utils.o ./unlink-if-ordinary.o ./xasprintf.o ./xatexit.o ./xexit.o ./xmalloc.o ./xmemdup.o ./xstrdup.o ./xstrerror.o ./xstrndup.o ./xvasprintf.o > required-list
if [ x"" != x ]; then \
  /mingw64/bin/gcc -c -DHAVE_CONFIG_H -g -O2  -I. -I../../../gcc-15.2.0/libiberty/../include  -W -Wall -Wwrite-strings -Wc++-compat -Wstrict-prototypes -Wshadow=local -pedantic  -D_GNU_SOURCE   ../../../gcc-15.2.0/libiberty/getopt1.c -o pic/getopt1.o; \
else true; fi
if [ x"" != x ]; then \
  /mingw64/bin/gcc -c -DHAVE_CONFIG_H -g -O2  -I. -I../../../gcc-15.2.0/libiberty/../include  -W -Wall -Wwrite-strings -Wc++-compat -Wstrict-prototypes -Wshadow=local -pedantic  -D_GNU_SOURCE    ../../../gcc-15.2.0/libiberty/getopt1.c -o noasan/getopt1.o; \
else true; fi
/mingw64/bin/gcc -c -DHAVE_CONFIG_H -g -O2  -I. -I../../../gcc-15.2.0/libiberty/../include  -W -Wall -Wwrite-strings -Wc++-compat -Wstrict-prototypes -Wshadow=local -pedantic  -D_GNU_SOURCE  ../../../gcc-15.2.0/libiberty/getopt1.c -o getopt1.o
make[2]: Entering directory '/c/Users/Syf/Desktop/BS4/tools/gcc-build-mingw/libiberty/testsuite'
make[2]: Nothing to be done for 'all'.
make[2]: Leaving directory '/c/Users/Syf/Desktop/BS4/tools/gcc-build-mingw/libiberty/testsuite'
if [ x"" != x ]; then \
  /mingw64/bin/gcc -c -DHAVE_CONFIG_H -g -O2    -I. -I../../gcc-15.2.0/libiberty/../include  -W -Wall -Wwrite-strings -Wc++-compat -Wstrict-prototypes -Wshadow=local -pedantic  -D_GNU_SOURCE   ../../gcc-15.2.0/libiberty/regex.c -o pic/regex.o; \
else true; fi
if [ x"" != x ]; then \
  /mingw64/bin/gcc -c -DHAVE_CONFIG_H -g -O2  -I. -I../../../gcc-15.2.0/libiberty/../include  -W -Wall -Wwrite-strings -Wc++-compat -Wstrict-prototypes -Wshadow=local -pedantic  -D_GNU_SOURCE   ../../../gcc-15.2.0/libiberty/getpwd.c -o pic/getpwd.o; \
else true; fi
if [ x"" != x ]; then \
  /mingw64/bin/gcc -c -DHAVE_CONFIG_H -g -O2    -I. -I../../gcc-15.2.0/libiberty/../include  -W -Wall -Wwrite-strings -Wc++-compat -Wstrict-prototypes -Wshadow=local -pedantic  -D_GNU_SOURCE    ../../gcc-15.2.0/libiberty/regex.c -o noasan/regex.o; \
else true; fi
if [ x"" != x ]; then \
  /mingw64/bin/gcc -c -DHAVE_CONFIG_H -g -O2  -I. -I../../../gcc-15.2.0/libiberty/../include  -W -Wall -Wwrite-strings -Wc++-compat -Wstrict-prototypes -Wshadow=local -pedantic  -D_GNU_SOURCE    ../../../gcc-15.2.0/libiberty/getpwd.c -o noasan/getpwd.o; \
else true; fi
no
/mingw64/bin/gcc -c -DHAVE_CONFIG_H -g -O2    -I. -I../../gcc-15.2.0/libiberty/../include  -W -Wall -Wwrite-strings -Wc++-compat -Wstrict-prototypes -Wshadow=local -pedantic  -D_GNU_SOURCE  ../../gcc-15.2.0/libiberty/regex.c -o regex.o
/mingw64/bin/gcc -c -DHAVE_CONFIG_H -g -O2  -I. -I../../../gcc-15.2.0/libiberty/../include  -W -Wall -Wwrite-strings -Wc++-compat -Wstrict-prototypes -Wshadow=local -pedantic  -D_GNU_SOURCE  ../../../gcc-15.2.0/libiberty/getpwd.c -o getpwd.o
checking whether abort is declared... if [ x"" != x ]; then \
  /mingw64/bin/gcc -c -DHAVE_CONFIG_H -g -O2  -I. -I../../../gcc-15.2.0/libiberty/../include  -W -Wall -Wwrite-strings -Wc++-compat -Wstrict-prototypes -Wshadow=local -pedantic  -D_GNU_SOURCE   ../../../gcc-15.2.0/libiberty/getruntime.c -o pic/getruntime.o; \
else true; fi
if [ x"" != x ]; then \
  /mingw64/bin/gcc -c -DHAVE_CONFIG_H -g -O2  -I. -I../../../gcc-15.2.0/libiberty/../include  -W -Wall -Wwrite-strings -Wc++-compat -Wstrict-prototypes -Wshadow=local -pedantic  -D_GNU_SOURCE    ../../../gcc-15.2.0/libiberty/getruntime.c -o noasan/getruntime.o; \
else true; fi
/mingw64/bin/gcc -c -DHAVE_CONFIG_H -g -O2  -I. -I../../../gcc-15.2.0/libiberty/../include  -W -Wall -Wwrite-strings -Wc++-compat -Wstrict-prototypes -Wshadow=local -pedantic  -D_GNU_SOURCE  ../../../gcc-15.2.0/libiberty/getruntime.c -o getruntime.o
yes
if [ x"" != x ]; then \
  /mingw64/bin/gcc -c -DHAVE_CONFIG_H -g -O2  -I. -I../../../gcc-15.2.0/libiberty/../include  -W -Wall -Wwrite-strings -Wc++-compat -Wstrict-prototypes -Wshadow=local -pedantic  -D_GNU_SOURCE   ../../../gcc-15.2.0/libiberty/hashtab.c -o pic/hashtab.o; \
else true; fi
if [ x"" != x ]; then \
  /mingw64/bin/gcc -c -DHAVE_CONFIG_H -g -O2  -I. -I../../../gcc-15.2.0/libiberty/../include  -W -Wall -Wwrite-strings -Wc++-compat -Wstrict-prototypes -Wshadow=local -pedantic  -D_GNU_SOURCE    ../../../gcc-15.2.0/libiberty/hashtab.c -o noasan/hashtab.o; \
else true; fi
/mingw64/bin/gcc -c -DHAVE_CONFIG_H -g -O2  -I. -I../../../gcc-15.2.0/libiberty/../include  -W -Wall -Wwrite-strings -Wc++-compat -Wstrict-prototypes -Wshadow=local -pedantic  -D_GNU_SOURCE  ../../../gcc-15.2.0/libiberty/hashtab.c -o hashtab.o
checking whether asprintf is declared... yes
if [ x"" != x ]; then \
  /mingw64/bin/gcc -c -DHAVE_CONFIG_H -g -O2  -I. -I../../../gcc-15.2.0/libiberty/../include  -W -Wall -Wwrite-strings -Wc++-compat -Wstrict-prototypes -Wshadow=local -pedantic  -D_GNU_SOURCE   ../../../gcc-15.2.0/libiberty/hex.c -o pic/hex.o; \
else true; fi
if [ x"" != x ]; then \
  /mingw64/bin/gcc -c -DHAVE_CONFIG_H -g -O2  -I. -I../../../gcc-15.2.0/libiberty/../include  -W -Wall -Wwrite-strings -Wc++-compat -Wstrict-prototypes -Wshadow=local -pedantic  -D_GNU_SOURCE    ../../../gcc-15.2.0/libiberty/hex.c -o noasan/hex.o; \
else true; fi
/mingw64/bin/gcc -c -DHAVE_CONFIG_H -g -O2  -I. -I../../../gcc-15.2.0/libiberty/../include  -W -Wall -Wwrite-strings -Wc++-compat -Wstrict-prototypes -Wshadow=local -pedantic  -D_GNU_SOURCE  ../../../gcc-15.2.0/libiberty/hex.c -o hex.o
checking whether basename is declared... if [ x"" != x ]; then \
  /mingw64/bin/gcc -c -DHAVE_CONFIG_H -g -O2  -I. -I../../../gcc-15.2.0/libiberty/../include  -W -Wall -Wwrite-strings -Wc++-compat -Wstrict-prototypes -Wshadow=local -pedantic  -D_GNU_SOURCE   ../../../gcc-15.2.0/libiberty/lbasename.c -o pic/lbasename.o; \
else true; fi
if [ x"" != x ]; then \
  /mingw64/bin/gcc -c -DHAVE_CONFIG_H -g -O2  -I. -I../../../gcc-15.2.0/libiberty/../include  -W -Wall -Wwrite-strings -Wc++-compat -Wstrict-prototypes -Wshadow=local -pedantic  -D_GNU_SOURCE    ../../../gcc-15.2.0/libiberty/lbasename.c -o noasan/lbasename.o; \
else true; fi
/mingw64/bin/gcc -c -DHAVE_CONFIG_H -g -O2  -I. -I../../../gcc-15.2.0/libiberty/../include  -W -Wall -Wwrite-strings -Wc++-compat -Wstrict-prototypes -Wshadow=local -pedantic  -D_GNU_SOURCE  ../../../gcc-15.2.0/libiberty/lbasename.c -o lbasename.o
if [ x"" != x ]; then \
  /mingw64/bin/gcc -c -DHAVE_CONFIG_H -g -O2  -I. -I../../../gcc-15.2.0/libiberty/../include  -W -Wall -Wwrite-strings -Wc++-compat -Wstrict-prototypes -Wshadow=local -pedantic  -D_GNU_SOURCE   ../../../gcc-15.2.0/libiberty/ldirname.c -o pic/ldirname.o; \
else true; fi
if [ x"" != x ]; then \
  /mingw64/bin/gcc -c -DHAVE_CONFIG_H -g -O2  -I. -I../../../gcc-15.2.0/libiberty/../include  -W -Wall -Wwrite-strings -Wc++-compat -Wstrict-prototypes -Wshadow=local -pedantic  -D_GNU_SOURCE    ../../../gcc-15.2.0/libiberty/ldirname.c -o noasan/ldirname.o; \
else true; fi
/mingw64/bin/gcc -c -DHAVE_CONFIG_H -g -O2  -I. -I../../../gcc-15.2.0/libiberty/../include  -W -Wall -Wwrite-strings -Wc++-compat -Wstrict-prototypes -Wshadow=local -pedantic  -D_GNU_SOURCE  ../../../gcc-15.2.0/libiberty/ldirname.c -o ldirname.o
no
if [ x"" != x ]; then \
  /mingw64/bin/gcc -c -DHAVE_CONFIG_H -g -O2  -I. -I../../../gcc-15.2.0/libiberty/../include  -W -Wall -Wwrite-strings -Wc++-compat -Wstrict-prototypes -Wshadow=local -pedantic  -D_GNU_SOURCE   ../../../gcc-15.2.0/libiberty/lrealpath.c -o pic/lrealpath.o; \
else true; fi
checking whether errno is declared... if [ x"" != x ]; then \
  /mingw64/bin/gcc -c -DHAVE_CONFIG_H -g -O2  -I. -I../../../gcc-15.2.0/libiberty/../include  -W -Wall -Wwrite-strings -Wc++-compat -Wstrict-prototypes -Wshadow=local -pedantic  -D_GNU_SOURCE    ../../../gcc-15.2.0/libiberty/lrealpath.c -o noasan/lrealpath.o; \
else true; fi
/mingw64/bin/gcc -c -DHAVE_CONFIG_H -g -O2  -I. -I../../../gcc-15.2.0/libiberty/../include  -W -Wall -Wwrite-strings -Wc++-compat -Wstrict-prototypes -Wshadow=local -pedantic  -D_GNU_SOURCE  ../../../gcc-15.2.0/libiberty/lrealpath.c -o lrealpath.o
yes
checking whether vasprintf is declared... yes
if [ x"" != x ]; then \
  /mingw64/bin/gcc -c -DHAVE_CONFIG_H -g -O2    -I. -I../../gcc-15.2.0/libiberty/../include  -W -Wall -Wwrite-strings -Wc++-compat -Wstrict-prototypes -Wshadow=local -pedantic  -D_GNU_SOURCE   ../../gcc-15.2.0/libiberty/cplus-dem.c -o pic/cplus-dem.o; \
else true; fi
checking whether memmem is declared... if [ x"" != x ]; then \
  /mingw64/bin/gcc -c -DHAVE_CONFIG_H -g -O2    -I. -I../../gcc-15.2.0/libiberty/../include  -W -Wall -Wwrite-strings -Wc++-compat -Wstrict-prototypes -Wshadow=local -pedantic  -D_GNU_SOURCE    ../../gcc-15.2.0/libiberty/cplus-dem.c -o noasan/cplus-dem.o; \
else true; fi
if [ x"" != x ]; then \
  /mingw64/bin/gcc -c -DHAVE_CONFIG_H -g -O2  -I. -I../../../gcc-15.2.0/libiberty/../include  -W -Wall -Wwrite-strings -Wc++-compat -Wstrict-prototypes -Wshadow=local -pedantic  -D_GNU_SOURCE   ../../../gcc-15.2.0/libiberty/make-relative-prefix.c -o pic/make-relative-prefix.o; \
else true; fi
if [ x"" != x ]; then \
  /mingw64/bin/gcc -c -DHAVE_CONFIG_H -g -O2  -I. -I../../../gcc-15.2.0/libiberty/../include  -W -Wall -Wwrite-strings -Wc++-compat -Wstrict-prototypes -Wshadow=local -pedantic  -D_GNU_SOURCE    ../../../gcc-15.2.0/libiberty/make-relative-prefix.c -o noasan/make-relative-prefix.o; \
else true; fi
/mingw64/bin/gcc -c -DHAVE_CONFIG_H -g -O2    -I. -I../../gcc-15.2.0/libiberty/../include  -W -Wall -Wwrite-strings -Wc++-compat -Wstrict-prototypes -Wshadow=local -pedantic  -D_GNU_SOURCE  ../../gcc-15.2.0/libiberty/cplus-dem.c -o cplus-dem.o
/mingw64/bin/gcc -c -DHAVE_CONFIG_H -g -O2  -I. -I../../../gcc-15.2.0/libiberty/../include  -W -Wall -Wwrite-strings -Wc++-compat -Wstrict-prototypes -Wshadow=local -pedantic  -D_GNU_SOURCE  ../../../gcc-15.2.0/libiberty/make-relative-prefix.c -o make-relative-prefix.o
if [ x"" != x ]; then \
  /mingw64/bin/gcc -c -DHAVE_CONFIG_H -g -O2    -I. -I../../gcc-15.2.0/libiberty/../include  -W -Wall -Wwrite-strings -Wc++-compat -Wstrict-prototypes -Wshadow=local -pedantic  -D_GNU_SOURCE   ../../gcc-15.2.0/libiberty/cp-demangle.c -o pic/cp-demangle.o; \
else true; fi
if [ x"" != x ]; then \
  /mingw64/bin/gcc -c -DHAVE_CONFIG_H -g -O2    -I. -I../../gcc-15.2.0/libiberty/../include  -W -Wall -Wwrite-strings -Wc++-compat -Wstrict-prototypes -Wshadow=local -pedantic  -D_GNU_SOURCE    ../../gcc-15.2.0/libiberty/cp-demangle.c -o noasan/cp-demangle.o; \
else true; fi
if [ x"" != x ]; then \
  /mingw64/bin/gcc -c -DHAVE_CONFIG_H -g -O2  -I. -I../../../gcc-15.2.0/libiberty/../include  -W -Wall -Wwrite-strings -Wc++-compat -Wstrict-prototypes -Wshadow=local -pedantic  -D_GNU_SOURCE   ../../../gcc-15.2.0/libiberty/make-temp-file.c -o pic/make-temp-file.o; \
else true; fi
no
if [ x"" != x ]; then \
  /mingw64/bin/gcc -c -DHAVE_CONFIG_H -g -O2  -I. -I../../../gcc-15.2.0/libiberty/../include  -W -Wall -Wwrite-strings -Wc++-compat -Wstrict-prototypes -Wshadow=local -pedantic  -D_GNU_SOURCE    ../../../gcc-15.2.0/libiberty/make-temp-file.c -o noasan/make-temp-file.o; \
/mingw64/bin/gcc -c -DHAVE_CONFIG_H -g -O2    -I. -I../../gcc-15.2.0/libiberty/../include  -W -Wall -Wwrite-strings -Wc++-compat -Wstrict-prototypes -Wshadow=local -pedantic  -D_GNU_SOURCE  ../../gcc-15.2.0/libiberty/cp-demangle.c -o cp-demangle.o
else true; fi
/mingw64/bin/gcc -c -DHAVE_CONFIG_H -g -O2  -I. -I../../../gcc-15.2.0/libiberty/../include  -W -Wall -Wwrite-strings -Wc++-compat -Wstrict-prototypes -Wshadow=local -pedantic  -D_GNU_SOURCE  ../../../gcc-15.2.0/libiberty/make-temp-file.c -o make-temp-file.o
checking whether clearerr_unlocked is declared... no
checking whether feof_unlocked is declared... if [ x"" != x ]; then \
  /mingw64/bin/gcc -c -DHAVE_CONFIG_H -g -O2  -I. -I../../../gcc-15.2.0/libiberty/../include  -W -Wall -Wwrite-strings -Wc++-compat -Wstrict-prototypes -Wshadow=local -pedantic  -D_GNU_SOURCE   ../../../gcc-15.2.0/libiberty/objalloc.c -o pic/objalloc.o; \
else true; fi
if [ x"" != x ]; then \
  /mingw64/bin/gcc -c -DHAVE_CONFIG_H -g -O2  -I. -I../../../gcc-15.2.0/libiberty/../include  -W -Wall -Wwrite-strings -Wc++-compat -Wstrict-prototypes -Wshadow=local -pedantic  -D_GNU_SOURCE    ../../../gcc-15.2.0/libiberty/objalloc.c -o noasan/objalloc.o; \
else true; fi
/mingw64/bin/gcc -c -DHAVE_CONFIG_H -g -O2  -I. -I../../../gcc-15.2.0/libiberty/../include  -W -Wall -Wwrite-strings -Wc++-compat -Wstrict-prototypes -Wshadow=local -pedantic  -D_GNU_SOURCE  ../../../gcc-15.2.0/libiberty/objalloc.c -o objalloc.o
no
if [ x"" != x ]; then \
  /mingw64/bin/gcc -c -DHAVE_CONFIG_H -g -O2  -I. -I../../../gcc-15.2.0/libiberty/../include  -W -Wall -Wwrite-strings -Wc++-compat -Wstrict-prototypes -Wshadow=local -pedantic  -D_GNU_SOURCE   ../../../gcc-15.2.0/libiberty/obstack.c -o pic/obstack.o; \
else true; fi
if [ x"" != x ]; then \
  /mingw64/bin/gcc -c -DHAVE_CONFIG_H -g -O2  -I. -I../../../gcc-15.2.0/libiberty/../include  -W -Wall -Wwrite-strings -Wc++-compat -Wstrict-prototypes -Wshadow=local -pedantic  -D_GNU_SOURCE    ../../../gcc-15.2.0/libiberty/obstack.c -o noasan/obstack.o; \
else true; fi
checking whether ferror_unlocked is declared... /mingw64/bin/gcc -c -DHAVE_CONFIG_H -g -O2  -I. -I../../../gcc-15.2.0/libiberty/../include  -W -Wall -Wwrite-strings -Wc++-compat -Wstrict-prototypes -Wshadow=local -pedantic  -D_GNU_SOURCE  ../../../gcc-15.2.0/libiberty/obstack.c -o obstack.o
if [ x"" != x ]; then \
  /mingw64/bin/gcc -c -DHAVE_CONFIG_H -g -O2  -I. -I../../../gcc-15.2.0/libiberty/../include  -W -Wall -Wwrite-strings -Wc++-compat -Wstrict-prototypes -Wshadow=local -pedantic  -D_GNU_SOURCE   ../../../gcc-15.2.0/libiberty/partition.c -o pic/partition.o; \
else true; fi
if [ x"" != x ]; then \
  /mingw64/bin/gcc -c -DHAVE_CONFIG_H -g -O2  -I. -I../../../gcc-15.2.0/libiberty/../include  -W -Wall -Wwrite-strings -Wc++-compat -Wstrict-prototypes -Wshadow=local -pedantic  -D_GNU_SOURCE    ../../../gcc-15.2.0/libiberty/partition.c -o noasan/partition.o; \
else true; fi
/mingw64/bin/gcc -c -DHAVE_CONFIG_H -g -O2  -I. -I../../../gcc-15.2.0/libiberty/../include  -W -Wall -Wwrite-strings -Wc++-compat -Wstrict-prototypes -Wshadow=local -pedantic  -D_GNU_SOURCE  ../../../gcc-15.2.0/libiberty/partition.c -o partition.o
no
if [ x"" != x ]; then \
  /mingw64/bin/gcc -c -DHAVE_CONFIG_H -g -O2  -I. -I../../../gcc-15.2.0/libiberty/../include  -W -Wall -Wwrite-strings -Wc++-compat -Wstrict-prototypes -Wshadow=local -pedantic  -D_GNU_SOURCE   ../../../gcc-15.2.0/libiberty/pexecute.c -o pic/pexecute.o; \
else true; fi
if [ x"" != x ]; then \
  /mingw64/bin/gcc -c -DHAVE_CONFIG_H -g -O2  -I. -I../../../gcc-15.2.0/libiberty/../include  -W -Wall -Wwrite-strings -Wc++-compat -Wstrict-prototypes -Wshadow=local -pedantic  -D_GNU_SOURCE    ../../../gcc-15.2.0/libiberty/pexecute.c -o noasan/pexecute.o; \
else true; fi
checking whether fflush_unlocked is declared... /mingw64/bin/gcc -c -DHAVE_CONFIG_H -g -O2  -I. -I../../../gcc-15.2.0/libiberty/../include  -W -Wall -Wwrite-strings -Wc++-compat -Wstrict-prototypes -Wshadow=local -pedantic  -D_GNU_SOURCE  ../../../gcc-15.2.0/libiberty/pexecute.c -o pexecute.o
if [ x"" != x ]; then \
  /mingw64/bin/gcc -c -DHAVE_CONFIG_H -g -O2  -I. -I../../../gcc-15.2.0/libiberty/../include  -W -Wall -Wwrite-strings -Wc++-compat -Wstrict-prototypes -Wshadow=local -pedantic  -D_GNU_SOURCE   ../../../gcc-15.2.0/libiberty/physmem.c -o pic/physmem.o; \
else true; fi
if [ x"" != x ]; then \
  /mingw64/bin/gcc -c -DHAVE_CONFIG_H -g -O2  -I. -I../../../gcc-15.2.0/libiberty/../include  -W -Wall -Wwrite-strings -Wc++-compat -Wstrict-prototypes -Wshadow=local -pedantic  -D_GNU_SOURCE    ../../../gcc-15.2.0/libiberty/physmem.c -o noasan/physmem.o; \
else true; fi
/mingw64/bin/gcc -c -DHAVE_CONFIG_H -g -O2  -I. -I../../../gcc-15.2.0/libiberty/../include  -W -Wall -Wwrite-strings -Wc++-compat -Wstrict-prototypes -Wshadow=local -pedantic  -D_GNU_SOURCE  ../../../gcc-15.2.0/libiberty/physmem.c -o physmem.o
no
checking whether fgetc_unlocked is declared... if [ x"" != x ]; then \
  /mingw64/bin/gcc -c -DHAVE_CONFIG_H -g -O2    -I. -I../../gcc-15.2.0/libiberty/../include  -W -Wall -Wwrite-strings -Wc++-compat -Wstrict-prototypes -Wshadow=local -pedantic  -D_GNU_SOURCE   ../../gcc-15.2.0/libiberty/md5.c -o pic/md5.o; \
else true; fi
no
if [ x"" != x ]; then \
  /mingw64/bin/gcc -c -DHAVE_CONFIG_H -g -O2    -I. -I../../gcc-15.2.0/libiberty/../include  -W -Wall -Wwrite-strings -Wc++-compat -Wstrict-prototypes -Wshadow=local -pedantic  -D_GNU_SOURCE    ../../gcc-15.2.0/libiberty/md5.c -o noasan/md5.o; \
else true; fi
/mingw64/bin/gcc -c -DHAVE_CONFIG_H -g -O2    -I. -I../../gcc-15.2.0/libiberty/../include  -W -Wall -Wwrite-strings -Wc++-compat -Wstrict-prototypes -Wshadow=local -pedantic  -D_GNU_SOURCE  ../../gcc-15.2.0/libiberty/md5.c -o md5.o
../../../gcc-15.2.0/libiberty/physmem.c: In function 'physmem_total':
../../../gcc-15.2.0/libiberty/physmem.c:161:18: warning: cast between incompatible function types from 'FARPROC' {aka 'long long int (*)(void)'} to 'WINBOOL (*)(lMEMORYSTATUSEX *)' {aka 'int (*)(lMEMORYSTATUSEX *)'} [-Wcast-function-type]
  161 |     if ((pfnex = (PFN_MS_EX) GetProcAddress (h, "GlobalMemoryStatusEx")))
      |                  ^
../../../gcc-15.2.0/libiberty/physmem.c: In function 'physmem_available':
../../../gcc-15.2.0/libiberty/physmem.c:262:18: warning: cast between incompatible function types from 'FARPROC' {aka 'long long int (*)(void)'} to 'WINBOOL (*)(lMEMORYSTATUSEX *)' {aka 'int (*)(lMEMORYSTATUSEX *)'} [-Wcast-function-type]
  262 |     if ((pfnex = (PFN_MS_EX) GetProcAddress (h, "GlobalMemoryStatusEx")))
      |                  ^
checking whether fgets_unlocked is declared... if [ x"" != x ]; then \
  /mingw64/bin/gcc -c -DHAVE_CONFIG_H -g -O2  -I. -I../../../gcc-15.2.0/libiberty/../include  -W -Wall -Wwrite-strings -Wc++-compat -Wstrict-prototypes -Wshadow=local -pedantic  -D_GNU_SOURCE   ../../../gcc-15.2.0/libiberty/pex-common.c -o pic/pex-common.o; \
else true; fi
if [ x"" != x ]; then \
  /mingw64/bin/gcc -c -DHAVE_CONFIG_H -g -O2  -I. -I../../../gcc-15.2.0/libiberty/../include  -W -Wall -Wwrite-strings -Wc++-compat -Wstrict-prototypes -Wshadow=local -pedantic  -D_GNU_SOURCE    ../../../gcc-15.2.0/libiberty/pex-common.c -o noasan/pex-common.o; \
else true; fi
/mingw64/bin/gcc -c -DHAVE_CONFIG_H -g -O2  -I. -I../../../gcc-15.2.0/libiberty/../include  -W -Wall -Wwrite-strings -Wc++-compat -Wstrict-prototypes -Wshadow=local -pedantic  -D_GNU_SOURCE  ../../../gcc-15.2.0/libiberty/pex-common.c -o pex-common.o
if [ x"" != x ]; then \
  /mingw64/bin/gcc -c -DHAVE_CONFIG_H -g -O2    -I. -I../../gcc-15.2.0/libiberty/../include  -W -Wall -Wwrite-strings -Wc++-compat -Wstrict-prototypes -Wshadow=local -pedantic  -D_GNU_SOURCE   ../../gcc-15.2.0/libiberty/sha1.c -o pic/sha1.o; \
else true; fi
if [ x"" != x ]; then \
  /mingw64/bin/gcc -c -DHAVE_CONFIG_H -g -O2    -I. -I../../gcc-15.2.0/libiberty/../include  -W -Wall -Wwrite-strings -Wc++-compat -Wstrict-prototypes -Wshadow=local -pedantic  -D_GNU_SOURCE    ../../gcc-15.2.0/libiberty/sha1.c -o noasan/sha1.o; \
else true; fi
/mingw64/bin/gcc -c -DHAVE_CONFIG_H -g -O2    -I. -I../../gcc-15.2.0/libiberty/../include  -W -Wall -Wwrite-strings -Wc++-compat -Wstrict-prototypes -Wshadow=local -pedantic  -D_GNU_SOURCE  ../../gcc-15.2.0/libiberty/sha1.c -o sha1.o
no
if [ x"" != x ]; then \
  /mingw64/bin/gcc -c -DHAVE_CONFIG_H -g -O2  -I. -I../../../gcc-15.2.0/libiberty/../include  -W -Wall -Wwrite-strings -Wc++-compat -Wstrict-prototypes -Wshadow=local -pedantic  -D_GNU_SOURCE   ../../../gcc-15.2.0/libiberty/pex-one.c -o pic/pex-one.o; \
else true; fi
if [ x"" != x ]; then \
  /mingw64/bin/gcc -c -DHAVE_CONFIG_H -g -O2  -I. -I../../../gcc-15.2.0/libiberty/../include  -W -Wall -Wwrite-strings -Wc++-compat -Wstrict-prototypes -Wshadow=local -pedantic  -D_GNU_SOURCE    ../../../gcc-15.2.0/libiberty/pex-one.c -o noasan/pex-one.o; \
else true; fi
/mingw64/bin/gcc -c -DHAVE_CONFIG_H -g -O2  -I. -I../../../gcc-15.2.0/libiberty/../include  -W -Wall -Wwrite-strings -Wc++-compat -Wstrict-prototypes -Wshadow=local -pedantic  -D_GNU_SOURCE  ../../../gcc-15.2.0/libiberty/pex-one.c -o pex-one.o
checking whether fileno_unlocked is declared... if [ x"" != x ]; then \
  /mingw64/bin/gcc -c -DHAVE_CONFIG_H -g -O2  -I. -I../../../gcc-15.2.0/libiberty/../include  -W -Wall -Wwrite-strings -Wc++-compat -Wstrict-prototypes -Wshadow=local -pedantic  -D_GNU_SOURCE   ../../../gcc-15.2.0/libiberty/pex-win32.c -o pic/pex-win32.o; \
else true; fi
if [ x"" != x ]; then \
  /mingw64/bin/gcc -c -DHAVE_CONFIG_H -g -O2  -I. -I../../../gcc-15.2.0/libiberty/../include  -W -Wall -Wwrite-strings -Wc++-compat -Wstrict-prototypes -Wshadow=local -pedantic  -D_GNU_SOURCE    ../../../gcc-15.2.0/libiberty/pex-win32.c -o noasan/pex-win32.o; \
else true; fi
/mingw64/bin/gcc -c -DHAVE_CONFIG_H -g -O2  -I. -I../../../gcc-15.2.0/libiberty/../include  -W -Wall -Wwrite-strings -Wc++-compat -Wstrict-prototypes -Wshadow=local -pedantic  -D_GNU_SOURCE  ../../../gcc-15.2.0/libiberty/pex-win32.c -o pex-win32.o
no
checking whether fprintf_unlocked is declared... if [ x"" != x ]; then \
  /mingw64/bin/gcc -c -DHAVE_CONFIG_H -g -O2    -I. -I../../gcc-15.2.0/libiberty/../include  -W -Wall -Wwrite-strings -Wc++-compat -Wstrict-prototypes -Wshadow=local -pedantic  -D_GNU_SOURCE   ../../gcc-15.2.0/libiberty/alloca.c -o pic/alloca.o; \
else true; fi
if [ x"" != x ]; then \
  /mingw64/bin/gcc -c -DHAVE_CONFIG_H -g -O2    -I. -I../../gcc-15.2.0/libiberty/../include  -W -Wall -Wwrite-strings -Wc++-compat -Wstrict-prototypes -Wshadow=local -pedantic  -D_GNU_SOURCE    ../../gcc-15.2.0/libiberty/alloca.c -o noasan/alloca.o; \
else true; fi
/mingw64/bin/gcc -c -DHAVE_CONFIG_H -g -O2    -I. -I../../gcc-15.2.0/libiberty/../include  -W -Wall -Wwrite-strings -Wc++-compat -Wstrict-prototypes -Wshadow=local -pedantic  -D_GNU_SOURCE  ../../gcc-15.2.0/libiberty/alloca.c -o alloca.o
no
if [ x"" != x ]; then \
  /mingw64/bin/gcc -c -DHAVE_CONFIG_H -g -O2    -I. -I../../gcc-15.2.0/libiberty/../include  -W -Wall -Wwrite-strings -Wc++-compat -Wstrict-prototypes -Wshadow=local -pedantic  -D_GNU_SOURCE   ../../gcc-15.2.0/libiberty/argv.c -o pic/argv.o; \
else true; fi
if [ x"" != x ]; then \
  /mingw64/bin/gcc -c -DHAVE_CONFIG_H -g -O2    -I. -I../../gcc-15.2.0/libiberty/../include  -W -Wall -Wwrite-strings -Wc++-compat -Wstrict-prototypes -Wshadow=local -pedantic  -D_GNU_SOURCE    ../../gcc-15.2.0/libiberty/argv.c -o noasan/argv.o; \
else true; fi
checking whether fputc_unlocked is declared... /mingw64/bin/gcc -c -DHAVE_CONFIG_H -g -O2    -I. -I../../gcc-15.2.0/libiberty/../include  -W -Wall -Wwrite-strings -Wc++-compat -Wstrict-prototypes -Wshadow=local -pedantic  -D_GNU_SOURCE  ../../gcc-15.2.0/libiberty/argv.c -o argv.o
if [ x"" != x ]; then \
  /mingw64/bin/gcc -c -DHAVE_CONFIG_H -g -O2  -I. -I../../../gcc-15.2.0/libiberty/../include  -W -Wall -Wwrite-strings -Wc++-compat -Wstrict-prototypes -Wshadow=local -pedantic  -D_GNU_SOURCE   ../../../gcc-15.2.0/libiberty/vprintf-support.c -o pic/vprintf-support.o; \
else true; fi
if [ x"" != x ]; then \
  /mingw64/bin/gcc -c -DHAVE_CONFIG_H -g -O2  -I. -I../../../gcc-15.2.0/libiberty/../include  -W -Wall -Wwrite-strings -Wc++-compat -Wstrict-prototypes -Wshadow=local -pedantic  -D_GNU_SOURCE    ../../../gcc-15.2.0/libiberty/vprintf-support.c -o noasan/vprintf-support.o; \
else true; fi
/mingw64/bin/gcc -c -DHAVE_CONFIG_H -g -O2  -I. -I../../../gcc-15.2.0/libiberty/../include  -W -Wall -Wwrite-strings -Wc++-compat -Wstrict-prototypes -Wshadow=local -pedantic  -D_GNU_SOURCE  ../../../gcc-15.2.0/libiberty/vprintf-support.c -o vprintf-support.o
if [ x"" != x ]; then \
  /mingw64/bin/gcc -c -DHAVE_CONFIG_H -g -O2    -I. -I../../gcc-15.2.0/libiberty/../include  -W -Wall -Wwrite-strings -Wc++-compat -Wstrict-prototypes -Wshadow=local -pedantic  -D_GNU_SOURCE   ../../gcc-15.2.0/libiberty/bsearch_r.c -o pic/bsearch_r.o; \
else true; fi
if [ x"" != x ]; then \
  /mingw64/bin/gcc -c -DHAVE_CONFIG_H -g -O2    -I. -I../../gcc-15.2.0/libiberty/../include  -W -Wall -Wwrite-strings -Wc++-compat -Wstrict-prototypes -Wshadow=local -pedantic  -D_GNU_SOURCE    ../../gcc-15.2.0/libiberty/bsearch_r.c -o noasan/bsearch_r.o; \
else true; fi
/mingw64/bin/gcc -c -DHAVE_CONFIG_H -g -O2    -I. -I../../gcc-15.2.0/libiberty/../include  -W -Wall -Wwrite-strings -Wc++-compat -Wstrict-prototypes -Wshadow=local -pedantic  -D_GNU_SOURCE  ../../gcc-15.2.0/libiberty/bsearch_r.c -o bsearch_r.o
if [ x"" != x ]; then \
  /mingw64/bin/gcc -c -DHAVE_CONFIG_H -g -O2  -I. -I../../../gcc-15.2.0/libiberty/../include  -W -Wall -Wwrite-strings -Wc++-compat -Wstrict-prototypes -Wshadow=local -pedantic  -D_GNU_SOURCE   ../../../gcc-15.2.0/libiberty/rust-demangle.c -o pic/rust-demangle.o; \
else true; fi
no
if [ x"" != x ]; then \
  /mingw64/bin/gcc -c -DHAVE_CONFIG_H -g -O2  -I. -I../../../gcc-15.2.0/libiberty/../include  -W -Wall -Wwrite-strings -Wc++-compat -Wstrict-prototypes -Wshadow=local -pedantic  -D_GNU_SOURCE    ../../../gcc-15.2.0/libiberty/rust-demangle.c -o noasan/rust-demangle.o; \
else true; fi
/mingw64/bin/gcc -c -DHAVE_CONFIG_H -g -O2  -I. -I../../../gcc-15.2.0/libiberty/../include  -W -Wall -Wwrite-strings -Wc++-compat -Wstrict-prototypes -Wshadow=local -pedantic  -D_GNU_SOURCE  ../../../gcc-15.2.0/libiberty/rust-demangle.c -o rust-demangle.o
if [ x"" != x ]; then \
  /mingw64/bin/gcc -c -DHAVE_CONFIG_H -g -O2    -I. -I../../gcc-15.2.0/libiberty/../include  -W -Wall -Wwrite-strings -Wc++-compat -Wstrict-prototypes -Wshadow=local -pedantic  -D_GNU_SOURCE   ../../gcc-15.2.0/libiberty/choose-temp.c -o pic/choose-temp.o; \
else true; fi
checking whether fputs_unlocked is declared... if [ x"" != x ]; then \
  /mingw64/bin/gcc -c -DHAVE_CONFIG_H -g -O2    -I. -I../../gcc-15.2.0/libiberty/../include  -W -Wall -Wwrite-strings -Wc++-compat -Wstrict-prototypes -Wshadow=local -pedantic  -D_GNU_SOURCE    ../../gcc-15.2.0/libiberty/choose-temp.c -o noasan/choose-temp.o; \
else true; fi
/mingw64/bin/gcc -c -DHAVE_CONFIG_H -g -O2    -I. -I../../gcc-15.2.0/libiberty/../include  -W -Wall -Wwrite-strings -Wc++-compat -Wstrict-prototypes -Wshadow=local -pedantic  -D_GNU_SOURCE  ../../gcc-15.2.0/libiberty/choose-temp.c -o choose-temp.o
if [ x"" != x ]; then \
  /mingw64/bin/gcc -c -DHAVE_CONFIG_H -g -O2    -I. -I../../gcc-15.2.0/libiberty/../include  -W -Wall -Wwrite-strings -Wc++-compat -Wstrict-prototypes -Wshadow=local -pedantic  -D_GNU_SOURCE   ../../gcc-15.2.0/libiberty/concat.c -o pic/concat.o; \
else true; fi
if [ x"" != x ]; then \
  /mingw64/bin/gcc -c -DHAVE_CONFIG_H -g -O2    -I. -I../../gcc-15.2.0/libiberty/../include  -W -Wall -Wwrite-strings -Wc++-compat -Wstrict-prototypes -Wshadow=local -pedantic  -D_GNU_SOURCE    ../../gcc-15.2.0/libiberty/concat.c -o noasan/concat.o; \
else true; fi
/mingw64/bin/gcc -c -DHAVE_CONFIG_H -g -O2    -I. -I../../gcc-15.2.0/libiberty/../include  -W -Wall -Wwrite-strings -Wc++-compat -Wstrict-prototypes -Wshadow=local -pedantic  -D_GNU_SOURCE  ../../gcc-15.2.0/libiberty/concat.c -o concat.o
no
if [ x"" != x ]; then \
  /mingw64/bin/gcc -c -DHAVE_CONFIG_H -g -O2    -I. -I../../gcc-15.2.0/libiberty/../include  -W -Wall -Wwrite-strings -Wc++-compat -Wstrict-prototypes -Wshadow=local -pedantic  -D_GNU_SOURCE   ../../gcc-15.2.0/libiberty/cp-demint.c -o pic/cp-demint.o; \
else true; fi
checking whether fread_unlocked is declared... if [ x"" != x ]; then \
  /mingw64/bin/gcc -c -DHAVE_CONFIG_H -g -O2    -I. -I../../gcc-15.2.0/libiberty/../include  -W -Wall -Wwrite-strings -Wc++-compat -Wstrict-prototypes -Wshadow=local -pedantic  -D_GNU_SOURCE    ../../gcc-15.2.0/libiberty/cp-demint.c -o noasan/cp-demint.o; \
else true; fi
/mingw64/bin/gcc -c -DHAVE_CONFIG_H -g -O2    -I. -I../../gcc-15.2.0/libiberty/../include  -W -Wall -Wwrite-strings -Wc++-compat -Wstrict-prototypes -Wshadow=local -pedantic  -D_GNU_SOURCE  ../../gcc-15.2.0/libiberty/cp-demint.c -o cp-demint.o
if [ x"" != x ]; then \
  /mingw64/bin/gcc -c -DHAVE_CONFIG_H -g -O2  -I. -I../../../gcc-15.2.0/libiberty/../include  -W -Wall -Wwrite-strings -Wc++-compat -Wstrict-prototypes -Wshadow=local -pedantic  -D_GNU_SOURCE   ../../../gcc-15.2.0/libiberty/safe-ctype.c -o pic/safe-ctype.o; \
else true; fi
if [ x"" != x ]; then \
  /mingw64/bin/gcc -c -DHAVE_CONFIG_H -g -O2  -I. -I../../../gcc-15.2.0/libiberty/../include  -W -Wall -Wwrite-strings -Wc++-compat -Wstrict-prototypes -Wshadow=local -pedantic  -D_GNU_SOURCE    ../../../gcc-15.2.0/libiberty/safe-ctype.c -o noasan/safe-ctype.o; \
else true; fi
/mingw64/bin/gcc -c -DHAVE_CONFIG_H -g -O2  -I. -I../../../gcc-15.2.0/libiberty/../include  -W -Wall -Wwrite-strings -Wc++-compat -Wstrict-prototypes -Wshadow=local -pedantic  -D_GNU_SOURCE  ../../../gcc-15.2.0/libiberty/safe-ctype.c -o safe-ctype.o
if [ x"" != x ]; then \
  /mingw64/bin/gcc -c -DHAVE_CONFIG_H -g -O2    -I. -I../../gcc-15.2.0/libiberty/../include  -W -Wall -Wwrite-strings -Wc++-compat -Wstrict-prototypes -Wshadow=local -pedantic  -D_GNU_SOURCE   ../../gcc-15.2.0/libiberty/crc32.c -o pic/crc32.o; \
else true; fi
if [ x"" != x ]; then \
  /mingw64/bin/gcc -c -DHAVE_CONFIG_H -g -O2    -I. -I../../gcc-15.2.0/libiberty/../include  -W -Wall -Wwrite-strings -Wc++-compat -Wstrict-prototypes -Wshadow=local -pedantic  -D_GNU_SOURCE    ../../gcc-15.2.0/libiberty/crc32.c -o noasan/crc32.o; \
else true; fi
/mingw64/bin/gcc -c -DHAVE_CONFIG_H -g -O2    -I. -I../../gcc-15.2.0/libiberty/../include  -W -Wall -Wwrite-strings -Wc++-compat -Wstrict-prototypes -Wshadow=local -pedantic  -D_GNU_SOURCE  ../../gcc-15.2.0/libiberty/crc32.c -o crc32.o
if [ x"" != x ]; then \
  /mingw64/bin/gcc -c -DHAVE_CONFIG_H -g -O2  -I. -I../../../gcc-15.2.0/libiberty/../include  -W -Wall -Wwrite-strings -Wc++-compat -Wstrict-prototypes -Wshadow=local -pedantic  -D_GNU_SOURCE   ../../../gcc-15.2.0/libiberty/simple-object.c -o pic/simple-object.o; \
else true; fi
no
if [ x"" != x ]; then \
  /mingw64/bin/gcc -c -DHAVE_CONFIG_H -g -O2  -I. -I../../../gcc-15.2.0/libiberty/../include  -W -Wall -Wwrite-strings -Wc++-compat -Wstrict-prototypes -Wshadow=local -pedantic  -D_GNU_SOURCE    ../../../gcc-15.2.0/libiberty/simple-object.c -o noasan/simple-object.o; \
else true; fi
/mingw64/bin/gcc -c -DHAVE_CONFIG_H -g -O2  -I. -I../../../gcc-15.2.0/libiberty/../include  -W -Wall -Wwrite-strings -Wc++-compat -Wstrict-prototypes -Wshadow=local -pedantic  -D_GNU_SOURCE  ../../../gcc-15.2.0/libiberty/simple-object.c -o simple-object.o
if [ x"" != x ]; then \
  /mingw64/bin/gcc -c -DHAVE_CONFIG_H -g -O2    -I. -I../../gcc-15.2.0/libiberty/../include  -W -Wall -Wwrite-strings -Wc++-compat -Wstrict-prototypes -Wshadow=local -pedantic  -D_GNU_SOURCE   ../../gcc-15.2.0/libiberty/d-demangle.c -o pic/d-demangle.o; \
else true; fi
checking whether fwrite_unlocked is declared... if [ x"" != x ]; then \
  /mingw64/bin/gcc -c -DHAVE_CONFIG_H -g -O2    -I. -I../../gcc-15.2.0/libiberty/../include  -W -Wall -Wwrite-strings -Wc++-compat -Wstrict-prototypes -Wshadow=local -pedantic  -D_GNU_SOURCE    ../../gcc-15.2.0/libiberty/d-demangle.c -o noasan/d-demangle.o; \
else true; fi
/mingw64/bin/gcc -c -DHAVE_CONFIG_H -g -O2    -I. -I../../gcc-15.2.0/libiberty/../include  -W -Wall -Wwrite-strings -Wc++-compat -Wstrict-prototypes -Wshadow=local -pedantic  -D_GNU_SOURCE  ../../gcc-15.2.0/libiberty/d-demangle.c -o d-demangle.o
if [ x"" != x ]; then \
  /mingw64/bin/gcc -c -DHAVE_CONFIG_H -g -O2  -I. -I../../../gcc-15.2.0/libiberty/../include  -W -Wall -Wwrite-strings -Wc++-compat -Wstrict-prototypes -Wshadow=local -pedantic  -D_GNU_SOURCE   ../../../gcc-15.2.0/libiberty/simple-object-coff.c -o pic/simple-object-coff.o; \
else true; fi
if [ x"" != x ]; then \
  /mingw64/bin/gcc -c -DHAVE_CONFIG_H -g -O2  -I. -I../../../gcc-15.2.0/libiberty/../include  -W -Wall -Wwrite-strings -Wc++-compat -Wstrict-prototypes -Wshadow=local -pedantic  -D_GNU_SOURCE    ../../../gcc-15.2.0/libiberty/simple-object-coff.c -o noasan/simple-object-coff.o; \
else true; fi
/mingw64/bin/gcc -c -DHAVE_CONFIG_H -g -O2  -I. -I../../../gcc-15.2.0/libiberty/../include  -W -Wall -Wwrite-strings -Wc++-compat -Wstrict-prototypes -Wshadow=local -pedantic  -D_GNU_SOURCE  ../../../gcc-15.2.0/libiberty/simple-object-coff.c -o simple-object-coff.o
no
checking whether getchar_unlocked is declared... if [ x"" != x ]; then \
  /mingw64/bin/gcc -c -DHAVE_CONFIG_H -g -O2  -I. -I../../../gcc-15.2.0/libiberty/../include  -W -Wall -Wwrite-strings -Wc++-compat -Wstrict-prototypes -Wshadow=local -pedantic  -D_GNU_SOURCE   ../../../gcc-15.2.0/libiberty/simple-object-elf.c -o pic/simple-object-elf.o; \
else true; fi
if [ x"" != x ]; then \
  /mingw64/bin/gcc -c -DHAVE_CONFIG_H -g -O2  -I. -I../../../gcc-15.2.0/libiberty/../include  -W -Wall -Wwrite-strings -Wc++-compat -Wstrict-prototypes -Wshadow=local -pedantic  -D_GNU_SOURCE    ../../../gcc-15.2.0/libiberty/simple-object-elf.c -o noasan/simple-object-elf.o; \
else true; fi
/mingw64/bin/gcc -c -DHAVE_CONFIG_H -g -O2  -I. -I../../../gcc-15.2.0/libiberty/../include  -W -Wall -Wwrite-strings -Wc++-compat -Wstrict-prototypes -Wshadow=local -pedantic  -D_GNU_SOURCE  ../../../gcc-15.2.0/libiberty/simple-object-elf.c -o simple-object-elf.o
rm -f ./libiberty.a pic/./libiberty.a noasan/./libiberty.a
ar  rc ./libiberty.a \
  ./regex.o ./cplus-dem.o ./cp-demangle.o ./md5.o ./sha1.o ./alloca.o ./argv.o ./bsearch_r.o ./choose-temp.o ./concat.o ./cp-demint.o ./crc32.o ./d-demangle.o ./dwarfnames.o ./dyn-string.o ./fdmatch.o ./fibheap.o ./filedescriptor.o ./filename_cmp.o ./floatformat.o ./fnmatch.o ./fopen_unlocked.o ./getopt.o ./getopt1.o ./getpwd.o ./getruntime.o ./hashtab.o ./hex.o ./lbasename.o ./ldirname.o ./lrealpath.o ./make-relative-prefix.o ./make-temp-file.o ./objalloc.o ./obstack.o ./partition.o ./pexecute.o ./physmem.o ./pex-common.o ./pex-one.o ./pex-win32.o ./vprintf-support.o ./rust-demangle.o ./safe-ctype.o ./simple-object.o ./simple-object-coff.o ./simple-object-elf.o ./simple-object-mach-o.o ./simple-object-xcoff.o ./sort.o ./spaces.o ./splay-tree.o ./stack-limit.o ./strerror.o ./strsignal.o ./timeval-utils.o ./unlink-if-ordinary.o ./xasprintf.o ./xatexit.o ./xexit.o ./xmalloc.o ./xmemdup.o ./xstrdup.o ./xstrerror.o ./xstrndup.o ./xvasprintf.o  ./bcmp.o ./bcopy.o ./bzero.o ./ffs.o ./index.o ./insque.o ./memrchr.o ./memmem.o ./mkstemps.o ./random.o ./rindex.o ./setenv.o ./sigsetmask.o ./stpcpy.o ./stpncpy.o ./strverscmp.o ./waitpid.o ./setproctitle.o ./vfork.o
no
ranlib  ./libiberty.a
checking whether getc_unlocked is declared... if [ x"" != x ]; then \
  /mingw64/bin/gcc -c -DHAVE_CONFIG_H -g -O2  -I. -I../../../gcc-15.2.0/libiberty/../include  -W -Wall -Wwrite-strings -Wc++-compat -Wstrict-prototypes -Wshadow=local -pedantic  -D_GNU_SOURCE   ../../../gcc-15.2.0/libiberty/simple-object-mach-o.c -o pic/simple-object-mach-o.o; \
else true; fi
if [ x"" != x ]; then \
  /mingw64/bin/gcc -c -DHAVE_CONFIG_H -g -O2  -I. -I../../../gcc-15.2.0/libiberty/../include  -W -Wall -Wwrite-strings -Wc++-compat -Wstrict-prototypes -Wshadow=local -pedantic  -D_GNU_SOURCE    ../../../gcc-15.2.0/libiberty/simple-object-mach-o.c -o noasan/simple-object-mach-o.o; \
else true; fi
if [ x"" != x ]; then \
  cd pic; \
  ar  rc ./libiberty.a \
    ./regex.o ./cplus-dem.o ./cp-demangle.o ./md5.o ./sha1.o ./alloca.o ./argv.o ./bsearch_r.o ./choose-temp.o ./concat.o ./cp-demint.o ./crc32.o ./d-demangle.o ./dwarfnames.o ./dyn-string.o ./fdmatch.o ./fibheap.o ./filedescriptor.o ./filename_cmp.o ./floatformat.o ./fnmatch.o ./fopen_unlocked.o ./getopt.o ./getopt1.o ./getpwd.o ./getruntime.o ./hashtab.o ./hex.o ./lbasename.o ./ldirname.o ./lrealpath.o ./make-relative-prefix.o ./make-temp-file.o ./objalloc.o ./obstack.o ./partition.o ./pexecute.o ./physmem.o ./pex-common.o ./pex-one.o ./pex-win32.o ./vprintf-support.o ./rust-demangle.o ./safe-ctype.o ./simple-object.o ./simple-object-coff.o ./simple-object-elf.o ./simple-object-mach-o.o ./simple-object-xcoff.o ./sort.o ./spaces.o ./splay-tree.o ./stack-limit.o ./strerror.o ./strsignal.o ./timeval-utils.o ./unlink-if-ordinary.o ./xasprintf.o ./xatexit.o ./xexit.o ./xmalloc.o ./xmemdup.o ./xstrdup.o ./xstrerror.o ./xstrndup.o ./xvasprintf.o  ./bcmp.o ./bcopy.o ./bzero.o ./ffs.o ./index.o ./insque.o ./memrchr.o ./memmem.o ./mkstemps.o ./random.o ./rindex.o ./setenv.o ./sigsetmask.o ./stpcpy.o ./stpncpy.o ./strverscmp.o ./waitpid.o ./setproctitle.o ./vfork.o; \
  ranlib  ./libiberty.a; \
  cd ..; \
else true; fi; \
if [ x"" != x ]; then \
  cd noasan; \
  ar  rc ./libiberty.a \
    ./regex.o ./cplus-dem.o ./cp-demangle.o ./md5.o ./sha1.o ./alloca.o ./argv.o ./bsearch_r.o ./choose-temp.o ./concat.o ./cp-demint.o ./crc32.o ./d-demangle.o ./dwarfnames.o ./dyn-string.o ./fdmatch.o ./fibheap.o ./filedescriptor.o ./filename_cmp.o ./floatformat.o ./fnmatch.o ./fopen_unlocked.o ./getopt.o ./getopt1.o ./getpwd.o ./getruntime.o ./hashtab.o ./hex.o ./lbasename.o ./ldirname.o ./lrealpath.o ./make-relative-prefix.o ./make-temp-file.o ./objalloc.o ./obstack.o ./partition.o ./pexecute.o ./physmem.o ./pex-common.o ./pex-one.o ./pex-win32.o ./vprintf-support.o ./rust-demangle.o ./safe-ctype.o ./simple-object.o ./simple-object-coff.o ./simple-object-elf.o ./simple-object-mach-o.o ./simple-object-xcoff.o ./sort.o ./spaces.o ./splay-tree.o ./stack-limit.o ./strerror.o ./strsignal.o ./timeval-utils.o ./unlink-if-ordinary.o ./xasprintf.o ./xatexit.o ./xexit.o ./xmalloc.o ./xmemdup.o ./xstrdup.o ./xstrerror.o ./xstrndup.o ./xvasprintf.o  ./bcmp.o ./bcopy.o ./bzero.o ./ffs.o ./index.o ./insque.o ./memrchr.o ./memmem.o ./mkstemps.o ./random.o ./rindex.o ./setenv.o ./sigsetmask.o ./stpcpy.o ./stpncpy.o ./strverscmp.o ./waitpid.o ./setproctitle.o ./vfork.o; \
  ranlib  ./libiberty.a; \
  cd ..; \
else true; fi
/mingw64/bin/gcc -c -DHAVE_CONFIG_H -g -O2  -I. -I../../../gcc-15.2.0/libiberty/../include  -W -Wall -Wwrite-strings -Wc++-compat -Wstrict-prototypes -Wshadow=local -pedantic  -D_GNU_SOURCE  ../../../gcc-15.2.0/libiberty/simple-object-mach-o.c -o simple-object-mach-o.o
no
make[1]: Leaving directory '/c/Users/Syf/Desktop/BS4/tools/gcc-build-mingw/libiberty'
if [ x"" != x ]; then \
  /mingw64/bin/gcc -c -DHAVE_CONFIG_H -g -O2  -I. -I../../../gcc-15.2.0/libiberty/../include  -W -Wall -Wwrite-strings -Wc++-compat -Wstrict-prototypes -Wshadow=local -pedantic  -D_GNU_SOURCE   ../../../gcc-15.2.0/libiberty/simple-object-xcoff.c -o pic/simple-object-xcoff.o; \
else true; fi
if [ x"" != x ]; then \
  /mingw64/bin/gcc -c -DHAVE_CONFIG_H -g -O2  -I. -I../../../gcc-15.2.0/libiberty/../include  -W -Wall -Wwrite-strings -Wc++-compat -Wstrict-prototypes -Wshadow=local -pedantic  -D_GNU_SOURCE    ../../../gcc-15.2.0/libiberty/simple-object-xcoff.c -o noasan/simple-object-xcoff.o; \
else true; fi
/mingw64/bin/gcc -c -DHAVE_CONFIG_H -g -O2  -I. -I../../../gcc-15.2.0/libiberty/../include  -W -Wall -Wwrite-strings -Wc++-compat -Wstrict-prototypes -Wshadow=local -pedantic  -D_GNU_SOURCE  ../../../gcc-15.2.0/libiberty/simple-object-xcoff.c -o simple-object-xcoff.o
checking whether putchar_unlocked is declared... if [ x"" != x ]; then \
  /mingw64/bin/gcc -c -DHAVE_CONFIG_H -g -O2  -I. -I../../../gcc-15.2.0/libiberty/../include  -W -Wall -Wwrite-strings -Wc++-compat -Wstrict-prototypes -Wshadow=local -pedantic  -D_GNU_SOURCE   ../../../gcc-15.2.0/libiberty/sort.c -o pic/sort.o; \
else true; fi
if [ x"" != x ]; then \
  /mingw64/bin/gcc -c -DHAVE_CONFIG_H -g -O2  -I. -I../../../gcc-15.2.0/libiberty/../include  -W -Wall -Wwrite-strings -Wc++-compat -Wstrict-prototypes -Wshadow=local -pedantic  -D_GNU_SOURCE    ../../../gcc-15.2.0/libiberty/sort.c -o noasan/sort.o; \
else true; fi
/mingw64/bin/gcc -c -DHAVE_CONFIG_H -g -O2  -I. -I../../../gcc-15.2.0/libiberty/../include  -W -Wall -Wwrite-strings -Wc++-compat -Wstrict-prototypes -Wshadow=local -pedantic  -D_GNU_SOURCE  ../../../gcc-15.2.0/libiberty/sort.c -o sort.o
if [ x"" != x ]; then \
  /mingw64/bin/gcc -c -DHAVE_CONFIG_H -g -O2  -I. -I../../../gcc-15.2.0/libiberty/../include  -W -Wall -Wwrite-strings -Wc++-compat -Wstrict-prototypes -Wshadow=local -pedantic  -D_GNU_SOURCE   ../../../gcc-15.2.0/libiberty/spaces.c -o pic/spaces.o; \
else true; fi
no
if [ x"" != x ]; then \
  /mingw64/bin/gcc -c -DHAVE_CONFIG_H -g -O2  -I. -I../../../gcc-15.2.0/libiberty/../include  -W -Wall -Wwrite-strings -Wc++-compat -Wstrict-prototypes -Wshadow=local -pedantic  -D_GNU_SOURCE    ../../../gcc-15.2.0/libiberty/spaces.c -o noasan/spaces.o; \
else true; fi
/mingw64/bin/gcc -c -DHAVE_CONFIG_H -g -O2  -I. -I../../../gcc-15.2.0/libiberty/../include  -W -Wall -Wwrite-strings -Wc++-compat -Wstrict-prototypes -Wshadow=local -pedantic  -D_GNU_SOURCE  ../../../gcc-15.2.0/libiberty/spaces.c -o spaces.o
checking whether putc_unlocked is declared... if [ x"" != x ]; then \
  /mingw64/bin/gcc -c -DHAVE_CONFIG_H -g -O2  -I. -I../../../gcc-15.2.0/libiberty/../include  -W -Wall -Wwrite-strings -Wc++-compat -Wstrict-prototypes -Wshadow=local -pedantic  -D_GNU_SOURCE   ../../../gcc-15.2.0/libiberty/splay-tree.c -o pic/splay-tree.o; \
else true; fi
make[1]: Entering directory '/c/Users/Syf/Desktop/BS4/tools/gcc-build-mingw/zlib'
/mingw64/bin/gcc -DPACKAGE_NAME=\"zlib\" -DPACKAGE_TARNAME=\"zlib\" -DPACKAGE_VERSION=\"1.1.4\" -DPACKAGE_STRING=\"zlib\ 1.1.4\" -DPACKAGE_BUGREPORT=\"\" -DPACKAGE_URL=\"\" -DPACKAGE=\"zlib\" -DVERSION=\"1.1.4\" -DSTDC_HEADERS=1 -DHAVE_SYS_TYPES_H=1 -DHAVE_SYS_STAT_H=1 -DHAVE_STDLIB_H=1 -DHAVE_STRING_H=1 -DHAVE_MEMORY_H=1 -DHAVE_STRINGS_H=1 -DHAVE_INTTYPES_H=1 -DHAVE_STDINT_H=1 -DHAVE_UNISTD_H=1 -DLT_OBJDIR=\".libs/\" -DHAVE_STDLIB_H=1 -DHAVE_UNISTD_H=1 -DHAVE_SYS_PARAM_H=1 -DHAVE_GETPAGESIZE=1 -DHAVE_MEMCPY=1 -DHAVE_STRERROR=1 -DHAVE_UNISTD_H=1 -I. -I../../gcc-15.2.0/zlib      -g -O2   -MT libz_a-adler32.o -MD -MP -MF .deps/libz_a-adler32.Tpo -c -o libz_a-adler32.o `test -f 'adler32.c' || echo '../../gcc-15.2.0/zlib/'`adler32.c
if [ x"" != x ]; then \
  /mingw64/bin/gcc -c -DHAVE_CONFIG_H -g -O2  -I. -I../../../gcc-15.2.0/libiberty/../include  -W -Wall -Wwrite-strings -Wc++-compat -Wstrict-prototypes -Wshadow=local -pedantic  -D_GNU_SOURCE    ../../../gcc-15.2.0/libiberty/splay-tree.c -o noasan/splay-tree.o; \
else true; fi
/mingw64/bin/gcc -c -DHAVE_CONFIG_H -g -O2  -I. -I../../../gcc-15.2.0/libiberty/../include  -W -Wall -Wwrite-strings -Wc++-compat -Wstrict-prototypes -Wshadow=local -pedantic  -D_GNU_SOURCE  ../../../gcc-15.2.0/libiberty/splay-tree.c -o splay-tree.o
../../gcc-15.2.0/zlib/adler32.c: In function 'adler32_z':
../../gcc-15.2.0/zlib/adler32.c:63:15: warning: old-style function definition [-Wold-style-definition]
   63 | uLong ZEXPORT adler32_z(adler, buf, len)
      |               ^~~~~~~~~
../../gcc-15.2.0/zlib/adler32.c: In function 'adler32':
../../gcc-15.2.0/zlib/adler32.c:134:15: warning: old-style function definition [-Wold-style-definition]
  134 | uLong ZEXPORT adler32(adler, buf, len)
      |               ^~~~~~~
../../gcc-15.2.0/zlib/adler32.c: In function 'adler32_combine_':
../../gcc-15.2.0/zlib/adler32.c:143:13: warning: old-style function definition [-Wold-style-definition]
  143 | local uLong adler32_combine_(adler1, adler2, len2)
      |             ^~~~~~~~~~~~~~~~
../../gcc-15.2.0/zlib/adler32.c: In function 'adler32_combine':
../../gcc-15.2.0/zlib/adler32.c:172:15: warning: old-style function definition [-Wold-style-definition]
  172 | uLong ZEXPORT adler32_combine(adler1, adler2, len2)
      |               ^~~~~~~~~~~~~~~
../../gcc-15.2.0/zlib/adler32.c: In function 'adler32_combine64':
../../gcc-15.2.0/zlib/adler32.c:180:15: warning: old-style function definition [-Wold-style-definition]
  180 | uLong ZEXPORT adler32_combine64(adler1, adler2, len2)
      |               ^~~~~~~~~~~~~~~~~
no
checking for an ANSI C-conforming const... mv -f .deps/libz_a-adler32.Tpo .deps/libz_a-adler32.Po
if [ x"" != x ]; then \
  /mingw64/bin/gcc -c -DHAVE_CONFIG_H -g -O2  -I. -I../../../gcc-15.2.0/libiberty/../include  -W -Wall -Wwrite-strings -Wc++-compat -Wstrict-prototypes -Wshadow=local -pedantic  -D_GNU_SOURCE   ../../../gcc-15.2.0/libiberty/stack-limit.c -o pic/stack-limit.o; \
else true; fi
/mingw64/bin/gcc -DPACKAGE_NAME=\"zlib\" -DPACKAGE_TARNAME=\"zlib\" -DPACKAGE_VERSION=\"1.1.4\" -DPACKAGE_STRING=\"zlib\ 1.1.4\" -DPACKAGE_BUGREPORT=\"\" -DPACKAGE_URL=\"\" -DPACKAGE=\"zlib\" -DVERSION=\"1.1.4\" -DSTDC_HEADERS=1 -DHAVE_SYS_TYPES_H=1 -DHAVE_SYS_STAT_H=1 -DHAVE_STDLIB_H=1 -DHAVE_STRING_H=1 -DHAVE_MEMORY_H=1 -DHAVE_STRINGS_H=1 -DHAVE_INTTYPES_H=1 -DHAVE_STDINT_H=1 -DHAVE_UNISTD_H=1 -DLT_OBJDIR=\".libs/\" -DHAVE_STDLIB_H=1 -DHAVE_UNISTD_H=1 -DHAVE_SYS_PARAM_H=1 -DHAVE_GETPAGESIZE=1 -DHAVE_MEMCPY=1 -DHAVE_STRERROR=1 -DHAVE_UNISTD_H=1 -I. -I../../gcc-15.2.0/zlib      -g -O2   -MT libz_a-compress.o -MD -MP -MF .deps/libz_a-compress.Tpo -c -o libz_a-compress.o `test -f 'compress.c' || echo '../../gcc-15.2.0/zlib/'`compress.c
if [ x"" != x ]; then \
  /mingw64/bin/gcc -c -DHAVE_CONFIG_H -g -O2  -I. -I../../../gcc-15.2.0/libiberty/../include  -W -Wall -Wwrite-strings -Wc++-compat -Wstrict-prototypes -Wshadow=local -pedantic  -D_GNU_SOURCE    ../../../gcc-15.2.0/libiberty/stack-limit.c -o noasan/stack-limit.o; \
else true; fi
/mingw64/bin/gcc -c -DHAVE_CONFIG_H -g -O2  -I. -I../../../gcc-15.2.0/libiberty/../include  -W -Wall -Wwrite-strings -Wc++-compat -Wstrict-prototypes -Wshadow=local -pedantic  -D_GNU_SOURCE  ../../../gcc-15.2.0/libiberty/stack-limit.c -o stack-limit.o
../../gcc-15.2.0/zlib/compress.c: In function 'compress2':
../../gcc-15.2.0/zlib/compress.c:22:13: warning: old-style function definition [-Wold-style-definition]
   22 | int ZEXPORT compress2 (dest, destLen, source, sourceLen, level)
      |             ^~~~~~~~~
../../gcc-15.2.0/zlib/compress.c: In function 'compress':
../../gcc-15.2.0/zlib/compress.c:68:13: warning: old-style function definition [-Wold-style-definition]
   68 | int ZEXPORT compress (dest, destLen, source, sourceLen)
      |             ^~~~~~~~
../../gcc-15.2.0/zlib/compress.c: In function 'compressBound':
../../gcc-15.2.0/zlib/compress.c:81:15: warning: old-style function definition [-Wold-style-definition]
   81 | uLong ZEXPORT compressBound (sourceLen)
      |               ^~~~~~~~~~~~~
yes
checking sys/mman.h usability... if [ x"" != x ]; then \
  /mingw64/bin/gcc -c -DHAVE_CONFIG_H -g -O2  -I. -I../../../gcc-15.2.0/libiberty/../include  -W -Wall -Wwrite-strings -Wc++-compat -Wstrict-prototypes -Wshadow=local -pedantic  -D_GNU_SOURCE   ../../../gcc-15.2.0/libiberty/strerror.c -o pic/strerror.o; \
else true; fi
mv -f .deps/libz_a-compress.Tpo .deps/libz_a-compress.Po
if [ x"" != x ]; then \
  /mingw64/bin/gcc -c -DHAVE_CONFIG_H -g -O2  -I. -I../../../gcc-15.2.0/libiberty/../include  -W -Wall -Wwrite-strings -Wc++-compat -Wstrict-prototypes -Wshadow=local -pedantic  -D_GNU_SOURCE    ../../../gcc-15.2.0/libiberty/strerror.c -o noasan/strerror.o; \
else true; fi
/mingw64/bin/gcc -DPACKAGE_NAME=\"zlib\" -DPACKAGE_TARNAME=\"zlib\" -DPACKAGE_VERSION=\"1.1.4\" -DPACKAGE_STRING=\"zlib\ 1.1.4\" -DPACKAGE_BUGREPORT=\"\" -DPACKAGE_URL=\"\" -DPACKAGE=\"zlib\" -DVERSION=\"1.1.4\" -DSTDC_HEADERS=1 -DHAVE_SYS_TYPES_H=1 -DHAVE_SYS_STAT_H=1 -DHAVE_STDLIB_H=1 -DHAVE_STRING_H=1 -DHAVE_MEMORY_H=1 -DHAVE_STRINGS_H=1 -DHAVE_INTTYPES_H=1 -DHAVE_STDINT_H=1 -DHAVE_UNISTD_H=1 -DLT_OBJDIR=\".libs/\" -DHAVE_STDLIB_H=1 -DHAVE_UNISTD_H=1 -DHAVE_SYS_PARAM_H=1 -DHAVE_GETPAGESIZE=1 -DHAVE_MEMCPY=1 -DHAVE_STRERROR=1 -DHAVE_UNISTD_H=1 -I. -I../../gcc-15.2.0/zlib      -g -O2   -MT libz_a-crc32.o -MD -MP -MF .deps/libz_a-crc32.Tpo -c -o libz_a-crc32.o `test -f 'crc32.c' || echo '../../gcc-15.2.0/zlib/'`crc32.c
/mingw64/bin/gcc -c -DHAVE_CONFIG_H -g -O2  -I. -I../../../gcc-15.2.0/libiberty/../include  -W -Wall -Wwrite-strings -Wc++-compat -Wstrict-prototypes -Wshadow=local -pedantic  -D_GNU_SOURCE  ../../../gcc-15.2.0/libiberty/strerror.c -o strerror.o
../../gcc-15.2.0/zlib/crc32.c: In function 'crc32_z':
../../gcc-15.2.0/zlib/crc32.c:202:23: warning: old-style function definition [-Wold-style-definition]
  202 | unsigned long ZEXPORT crc32_z(crc, buf, len)
      |                       ^~~~~~~
../../gcc-15.2.0/zlib/crc32.c: In function 'crc32':
../../gcc-15.2.0/zlib/crc32.c:237:23: warning: old-style function definition [-Wold-style-definition]
  237 | unsigned long ZEXPORT crc32(crc, buf, len)
      |                       ^~~~~
../../gcc-15.2.0/zlib/crc32.c: In function 'crc32_little':
../../gcc-15.2.0/zlib/crc32.c:266:21: warning: old-style function definition [-Wold-style-definition]
  266 | local unsigned long crc32_little(crc, buf, len)
      |                     ^~~~~~~~~~~~
../../gcc-15.2.0/zlib/crc32.c: In function 'crc32_big':
../../gcc-15.2.0/zlib/crc32.c:306:21: warning: old-style function definition [-Wold-style-definition]
  306 | local unsigned long crc32_big(crc, buf, len)
      |                     ^~~~~~~~~
../../gcc-15.2.0/zlib/crc32.c: In function 'gf2_matrix_times':
../../gcc-15.2.0/zlib/crc32.c:344:21: warning: old-style function definition [-Wold-style-definition]
  344 | local unsigned long gf2_matrix_times(mat, vec)
      |                     ^~~~~~~~~~~~~~~~
../../gcc-15.2.0/zlib/crc32.c: In function 'gf2_matrix_square':
../../gcc-15.2.0/zlib/crc32.c:361:12: warning: old-style function definition [-Wold-style-definition]
  361 | local void gf2_matrix_square(square, mat)
      |            ^~~~~~~~~~~~~~~~~
../../gcc-15.2.0/zlib/crc32.c: In function 'crc32_combine_':
../../gcc-15.2.0/zlib/crc32.c:372:13: warning: old-style function definition [-Wold-style-definition]
  372 | local uLong crc32_combine_(crc1, crc2, len2)
      |             ^~~~~~~~~~~~~~
../../gcc-15.2.0/zlib/crc32.c: In function 'crc32_combine':
../../gcc-15.2.0/zlib/crc32.c:428:15: warning: old-style function definition [-Wold-style-definition]
  428 | uLong ZEXPORT crc32_combine(crc1, crc2, len2)
      |               ^~~~~~~~~~~~~
../../gcc-15.2.0/zlib/crc32.c: In function 'crc32_combine64':
../../gcc-15.2.0/zlib/crc32.c:436:15: warning: old-style function definition [-Wold-style-definition]
  436 | uLong ZEXPORT crc32_combine64(crc1, crc2, len2)
      |               ^~~~~~~~~~~~~~~
if [ x"" != x ]; then \
  /mingw64/bin/gcc -c -DHAVE_CONFIG_H -g -O2  -I. -I../../../gcc-15.2.0/libiberty/../include  -W -Wall -Wwrite-strings -Wc++-compat -Wstrict-prototypes -Wshadow=local -pedantic  -D_GNU_SOURCE   ../../../gcc-15.2.0/libiberty/strsignal.c -o pic/strsignal.o; \
else true; fi
if [ x"" != x ]; then \
  /mingw64/bin/gcc -c -DHAVE_CONFIG_H -g -O2  -I. -I../../../gcc-15.2.0/libiberty/../include  -W -Wall -Wwrite-strings -Wc++-compat -Wstrict-prototypes -Wshadow=local -pedantic  -D_GNU_SOURCE    ../../../gcc-15.2.0/libiberty/strsignal.c -o noasan/strsignal.o; \
else true; fi
mv -f .deps/libz_a-crc32.Tpo .deps/libz_a-crc32.Po
config.status: creating Makefile
/mingw64/bin/gcc -DPACKAGE_NAME=\"zlib\" -DPACKAGE_TARNAME=\"zlib\" -DPACKAGE_VERSION=\"1.1.4\" -DPACKAGE_STRING=\"zlib\ 1.1.4\" -DPACKAGE_BUGREPORT=\"\" -DPACKAGE_URL=\"\" -DPACKAGE=\"zlib\" -DVERSION=\"1.1.4\" -DSTDC_HEADERS=1 -DHAVE_SYS_TYPES_H=1 -DHAVE_SYS_STAT_H=1 -DHAVE_STDLIB_H=1 -DHAVE_STRING_H=1 -DHAVE_MEMORY_H=1 -DHAVE_STRINGS_H=1 -DHAVE_INTTYPES_H=1 -DHAVE_STDINT_H=1 -DHAVE_UNISTD_H=1 -DLT_OBJDIR=\".libs/\" -DHAVE_STDLIB_H=1 -DHAVE_UNISTD_H=1 -DHAVE_SYS_PARAM_H=1 -DHAVE_GETPAGESIZE=1 -DHAVE_MEMCPY=1 -DHAVE_STRERROR=1 -DHAVE_UNISTD_H=1 -I. -I../../gcc-15.2.0/zlib      -g -O2   -MT libz_a-deflate.o -MD -MP -MF .deps/libz_a-deflate.Tpo -c -o libz_a-deflate.o `test -f 'deflate.c' || echo '../../gcc-15.2.0/zlib/'`deflate.c
no
checking sys/mman.h presence... /mingw64/bin/gcc -c -DHAVE_CONFIG_H -g -O2  -I. -I../../../gcc-15.2.0/libiberty/../include  -W -Wall -Wwrite-strings -Wc++-compat -Wstrict-prototypes -Wshadow=local -pedantic  -D_GNU_SOURCE  ../../../gcc-15.2.0/libiberty/strsignal.c -o strsignal.o
../../gcc-15.2.0/zlib/deflate.c: In function 'slide_hash':
../../gcc-15.2.0/zlib/deflate.c:201:12: warning: old-style function definition [-Wold-style-definition]
  201 | local void slide_hash(s)
      |            ^~~~~~~~~~
../../gcc-15.2.0/zlib/deflate.c: In function 'deflateInit_':
../../gcc-15.2.0/zlib/deflate.c:228:13: warning: old-style function definition [-Wold-style-definition]
  228 | int ZEXPORT deflateInit_(strm, level, version, stream_size)
      |             ^~~~~~~~~~~~
../../gcc-15.2.0/zlib/deflate.c: In function 'deflateInit2_':
../../gcc-15.2.0/zlib/deflate.c:240:13: warning: old-style function definition [-Wold-style-definition]
  240 | int ZEXPORT deflateInit2_(strm, level, method, windowBits, memLevel, strategy,
      |             ^~~~~~~~~~~~~
../../gcc-15.2.0/zlib/deflate.c: In function 'deflateStateCheck':
../../gcc-15.2.0/zlib/deflate.c:353:11: warning: old-style function definition [-Wold-style-definition]
  353 | local int deflateStateCheck (strm)
      |           ^~~~~~~~~~~~~~~~~
../../gcc-15.2.0/zlib/deflate.c: In function 'deflateSetDictionary':
../../gcc-15.2.0/zlib/deflate.c:376:13: warning: old-style function definition [-Wold-style-definition]
  376 | int ZEXPORT deflateSetDictionary (strm, dictionary, dictLength)
      |             ^~~~~~~~~~~~~~~~~~~~
../../gcc-15.2.0/zlib/deflate.c: In function 'deflateGetDictionary':
../../gcc-15.2.0/zlib/deflate.c:445:13: warning: old-style function definition [-Wold-style-definition]
  445 | int ZEXPORT deflateGetDictionary (strm, dictionary, dictLength)
      |             ^~~~~~~~~~~~~~~~~~~~
../../gcc-15.2.0/zlib/deflate.c: In function 'deflateResetKeep':
../../gcc-15.2.0/zlib/deflate.c:467:13: warning: old-style function definition [-Wold-style-definition]
  467 | int ZEXPORT deflateResetKeep (strm)
      |             ^~~~~~~~~~~~~~~~
../../gcc-15.2.0/zlib/deflate.c: In function 'deflateReset':
../../gcc-15.2.0/zlib/deflate.c:505:13: warning: old-style function definition [-Wold-style-definition]
  505 | int ZEXPORT deflateReset (strm)
      |             ^~~~~~~~~~~~
../../gcc-15.2.0/zlib/deflate.c: In function 'deflateSetHeader':
../../gcc-15.2.0/zlib/deflate.c:517:13: warning: old-style function definition [-Wold-style-definition]
  517 | int ZEXPORT deflateSetHeader (strm, head)
      |             ^~~~~~~~~~~~~~~~
../../gcc-15.2.0/zlib/deflate.c: In function 'deflatePending':
../../gcc-15.2.0/zlib/deflate.c:528:13: warning: old-style function definition [-Wold-style-definition]
  528 | int ZEXPORT deflatePending (strm, pending, bits)
      |             ^~~~~~~~~~~~~~
../../gcc-15.2.0/zlib/deflate.c: In function 'deflatePrime':
../../gcc-15.2.0/zlib/deflate.c:542:13: warning: old-style function definition [-Wold-style-definition]
  542 | int ZEXPORT deflatePrime (strm, bits, value)
      |             ^~~~~~~~~~~~
../../gcc-15.2.0/zlib/deflate.c: In function 'deflateParams':
../../gcc-15.2.0/zlib/deflate.c:568:13: warning: old-style function definition [-Wold-style-definition]
  568 | int ZEXPORT deflateParams(strm, level, strategy)
      |             ^~~~~~~~~~~~~
../../gcc-15.2.0/zlib/deflate.c: In function 'deflateTune':
../../gcc-15.2.0/zlib/deflate.c:617:13: warning: old-style function definition [-Wold-style-definition]
  617 | int ZEXPORT deflateTune(strm, good_length, max_lazy, nice_length, max_chain)
      |             ^~~~~~~~~~~
../../gcc-15.2.0/zlib/deflate.c: In function 'deflateBound':
../../gcc-15.2.0/zlib/deflate.c:652:15: warning: old-style function definition [-Wold-style-definition]
  652 | uLong ZEXPORT deflateBound(strm, sourceLen)
      |               ^~~~~~~~~~~~
../../gcc-15.2.0/zlib/deflate.c: In function 'putShortMSB':
../../gcc-15.2.0/zlib/deflate.c:716:12: warning: old-style function definition [-Wold-style-definition]
  716 | local void putShortMSB (s, b)
      |            ^~~~~~~~~~~
../../gcc-15.2.0/zlib/deflate.c: In function 'flush_pending':
../../gcc-15.2.0/zlib/deflate.c:730:12: warning: old-style function definition [-Wold-style-definition]
  730 | local void flush_pending(strm)
      |            ^~~~~~~~~~~~~
../../gcc-15.2.0/zlib/deflate.c: In function 'deflate':
../../gcc-15.2.0/zlib/deflate.c:763:13: warning: old-style function definition [-Wold-style-definition]
  763 | int ZEXPORT deflate (strm, flush)
      |             ^~~~~~~
../../gcc-15.2.0/zlib/deflate.c: In function 'deflateEnd':
../../gcc-15.2.0/zlib/deflate.c:1076:13: warning: old-style function definition [-Wold-style-definition]
 1076 | int ZEXPORT deflateEnd (strm)
      |             ^~~~~~~~~~
../../gcc-15.2.0/zlib/deflate.c: In function 'deflateCopy':
../../gcc-15.2.0/zlib/deflate.c:1102:13: warning: old-style function definition [-Wold-style-definition]
 1102 | int ZEXPORT deflateCopy (dest, source)
      |             ^~~~~~~~~~~
../../gcc-15.2.0/zlib/deflate.c: In function 'read_buf':
../../gcc-15.2.0/zlib/deflate.c:1164:16: warning: old-style function definition [-Wold-style-definition]
 1164 | local unsigned read_buf(strm, buf, size)
      |                ^~~~~~~~
../../gcc-15.2.0/zlib/deflate.c: In function 'lm_init':
../../gcc-15.2.0/zlib/deflate.c:1194:12: warning: old-style function definition [-Wold-style-definition]
 1194 | local void lm_init (s)
      |            ^~~~~~~
../../gcc-15.2.0/zlib/deflate.c: In function 'longest_match':
../../gcc-15.2.0/zlib/deflate.c:1236:12: warning: old-style function definition [-Wold-style-definition]
 1236 | local uInt longest_match(s, cur_match)
      |            ^~~~~~~~~~~~~
../../gcc-15.2.0/zlib/deflate.c: In function 'fill_window':
../../gcc-15.2.0/zlib/deflate.c:1482:12: warning: old-style function definition [-Wold-style-definition]
 1482 | local void fill_window(s)
      |            ^~~~~~~~~~~
../../gcc-15.2.0/zlib/deflate.c: In function 'deflate_stored':
../../gcc-15.2.0/zlib/deflate.c:1643:19: warning: old-style function definition [-Wold-style-definition]
 1643 | local block_state deflate_stored(s, flush)
      |                   ^~~~~~~~~~~~~~
../../gcc-15.2.0/zlib/deflate.c: In function 'deflate_fast':
../../gcc-15.2.0/zlib/deflate.c:1824:19: warning: old-style function definition [-Wold-style-definition]
 1824 | local block_state deflate_fast(s, flush)
      |                   ^~~~~~~~~~~~
../../gcc-15.2.0/zlib/deflate.c: In function 'deflate_slow':
../../gcc-15.2.0/zlib/deflate.c:1926:19: warning: old-style function definition [-Wold-style-definition]
 1926 | local block_state deflate_slow(s, flush)
      |                   ^~~~~~~~~~~~
../../gcc-15.2.0/zlib/deflate.c: In function 'deflate_rle':
../../gcc-15.2.0/zlib/deflate.c:2057:19: warning: old-style function definition [-Wold-style-definition]
 2057 | local block_state deflate_rle(s, flush)
      |                   ^~~~~~~~~~~
../../gcc-15.2.0/zlib/deflate.c: In function 'deflate_huff':
../../gcc-15.2.0/zlib/deflate.c:2130:19: warning: old-style function definition [-Wold-style-definition]
 2130 | local block_state deflate_huff(s, flush)
      |                   ^~~~~~~~~~~~
if [ x"" != x ]; then \
  /mingw64/bin/gcc -c -DHAVE_CONFIG_H -g -O2  -I. -I../../../gcc-15.2.0/libiberty/../include  -W -Wall -Wwrite-strings -Wc++-compat -Wstrict-prototypes -Wshadow=local -pedantic  -D_GNU_SOURCE   ../../../gcc-15.2.0/libiberty/timeval-utils.c -o pic/timeval-utils.o; \
else true; fi
if [ x"" != x ]; then \
  /mingw64/bin/gcc -c -DHAVE_CONFIG_H -g -O2  -I. -I../../../gcc-15.2.0/libiberty/../include  -W -Wall -Wwrite-strings -Wc++-compat -Wstrict-prototypes -Wshadow=local -pedantic  -D_GNU_SOURCE    ../../../gcc-15.2.0/libiberty/timeval-utils.c -o noasan/timeval-utils.o; \
else true; fi
/mingw64/bin/gcc -c -DHAVE_CONFIG_H -g -O2  -I. -I../../../gcc-15.2.0/libiberty/../include  -W -Wall -Wwrite-strings -Wc++-compat -Wstrict-prototypes -Wshadow=local -pedantic  -D_GNU_SOURCE  ../../../gcc-15.2.0/libiberty/timeval-utils.c -o timeval-utils.o
config.status: creating backtrace-supported.h
no
checking for sys/mman.h... no
checking for mmap... if [ x"" != x ]; then \
  /mingw64/bin/gcc -c -DHAVE_CONFIG_H -g -O2  -I. -I../../../gcc-15.2.0/libiberty/../include  -W -Wall -Wwrite-strings -Wc++-compat -Wstrict-prototypes -Wshadow=local -pedantic  -D_GNU_SOURCE   ../../../gcc-15.2.0/libiberty/unlink-if-ordinary.c -o pic/unlink-if-ordinary.o; \
else true; fi
if [ x"" != x ]; then \
  /mingw64/bin/gcc -c -DHAVE_CONFIG_H -g -O2  -I. -I../../../gcc-15.2.0/libiberty/../include  -W -Wall -Wwrite-strings -Wc++-compat -Wstrict-prototypes -Wshadow=local -pedantic  -D_GNU_SOURCE    ../../../gcc-15.2.0/libiberty/unlink-if-ordinary.c -o noasan/unlink-if-ordinary.o; \
else true; fi
/mingw64/bin/gcc -c -DHAVE_CONFIG_H -g -O2  -I. -I../../../gcc-15.2.0/libiberty/../include  -W -Wall -Wwrite-strings -Wc++-compat -Wstrict-prototypes -Wshadow=local -pedantic  -D_GNU_SOURCE  ../../../gcc-15.2.0/libiberty/unlink-if-ordinary.c -o unlink-if-ordinary.o
if [ x"" != x ]; then \
  /mingw64/bin/gcc -c -DHAVE_CONFIG_H -g -O2  -I. -I../../../gcc-15.2.0/libiberty/../include  -W -Wall -Wwrite-strings -Wc++-compat -Wstrict-prototypes -Wshadow=local -pedantic  -D_GNU_SOURCE   ../../../gcc-15.2.0/libiberty/xasprintf.c -o pic/xasprintf.o; \
else true; fi
config.status: creating install-debuginfo-for-buildid.sh
if [ x"" != x ]; then \
  /mingw64/bin/gcc -c -DHAVE_CONFIG_H -g -O2  -I. -I../../../gcc-15.2.0/libiberty/../include  -W -Wall -Wwrite-strings -Wc++-compat -Wstrict-prototypes -Wshadow=local -pedantic  -D_GNU_SOURCE    ../../../gcc-15.2.0/libiberty/xasprintf.c -o noasan/xasprintf.o; \
else true; fi
/mingw64/bin/gcc -c -DHAVE_CONFIG_H -g -O2  -I. -I../../../gcc-15.2.0/libiberty/../include  -W -Wall -Wwrite-strings -Wc++-compat -Wstrict-prototypes -Wshadow=local -pedantic  -D_GNU_SOURCE  ../../../gcc-15.2.0/libiberty/xasprintf.c -o xasprintf.o
mv -f .deps/libz_a-deflate.Tpo .deps/libz_a-deflate.Po
no
checking whether to enable maintainer-specific portions of Makefiles... no
if [ x"" != x ]; then \
  /mingw64/bin/gcc -c -DHAVE_CONFIG_H -g -O2  -I. -I../../../gcc-15.2.0/libiberty/../include  -W -Wall -Wwrite-strings -Wc++-compat -Wstrict-prototypes -Wshadow=local -pedantic  -D_GNU_SOURCE   ../../../gcc-15.2.0/libiberty/xatexit.c -o pic/xatexit.o; \
else true; fi
/mingw64/bin/gcc -DPACKAGE_NAME=\"zlib\" -DPACKAGE_TARNAME=\"zlib\" -DPACKAGE_VERSION=\"1.1.4\" -DPACKAGE_STRING=\"zlib\ 1.1.4\" -DPACKAGE_BUGREPORT=\"\" -DPACKAGE_URL=\"\" -DPACKAGE=\"zlib\" -DVERSION=\"1.1.4\" -DSTDC_HEADERS=1 -DHAVE_SYS_TYPES_H=1 -DHAVE_SYS_STAT_H=1 -DHAVE_STDLIB_H=1 -DHAVE_STRING_H=1 -DHAVE_MEMORY_H=1 -DHAVE_STRINGS_H=1 -DHAVE_INTTYPES_H=1 -DHAVE_STDINT_H=1 -DHAVE_UNISTD_H=1 -DLT_OBJDIR=\".libs/\" -DHAVE_STDLIB_H=1 -DHAVE_UNISTD_H=1 -DHAVE_SYS_PARAM_H=1 -DHAVE_GETPAGESIZE=1 -DHAVE_MEMCPY=1 -DHAVE_STRERROR=1 -DHAVE_UNISTD_H=1 -I. -I../../gcc-15.2.0/zlib      -g -O2   -MT libz_a-gzread.o -MD -MP -MF .deps/libz_a-gzread.Tpo -c -o libz_a-gzread.o `test -f 'gzread.c' || echo '../../gcc-15.2.0/zlib/'`gzread.c
if [ x"" != x ]; then \
  /mingw64/bin/gcc -c -DHAVE_CONFIG_H -g -O2  -I. -I../../../gcc-15.2.0/libiberty/../include  -W -Wall -Wwrite-strings -Wc++-compat -Wstrict-prototypes -Wshadow=local -pedantic  -D_GNU_SOURCE    ../../../gcc-15.2.0/libiberty/xatexit.c -o noasan/xatexit.o; \
else true; fi
/mingw64/bin/gcc -c -DHAVE_CONFIG_H -g -O2  -I. -I../../../gcc-15.2.0/libiberty/../include  -W -Wall -Wwrite-strings -Wc++-compat -Wstrict-prototypes -Wshadow=local -pedantic  -D_GNU_SOURCE  ../../../gcc-15.2.0/libiberty/xatexit.c -o xatexit.o
../../gcc-15.2.0/zlib/gzread.c: In function 'gz_load':
../../gcc-15.2.0/zlib/gzread.c:21:11: warning: old-style function definition [-Wold-style-definition]
   21 | local int gz_load(state, buf, len, have)
      |           ^~~~~~~
../../gcc-15.2.0/zlib/gzread.c: In function 'gz_avail':
../../gcc-15.2.0/zlib/gzread.c:56:11: warning: old-style function definition [-Wold-style-definition]
   56 | local int gz_avail(state)
      |           ^~~~~~~~
../../gcc-15.2.0/zlib/gzread.c: In function 'gz_look':
../../gcc-15.2.0/zlib/gzread.c:91:11: warning: old-style function definition [-Wold-style-definition]
   91 | local int gz_look(state)
      |           ^~~~~~~
../../gcc-15.2.0/zlib/gzread.c: In function 'gz_decomp':
../../gcc-15.2.0/zlib/gzread.c:175:11: warning: old-style function definition [-Wold-style-definition]
  175 | local int gz_decomp(state)
      |           ^~~~~~~~~
../../gcc-15.2.0/zlib/gzread.c: In function 'gz_fetch':
../../gcc-15.2.0/zlib/gzread.c:229:11: warning: old-style function definition [-Wold-style-definition]
  229 | local int gz_fetch(state)
      |           ^~~~~~~~
../../gcc-15.2.0/zlib/gzread.c: In function 'gz_skip':
../../gcc-15.2.0/zlib/gzread.c:259:11: warning: old-style function definition [-Wold-style-definition]
  259 | local int gz_skip(state, len)
      |           ^~~~~~~
../../gcc-15.2.0/zlib/gzread.c: In function 'gz_read':
../../gcc-15.2.0/zlib/gzread.c:294:16: warning: old-style function definition [-Wold-style-definition]
  294 | local z_size_t gz_read(state, buf, len)
      |                ^~~~~~~
../../gcc-15.2.0/zlib/gzread.c: In function 'gzread':
../../gcc-15.2.0/zlib/gzread.c:375:13: warning: old-style function definition [-Wold-style-definition]
  375 | int ZEXPORT gzread(file, buf, len)
      |             ^~~~~~
../../gcc-15.2.0/zlib/gzread.c: In function 'gzfread':
../../gcc-15.2.0/zlib/gzread.c:411:18: warning: old-style function definition [-Wold-style-definition]
  411 | z_size_t ZEXPORT gzfread(buf, size, nitems, file)
      |                  ^~~~~~~
../../gcc-15.2.0/zlib/gzread.c: In function 'gzgetc':
../../gcc-15.2.0/zlib/gzread.c:447:13: warning: old-style function definition [-Wold-style-definition]
  447 | int ZEXPORT gzgetc(file)
      |             ^~~~~~
../../gcc-15.2.0/zlib/gzread.c: In function 'gzgetc_':
../../gcc-15.2.0/zlib/gzread.c:476:13: warning: old-style function definition [-Wold-style-definition]
  476 | int ZEXPORT gzgetc_(file)
      |             ^~~~~~~
../../gcc-15.2.0/zlib/gzread.c: In function 'gzungetc':
../../gcc-15.2.0/zlib/gzread.c:483:13: warning: old-style function definition [-Wold-style-definition]
  483 | int ZEXPORT gzungetc(c, file)
      |             ^~~~~~~~
../../gcc-15.2.0/zlib/gzread.c: In function 'gzgets':
../../gcc-15.2.0/zlib/gzread.c:543:16: warning: old-style function definition [-Wold-style-definition]
  543 | char * ZEXPORT gzgets(file, buf, len)
      |                ^~~~~~
../../gcc-15.2.0/zlib/gzread.c: In function 'gzdirect':
../../gcc-15.2.0/zlib/gzread.c:607:13: warning: old-style function definition [-Wold-style-definition]
  607 | int ZEXPORT gzdirect(file)
      |             ^~~~~~~~
../../gcc-15.2.0/zlib/gzread.c: In function 'gzclose_r':
../../gcc-15.2.0/zlib/gzread.c:627:13: warning: old-style function definition [-Wold-style-definition]
  627 | int ZEXPORT gzclose_r(file)
      |             ^~~~~~~~~
config.status: creating config.h
if [ x"" != x ]; then \
  /mingw64/bin/gcc -c -DHAVE_CONFIG_H -g -O2  -I. -I../../../gcc-15.2.0/libiberty/../include  -W -Wall -Wwrite-strings -Wc++-compat -Wstrict-prototypes -Wshadow=local -pedantic  -D_GNU_SOURCE   ../../../gcc-15.2.0/libiberty/xexit.c -o pic/xexit.o; \
else true; fi
if [ x"" != x ]; then \
  /mingw64/bin/gcc -c -DHAVE_CONFIG_H -g -O2  -I. -I../../../gcc-15.2.0/libiberty/../include  -W -Wall -Wwrite-strings -Wc++-compat -Wstrict-prototypes -Wshadow=local -pedantic  -D_GNU_SOURCE    ../../../gcc-15.2.0/libiberty/xexit.c -o noasan/xexit.o; \
else true; fi
config.status: creating demos/pexpr-config.h
configure: updating cache ./config.cache
/mingw64/bin/gcc -c -DHAVE_CONFIG_H -g -O2  -I. -I../../../gcc-15.2.0/libiberty/../include  -W -Wall -Wwrite-strings -Wc++-compat -Wstrict-prototypes -Wshadow=local -pedantic  -D_GNU_SOURCE  ../../../gcc-15.2.0/libiberty/xexit.c -o xexit.o
mv -f .deps/libz_a-gzread.Tpo .deps/libz_a-gzread.Po
configure: creating ./config.status
/mingw64/bin/gcc -DPACKAGE_NAME=\"zlib\" -DPACKAGE_TARNAME=\"zlib\" -DPACKAGE_VERSION=\"1.1.4\" -DPACKAGE_STRING=\"zlib\ 1.1.4\" -DPACKAGE_BUGREPORT=\"\" -DPACKAGE_URL=\"\" -DPACKAGE=\"zlib\" -DVERSION=\"1.1.4\" -DSTDC_HEADERS=1 -DHAVE_SYS_TYPES_H=1 -DHAVE_SYS_STAT_H=1 -DHAVE_STDLIB_H=1 -DHAVE_STRING_H=1 -DHAVE_MEMORY_H=1 -DHAVE_STRINGS_H=1 -DHAVE_INTTYPES_H=1 -DHAVE_STDINT_H=1 -DHAVE_UNISTD_H=1 -DLT_OBJDIR=\".libs/\" -DHAVE_STDLIB_H=1 -DHAVE_UNISTD_H=1 -DHAVE_SYS_PARAM_H=1 -DHAVE_GETPAGESIZE=1 -DHAVE_MEMCPY=1 -DHAVE_STRERROR=1 -DHAVE_UNISTD_H=1 -I. -I../../gcc-15.2.0/zlib      -g -O2   -MT libz_a-gzclose.o -MD -MP -MF .deps/libz_a-gzclose.Tpo -c -o libz_a-gzclose.o `test -f 'gzclose.c' || echo '../../gcc-15.2.0/zlib/'`gzclose.c
if [ x"" != x ]; then \
  /mingw64/bin/gcc -c -DHAVE_CONFIG_H -g -O2  -I. -I../../../gcc-15.2.0/libiberty/../include  -W -Wall -Wwrite-strings -Wc++-compat -Wstrict-prototypes -Wshadow=local -pedantic  -D_GNU_SOURCE   ../../../gcc-15.2.0/libiberty/xmalloc.c -o pic/xmalloc.o; \
else true; fi
if [ x"" != x ]; then \
  /mingw64/bin/gcc -c -DHAVE_CONFIG_H -g -O2  -I. -I../../../gcc-15.2.0/libiberty/../include  -W -Wall -Wwrite-strings -Wc++-compat -Wstrict-prototypes -Wshadow=local -pedantic  -D_GNU_SOURCE    ../../../gcc-15.2.0/libiberty/xmalloc.c -o noasan/xmalloc.o; \
else true; fi
config.status: executing libtool commands
../../gcc-15.2.0/zlib/gzclose.c: In function 'gzclose':
../../gcc-15.2.0/zlib/gzclose.c:11:13: warning: old-style function definition [-Wold-style-definition]
   11 | int ZEXPORT gzclose(file)
      |             ^~~~~~~
/mingw64/bin/gcc -c -DHAVE_CONFIG_H -g -O2  -I. -I../../../gcc-15.2.0/libiberty/../include  -W -Wall -Wwrite-strings -Wc++-compat -Wstrict-prototypes -Wshadow=local -pedantic  -D_GNU_SOURCE  ../../../gcc-15.2.0/libiberty/xmalloc.c -o xmalloc.o
mv -f .deps/libz_a-gzclose.Tpo .deps/libz_a-gzclose.Po
/mingw64/bin/gcc -DPACKAGE_NAME=\"zlib\" -DPACKAGE_TARNAME=\"zlib\" -DPACKAGE_VERSION=\"1.1.4\" -DPACKAGE_STRING=\"zlib\ 1.1.4\" -DPACKAGE_BUGREPORT=\"\" -DPACKAGE_URL=\"\" -DPACKAGE=\"zlib\" -DVERSION=\"1.1.4\" -DSTDC_HEADERS=1 -DHAVE_SYS_TYPES_H=1 -DHAVE_SYS_STAT_H=1 -DHAVE_STDLIB_H=1 -DHAVE_STRING_H=1 -DHAVE_MEMORY_H=1 -DHAVE_STRINGS_H=1 -DHAVE_INTTYPES_H=1 -DHAVE_STDINT_H=1 -DHAVE_UNISTD_H=1 -DLT_OBJDIR=\".libs/\" -DHAVE_STDLIB_H=1 -DHAVE_UNISTD_H=1 -DHAVE_SYS_PARAM_H=1 -DHAVE_GETPAGESIZE=1 -DHAVE_MEMCPY=1 -DHAVE_STRERROR=1 -DHAVE_UNISTD_H=1 -I. -I../../gcc-15.2.0/zlib      -g -O2   -MT libz_a-gzwrite.o -MD -MP -MF .deps/libz_a-gzwrite.Tpo -c -o libz_a-gzwrite.o `test -f 'gzwrite.c' || echo '../../gcc-15.2.0/zlib/'`gzwrite.c
if [ x"" != x ]; then \
  /mingw64/bin/gcc -c -DHAVE_CONFIG_H -g -O2  -I. -I../../../gcc-15.2.0/libiberty/../include  -W -Wall -Wwrite-strings -Wc++-compat -Wstrict-prototypes -Wshadow=local -pedantic  -D_GNU_SOURCE   ../../../gcc-15.2.0/libiberty/xmemdup.c -o pic/xmemdup.o; \
else true; fi
if [ x"" != x ]; then \
  /mingw64/bin/gcc -c -DHAVE_CONFIG_H -g -O2  -I. -I../../../gcc-15.2.0/libiberty/../include  -W -Wall -Wwrite-strings -Wc++-compat -Wstrict-prototypes -Wshadow=local -pedantic  -D_GNU_SOURCE    ../../../gcc-15.2.0/libiberty/xmemdup.c -o noasan/xmemdup.o; \
else true; fi
/mingw64/bin/gcc -c -DHAVE_CONFIG_H -g -O2  -I. -I../../../gcc-15.2.0/libiberty/../include  -W -Wall -Wwrite-strings -Wc++-compat -Wstrict-prototypes -Wshadow=local -pedantic  -D_GNU_SOURCE  ../../../gcc-15.2.0/libiberty/xmemdup.c -o xmemdup.o
config.status: creating demos/calc/calc-config.h
../../gcc-15.2.0/zlib/gzwrite.c: In function 'gz_init':
../../gcc-15.2.0/zlib/gzwrite.c:17:11: warning: old-style function definition [-Wold-style-definition]
   17 | local int gz_init(state)
      |           ^~~~~~~
../../gcc-15.2.0/zlib/gzwrite.c: In function 'gz_comp':
../../gcc-15.2.0/zlib/gzwrite.c:73:11: warning: old-style function definition [-Wold-style-definition]
   73 | local int gz_comp(state, flush)
      |           ^~~~~~~
../../gcc-15.2.0/zlib/gzwrite.c: In function 'gz_zero':
../../gcc-15.2.0/zlib/gzwrite.c:145:11: warning: old-style function definition [-Wold-style-definition]
  145 | local int gz_zero(state, len)
      |           ^~~~~~~
../../gcc-15.2.0/zlib/gzwrite.c: In function 'gz_write':
../../gcc-15.2.0/zlib/gzwrite.c:178:16: warning: old-style function definition [-Wold-style-definition]
  178 | local z_size_t gz_write(state, buf, len)
      |                ^~~~~~~~
../../gcc-15.2.0/zlib/gzwrite.c: In function 'gzwrite':
../../gcc-15.2.0/zlib/gzwrite.c:246:13: warning: old-style function definition [-Wold-style-definition]
  246 | int ZEXPORT gzwrite(file, buf, len)
      |             ^~~~~~~
../../gcc-15.2.0/zlib/gzwrite.c: In function 'gzfwrite':
../../gcc-15.2.0/zlib/gzwrite.c:274:18: warning: old-style function definition [-Wold-style-definition]
  274 | z_size_t ZEXPORT gzfwrite(buf, size, nitems, file)
      |                  ^~~~~~~~
../../gcc-15.2.0/zlib/gzwrite.c: In function 'gzputc':
../../gcc-15.2.0/zlib/gzwrite.c:304:13: warning: old-style function definition [-Wold-style-definition]
  304 | int ZEXPORT gzputc(file, c)
      |             ^~~~~~
../../gcc-15.2.0/zlib/gzwrite.c: In function 'gzputs':
../../gcc-15.2.0/zlib/gzwrite.c:352:13: warning: old-style function definition [-Wold-style-definition]
  352 | int ZEXPORT gzputs(file, str)
      |             ^~~~~~
../../gcc-15.2.0/zlib/gzwrite.c: In function 'gzflush':
../../gcc-15.2.0/zlib/gzwrite.c:553:13: warning: old-style function definition [-Wold-style-definition]
  553 | int ZEXPORT gzflush(file, flush)
      |             ^~~~~~~
../../gcc-15.2.0/zlib/gzwrite.c: In function 'gzsetparams':
../../gcc-15.2.0/zlib/gzwrite.c:585:13: warning: old-style function definition [-Wold-style-definition]
  585 | int ZEXPORT gzsetparams(file, level, strategy)
      |             ^~~~~~~~~~~
../../gcc-15.2.0/zlib/gzwrite.c: In function 'gzclose_w':
../../gcc-15.2.0/zlib/gzwrite.c:627:13: warning: old-style function definition [-Wold-style-definition]
  627 | int ZEXPORT gzclose_w(file)
      |             ^~~~~~~~~
if [ x"" != x ]; then \
  /mingw64/bin/gcc -c -DHAVE_CONFIG_H -g -O2  -I. -I../../../gcc-15.2.0/libiberty/../include  -W -Wall -Wwrite-strings -Wc++-compat -Wstrict-prototypes -Wshadow=local -pedantic  -D_GNU_SOURCE   ../../../gcc-15.2.0/libiberty/xstrdup.c -o pic/xstrdup.o; \
else true; fi
if [ x"" != x ]; then \
  /mingw64/bin/gcc -c -DHAVE_CONFIG_H -g -O2  -I. -I../../../gcc-15.2.0/libiberty/../include  -W -Wall -Wwrite-strings -Wc++-compat -Wstrict-prototypes -Wshadow=local -pedantic  -D_GNU_SOURCE    ../../../gcc-15.2.0/libiberty/xstrdup.c -o noasan/xstrdup.o; \
else true; fi
config.status: executing gstdint.h commands
mv -f .deps/libz_a-gzwrite.Tpo .deps/libz_a-gzwrite.Po
/mingw64/bin/gcc -c -DHAVE_CONFIG_H -g -O2  -I. -I../../../gcc-15.2.0/libiberty/../include  -W -Wall -Wwrite-strings -Wc++-compat -Wstrict-prototypes -Wshadow=local -pedantic  -D_GNU_SOURCE  ../../../gcc-15.2.0/libiberty/xstrdup.c -o xstrdup.o
/mingw64/bin/gcc -DPACKAGE_NAME=\"zlib\" -DPACKAGE_TARNAME=\"zlib\" -DPACKAGE_VERSION=\"1.1.4\" -DPACKAGE_STRING=\"zlib\ 1.1.4\" -DPACKAGE_BUGREPORT=\"\" -DPACKAGE_URL=\"\" -DPACKAGE=\"zlib\" -DVERSION=\"1.1.4\" -DSTDC_HEADERS=1 -DHAVE_SYS_TYPES_H=1 -DHAVE_SYS_STAT_H=1 -DHAVE_STDLIB_H=1 -DHAVE_STRING_H=1 -DHAVE_MEMORY_H=1 -DHAVE_STRINGS_H=1 -DHAVE_INTTYPES_H=1 -DHAVE_STDINT_H=1 -DHAVE_UNISTD_H=1 -DLT_OBJDIR=\".libs/\" -DHAVE_STDLIB_H=1 -DHAVE_UNISTD_H=1 -DHAVE_SYS_PARAM_H=1 -DHAVE_GETPAGESIZE=1 -DHAVE_MEMCPY=1 -DHAVE_STRERROR=1 -DHAVE_UNISTD_H=1 -I. -I../../gcc-15.2.0/zlib      -g -O2   -MT libz_a-gzlib.o -MD -MP -MF .deps/libz_a-gzlib.Tpo -c -o libz_a-gzlib.o `test -f 'gzlib.c' || echo '../../gcc-15.2.0/zlib/'`gzlib.c
if [ x"" != x ]; then \
  /mingw64/bin/gcc -c -DHAVE_CONFIG_H -g -O2  -I. -I../../../gcc-15.2.0/libiberty/../include  -W -Wall -Wwrite-strings -Wc++-compat -Wstrict-prototypes -Wshadow=local -pedantic  -D_GNU_SOURCE   ../../../gcc-15.2.0/libiberty/xstrerror.c -o pic/xstrerror.o; \
else true; fi
../../gcc-15.2.0/zlib/gzlib.c: In function 'gz_reset':
../../gcc-15.2.0/zlib/gzlib.c:75:12: warning: old-style function definition [-Wold-style-definition]
   75 | local void gz_reset(state)
      |            ^~~~~~~~
../../gcc-15.2.0/zlib/gzlib.c: In function 'gz_open':
../../gcc-15.2.0/zlib/gzlib.c:91:14: warning: old-style function definition [-Wold-style-definition]
   91 | local gzFile gz_open(path, fd, mode)
      |              ^~~~~~~
../../gcc-15.2.0/zlib/gzlib.c: In function 'gzopen':
../../gcc-15.2.0/zlib/gzlib.c:270:16: warning: old-style function definition [-Wold-style-definition]
  270 | gzFile ZEXPORT gzopen(path, mode)
      |                ^~~~~~
../../gcc-15.2.0/zlib/gzlib.c: In function 'gzopen64':
../../gcc-15.2.0/zlib/gzlib.c:278:16: warning: old-style function definition [-Wold-style-definition]
  278 | gzFile ZEXPORT gzopen64(path, mode)
      |                ^~~~~~~~
../../gcc-15.2.0/zlib/gzlib.c: In function 'gzdopen':
../../gcc-15.2.0/zlib/gzlib.c:286:16: warning: old-style function definition [-Wold-style-definition]
  286 | gzFile ZEXPORT gzdopen(fd, mode)
      |                ^~~~~~~
../../gcc-15.2.0/zlib/gzlib.c: In function 'gzopen_w':
../../gcc-15.2.0/zlib/gzlib.c:307:16: warning: old-style function definition [-Wold-style-definition]
  307 | gzFile ZEXPORT gzopen_w(path, mode)
      |                ^~~~~~~~
../../gcc-15.2.0/zlib/gzlib.c: In function 'gzbuffer':
../../gcc-15.2.0/zlib/gzlib.c:316:13: warning: old-style function definition [-Wold-style-definition]
  316 | int ZEXPORT gzbuffer(file, size)
      |             ^~~~~~~~
../../gcc-15.2.0/zlib/gzlib.c: In function 'gzrewind':
../../gcc-15.2.0/zlib/gzlib.c:343:13: warning: old-style function definition [-Wold-style-definition]
  343 | int ZEXPORT gzrewind(file)
      |             ^~~~~~~~
../../gcc-15.2.0/zlib/gzlib.c: In function 'gzseek64':
../../gcc-15.2.0/zlib/gzlib.c:366:19: warning: old-style function definition [-Wold-style-definition]
  366 | z_off64_t ZEXPORT gzseek64(file, offset, whence)
      |                   ^~~~~~~~
../../gcc-15.2.0/zlib/gzlib.c: In function 'gzseek':
../../gcc-15.2.0/zlib/gzlib.c:443:17: warning: old-style function definition [-Wold-style-definition]
  443 | z_off_t ZEXPORT gzseek(file, offset, whence)
      |                 ^~~~~~
../../gcc-15.2.0/zlib/gzlib.c: In function 'gztell64':
../../gcc-15.2.0/zlib/gzlib.c:455:19: warning: old-style function definition [-Wold-style-definition]
  455 | z_off64_t ZEXPORT gztell64(file)
      |                   ^~~~~~~~
../../gcc-15.2.0/zlib/gzlib.c: In function 'gztell':
../../gcc-15.2.0/zlib/gzlib.c:472:17: warning: old-style function definition [-Wold-style-definition]
  472 | z_off_t ZEXPORT gztell(file)
      |                 ^~~~~~
../../gcc-15.2.0/zlib/gzlib.c: In function 'gzoffset64':
../../gcc-15.2.0/zlib/gzlib.c:482:19: warning: old-style function definition [-Wold-style-definition]
  482 | z_off64_t ZEXPORT gzoffset64(file)
      |                   ^~~~~~~~~~
../../gcc-15.2.0/zlib/gzlib.c: In function 'gzoffset':
../../gcc-15.2.0/zlib/gzlib.c:505:17: warning: old-style function definition [-Wold-style-definition]
  505 | z_off_t ZEXPORT gzoffset(file)
      |                 ^~~~~~~~
../../gcc-15.2.0/zlib/gzlib.c: In function 'gzeof':
../../gcc-15.2.0/zlib/gzlib.c:515:13: warning: old-style function definition [-Wold-style-definition]
  515 | int ZEXPORT gzeof(file)
      |             ^~~~~
../../gcc-15.2.0/zlib/gzlib.c: In function 'gzerror':
../../gcc-15.2.0/zlib/gzlib.c:532:22: warning: old-style function definition [-Wold-style-definition]
  532 | const char * ZEXPORT gzerror(file, errnum)
      |                      ^~~~~~~
../../gcc-15.2.0/zlib/gzlib.c: In function 'gzclearerr':
../../gcc-15.2.0/zlib/gzlib.c:553:14: warning: old-style function definition [-Wold-style-definition]
  553 | void ZEXPORT gzclearerr(file)
      |              ^~~~~~~~~~
../../gcc-15.2.0/zlib/gzlib.c: In function 'gz_error':
../../gcc-15.2.0/zlib/gzlib.c:579:20: warning: old-style function definition [-Wold-style-definition]
  579 | void ZLIB_INTERNAL gz_error(state, err, msg)
      |                    ^~~~~~~~
if [ x"" != x ]; then \
  /mingw64/bin/gcc -c -DHAVE_CONFIG_H -g -O2  -I. -I../../../gcc-15.2.0/libiberty/../include  -W -Wall -Wwrite-strings -Wc++-compat -Wstrict-prototypes -Wshadow=local -pedantic  -D_GNU_SOURCE    ../../../gcc-15.2.0/libiberty/xstrerror.c -o noasan/xstrerror.o; \
else true; fi
/mingw64/bin/gcc -c -DHAVE_CONFIG_H -g -O2  -I. -I../../../gcc-15.2.0/libiberty/../include  -W -Wall -Wwrite-strings -Wc++-compat -Wstrict-prototypes -Wshadow=local -pedantic  -D_GNU_SOURCE  ../../../gcc-15.2.0/libiberty/xstrerror.c -o xstrerror.o
config.status: executing default commands
config.status: creating Makefile
if [ x"" != x ]; then \
  /mingw64/bin/gcc -c -DHAVE_CONFIG_H -g -O2  -I. -I../../../gcc-15.2.0/libiberty/../include  -W -Wall -Wwrite-strings -Wc++-compat -Wstrict-prototypes -Wshadow=local -pedantic  -D_GNU_SOURCE   ../../../gcc-15.2.0/libiberty/xstrndup.c -o pic/xstrndup.o; \
else true; fi
mv -f .deps/libz_a-gzlib.Tpo .deps/libz_a-gzlib.Po
if [ x"" != x ]; then \
  /mingw64/bin/gcc -c -DHAVE_CONFIG_H -g -O2  -I. -I../../../gcc-15.2.0/libiberty/../include  -W -Wall -Wwrite-strings -Wc++-compat -Wstrict-prototypes -Wshadow=local -pedantic  -D_GNU_SOURCE    ../../../gcc-15.2.0/libiberty/xstrndup.c -o noasan/xstrndup.o; \
else true; fi
/mingw64/bin/gcc -DPACKAGE_NAME=\"zlib\" -DPACKAGE_TARNAME=\"zlib\" -DPACKAGE_VERSION=\"1.1.4\" -DPACKAGE_STRING=\"zlib\ 1.1.4\" -DPACKAGE_BUGREPORT=\"\" -DPACKAGE_URL=\"\" -DPACKAGE=\"zlib\" -DVERSION=\"1.1.4\" -DSTDC_HEADERS=1 -DHAVE_SYS_TYPES_H=1 -DHAVE_SYS_STAT_H=1 -DHAVE_STDLIB_H=1 -DHAVE_STRING_H=1 -DHAVE_MEMORY_H=1 -DHAVE_STRINGS_H=1 -DHAVE_INTTYPES_H=1 -DHAVE_STDINT_H=1 -DHAVE_UNISTD_H=1 -DLT_OBJDIR=\".libs/\" -DHAVE_STDLIB_H=1 -DHAVE_UNISTD_H=1 -DHAVE_SYS_PARAM_H=1 -DHAVE_GETPAGESIZE=1 -DHAVE_MEMCPY=1 -DHAVE_STRERROR=1 -DHAVE_UNISTD_H=1 -I. -I../../gcc-15.2.0/zlib      -g -O2   -MT libz_a-infback.o -MD -MP -MF .deps/libz_a-infback.Tpo -c -o libz_a-infback.o `test -f 'infback.c' || echo '../../gcc-15.2.0/zlib/'`infback.c
/mingw64/bin/gcc -c -DHAVE_CONFIG_H -g -O2  -I. -I../../../gcc-15.2.0/libiberty/../include  -W -Wall -Wwrite-strings -Wc++-compat -Wstrict-prototypes -Wshadow=local -pedantic  -D_GNU_SOURCE  ../../../gcc-15.2.0/libiberty/xstrndup.c -o xstrndup.o
config.status: creating mpf/Makefile
if [ x"" != x ]; then \
  /mingw64/bin/gcc -c -DHAVE_CONFIG_H -g -O2  -I. -I../../../gcc-15.2.0/libiberty/../include  -W -Wall -Wwrite-strings -Wc++-compat -Wstrict-prototypes -Wshadow=local -pedantic  -D_GNU_SOURCE   ../../../gcc-15.2.0/libiberty/xvasprintf.c -o pic/xvasprintf.o; \
else true; fi
../../gcc-15.2.0/zlib/infback.c: In function 'inflateBackInit_':
../../gcc-15.2.0/zlib/infback.c:28:13: warning: old-style function definition [-Wold-style-definition]
   28 | int ZEXPORT inflateBackInit_(strm, windowBits, window, version, stream_size)
      |             ^~~~~~~~~~~~~~~~
../../gcc-15.2.0/zlib/infback.c: In function 'fixedtables':
../../gcc-15.2.0/zlib/infback.c:82:12: warning: old-style function definition [-Wold-style-definition]
   82 | local void fixedtables(state)
      |            ^~~~~~~~~~~
../../gcc-15.2.0/zlib/infback.c: In function 'inflateBack':
../../gcc-15.2.0/zlib/infback.c:250:13: warning: old-style function definition [-Wold-style-definition]
  250 | int ZEXPORT inflateBack(strm, in, in_desc, out, out_desc)
      |             ^~~~~~~~~~~
../../gcc-15.2.0/zlib/infback.c: In function 'inflateBackEnd':
../../gcc-15.2.0/zlib/infback.c:631:13: warning: old-style function definition [-Wold-style-definition]
  631 | int ZEXPORT inflateBackEnd(strm)
      |             ^~~~~~~~~~~~~~
if [ x"" != x ]; then \
  /mingw64/bin/gcc -c -DHAVE_CONFIG_H -g -O2  -I. -I../../../gcc-15.2.0/libiberty/../include  -W -Wall -Wwrite-strings -Wc++-compat -Wstrict-prototypes -Wshadow=local -pedantic  -D_GNU_SOURCE    ../../../gcc-15.2.0/libiberty/xvasprintf.c -o noasan/xvasprintf.o; \
else true; fi
/mingw64/bin/gcc -c -DHAVE_CONFIG_H -g -O2  -I. -I../../../gcc-15.2.0/libiberty/../include  -W -Wall -Wwrite-strings -Wc++-compat -Wstrict-prototypes -Wshadow=local -pedantic  -D_GNU_SOURCE  ../../../gcc-15.2.0/libiberty/xvasprintf.c -o xvasprintf.o
/mingw64/bin/gcc -DPACKAGE_NAME=\"zlib\" -DPACKAGE_TARNAME=\"zlib\" -DPACKAGE_VERSION=\"1.1.4\" -DPACKAGE_STRING=\"zlib\ 1.1.4\" -DPACKAGE_BUGREPORT=\"\" -DPACKAGE_URL=\"\" -DPACKAGE=\"zlib\" -DVERSION=\"1.1.4\" -DSTDC_HEADERS=1 -DHAVE_SYS_TYPES_H=1 -DHAVE_SYS_STAT_H=1 -DHAVE_STDLIB_H=1 -DHAVE_STRING_H=1 -DHAVE_MEMORY_H=1 -DHAVE_STRINGS_H=1 -DHAVE_INTTYPES_H=1 -DHAVE_STDINT_H=1 -DHAVE_UNISTD_H=1 -DLT_OBJDIR=\".libs/\" -DHAVE_STDLIB_H=1 -DHAVE_UNISTD_H=1 -DHAVE_SYS_PARAM_H=1 -DHAVE_GETPAGESIZE=1 -DHAVE_MEMCPY=1 -DHAVE_STRERROR=1 -DHAVE_UNISTD_H=1 -I. -I../../gcc-15.2.0/zlib      -g -O2   -MT libz_a-inffast.o -MD -MP -MF .deps/libz_a-inffast.Tpo -c -o libz_a-inffast.o `test -f 'inffast.c' || echo '../../gcc-15.2.0/zlib/'`inffast.c
if [ x"" != x ]; then \
  /mingw64/bin/gcc -c -DHAVE_CONFIG_H -g -O2  -I. -I../../../gcc-15.2.0/libiberty/../include  -W -Wall -Wwrite-strings -Wc++-compat -Wstrict-prototypes -Wshadow=local -pedantic  -D_GNU_SOURCE   ../../../gcc-15.2.0/libiberty/bcmp.c -o pic/bcmp.o; \
else true; fi
if [ x"" != x ]; then \
  /mingw64/bin/gcc -c -DHAVE_CONFIG_H -g -O2  -I. -I../../../gcc-15.2.0/libiberty/../include  -W -Wall -Wwrite-strings -Wc++-compat -Wstrict-prototypes -Wshadow=local -pedantic  -D_GNU_SOURCE    ../../../gcc-15.2.0/libiberty/bcmp.c -o noasan/bcmp.o; \
else true; fi
../../gcc-15.2.0/zlib/inffast.c: In function 'inflate_fast':
../../gcc-15.2.0/zlib/inffast.c:50:20: warning: old-style function definition [-Wold-style-definition]
   50 | void ZLIB_INTERNAL inflate_fast(strm, start)
      |                    ^~~~~~~~~~~~
/mingw64/bin/gcc -c -DHAVE_CONFIG_H -g -O2  -I. -I../../../gcc-15.2.0/libiberty/../include  -W -Wall -Wwrite-strings -Wc++-compat -Wstrict-prototypes -Wshadow=local -pedantic  -D_GNU_SOURCE  ../../../gcc-15.2.0/libiberty/bcmp.c -o bcmp.o
mv -f .deps/libz_a-infback.Tpo .deps/libz_a-infback.Po
if [ x"" != x ]; then \
  /mingw64/bin/gcc -c -DHAVE_CONFIG_H -g -O2  -I. -I../../../gcc-15.2.0/libiberty/../include  -W -Wall -Wwrite-strings -Wc++-compat -Wstrict-prototypes -Wshadow=local -pedantic  -D_GNU_SOURCE   ../../../gcc-15.2.0/libiberty/bcopy.c -o pic/bcopy.o; \
else true; fi
if [ x"" != x ]; then \
  /mingw64/bin/gcc -c -DHAVE_CONFIG_H -g -O2  -I. -I../../../gcc-15.2.0/libiberty/../include  -W -Wall -Wwrite-strings -Wc++-compat -Wstrict-prototypes -Wshadow=local -pedantic  -D_GNU_SOURCE    ../../../gcc-15.2.0/libiberty/bcopy.c -o noasan/bcopy.o; \
else true; fi
/mingw64/bin/gcc -DPACKAGE_NAME=\"zlib\" -DPACKAGE_TARNAME=\"zlib\" -DPACKAGE_VERSION=\"1.1.4\" -DPACKAGE_STRING=\"zlib\ 1.1.4\" -DPACKAGE_BUGREPORT=\"\" -DPACKAGE_URL=\"\" -DPACKAGE=\"zlib\" -DVERSION=\"1.1.4\" -DSTDC_HEADERS=1 -DHAVE_SYS_TYPES_H=1 -DHAVE_SYS_STAT_H=1 -DHAVE_STDLIB_H=1 -DHAVE_STRING_H=1 -DHAVE_MEMORY_H=1 -DHAVE_STRINGS_H=1 -DHAVE_INTTYPES_H=1 -DHAVE_STDINT_H=1 -DHAVE_UNISTD_H=1 -DLT_OBJDIR=\".libs/\" -DHAVE_STDLIB_H=1 -DHAVE_UNISTD_H=1 -DHAVE_SYS_PARAM_H=1 -DHAVE_GETPAGESIZE=1 -DHAVE_MEMCPY=1 -DHAVE_STRERROR=1 -DHAVE_UNISTD_H=1 -I. -I../../gcc-15.2.0/zlib      -g -O2   -MT libz_a-inflate.o -MD -MP -MF .deps/libz_a-inflate.Tpo -c -o libz_a-inflate.o `test -f 'inflate.c' || echo '../../gcc-15.2.0/zlib/'`inflate.c
mv -f .deps/libz_a-inffast.Tpo .deps/libz_a-inffast.Po
/mingw64/bin/gcc -c -DHAVE_CONFIG_H -g -O2  -I. -I../../../gcc-15.2.0/libiberty/../include  -W -Wall -Wwrite-strings -Wc++-compat -Wstrict-prototypes -Wshadow=local -pedantic  -D_GNU_SOURCE  ../../../gcc-15.2.0/libiberty/bcopy.c -o bcopy.o
/mingw64/bin/gcc -DPACKAGE_NAME=\"zlib\" -DPACKAGE_TARNAME=\"zlib\" -DPACKAGE_VERSION=\"1.1.4\" -DPACKAGE_STRING=\"zlib\ 1.1.4\" -DPACKAGE_BUGREPORT=\"\" -DPACKAGE_URL=\"\" -DPACKAGE=\"zlib\" -DVERSION=\"1.1.4\" -DSTDC_HEADERS=1 -DHAVE_SYS_TYPES_H=1 -DHAVE_SYS_STAT_H=1 -DHAVE_STDLIB_H=1 -DHAVE_STRING_H=1 -DHAVE_MEMORY_H=1 -DHAVE_STRINGS_H=1 -DHAVE_INTTYPES_H=1 -DHAVE_STDINT_H=1 -DHAVE_UNISTD_H=1 -DLT_OBJDIR=\".libs/\" -DHAVE_STDLIB_H=1 -DHAVE_UNISTD_H=1 -DHAVE_SYS_PARAM_H=1 -DHAVE_GETPAGESIZE=1 -DHAVE_MEMCPY=1 -DHAVE_STRERROR=1 -DHAVE_UNISTD_H=1 -I. -I../../gcc-15.2.0/zlib      -g -O2   -MT libz_a-inftrees.o -MD -MP -MF .deps/libz_a-inftrees.Tpo -c -o libz_a-inftrees.o `test -f 'inftrees.c' || echo '../../gcc-15.2.0/zlib/'`inftrees.c
config.status: creating mpn/Makefile
if [ x"" != x ]; then \
  /mingw64/bin/gcc -c -DHAVE_CONFIG_H -g -O2  -I. -I../../../gcc-15.2.0/libiberty/../include  -W -Wall -Wwrite-strings -Wc++-compat -Wstrict-prototypes -Wshadow=local -pedantic  -D_GNU_SOURCE   ../../../gcc-15.2.0/libiberty/bzero.c -o pic/bzero.o; \
else true; fi
../../gcc-15.2.0/zlib/inflate.c: In function 'inflateStateCheck':
../../gcc-15.2.0/zlib/inflate.c:105:11: warning: old-style function definition [-Wold-style-definition]
  105 | local int inflateStateCheck(strm)
      |           ^~~~~~~~~~~~~~~~~
../../gcc-15.2.0/zlib/inflate.c: In function 'inflateResetKeep':
../../gcc-15.2.0/zlib/inflate.c:119:13: warning: old-style function definition [-Wold-style-definition]
  119 | int ZEXPORT inflateResetKeep(strm)
      |             ^~~~~~~~~~~~~~~~
../../gcc-15.2.0/zlib/inflate.c: In function 'inflateReset':
../../gcc-15.2.0/zlib/inflate.c:144:13: warning: old-style function definition [-Wold-style-definition]
  144 | int ZEXPORT inflateReset(strm)
      |             ^~~~~~~~~~~~
../../gcc-15.2.0/zlib/inflate.c: In function 'inflateReset2':
../../gcc-15.2.0/zlib/inflate.c:157:13: warning: old-style function definition [-Wold-style-definition]
  157 | int ZEXPORT inflateReset2(strm, windowBits)
      |             ^~~~~~~~~~~~~
../../gcc-15.2.0/zlib/inflate.c: In function 'inflateInit2_':
../../gcc-15.2.0/zlib/inflate.c:195:13: warning: old-style function definition [-Wold-style-definition]
  195 | int ZEXPORT inflateInit2_(strm, windowBits, version, stream_size)
      |             ^~~~~~~~~~~~~
../../gcc-15.2.0/zlib/inflate.c: In function 'inflateInit_':
../../gcc-15.2.0/zlib/inflate.c:239:13: warning: old-style function definition [-Wold-style-definition]
  239 | int ZEXPORT inflateInit_(strm, version, stream_size)
      |             ^~~~~~~~~~~~
../../gcc-15.2.0/zlib/inflate.c: In function 'inflatePrime':
../../gcc-15.2.0/zlib/inflate.c:247:13: warning: old-style function definition [-Wold-style-definition]
  247 | int ZEXPORT inflatePrime(strm, bits, value)
      |             ^~~~~~~~~~~~
../../gcc-15.2.0/zlib/inflate.c: In function 'fixedtables':
../../gcc-15.2.0/zlib/inflate.c:278:12: warning: old-style function definition [-Wold-style-definition]
  278 | local void fixedtables(state)
      |            ^~~~~~~~~~~
../../gcc-15.2.0/zlib/inflate.c: In function 'updatewindow':
../../gcc-15.2.0/zlib/inflate.c:396:11: warning: old-style function definition [-Wold-style-definition]
  396 | local int updatewindow(strm, end, copy)
      |           ^~~~~~~~~~~~
../../gcc-15.2.0/zlib/inflate.c: In function 'inflate':
../../gcc-15.2.0/zlib/inflate.c:622:13: warning: old-style function definition [-Wold-style-definition]
  622 | int ZEXPORT inflate(strm, flush)
      |             ^~~~~~~
../../gcc-15.2.0/zlib/inflate.c: In function 'inflateEnd':
../../gcc-15.2.0/zlib/inflate.c:1277:13: warning: old-style function definition [-Wold-style-definition]
 1277 | int ZEXPORT inflateEnd(strm)
      |             ^~~~~~~~~~
../../gcc-15.2.0/zlib/inflate.c: In function 'inflateGetDictionary':
../../gcc-15.2.0/zlib/inflate.c:1291:13: warning: old-style function definition [-Wold-style-definition]
 1291 | int ZEXPORT inflateGetDictionary(strm, dictionary, dictLength)
      |             ^~~~~~~~~~~~~~~~~~~~
../../gcc-15.2.0/zlib/inflate.c: In function 'inflateSetDictionary':
../../gcc-15.2.0/zlib/inflate.c:1314:13: warning: old-style function definition [-Wold-style-definition]
 1314 | int ZEXPORT inflateSetDictionary(strm, dictionary, dictLength)
      |             ^~~~~~~~~~~~~~~~~~~~
../../gcc-15.2.0/zlib/inflate.c: In function 'inflateGetHeader':
../../gcc-15.2.0/zlib/inflate.c:1349:13: warning: old-style function definition [-Wold-style-definition]
 1349 | int ZEXPORT inflateGetHeader(strm, head)
      |             ^~~~~~~~~~~~~~~~
../../gcc-15.2.0/zlib/inflate.c: In function 'syncsearch':
../../gcc-15.2.0/zlib/inflate.c:1377:16: warning: old-style function definition [-Wold-style-definition]
 1377 | local unsigned syncsearch(have, buf, len)
      |                ^~~~~~~~~~
../../gcc-15.2.0/zlib/inflate.c: In function 'inflateSync':
../../gcc-15.2.0/zlib/inflate.c:1400:13: warning: old-style function definition [-Wold-style-definition]
 1400 | int ZEXPORT inflateSync(strm)
      |             ^~~~~~~~~~~
../../gcc-15.2.0/zlib/inflate.c: In function 'inflateSyncPoint':
../../gcc-15.2.0/zlib/inflate.c:1451:13: warning: old-style function definition [-Wold-style-definition]
 1451 | int ZEXPORT inflateSyncPoint(strm)
      |             ^~~~~~~~~~~~~~~~
../../gcc-15.2.0/zlib/inflate.c: In function 'inflateCopy':
../../gcc-15.2.0/zlib/inflate.c:1461:13: warning: old-style function definition [-Wold-style-definition]
 1461 | int ZEXPORT inflateCopy(dest, source)
      |             ^~~~~~~~~~~
../../gcc-15.2.0/zlib/inflate.c: In function 'inflateUndermine':
../../gcc-15.2.0/zlib/inflate.c:1508:13: warning: old-style function definition [-Wold-style-definition]
 1508 | int ZEXPORT inflateUndermine(strm, subvert)
      |             ^~~~~~~~~~~~~~~~
../../gcc-15.2.0/zlib/inflate.c: In function 'inflateValidate':
../../gcc-15.2.0/zlib/inflate.c:1526:13: warning: old-style function definition [-Wold-style-definition]
 1526 | int ZEXPORT inflateValidate(strm, check)
      |             ^~~~~~~~~~~~~~~
../../gcc-15.2.0/zlib/inflate.c: In function 'inflateMark':
../../gcc-15.2.0/zlib/inflate.c:1541:14: warning: old-style function definition [-Wold-style-definition]
 1541 | long ZEXPORT inflateMark(strm)
      |              ^~~~~~~~~~~
../../gcc-15.2.0/zlib/inflate.c: In function 'inflateCodesUsed':
../../gcc-15.2.0/zlib/inflate.c:1554:23: warning: old-style function definition [-Wold-style-definition]
 1554 | unsigned long ZEXPORT inflateCodesUsed(strm)
      |                       ^~~~~~~~~~~~~~~~
if [ x"" != x ]; then \
  /mingw64/bin/gcc -c -DHAVE_CONFIG_H -g -O2  -I. -I../../../gcc-15.2.0/libiberty/../include  -W -Wall -Wwrite-strings -Wc++-compat -Wstrict-prototypes -Wshadow=local -pedantic  -D_GNU_SOURCE    ../../../gcc-15.2.0/libiberty/bzero.c -o noasan/bzero.o; \
else true; fi
../../gcc-15.2.0/zlib/inftrees.c: In function 'inflate_table':
../../gcc-15.2.0/zlib/inftrees.c:32:19: warning: old-style function definition [-Wold-style-definition]
   32 | int ZLIB_INTERNAL inflate_table(type, lens, codes, table, bits, work)
      |                   ^~~~~~~~~~~~~
/mingw64/bin/gcc -c -DHAVE_CONFIG_H -g -O2  -I. -I../../../gcc-15.2.0/libiberty/../include  -W -Wall -Wwrite-strings -Wc++-compat -Wstrict-prototypes -Wshadow=local -pedantic  -D_GNU_SOURCE  ../../../gcc-15.2.0/libiberty/bzero.c -o bzero.o
mv -f .deps/libz_a-inftrees.Tpo .deps/libz_a-inftrees.Po
if [ x"" != x ]; then \
  /mingw64/bin/gcc -c -DHAVE_CONFIG_H -g -O2  -I. -I../../../gcc-15.2.0/libiberty/../include  -W -Wall -Wwrite-strings -Wc++-compat -Wstrict-prototypes -Wshadow=local -pedantic  -D_GNU_SOURCE   ../../../gcc-15.2.0/libiberty/ffs.c -o pic/ffs.o; \
else true; fi
if [ x"" != x ]; then \
  /mingw64/bin/gcc -c -DHAVE_CONFIG_H -g -O2  -I. -I../../../gcc-15.2.0/libiberty/../include  -W -Wall -Wwrite-strings -Wc++-compat -Wstrict-prototypes -Wshadow=local -pedantic  -D_GNU_SOURCE   ../../../gcc-15.2.0/libiberty/index.c -o pic/index.o; \
else true; fi
if [ x"" != x ]; then \
  /mingw64/bin/gcc -c -DHAVE_CONFIG_H -g -O2  -I. -I../../../gcc-15.2.0/libiberty/../include  -W -Wall -Wwrite-strings -Wc++-compat -Wstrict-prototypes -Wshadow=local -pedantic  -D_GNU_SOURCE    ../../../gcc-15.2.0/libiberty/ffs.c -o noasan/ffs.o; \
else true; fi
if [ x"" != x ]; then \
  /mingw64/bin/gcc -c -DHAVE_CONFIG_H -g -O2  -I. -I../../../gcc-15.2.0/libiberty/../include  -W -Wall -Wwrite-strings -Wc++-compat -Wstrict-prototypes -Wshadow=local -pedantic  -D_GNU_SOURCE    ../../../gcc-15.2.0/libiberty/index.c -o noasan/index.o; \
else true; fi
/mingw64/bin/gcc -c -DHAVE_CONFIG_H -g -O2  -I. -I../../../gcc-15.2.0/libiberty/../include  -W -Wall -Wwrite-strings -Wc++-compat -Wstrict-prototypes -Wshadow=local -pedantic  -D_GNU_SOURCE  ../../../gcc-15.2.0/libiberty/ffs.c -o ffs.o
/mingw64/bin/gcc -c -DHAVE_CONFIG_H -g -O2  -I. -I../../../gcc-15.2.0/libiberty/../include  -W -Wall -Wwrite-strings -Wc++-compat -Wstrict-prototypes -Wshadow=local -pedantic  -D_GNU_SOURCE  ../../../gcc-15.2.0/libiberty/index.c -o index.o
config.status: creating mpq/Makefile
if [ x"" != x ]; then \
  /mingw64/bin/gcc -c -DHAVE_CONFIG_H -g -O2  -I. -I../../../gcc-15.2.0/libiberty/../include  -W -Wall -Wwrite-strings -Wc++-compat -Wstrict-prototypes -Wshadow=local -pedantic  -D_GNU_SOURCE   ../../../gcc-15.2.0/libiberty/insque.c -o pic/insque.o; \
else true; fi
if [ x"" != x ]; then \
  /mingw64/bin/gcc -c -DHAVE_CONFIG_H -g -O2  -I. -I../../../gcc-15.2.0/libiberty/../include  -W -Wall -Wwrite-strings -Wc++-compat -Wstrict-prototypes -Wshadow=local -pedantic  -D_GNU_SOURCE    ../../../gcc-15.2.0/libiberty/insque.c -o noasan/insque.o; \
else true; fi
config.status: creating Makefile
/mingw64/bin/gcc -c -DHAVE_CONFIG_H -g -O2  -I. -I../../../gcc-15.2.0/libiberty/../include  -W -Wall -Wwrite-strings -Wc++-compat -Wstrict-prototypes -Wshadow=local -pedantic  -D_GNU_SOURCE  ../../../gcc-15.2.0/libiberty/insque.c -o insque.o
if [ x"" != x ]; then \
  /mingw64/bin/gcc -c -DHAVE_CONFIG_H -g -O2  -I. -I../../../gcc-15.2.0/libiberty/../include  -W -Wall -Wwrite-strings -Wc++-compat -Wstrict-prototypes -Wshadow=local -pedantic  -D_GNU_SOURCE   ../../../gcc-15.2.0/libiberty/memrchr.c -o pic/memrchr.o; \
else true; fi
if [ x"" != x ]; then \
  /mingw64/bin/gcc -c -DHAVE_CONFIG_H -g -O2  -I. -I../../../gcc-15.2.0/libiberty/../include  -W -Wall -Wwrite-strings -Wc++-compat -Wstrict-prototypes -Wshadow=local -pedantic  -D_GNU_SOURCE    ../../../gcc-15.2.0/libiberty/memrchr.c -o noasan/memrchr.o; \
else true; fi
/mingw64/bin/gcc -c -DHAVE_CONFIG_H -g -O2  -I. -I../../../gcc-15.2.0/libiberty/../include  -W -Wall -Wwrite-strings -Wc++-compat -Wstrict-prototypes -Wshadow=local -pedantic  -D_GNU_SOURCE  ../../../gcc-15.2.0/libiberty/memrchr.c -o memrchr.o
mv -f .deps/libz_a-inflate.Tpo .deps/libz_a-inflate.Po
/mingw64/bin/gcc -DPACKAGE_NAME=\"zlib\" -DPACKAGE_TARNAME=\"zlib\" -DPACKAGE_VERSION=\"1.1.4\" -DPACKAGE_STRING=\"zlib\ 1.1.4\" -DPACKAGE_BUGREPORT=\"\" -DPACKAGE_URL=\"\" -DPACKAGE=\"zlib\" -DVERSION=\"1.1.4\" -DSTDC_HEADERS=1 -DHAVE_SYS_TYPES_H=1 -DHAVE_SYS_STAT_H=1 -DHAVE_STDLIB_H=1 -DHAVE_STRING_H=1 -DHAVE_MEMORY_H=1 -DHAVE_STRINGS_H=1 -DHAVE_INTTYPES_H=1 -DHAVE_STDINT_H=1 -DHAVE_UNISTD_H=1 -DLT_OBJDIR=\".libs/\" -DHAVE_STDLIB_H=1 -DHAVE_UNISTD_H=1 -DHAVE_SYS_PARAM_H=1 -DHAVE_GETPAGESIZE=1 -DHAVE_MEMCPY=1 -DHAVE_STRERROR=1 -DHAVE_UNISTD_H=1 -I. -I../../gcc-15.2.0/zlib      -g -O2   -MT libz_a-trees.o -MD -MP -MF .deps/libz_a-trees.Tpo -c -o libz_a-trees.o `test -f 'trees.c' || echo '../../gcc-15.2.0/zlib/'`trees.c
if [ x"" != x ]; then \
  /mingw64/bin/gcc -c -DHAVE_CONFIG_H -g -O2  -I. -I../../../gcc-15.2.0/libiberty/../include  -W -Wall -Wwrite-strings -Wc++-compat -Wstrict-prototypes -Wshadow=local -pedantic  -D_GNU_SOURCE   ../../../gcc-15.2.0/libiberty/memmem.c -o pic/memmem.o; \
else true; fi
make[1]: Entering directory '/c/Users/Syf/Desktop/BS4/tools/gcc-build-mingw/libcody'
# --enable-maintainer-mode to rebuild ../../gcc-15.2.0/libcody/config.h.in, or make MAINTAINER=touch
if [ x"" != x ]; then \
  /mingw64/bin/gcc -c -DHAVE_CONFIG_H -g -O2  -I. -I../../../gcc-15.2.0/libiberty/../include  -W -Wall -Wwrite-strings -Wc++-compat -Wstrict-prototypes -Wshadow=local -pedantic  -D_GNU_SOURCE    ../../../gcc-15.2.0/libiberty/memmem.c -o noasan/memmem.o; \
else true; fi
config.status: creating mpz/Makefile
config.status: creating mkheaders.almost
/mingw64/bin/gcc -c -DHAVE_CONFIG_H -g -O2  -I. -I../../../gcc-15.2.0/libiberty/../include  -W -Wall -Wwrite-strings -Wc++-compat -Wstrict-prototypes -Wshadow=local -pedantic  -D_GNU_SOURCE  ../../../gcc-15.2.0/libiberty/memmem.c -o memmem.o
../../gcc-15.2.0/zlib/trees.c: In function '_tr_init':
../../gcc-15.2.0/zlib/trees.c:379:20: warning: old-style function definition [-Wold-style-definition]
  379 | void ZLIB_INTERNAL _tr_init(s)
      |                    ^~~~~~~~
../../gcc-15.2.0/zlib/trees.c: In function 'init_block':
../../gcc-15.2.0/zlib/trees.c:407:12: warning: old-style function definition [-Wold-style-definition]
  407 | local void init_block(s)
      |            ^~~~~~~~~~
../../gcc-15.2.0/zlib/trees.c: In function 'pqdownheap':
../../gcc-15.2.0/zlib/trees.c:451:12: warning: old-style function definition [-Wold-style-definition]
  451 | local void pqdownheap(s, tree, k)
      |            ^~~~~~~~~~
../../gcc-15.2.0/zlib/trees.c: In function 'gen_bitlen':
../../gcc-15.2.0/zlib/trees.c:486:12: warning: old-style function definition [-Wold-style-definition]
  486 | local void gen_bitlen(s, desc)
      |            ^~~~~~~~~~
../../gcc-15.2.0/zlib/trees.c: In function 'gen_codes':
../../gcc-15.2.0/zlib/trees.c:572:12: warning: old-style function definition [-Wold-style-definition]
  572 | local void gen_codes (tree, max_code, bl_count)
      |            ^~~~~~~~~
../../gcc-15.2.0/zlib/trees.c: In function 'build_tree':
../../gcc-15.2.0/zlib/trees.c:615:12: warning: old-style function definition [-Wold-style-definition]
  615 | local void build_tree(s, desc)
      |            ^~~~~~~~~~
../../gcc-15.2.0/zlib/trees.c: In function 'scan_tree':
../../gcc-15.2.0/zlib/trees.c:703:12: warning: old-style function definition [-Wold-style-definition]
  703 | local void scan_tree (s, tree, max_code)
      |            ^~~~~~~~~
../../gcc-15.2.0/zlib/trees.c: In function 'send_tree':
../../gcc-15.2.0/zlib/trees.c:748:12: warning: old-style function definition [-Wold-style-definition]
  748 | local void send_tree (s, tree, max_code)
      |            ^~~~~~~~~
../../gcc-15.2.0/zlib/trees.c: In function 'build_bl_tree':
../../gcc-15.2.0/zlib/trees.c:799:11: warning: old-style function definition [-Wold-style-definition]
  799 | local int build_bl_tree(s)
      |           ^~~~~~~~~~~~~
../../gcc-15.2.0/zlib/trees.c: In function 'send_all_trees':
../../gcc-15.2.0/zlib/trees.c:834:12: warning: old-style function definition [-Wold-style-definition]
  834 | local void send_all_trees(s, lcodes, dcodes, blcodes)
      |            ^~~~~~~~~~~~~~
../../gcc-15.2.0/zlib/trees.c: In function '_tr_stored_block':
../../gcc-15.2.0/zlib/trees.c:863:20: warning: old-style function definition [-Wold-style-definition]
  863 | void ZLIB_INTERNAL _tr_stored_block(s, buf, stored_len, last)
      |                    ^~~~~~~~~~~~~~~~
../../gcc-15.2.0/zlib/trees.c: In function '_tr_flush_bits':
../../gcc-15.2.0/zlib/trees.c:886:20: warning: old-style function definition [-Wold-style-definition]
  886 | void ZLIB_INTERNAL _tr_flush_bits(s)
      |                    ^~~~~~~~~~~~~~
../../gcc-15.2.0/zlib/trees.c: In function '_tr_align':
../../gcc-15.2.0/zlib/trees.c:896:20: warning: old-style function definition [-Wold-style-definition]
  896 | void ZLIB_INTERNAL _tr_align(s)
      |                    ^~~~~~~~~
../../gcc-15.2.0/zlib/trees.c: In function '_tr_flush_block':
../../gcc-15.2.0/zlib/trees.c:911:20: warning: old-style function definition [-Wold-style-definition]
  911 | void ZLIB_INTERNAL _tr_flush_block(s, buf, stored_len, last)
      |                    ^~~~~~~~~~~~~~~
../../gcc-15.2.0/zlib/trees.c: In function '_tr_tally':
../../gcc-15.2.0/zlib/trees.c:1014:19: warning: old-style function definition [-Wold-style-definition]
 1014 | int ZLIB_INTERNAL _tr_tally (s, dist, lc)
      |                   ^~~~~~~~~
../../gcc-15.2.0/zlib/trees.c: In function 'compress_block':
../../gcc-15.2.0/zlib/trees.c:1064:12: warning: old-style function definition [-Wold-style-definition]
 1064 | local void compress_block(s, ltree, dtree)
      |            ^~~~~~~~~~~~~~
../../gcc-15.2.0/zlib/trees.c: In function 'detect_data_type':
../../gcc-15.2.0/zlib/trees.c:1124:11: warning: old-style function definition [-Wold-style-definition]
 1124 | local int detect_data_type(s)
      |           ^~~~~~~~~~~~~~~~
../../gcc-15.2.0/zlib/trees.c: In function 'bi_reverse':
../../gcc-15.2.0/zlib/trees.c:1158:16: warning: old-style function definition [-Wold-style-definition]
 1158 | local unsigned bi_reverse(code, len)
      |                ^~~~~~~~~~
../../gcc-15.2.0/zlib/trees.c: In function 'bi_flush':
../../gcc-15.2.0/zlib/trees.c:1173:12: warning: old-style function definition [-Wold-style-definition]
 1173 | local void bi_flush(s)
      |            ^~~~~~~~
../../gcc-15.2.0/zlib/trees.c: In function 'bi_windup':
../../gcc-15.2.0/zlib/trees.c:1190:12: warning: old-style function definition [-Wold-style-definition]
 1190 | local void bi_windup(s)
      |            ^~~~~~~~~
/mingw64/bin/g++ -g -O2 -fno-exceptions -fno-rtti -include config.h -I../../gcc-15.2.0/libcody \
  -MMD -MP -MF buffer.d -c -o buffer.o ../../gcc-15.2.0/libcody/buffer.cc
if [ x"" != x ]; then \
  /mingw64/bin/gcc -c -DHAVE_CONFIG_H -g -O2  -I. -I../../../gcc-15.2.0/libiberty/../include  -W -Wall -Wwrite-strings -Wc++-compat -Wstrict-prototypes -Wshadow=local -pedantic  -D_GNU_SOURCE   ../../../gcc-15.2.0/libiberty/mkstemps.c -o pic/mkstemps.o; \
else true; fi
if [ x"" != x ]; then \
  /mingw64/bin/gcc -c -DHAVE_CONFIG_H -g -O2  -I. -I../../../gcc-15.2.0/libiberty/../include  -W -Wall -Wwrite-strings -Wc++-compat -Wstrict-prototypes -Wshadow=local -pedantic  -D_GNU_SOURCE    ../../../gcc-15.2.0/libiberty/mkstemps.c -o noasan/mkstemps.o; \
else true; fi
/mingw64/bin/gcc -c -DHAVE_CONFIG_H -g -O2  -I. -I../../../gcc-15.2.0/libiberty/../include  -W -Wall -Wwrite-strings -Wc++-compat -Wstrict-prototypes -Wshadow=local -pedantic  -D_GNU_SOURCE  ../../../gcc-15.2.0/libiberty/mkstemps.c -o mkstemps.o
config.status: creating config.h
if [ x"" != x ]; then \
  /mingw64/bin/gcc -c -DHAVE_CONFIG_H -g -O2  -I. -I../../../gcc-15.2.0/libiberty/../include  -W -Wall -Wwrite-strings -Wc++-compat -Wstrict-prototypes -Wshadow=local -pedantic  -D_GNU_SOURCE   ../../../gcc-15.2.0/libiberty/random.c -o pic/random.o; \
else true; fi
if [ x"" != x ]; then \
  /mingw64/bin/gcc -c -DHAVE_CONFIG_H -g -O2  -I. -I../../../gcc-15.2.0/libiberty/../include  -W -Wall -Wwrite-strings -Wc++-compat -Wstrict-prototypes -Wshadow=local -pedantic  -D_GNU_SOURCE    ../../../gcc-15.2.0/libiberty/random.c -o noasan/random.o; \
else true; fi
config.status: creating printf/Makefile
/mingw64/bin/gcc -c -DHAVE_CONFIG_H -g -O2  -I. -I../../../gcc-15.2.0/libiberty/../include  -W -Wall -Wwrite-strings -Wc++-compat -Wstrict-prototypes -Wshadow=local -pedantic  -D_GNU_SOURCE  ../../../gcc-15.2.0/libiberty/random.c -o random.o
mv -f .deps/libz_a-trees.Tpo .deps/libz_a-trees.Po
/mingw64/bin/gcc -DPACKAGE_NAME=\"zlib\" -DPACKAGE_TARNAME=\"zlib\" -DPACKAGE_VERSION=\"1.1.4\" -DPACKAGE_STRING=\"zlib\ 1.1.4\" -DPACKAGE_BUGREPORT=\"\" -DPACKAGE_URL=\"\" -DPACKAGE=\"zlib\" -DVERSION=\"1.1.4\" -DSTDC_HEADERS=1 -DHAVE_SYS_TYPES_H=1 -DHAVE_SYS_STAT_H=1 -DHAVE_STDLIB_H=1 -DHAVE_STRING_H=1 -DHAVE_MEMORY_H=1 -DHAVE_STRINGS_H=1 -DHAVE_INTTYPES_H=1 -DHAVE_STDINT_H=1 -DHAVE_UNISTD_H=1 -DLT_OBJDIR=\".libs/\" -DHAVE_STDLIB_H=1 -DHAVE_UNISTD_H=1 -DHAVE_SYS_PARAM_H=1 -DHAVE_GETPAGESIZE=1 -DHAVE_MEMCPY=1 -DHAVE_STRERROR=1 -DHAVE_UNISTD_H=1 -I. -I../../gcc-15.2.0/zlib      -g -O2   -MT libz_a-uncompr.o -MD -MP -MF .deps/libz_a-uncompr.Tpo -c -o libz_a-uncompr.o `test -f 'uncompr.c' || echo '../../gcc-15.2.0/zlib/'`uncompr.c
if [ x"" != x ]; then \
  /mingw64/bin/gcc -c -DHAVE_CONFIG_H -g -O2  -I. -I../../../gcc-15.2.0/libiberty/../include  -W -Wall -Wwrite-strings -Wc++-compat -Wstrict-prototypes -Wshadow=local -pedantic  -D_GNU_SOURCE   ../../../gcc-15.2.0/libiberty/rindex.c -o pic/rindex.o; \
else true; fi
../../gcc-15.2.0/zlib/uncompr.c: In function 'uncompress2':
../../gcc-15.2.0/zlib/uncompr.c:27:13: warning: old-style function definition [-Wold-style-definition]
   27 | int ZEXPORT uncompress2 (dest, destLen, source, sourceLen)
      |             ^~~~~~~~~~~
../../gcc-15.2.0/zlib/uncompr.c: In function 'uncompress':
../../gcc-15.2.0/zlib/uncompr.c:86:13: warning: old-style function definition [-Wold-style-definition]
   86 | int ZEXPORT uncompress (dest, destLen, source, sourceLen)
      |             ^~~~~~~~~~
if [ x"" != x ]; then \
  /mingw64/bin/gcc -c -DHAVE_CONFIG_H -g -O2  -I. -I../../../gcc-15.2.0/libiberty/../include  -W -Wall -Wwrite-strings -Wc++-compat -Wstrict-prototypes -Wshadow=local -pedantic  -D_GNU_SOURCE    ../../../gcc-15.2.0/libiberty/rindex.c -o noasan/rindex.o; \
else true; fi
mv -f .deps/libz_a-uncompr.Tpo .deps/libz_a-uncompr.Po
/mingw64/bin/gcc -c -DHAVE_CONFIG_H -g -O2  -I. -I../../../gcc-15.2.0/libiberty/../include  -W -Wall -Wwrite-strings -Wc++-compat -Wstrict-prototypes -Wshadow=local -pedantic  -D_GNU_SOURCE  ../../../gcc-15.2.0/libiberty/rindex.c -o rindex.o
/mingw64/bin/gcc -DPACKAGE_NAME=\"zlib\" -DPACKAGE_TARNAME=\"zlib\" -DPACKAGE_VERSION=\"1.1.4\" -DPACKAGE_STRING=\"zlib\ 1.1.4\" -DPACKAGE_BUGREPORT=\"\" -DPACKAGE_URL=\"\" -DPACKAGE=\"zlib\" -DVERSION=\"1.1.4\" -DSTDC_HEADERS=1 -DHAVE_SYS_TYPES_H=1 -DHAVE_SYS_STAT_H=1 -DHAVE_STDLIB_H=1 -DHAVE_STRING_H=1 -DHAVE_MEMORY_H=1 -DHAVE_STRINGS_H=1 -DHAVE_INTTYPES_H=1 -DHAVE_STDINT_H=1 -DHAVE_UNISTD_H=1 -DLT_OBJDIR=\".libs/\" -DHAVE_STDLIB_H=1 -DHAVE_UNISTD_H=1 -DHAVE_SYS_PARAM_H=1 -DHAVE_GETPAGESIZE=1 -DHAVE_MEMCPY=1 -DHAVE_STRERROR=1 -DHAVE_UNISTD_H=1 -I. -I../../gcc-15.2.0/zlib      -g -O2   -MT libz_a-zutil.o -MD -MP -MF .deps/libz_a-zutil.Tpo -c -o libz_a-zutil.o `test -f 'zutil.c' || echo '../../gcc-15.2.0/zlib/'`zutil.c
if [ x"" != x ]; then \
  /mingw64/bin/gcc -c -DHAVE_CONFIG_H -g -O2  -I. -I../../../gcc-15.2.0/libiberty/../include  -W -Wall -Wwrite-strings -Wc++-compat -Wstrict-prototypes -Wshadow=local -pedantic  -D_GNU_SOURCE   ../../../gcc-15.2.0/libiberty/setenv.c -o pic/setenv.o; \
else true; fi
if [ x"" != x ]; then \
  /mingw64/bin/gcc -c -DHAVE_CONFIG_H -g -O2  -I. -I../../../gcc-15.2.0/libiberty/../include  -W -Wall -Wwrite-strings -Wc++-compat -Wstrict-prototypes -Wshadow=local -pedantic  -D_GNU_SOURCE    ../../../gcc-15.2.0/libiberty/setenv.c -o noasan/setenv.o; \
else true; fi
../../gcc-15.2.0/zlib/zutil.c: In function 'zError':
../../gcc-15.2.0/zlib/zutil.c:133:22: warning: old-style function definition [-Wold-style-definition]
  133 | const char * ZEXPORT zError(err)
      |                      ^~~~~~
../../gcc-15.2.0/zlib/zutil.c: In function 'zcalloc':
../../gcc-15.2.0/zlib/zutil.c:305:22: warning: old-style function definition [-Wold-style-definition]
  305 | voidpf ZLIB_INTERNAL zcalloc (opaque, items, size)
      |                      ^~~~~~~
../../gcc-15.2.0/zlib/zutil.c: In function 'zcfree':
../../gcc-15.2.0/zlib/zutil.c:315:20: warning: old-style function definition [-Wold-style-definition]
  315 | void ZLIB_INTERNAL zcfree (opaque, ptr)
      |                    ^~~~~~
config.status: creating scanf/Makefile
/mingw64/bin/gcc -c -DHAVE_CONFIG_H -g -O2  -I. -I../../../gcc-15.2.0/libiberty/../include  -W -Wall -Wwrite-strings -Wc++-compat -Wstrict-prototypes -Wshadow=local -pedantic  -D_GNU_SOURCE  ../../../gcc-15.2.0/libiberty/setenv.c -o setenv.o
true "AR_FLAGS=rc" "CC_FOR_BUILD=/mingw64/bin/gcc" "CFLAGS=-g -O2  " "CXXFLAGS=-g -O2  " "CFLAGS_FOR_BUILD=-g -O2" "CFLAGS_FOR_TARGET=-g -O2" "INSTALL=/usr/bin/install -c" "INSTALL_DATA=/usr/bin/install -c -m 644" "INSTALL_PROGRAM=/usr/bin/install -c" "INSTALL_SCRIPT=/usr/bin/install -c" "LDFLAGS=-static-libstdc++ -static-libgcc -Wl,--stack,12582912" "LIBCFLAGS=-g -O2  " "LIBCFLAGS_FOR_TARGET=-g -O2" "MAKE=make" "MAKEINFO=/c/Users/Syf/Desktop/BS4/tools/gcc-15.2.0/missing makeinfo --split-size=5000000 " "PICFLAG=" "PICFLAG_FOR_TARGET=" "SHELL=/bin/sh" "EXPECT=expect" "RUNTEST=runtest" "RUNTESTFLAGS=" "exec_prefix=/c/Users/Syf/Desktop/BS4/tools/i686-elf" "infodir=/c/Users/Syf/Desktop/BS4/tools/i686-elf/share/info" "libdir=/c/Users/Syf/Desktop/BS4/tools/i686-elf/lib" "prefix=/c/Users/Syf/Desktop/BS4/tools/i686-elf" "tooldir=/c/Users/Syf/Desktop/BS4/tools/i686-elf/i686-elf" "AR=ar " "AS=as" "CC=/mingw64/bin/gcc" "CXX=/mingw64/bin/g++" "LD=C:/Users/Syf/Desktop/BS4/tools/msys64/msys64/mingw64/bin/../lib/gcc/x86_64-w64-mingw32/16.2.0/../../../../x86_64-w64-mingw32/bin/ld.exe" "LIBCFLAGS=-g -O2  " "NM=nm" "PICFLAG=" "RANLIB=ranlib " "DESTDIR=" DO=all multi-do # make
mv -f .deps/libz_a-zutil.Tpo .deps/libz_a-zutil.Po
rm -f libz.a
/mingw64/bin/g++ -g -O2 -fno-exceptions -fno-rtti -include config.h -I../../gcc-15.2.0/libcody \
  -MMD -MP -MF client.d -c -o client.o ../../gcc-15.2.0/libcody/client.cc
ar  cru libz.a libz_a-adler32.o libz_a-compress.o libz_a-crc32.o libz_a-deflate.o libz_a-gzread.o libz_a-gzclose.o libz_a-gzwrite.o libz_a-gzlib.o libz_a-infback.o libz_a-inffast.o libz_a-inflate.o libz_a-inftrees.o libz_a-trees.o libz_a-uncompr.o libz_a-zutil.o 
In file included from ../../gcc-15.2.0/libcody/internal.hh:5,
                 from ../../gcc-15.2.0/libcody/buffer.cc:6:
../../gcc-15.2.0/libcody/cody.hh: In member function 'void Cody::Detail::MessageBuffer::Space()':
../../gcc-15.2.0/libcody/cody.hh:113:24: error: no matching function for call to 'S2C(const char8_t [2])'
  113 |     Append (Detail::S2C(u8" "));
      |             ~~~~~~~~~~~^~~~~~~
  • there is 1 candidate
    • candidate 1: 'template<unsigned int I> constexpr char Cody::Detail::S2C(const char (&)[I])'
      ../../gcc-15.2.0/libcody/cody.hh:51:16:
         51 | constexpr char S2C (char const (&s)[I])
            |                ^~~
      • template argument deduction/substitution failed:
        •   mismatched types 'const char' and 'const char8_t'
          ../../gcc-15.2.0/libcody/cody.hh:113:24:
            113 |     Append (Detail::S2C(u8" "));
                |             ~~~~~~~~~~~^~~~~~~
if [ x"" != x ]; then \
  /mingw64/bin/gcc -c -DHAVE_CONFIG_H -g -O2  -I. -I../../../gcc-15.2.0/libiberty/../include  -W -Wall -Wwrite-strings -Wc++-compat -Wstrict-prototypes -Wshadow=local -pedantic  -D_GNU_SOURCE   ../../../gcc-15.2.0/libiberty/sigsetmask.c -o pic/sigsetmask.o; \
else true; fi
C:\Users\Syf\Desktop\BS4\tools\msys64\msys64\mingw64\bin\ar.exe: `u' modifier ignored since `D' is the default (see `U')
ranlib  libz.a
../../gcc-15.2.0/libcody/buffer.cc: At global scope:
../../gcc-15.2.0/libcody/buffer.cc:33:33: error: no matching function for call to 'S2C(const char8_t [2])'
   33 | static const char CONTINUE = S2C(u8";");
      |                              ~~~^~~~~~~
  • there is 1 candidate
    • candidate 1: 'template<unsigned int I> constexpr char Cody::Detail::S2C(const char (&)[I])'
      ../../gcc-15.2.0/libcody/cody.hh:51:16:
         51 | constexpr char S2C (char const (&s)[I])
            |                ^~~
      • template argument deduction/substitution failed:
        •   mismatched types 'const char' and 'const char8_t'
          ../../gcc-15.2.0/libcody/buffer.cc:33:33:
             33 | static const char CONTINUE = S2C(u8";");
                |                              ~~~^~~~~~~
../../gcc-15.2.0/libcody/buffer.cc: In member function 'void Cody::Detail::MessageBuffer::BeginLine()':
../../gcc-15.2.0/libcody/buffer.cc:41:28: error: no matching function for call to 'S2C(const char8_t [2])'
   41 |       buffer.push_back (S2C(u8" "));
      |                         ~~~^~~~~~~
  • there is 1 candidate
    • candidate 1: 'template<unsigned int I> constexpr char Cody::Detail::S2C(const char (&)[I])'
      ../../gcc-15.2.0/libcody/cody.hh:51:16:
         51 | constexpr char S2C (char const (&s)[I])
            |                ^~~
      • template argument deduction/substitution failed:
        •   mismatched types 'const char' and 'const char8_t'
          ../../gcc-15.2.0/libcody/buffer.cc:41:28:
             41 |       buffer.push_back (S2C(u8" "));
                |                         ~~~^~~~~~~
../../gcc-15.2.0/libcody/buffer.cc:43:28: error: no matching function for call to 'S2C(const char8_t [2])'
   43 |       buffer.push_back (S2C(u8"\n"));
      |                         ~~~^~~~~~~~
  • there is 1 candidate
    • candidate 1: 'template<unsigned int I> constexpr char Cody::Detail::S2C(const char (&)[I])'
      ../../gcc-15.2.0/libcody/cody.hh:51:16:
         51 | constexpr char S2C (char const (&s)[I])
            |                ^~~
      • template argument deduction/substitution failed:
        •   mismatched types 'const char' and 'const char8_t'
          ../../gcc-15.2.0/libcody/buffer.cc:43:28:
             43 |       buffer.push_back (S2C(u8"\n"));
                |                         ~~~^~~~~~~~
../../gcc-15.2.0/libcody/buffer.cc: In member function 'void Cody::Detail::MessageBuffer::Append(const char*, bool, size_t)':
../../gcc-15.2.0/libcody/buffer.cc:68:26: error: no matching function for call to 'S2C(const char8_t [2])'
   68 |           if (!((c >= S2C(u8"a") && c <= S2C(u8"z"))
      |                       ~~~^~~~~~~
  • there is 1 candidate
    • candidate 1: 'template<unsigned int I> constexpr char Cody::Detail::S2C(const char (&)[I])'
      ../../gcc-15.2.0/libcody/cody.hh:51:16:
         51 | constexpr char S2C (char const (&s)[I])
            |                ^~~
      • template argument deduction/substitution failed:
        •   mismatched types 'const char' and 'const char8_t'
          ../../gcc-15.2.0/libcody/buffer.cc:68:26:
             68 |           if (!((c >= S2C(u8"a") && c <= S2C(u8"z"))
                |                       ~~~^~~~~~~
../../gcc-15.2.0/libcody/buffer.cc:68:45: error: no matching function for call to 'S2C(const char8_t [2])'
   68 |           if (!((c >= S2C(u8"a") && c <= S2C(u8"z"))
      |                                          ~~~^~~~~~~
  • there is 1 candidate
    • candidate 1: 'template<unsigned int I> constexpr char Cody::Detail::S2C(const char (&)[I])'
      ../../gcc-15.2.0/libcody/cody.hh:51:16:
         51 | constexpr char S2C (char const (&s)[I])
            |                ^~~
      • template argument deduction/substitution failed:
        •   mismatched types 'const char' and 'const char8_t'
          ../../gcc-15.2.0/libcody/buffer.cc:68:45:
             68 |           if (!((c >= S2C(u8"a") && c <= S2C(u8"z"))
                |                                          ~~~^~~~~~~
../../gcc-15.2.0/libcody/buffer.cc:69:29: error: no matching function for call to 'S2C(const char8_t [2])'
   69 |                 || (c >= S2C(u8"A") && c <= S2C(u8"Z"))
      |                          ~~~^~~~~~~
  • there is 1 candidate
    • candidate 1: 'template<unsigned int I> constexpr char Cody::Detail::S2C(const char (&)[I])'
      ../../gcc-15.2.0/libcody/cody.hh:51:16:
         51 | constexpr char S2C (char const (&s)[I])
            |                ^~~
      • template argument deduction/substitution failed:
        •   mismatched types 'const char' and 'const char8_t'
          ../../gcc-15.2.0/libcody/buffer.cc:69:29:
             69 |                 || (c >= S2C(u8"A") && c <= S2C(u8"Z"))
                |                          ~~~^~~~~~~
../../gcc-15.2.0/libcody/buffer.cc:69:48: error: no matching function for call to 'S2C(const char8_t [2])'
   69 |                 || (c >= S2C(u8"A") && c <= S2C(u8"Z"))
      |                                             ~~~^~~~~~~
  • there is 1 candidate
    • candidate 1: 'template<unsigned int I> constexpr char Cody::Detail::S2C(const char (&)[I])'
      ../../gcc-15.2.0/libcody/cody.hh:51:16:
         51 | constexpr char S2C (char const (&s)[I])
            |                ^~~
      • template argument deduction/substitution failed:
        •   mismatched types 'const char' and 'const char8_t'
          ../../gcc-15.2.0/libcody/buffer.cc:69:48:
             69 |                 || (c >= S2C(u8"A") && c <= S2C(u8"Z"))
                |                                             ~~~^~~~~~~
../../gcc-15.2.0/libcody/buffer.cc:70:29: error: no matching function for call to 'S2C(const char8_t [2])'
   70 |                 || (c >= S2C(u8"0") && c <= S2C(u8"9"))
      |                          ~~~^~~~~~~
  • there is 1 candidate
    • candidate 1: 'template<unsigned int I> constexpr char Cody::Detail::S2C(const char (&)[I])'
      ../../gcc-15.2.0/libcody/cody.hh:51:16:
         51 | constexpr char S2C (char const (&s)[I])
            |                ^~~
      • template argument deduction/substitution failed:
        •   mismatched types 'const char' and 'const char8_t'
          ../../gcc-15.2.0/libcody/buffer.cc:70:29:
             70 |                 || (c >= S2C(u8"0") && c <= S2C(u8"9"))
                |                          ~~~^~~~~~~
../../gcc-15.2.0/libcody/buffer.cc:70:48: error: no matching function for call to 'S2C(const char8_t [2])'
   70 |                 || (c >= S2C(u8"0") && c <= S2C(u8"9"))
      |                                             ~~~^~~~~~~
  • there is 1 candidate
    • candidate 1: 'template<unsigned int I> constexpr char Cody::Detail::S2C(const char (&)[I])'
      ../../gcc-15.2.0/libcody/cody.hh:51:16:
         51 | constexpr char S2C (char const (&s)[I])
            |                ^~~
      • template argument deduction/substitution failed:
        •   mismatched types 'const char' and 'const char8_t'
          ../../gcc-15.2.0/libcody/buffer.cc:70:48:
             70 |                 || (c >= S2C(u8"0") && c <= S2C(u8"9"))
                |                                             ~~~^~~~~~~
../../gcc-15.2.0/libcody/buffer.cc:71:28: error: no matching function for call to 'S2C(const char8_t [2])'
   71 |                 || c == S2C(u8"-") || c == S2C(u8"+") || c == S2C(u8"_")
      |                         ~~~^~~~~~~
  • there is 1 candidate
    • candidate 1: 'template<unsigned int I> constexpr char Cody::Detail::S2C(const char (&)[I])'
      ../../gcc-15.2.0/libcody/cody.hh:51:16:
         51 | constexpr char S2C (char const (&s)[I])
            |                ^~~
      • template argument deduction/substitution failed:
        •   mismatched types 'const char' and 'const char8_t'
          ../../gcc-15.2.0/libcody/buffer.cc:71:28:
             71 |                 || c == S2C(u8"-") || c == S2C(u8"+") || c == S2C(u8"_")
                |                         ~~~^~~~~~~
../../gcc-15.2.0/libcody/buffer.cc:71:47: error: no matching function for call to 'S2C(const char8_t [2])'
   71 |                 || c == S2C(u8"-") || c == S2C(u8"+") || c == S2C(u8"_")
      |                                            ~~~^~~~~~~
  • there is 1 candidate
    • candidate 1: 'template<unsigned int I> constexpr char Cody::Detail::S2C(const char (&)[I])'
      ../../gcc-15.2.0/libcody/cody.hh:51:16:
         51 | constexpr char S2C (char const (&s)[I])
            |                ^~~
      • template argument deduction/substitution failed:
        •   mismatched types 'const char' and 'const char8_t'
          ../../gcc-15.2.0/libcody/buffer.cc:71:47:
             71 |                 || c == S2C(u8"-") || c == S2C(u8"+") || c == S2C(u8"_")
                |                                            ~~~^~~~~~~
../../gcc-15.2.0/libcody/buffer.cc:71:66: error: no matching function for call to 'S2C(const char8_t [2])'
   71 |                 || c == S2C(u8"-") || c == S2C(u8"+") || c == S2C(u8"_")
      |                                                               ~~~^~~~~~~
  • there is 1 candidate
    • candidate 1: 'template<unsigned int I> constexpr char Cody::Detail::S2C(const char (&)[I])'
      ../../gcc-15.2.0/libcody/cody.hh:51:16:
         51 | constexpr char S2C (char const (&s)[I])
            |                ^~~
      • template argument deduction/substitution failed:
        •   mismatched types 'const char' and 'const char8_t'
          ../../gcc-15.2.0/libcody/buffer.cc:71:66:
             71 |                 || c == S2C(u8"-") || c == S2C(u8"+") || c == S2C(u8"_")
                |                                                               ~~~^~~~~~~
../../gcc-15.2.0/libcody/buffer.cc:72:28: error: no matching function for call to 'S2C(const char8_t [2])'
   72 |                 || c == S2C(u8"/") || c == S2C(u8"%") || c == S2C(u8".")))
      |                         ~~~^~~~~~~
  • there is 1 candidate
    • candidate 1: 'template<unsigned int I> constexpr char Cody::Detail::S2C(const char (&)[I])'
      ../../gcc-15.2.0/libcody/cody.hh:51:16:
         51 | constexpr char S2C (char const (&s)[I])
            |                ^~~
      • template argument deduction/substitution failed:
        •   mismatched types 'const char' and 'const char8_t'
          ../../gcc-15.2.0/libcody/buffer.cc:72:28:
             72 |                 || c == S2C(u8"/") || c == S2C(u8"%") || c == S2C(u8".")))
                |                         ~~~^~~~~~~
../../gcc-15.2.0/libcody/buffer.cc:72:47: error: no matching function for call to 'S2C(const char8_t [2])'
   72 |                 || c == S2C(u8"/") || c == S2C(u8"%") || c == S2C(u8".")))
      |                                            ~~~^~~~~~~
  • there is 1 candidate
    • candidate 1: 'template<unsigned int I> constexpr char Cody::Detail::S2C(const char (&)[I])'
      ../../gcc-15.2.0/libcody/cody.hh:51:16:
         51 | constexpr char S2C (char const (&s)[I])
            |                ^~~
      • template argument deduction/substitution failed:
        •   mismatched types 'const char' and 'const char8_t'
          ../../gcc-15.2.0/libcody/buffer.cc:72:47:
             72 |                 || c == S2C(u8"/") || c == S2C(u8"%") || c == S2C(u8".")))
                |                                            ~~~^~~~~~~
../../gcc-15.2.0/libcody/buffer.cc:72:66: error: no matching function for call to 'S2C(const char8_t [2])'
   72 |                 || c == S2C(u8"/") || c == S2C(u8"%") || c == S2C(u8".")))
      |                                                               ~~~^~~~~~~
  • there is 1 candidate
    • candidate 1: 'template<unsigned int I> constexpr char Cody::Detail::S2C(const char (&)[I])'
      ../../gcc-15.2.0/libcody/cody.hh:51:16:
         51 | constexpr char S2C (char const (&s)[I])
            |                ^~~
      • template argument deduction/substitution failed:
        •   mismatched types 'const char' and 'const char8_t'
          ../../gcc-15.2.0/libcody/buffer.cc:72:66:
             72 |                 || c == S2C(u8"/") || c == S2C(u8"%") || c == S2C(u8".")))
                |                                                               ~~~^~~~~~~
../../gcc-15.2.0/libcody/buffer.cc:84:26: error: no matching function for call to 'S2C(const char8_t [2])'
   84 |     buffer.push_back (S2C(u8"'"));
      |                       ~~~^~~~~~~
  • there is 1 candidate
    • candidate 1: 'template<unsigned int I> constexpr char Cody::Detail::S2C(const char (&)[I])'
      ../../gcc-15.2.0/libcody/cody.hh:51:16:
         51 | constexpr char S2C (char const (&s)[I])
            |                ^~~
      • template argument deduction/substitution failed:
        •   mismatched types 'const char' and 'const char8_t'
          ../../gcc-15.2.0/libcody/buffer.cc:84:26:
             84 |     buffer.push_back (S2C(u8"'"));
                |                       ~~~^~~~~~~
../../gcc-15.2.0/libcody/buffer.cc:96:24: error: no matching function for call to 'S2C(const char8_t [2])'
   96 |             if (c < S2C(u8" ") || c == 0x7f
      |                     ~~~^~~~~~~
  • there is 1 candidate
    • candidate 1: 'template<unsigned int I> constexpr char Cody::Detail::S2C(const char (&)[I])'
      ../../gcc-15.2.0/libcody/cody.hh:51:16:
         51 | constexpr char S2C (char const (&s)[I])
            |                ^~~
      • template argument deduction/substitution failed:
        •   mismatched types 'const char' and 'const char8_t'
          ../../gcc-15.2.0/libcody/buffer.cc:96:24:
             96 |             if (c < S2C(u8" ") || c == 0x7f
                |                     ~~~^~~~~~~
../../gcc-15.2.0/libcody/buffer.cc:97:28: error: no matching function for call to 'S2C(const char8_t [2])'
   97 |                 || c == S2C(u8"\\") || c == S2C(u8"'"))
      |                         ~~~^~~~~~~~
  • there is 1 candidate
    • candidate 1: 'template<unsigned int I> constexpr char Cody::Detail::S2C(const char (&)[I])'
      ../../gcc-15.2.0/libcody/cody.hh:51:16:
         51 | constexpr char S2C (char const (&s)[I])
            |                ^~~
      • template argument deduction/substitution failed:
        •   mismatched types 'const char' and 'const char8_t'
          ../../gcc-15.2.0/libcody/buffer.cc:97:28:
             97 |                 || c == S2C(u8"\\") || c == S2C(u8"'"))
                |                         ~~~^~~~~~~~
../../gcc-15.2.0/libcody/buffer.cc:97:48: error: no matching function for call to 'S2C(const char8_t [2])'
   97 |                 || c == S2C(u8"\\") || c == S2C(u8"'"))
      |                                             ~~~^~~~~~~
  • there is 1 candidate
    • candidate 1: 'template<unsigned int I> constexpr char Cody::Detail::S2C(const char (&)[I])'
      ../../gcc-15.2.0/libcody/cody.hh:51:16:
         51 | constexpr char S2C (char const (&s)[I])
            |                ^~~
      • template argument deduction/substitution failed:
        •   mismatched types 'const char' and 'const char8_t'
          ../../gcc-15.2.0/libcody/buffer.cc:97:48:
             97 |                 || c == S2C(u8"\\") || c == S2C(u8"'"))
                |                                             ~~~^~~~~~~
../../gcc-15.2.0/libcody/buffer.cc:106:28: error: no matching function for call to 'S2C(const char8_t [2])'
  106 |       buffer.push_back (S2C(u8"\\"));
      |                         ~~~^~~~~~~~
  • there is 1 candidate
    • candidate 1: 'template<unsigned int I> constexpr char Cody::Detail::S2C(const char (&)[I])'
      ../../gcc-15.2.0/libcody/cody.hh:51:16:
         51 | constexpr char S2C (char const (&s)[I])
            |                ^~~
      • template argument deduction/substitution failed:
        •   mismatched types 'const char' and 'const char8_t'
          ../../gcc-15.2.0/libcody/buffer.cc:106:28:
            106 |       buffer.push_back (S2C(u8"\\"));
                |                         ~~~^~~~~~~~
../../gcc-15.2.0/libcody/buffer.cc:109:17: error: no matching function for call to 'S2C(const char8_t [2])'
  109 |         case S2C(u8"\t"):
      |              ~~~^~~~~~~~
  • there is 1 candidate
    • candidate 1: 'template<unsigned int I> constexpr char Cody::Detail::S2C(const char (&)[I])'
      ../../gcc-15.2.0/libcody/cody.hh:51:16:
         51 | constexpr char S2C (char const (&s)[I])
            |                ^~~
      • template argument deduction/substitution failed:
        •   mismatched types 'const char' and 'const char8_t'
          ../../gcc-15.2.0/libcody/buffer.cc:109:17:
            109 |         case S2C(u8"\t"):
                |              ~~~^~~~~~~~
../../gcc-15.2.0/libcody/buffer.cc:110:18: error: no matching function for call to 'S2C(const char8_t [2])'
  110 |           c = S2C(u8"t");
      |               ~~~^~~~~~~
  • there is 1 candidate
    • candidate 1: 'template<unsigned int I> constexpr char Cody::Detail::S2C(const char (&)[I])'
      ../../gcc-15.2.0/libcody/cody.hh:51:16:
         51 | constexpr char S2C (char const (&s)[I])
            |                ^~~
      • template argument deduction/substitution failed:
        •   mismatched types 'const char' and 'const char8_t'
          ../../gcc-15.2.0/libcody/buffer.cc:110:18:
            110 |           c = S2C(u8"t");
                |               ~~~^~~~~~~
../../gcc-15.2.0/libcody/buffer.cc:113:17: error: no matching function for call to 'S2C(const char8_t [2])'
  113 |         case S2C(u8"\n"):
      |              ~~~^~~~~~~~
  • there is 1 candidate
    • candidate 1: 'template<unsigned int I> constexpr char Cody::Detail::S2C(const char (&)[I])'
      ../../gcc-15.2.0/libcody/cody.hh:51:16:
         51 | constexpr char S2C (char const (&s)[I])
            |                ^~~
      • template argument deduction/substitution failed:
        •   mismatched types 'const char' and 'const char8_t'
          ../../gcc-15.2.0/libcody/buffer.cc:113:17:
            113 |         case S2C(u8"\n"):
                |              ~~~^~~~~~~~
../../gcc-15.2.0/libcody/buffer.cc:114:18: error: no matching function for call to 'S2C(const char8_t [2])'
  114 |           c = S2C(u8"n");
      |               ~~~^~~~~~~
  • there is 1 candidate
    • candidate 1: 'template<unsigned int I> constexpr char Cody::Detail::S2C(const char (&)[I])'
      ../../gcc-15.2.0/libcody/cody.hh:51:16:
         51 | constexpr char S2C (char const (&s)[I])
            |                ^~~
      • template argument deduction/substitution failed:
        •   mismatched types 'const char' and 'const char8_t'
          ../../gcc-15.2.0/libcody/buffer.cc:114:18:
            114 |           c = S2C(u8"n");
                |               ~~~^~~~~~~
../../gcc-15.2.0/libcody/buffer.cc:117:17: error: no matching function for call to 'S2C(const char8_t [2])'
  117 |         case S2C(u8"'"):
      |              ~~~^~~~~~~
  • there is 1 candidate
    • candidate 1: 'template<unsigned int I> constexpr char Cody::Detail::S2C(const char (&)[I])'
      ../../gcc-15.2.0/libcody/cody.hh:51:16:
         51 | constexpr char S2C (char const (&s)[I])
            |                ^~~
      • template argument deduction/substitution failed:
        •   mismatched types 'const char' and 'const char8_t'
          ../../gcc-15.2.0/libcody/buffer.cc:117:17:
            117 |         case S2C(u8"'"):
                |              ~~~^~~~~~~
../../gcc-15.2.0/libcody/buffer.cc:118:17: error: no matching function for call to 'S2C(const char8_t [2])'
  118 |         case S2C(u8"\\"):
      |              ~~~^~~~~~~~
  • there is 1 candidate
    • candidate 1: 'template<unsigned int I> constexpr char Cody::Detail::S2C(const char (&)[I])'
      ../../gcc-15.2.0/libcody/cody.hh:51:16:
         51 | constexpr char S2C (char const (&s)[I])
            |                ^~~
      • template argument deduction/substitution failed:
        •   mismatched types 'const char' and 'const char8_t'
          ../../gcc-15.2.0/libcody/buffer.cc:118:17:
            118 |         case S2C(u8"\\"):
                |              ~~~^~~~~~~~
../../gcc-15.2.0/libcody/buffer.cc:130:28: error: no matching function for call to 'S2C(const char8_t [2])'
  130 |               nibble += S2C(u8"0");
      |                         ~~~^~~~~~~
  • there is 1 candidate
    • candidate 1: 'template<unsigned int I> constexpr char Cody::Detail::S2C(const char (&)[I])'
      ../../gcc-15.2.0/libcody/cody.hh:51:16:
         51 | constexpr char S2C (char const (&s)[I])
            |                ^~~
      • template argument deduction/substitution failed:
        •   mismatched types 'const char' and 'const char8_t'
          ../../gcc-15.2.0/libcody/buffer.cc:130:28:
            130 |               nibble += S2C(u8"0");
                |                         ~~~^~~~~~~
../../gcc-15.2.0/libcody/buffer.cc:131:31: error: no matching function for call to 'S2C(const char8_t [2])'
  131 |               if (nibble > S2C(u8"9"))
      |                            ~~~^~~~~~~
  • there is 1 candidate
    • candidate 1: 'template<unsigned int I> constexpr char Cody::Detail::S2C(const char (&)[I])'
      ../../gcc-15.2.0/libcody/cody.hh:51:16:
         51 | constexpr char S2C (char const (&s)[I])
            |                ^~~
      • template argument deduction/substitution failed:
        •   mismatched types 'const char' and 'const char8_t'
          ../../gcc-15.2.0/libcody/buffer.cc:131:31:
            131 |               if (nibble > S2C(u8"9"))
                |                            ~~~^~~~~~~
../../gcc-15.2.0/libcody/buffer.cc:132:30: error: no matching function for call to 'S2C(const char8_t [2])'
  132 |                 nibble += S2C(u8"a") - (S2C(u8"9") + 1);
      |                           ~~~^~~~~~~
  • there is 1 candidate
    • candidate 1: 'template<unsigned int I> constexpr char Cody::Detail::S2C(const char (&)[I])'
      ../../gcc-15.2.0/libcody/cody.hh:51:16:
         51 | constexpr char S2C (char const (&s)[I])
            |                ^~~
      • template argument deduction/substitution failed:
        •   mismatched types 'const char' and 'const char8_t'
          ../../gcc-15.2.0/libcody/buffer.cc:132:30:
            132 |                 nibble += S2C(u8"a") - (S2C(u8"9") + 1);
                |                           ~~~^~~~~~~
../../gcc-15.2.0/libcody/buffer.cc:132:44: error: no matching function for call to 'S2C(const char8_t [2])'
  132 |                 nibble += S2C(u8"a") - (S2C(u8"9") + 1);
      |                                         ~~~^~~~~~~
  • there is 1 candidate
    • candidate 1: 'template<unsigned int I> constexpr char Cody::Detail::S2C(const char (&)[I])'
      ../../gcc-15.2.0/libcody/cody.hh:51:16:
         51 | constexpr char S2C (char const (&s)[I])
            |                ^~~
      • template argument deduction/substitution failed:
        •   mismatched types 'const char' and 'const char8_t'
          ../../gcc-15.2.0/libcody/buffer.cc:132:44:
            132 |                 nibble += S2C(u8"a") - (S2C(u8"9") + 1);
                |                                         ~~~^~~~~~~
../../gcc-15.2.0/libcody/buffer.cc:139:26: error: no matching function for call to 'S2C(const char8_t [2])'
  139 |     buffer.push_back (S2C(u8"'"));
      |                       ~~~^~~~~~~
  • there is 1 candidate
    • candidate 1: 'template<unsigned int I> constexpr char Cody::Detail::S2C(const char (&)[I])'
      ../../gcc-15.2.0/libcody/cody.hh:51:16:
         51 | constexpr char S2C (char const (&s)[I])
            |                ^~~
      • template argument deduction/substitution failed:
        •   mismatched types 'const char' and 'const char8_t'
          ../../gcc-15.2.0/libcody/buffer.cc:139:26:
            139 |     buffer.push_back (S2C(u8"'"));
                |                       ~~~^~~~~~~
../../gcc-15.2.0/libcody/buffer.cc: In member function 'int Cody::Detail::MessageBuffer::Read(int)':
../../gcc-15.2.0/libcody/buffer.cc:208:57: error: no matching function for call to 'S2C(const char8_t [2])'
  208 |       auto newline = std::find (iter, buffer.end (), S2C(u8"\n"));
      |                                                      ~~~^~~~~~~~
  • there is 1 candidate
    • candidate 1: 'template<unsigned int I> constexpr char Cody::Detail::S2C(const char (&)[I])'
      ../../gcc-15.2.0/libcody/cody.hh:51:16:
         51 | constexpr char S2C (char const (&s)[I])
            |                ^~~
      • template argument deduction/substitution failed:
        •   mismatched types 'const char' and 'const char8_t'
          ../../gcc-15.2.0/libcody/buffer.cc:208:57:
            208 |       auto newline = std::find (iter, buffer.end (), S2C(u8"\n"));
                |                                                      ~~~^~~~~~~~
../../gcc-15.2.0/libcody/buffer.cc: In member function 'int Cody::Detail::MessageBuffer::Lex(std::vector<std::__cxx11::basic_string<char> >&)':
../../gcc-15.2.0/libcody/buffer.cc:236:32: error: no matching function for call to 'S2C(const char8_t [2])'
  236 |   Assert (buffer.back () == S2C(u8"\n"));
      |                             ~~~^~~~~~~~
../../gcc-15.2.0/libcody/internal.hh:124:24: note: in definition of macro 'Assert'
  124 |   ((void)sizeof (bool (EXPR, ##__VA_ARGS__)), (void)0)
      |                        ^~~~
  • there is 1 candidate
  • in definition of macro 'Assert'
      124 |   ((void)sizeof (bool (EXPR, ##__VA_ARGS__)), (void)0)
          |                        ^~~~
    • candidate 1: 'template<unsigned int I> constexpr char Cody::Detail::S2C(const char (&)[I])'
      ../../gcc-15.2.0/libcody/cody.hh:51:16:
         51 | constexpr char S2C (char const (&s)[I])
            |                ^~~
      • template argument deduction/substitution failed:
        •   mismatched types 'const char' and 'const char8_t'
          ../../gcc-15.2.0/libcody/buffer.cc:236:32:
            236 |   Assert (buffer.back () == S2C(u8"\n"));
                |                             ~~~^~~~~~~~
        • in definition of macro 'Assert'
            124 |   ((void)sizeof (bool (EXPR, ##__VA_ARGS__)), (void)0)
                |                        ^~~~
../../gcc-15.2.0/libcody/buffer.cc:245:19: error: no matching function for call to 'S2C(const char8_t [2])'
  245 |       if (c == S2C(u8" ") || c == S2C(u8"\t"))
      |                ~~~^~~~~~~
  • there is 1 candidate
    • candidate 1: 'template<unsigned int I> constexpr char Cody::Detail::S2C(const char (&)[I])'
      ../../gcc-15.2.0/libcody/cody.hh:51:16:
         51 | constexpr char S2C (char const (&s)[I])
            |                ^~~
      • template argument deduction/substitution failed:
        •   mismatched types 'const char' and 'const char8_t'
          ../../gcc-15.2.0/libcody/buffer.cc:245:19:
            245 |       if (c == S2C(u8" ") || c == S2C(u8"\t"))
                |                ~~~^~~~~~~
../../gcc-15.2.0/libcody/buffer.cc:245:38: error: no matching function for call to 'S2C(const char8_t [2])'
  245 |       if (c == S2C(u8" ") || c == S2C(u8"\t"))
      |                                   ~~~^~~~~~~~
  • there is 1 candidate
    • candidate 1: 'template<unsigned int I> constexpr char Cody::Detail::S2C(const char (&)[I])'
      ../../gcc-15.2.0/libcody/cody.hh:51:16:
         51 | constexpr char S2C (char const (&s)[I])
            |                ^~~
      • template argument deduction/substitution failed:
        •   mismatched types 'const char' and 'const char8_t'
          ../../gcc-15.2.0/libcody/buffer.cc:245:38:
            245 |       if (c == S2C(u8" ") || c == S2C(u8"\t"))
                |                                   ~~~^~~~~~~~
../../gcc-15.2.0/libcody/buffer.cc:251:19: error: no matching function for call to 'S2C(const char8_t [2])'
  251 |       if (c == S2C(u8"\n"))
      |                ~~~^~~~~~~~
  • there is 1 candidate
    • candidate 1: 'template<unsigned int I> constexpr char Cody::Detail::S2C(const char (&)[I])'
      ../../gcc-15.2.0/libcody/cody.hh:51:16:
         51 | constexpr char S2C (char const (&s)[I])
            |                ^~~
      • template argument deduction/substitution failed:
        •   mismatched types 'const char' and 'const char8_t'
          ../../gcc-15.2.0/libcody/buffer.cc:251:19:
            251 |       if (c == S2C(u8"\n"))
                |                ~~~^~~~~~~~
../../gcc-15.2.0/libcody/buffer.cc:257:35: error: no matching function for call to 'S2C(const char8_t [2])'
  257 |           if (word || *iter != S2C(u8"\n"))
      |                                ~~~^~~~~~~~
  • there is 1 candidate
    • candidate 1: 'template<unsigned int I> constexpr char Cody::Detail::S2C(const char (&)[I])'
      ../../gcc-15.2.0/libcody/cody.hh:51:16:
         51 | constexpr char S2C (char const (&s)[I])
            |                ^~~
      • template argument deduction/substitution failed:
        •   mismatched types 'const char' and 'const char8_t'
          ../../gcc-15.2.0/libcody/buffer.cc:257:35:
            257 |           if (word || *iter != S2C(u8"\n"))
                |                                ~~~^~~~~~~~
../../gcc-15.2.0/libcody/buffer.cc:263:19: error: no matching function for call to 'S2C(const char8_t [2])'
  263 |       if (c <= S2C(u8" ") || c >= 0x7f)
      |                ~~~^~~~~~~
  • there is 1 candidate
    • candidate 1: 'template<unsigned int I> constexpr char Cody::Detail::S2C(const char (&)[I])'
      ../../gcc-15.2.0/libcody/cody.hh:51:16:
         51 | constexpr char S2C (char const (&s)[I])
            |                ^~~
      • template argument deduction/substitution failed:
        •   mismatched types 'const char' and 'const char8_t'
          ../../gcc-15.2.0/libcody/buffer.cc:263:19:
            263 |       if (c <= S2C(u8" ") || c >= 0x7f)
                |                ~~~^~~~~~~
../../gcc-15.2.0/libcody/buffer.cc:272:19: error: no matching function for call to 'S2C(const char8_t [2])'
  272 |       if (c == S2C(u8"'"))
      |                ~~~^~~~~~~
  • there is 1 candidate
    • candidate 1: 'template<unsigned int I> constexpr char Cody::Detail::S2C(const char (&)[I])'
      ../../gcc-15.2.0/libcody/cody.hh:51:16:
         51 | constexpr char S2C (char const (&s)[I])
            |                ^~~
      • template argument deduction/substitution failed:
        •   mismatched types 'const char' and 'const char8_t'
          ../../gcc-15.2.0/libcody/buffer.cc:272:19:
            272 |       if (c == S2C(u8"'"))
                |                ~~~^~~~~~~
../../gcc-15.2.0/libcody/buffer.cc:279:27: error: no matching function for call to 'S2C(const char8_t [2])'
  279 |               if (c == S2C(u8"\n"))
      |                        ~~~^~~~~~~~
  • there is 1 candidate
    • candidate 1: 'template<unsigned int I> constexpr char Cody::Detail::S2C(const char (&)[I])'
      ../../gcc-15.2.0/libcody/cody.hh:51:16:
         51 | constexpr char S2C (char const (&s)[I])
            |                ^~~
      • template argument deduction/substitution failed:
        •   mismatched types 'const char' and 'const char8_t'
          ../../gcc-15.2.0/libcody/buffer.cc:279:27:
            279 |               if (c == S2C(u8"\n"))
                |                        ~~~^~~~~~~~
../../gcc-15.2.0/libcody/buffer.cc:283:61: error: no matching function for call to 'S2C(const char8_t [2])'
  283 |                   iter = std::find (iter, buffer.end (), S2C(u8"\n"));
      |                                                          ~~~^~~~~~~~
  • there is 1 candidate
    • candidate 1: 'template<unsigned int I> constexpr char Cody::Detail::S2C(const char (&)[I])'
      ../../gcc-15.2.0/libcody/cody.hh:51:16:
         51 | constexpr char S2C (char const (&s)[I])
            |                ^~~
      • template argument deduction/substitution failed:
        •   mismatched types 'const char' and 'const char8_t'
          ../../gcc-15.2.0/libcody/buffer.cc:283:61:
            283 |                   iter = std::find (iter, buffer.end (), S2C(u8"\n"));
                |                                                          ~~~^~~~~~~~
../../gcc-15.2.0/libcody/buffer.cc:285:63: error: no matching function for call to 'S2C(const char8_t [2])'
  285 |                   if (back[-1] == CONTINUE  && back[-2] == S2C(u8" "))
      |                                                            ~~~^~~~~~~
  • there is 1 candidate
    • candidate 1: 'template<unsigned int I> constexpr char Cody::Detail::S2C(const char (&)[I])'
      ../../gcc-15.2.0/libcody/cody.hh:51:16:
         51 | constexpr char S2C (char const (&s)[I])
            |                ^~~
      • template argument deduction/substitution failed:
        •   mismatched types 'const char' and 'const char8_t'
          ../../gcc-15.2.0/libcody/buffer.cc:285:63:
            285 |                   if (back[-1] == CONTINUE  && back[-2] == S2C(u8" "))
                |                                                            ~~~^~~~~~~
../../gcc-15.2.0/libcody/buffer.cc:295:26: error: no matching function for call to 'S2C(const char8_t [2])'
  295 |               if (c < S2C(u8" ") || c >= 0x7f)
      |                       ~~~^~~~~~~
  • there is 1 candidate
    • candidate 1: 'template<unsigned int I> constexpr char Cody::Detail::S2C(const char (&)[I])'
      ../../gcc-15.2.0/libcody/cody.hh:51:16:
         51 | constexpr char S2C (char const (&s)[I])
            |                ^~~
      • template argument deduction/substitution failed:
        •   mismatched types 'const char' and 'const char8_t'
          ../../gcc-15.2.0/libcody/buffer.cc:295:26:
            295 |               if (c < S2C(u8" ") || c >= 0x7f)
                |                       ~~~^~~~~~~
../../gcc-15.2.0/libcody/buffer.cc:299:27: error: no matching function for call to 'S2C(const char8_t [2])'
  299 |               if (c == S2C(u8"'"))
      |                        ~~~^~~~~~~
  • there is 1 candidate
    • candidate 1: 'template<unsigned int I> constexpr char Cody::Detail::S2C(const char (&)[I])'
      ../../gcc-15.2.0/libcody/cody.hh:51:16:
         51 | constexpr char S2C (char const (&s)[I])
            |                ^~~
      • template argument deduction/substitution failed:
        •   mismatched types 'const char' and 'const char8_t'
          ../../gcc-15.2.0/libcody/buffer.cc:299:27:
            299 |               if (c == S2C(u8"'"))
                |                        ~~~^~~~~~~
../../gcc-15.2.0/libcody/buffer.cc:302:27: error: no matching function for call to 'S2C(const char8_t [2])'
  302 |               if (c == S2C(u8"\\"))
      |                        ~~~^~~~~~~~
  • there is 1 candidate
    • candidate 1: 'template<unsigned int I> constexpr char Cody::Detail::S2C(const char (&)[I])'
      ../../gcc-15.2.0/libcody/cody.hh:51:16:
         51 | constexpr char S2C (char const (&s)[I])
            |                ^~~
      • template argument deduction/substitution failed:
        •   mismatched types 'const char' and 'const char8_t'
          ../../gcc-15.2.0/libcody/buffer.cc:302:27:
            302 |               if (c == S2C(u8"\\"))
                |                        ~~~^~~~~~~~
../../gcc-15.2.0/libcody/buffer.cc:306:29: error: no matching function for call to 'S2C(const char8_t [2])'
  306 |                     case S2C(u8"\\"):
      |                          ~~~^~~~~~~~
  • there is 1 candidate
    • candidate 1: 'template<unsigned int I> constexpr char Cody::Detail::S2C(const char (&)[I])'
      ../../gcc-15.2.0/libcody/cody.hh:51:16:
         51 | constexpr char S2C (char const (&s)[I])
            |                ^~~
      • template argument deduction/substitution failed:
        •   mismatched types 'const char' and 'const char8_t'
          ../../gcc-15.2.0/libcody/buffer.cc:306:29:
            306 |                     case S2C(u8"\\"):
                |                          ~~~^~~~~~~~
../../gcc-15.2.0/libcody/buffer.cc:307:29: error: no matching function for call to 'S2C(const char8_t [2])'
  307 |                     case S2C(u8"'"):
      |                          ~~~^~~~~~~
  • there is 1 candidate
    • candidate 1: 'template<unsigned int I> constexpr char Cody::Detail::S2C(const char (&)[I])'
      ../../gcc-15.2.0/libcody/cody.hh:51:16:
         51 | constexpr char S2C (char const (&s)[I])
            |                ^~~
      • template argument deduction/substitution failed:
        •   mismatched types 'const char' and 'const char8_t'
          ../../gcc-15.2.0/libcody/buffer.cc:307:29:
            307 |                     case S2C(u8"'"):
                |                          ~~~^~~~~~~
../../gcc-15.2.0/libcody/buffer.cc:311:29: error: no matching function for call to 'S2C(const char8_t [2])'
  311 |                     case S2C(u8"n"):
      |                          ~~~^~~~~~~
  • there is 1 candidate
    • candidate 1: 'template<unsigned int I> constexpr char Cody::Detail::S2C(const char (&)[I])'
      ../../gcc-15.2.0/libcody/cody.hh:51:16:
         51 | constexpr char S2C (char const (&s)[I])
            |                ^~~
      • template argument deduction/substitution failed:
        •   mismatched types 'const char' and 'const char8_t'
          ../../gcc-15.2.0/libcody/buffer.cc:311:29:
            311 |                     case S2C(u8"n"):
                |                          ~~~^~~~~~~
../../gcc-15.2.0/libcody/buffer.cc:312:30: error: no matching function for call to 'S2C(const char8_t [2])'
  312 |                       c = S2C(u8"\n");
      |                           ~~~^~~~~~~~
  • there is 1 candidate
    • candidate 1: 'template<unsigned int I> constexpr char Cody::Detail::S2C(const char (&)[I])'
      ../../gcc-15.2.0/libcody/cody.hh:51:16:
         51 | constexpr char S2C (char const (&s)[I])
            |                ^~~
      • template argument deduction/substitution failed:
        •   mismatched types 'const char' and 'const char8_t'
          ../../gcc-15.2.0/libcody/buffer.cc:312:30:
            312 |                       c = S2C(u8"\n");
                |                           ~~~^~~~~~~~
../../gcc-15.2.0/libcody/buffer.cc:316:29: error: no matching function for call to 'S2C(const char8_t [2])'
  316 |                     case S2C(u8"_"):
      |                          ~~~^~~~~~~
  • there is 1 candidate
    • candidate 1: 'template<unsigned int I> constexpr char Cody::Detail::S2C(const char (&)[I])'
      ../../gcc-15.2.0/libcody/cody.hh:51:16:
         51 | constexpr char S2C (char const (&s)[I])
            |                ^~~
      • template argument deduction/substitution failed:
        •   mismatched types 'const char' and 'const char8_t'
          ../../gcc-15.2.0/libcody/buffer.cc:316:29:
            316 |                     case S2C(u8"_"):
                |                          ~~~^~~~~~~
../../gcc-15.2.0/libcody/buffer.cc:318:30: error: no matching function for call to 'S2C(const char8_t [2])'
  318 |                       c = S2C(u8" ");
      |                           ~~~^~~~~~~
  • there is 1 candidate
    • candidate 1: 'template<unsigned int I> constexpr char Cody::Detail::S2C(const char (&)[I])'
      ../../gcc-15.2.0/libcody/cody.hh:51:16:
         51 | constexpr char S2C (char const (&s)[I])
            |                ^~~
      • template argument deduction/substitution failed:
        •   mismatched types 'const char' and 'const char8_t'
          ../../gcc-15.2.0/libcody/buffer.cc:318:30:
            318 |                       c = S2C(u8" ");
                |                           ~~~^~~~~~~
../../gcc-15.2.0/libcody/buffer.cc:322:29: error: no matching function for call to 'S2C(const char8_t [2])'
  322 |                     case S2C(u8"t"):
      |                          ~~~^~~~~~~
  • there is 1 candidate
    • candidate 1: 'template<unsigned int I> constexpr char Cody::Detail::S2C(const char (&)[I])'
      ../../gcc-15.2.0/libcody/cody.hh:51:16:
         51 | constexpr char S2C (char const (&s)[I])
            |                ^~~
      • template argument deduction/substitution failed:
        •   mismatched types 'const char' and 'const char8_t'
          ../../gcc-15.2.0/libcody/buffer.cc:322:29:
            322 |                     case S2C(u8"t"):
                |                          ~~~^~~~~~~
../../gcc-15.2.0/libcody/buffer.cc:323:30: error: no matching function for call to 'S2C(const char8_t [2])'
  323 |                       c = S2C(u8"\t");
      |                           ~~~^~~~~~~~
  • there is 1 candidate
    • candidate 1: 'template<unsigned int I> constexpr char Cody::Detail::S2C(const char (&)[I])'
      ../../gcc-15.2.0/libcody/cody.hh:51:16:
         51 | constexpr char S2C (char const (&s)[I])
            |                ^~~
      • template argument deduction/substitution failed:
        •   mismatched types 'const char' and 'const char8_t'
          ../../gcc-15.2.0/libcody/buffer.cc:323:30:
            323 |                       c = S2C(u8"\t");
                |                           ~~~^~~~~~~~
../../gcc-15.2.0/libcody/buffer.cc:333:40: error: no matching function for call to 'S2C(const char8_t [2])'
  333 |                             if (c < S2C(u8"0"))
      |                                     ~~~^~~~~~~
  • there is 1 candidate
    • candidate 1: 'template<unsigned int I> constexpr char Cody::Detail::S2C(const char (&)[I])'
      ../../gcc-15.2.0/libcody/cody.hh:51:16:
         51 | constexpr char S2C (char const (&s)[I])
            |                ^~~
      • template argument deduction/substitution failed:
        •   mismatched types 'const char' and 'const char8_t'
          ../../gcc-15.2.0/libcody/buffer.cc:333:40:
            333 |                             if (c < S2C(u8"0"))
                |                                     ~~~^~~~~~~
../../gcc-15.2.0/libcody/buffer.cc:339:46: error: no matching function for call to 'S2C(const char8_t [2])'
  339 |                             else if (c <= S2C(u8"9"))
      |                                           ~~~^~~~~~~
  • there is 1 candidate
    • candidate 1: 'template<unsigned int I> constexpr char Cody::Detail::S2C(const char (&)[I])'
      ../../gcc-15.2.0/libcody/cody.hh:51:16:
         51 | constexpr char S2C (char const (&s)[I])
            |                ^~~
      • template argument deduction/substitution failed:
        •   mismatched types 'const char' and 'const char8_t'
          ../../gcc-15.2.0/libcody/buffer.cc:339:46:
            339 |                             else if (c <= S2C(u8"9"))
                |                                           ~~~^~~~~~~
../../gcc-15.2.0/libcody/buffer.cc:340:39: error: no matching function for call to 'S2C(const char8_t [2])'
  340 |                               c -= S2C(u8"0");
      |                                    ~~~^~~~~~~
  • there is 1 candidate
    • candidate 1: 'template<unsigned int I> constexpr char Cody::Detail::S2C(const char (&)[I])'
      ../../gcc-15.2.0/libcody/cody.hh:51:16:
         51 | constexpr char S2C (char const (&s)[I])
            |                ^~~
      • template argument deduction/substitution failed:
        •   mismatched types 'const char' and 'const char8_t'
          ../../gcc-15.2.0/libcody/buffer.cc:340:39:
            340 |                               c -= S2C(u8"0");
                |                                    ~~~^~~~~~~
../../gcc-15.2.0/libcody/buffer.cc:341:45: error: no matching function for call to 'S2C(const char8_t [2])'
  341 |                             else if (c < S2C(u8"a"))
      |                                          ~~~^~~~~~~
  • there is 1 candidate
    • candidate 1: 'template<unsigned int I> constexpr char Cody::Detail::S2C(const char (&)[I])'
      ../../gcc-15.2.0/libcody/cody.hh:51:16:
         51 | constexpr char S2C (char const (&s)[I])
            |                ^~~
      • template argument deduction/substitution failed:
        •   mismatched types 'const char' and 'const char8_t'
          ../../gcc-15.2.0/libcody/buffer.cc:341:45:
            341 |                             else if (c < S2C(u8"a"))
                |                                          ~~~^~~~~~~
../../gcc-15.2.0/libcody/buffer.cc:347:46: error: no matching function for call to 'S2C(const char8_t [2])'
  347 |                             else if (c <= S2C(u8"f"))
      |                                           ~~~^~~~~~~
  • there is 1 candidate
    • candidate 1: 'template<unsigned int I> constexpr char Cody::Detail::S2C(const char (&)[I])'
      ../../gcc-15.2.0/libcody/cody.hh:51:16:
         51 | constexpr char S2C (char const (&s)[I])
            |                ^~~
      • template argument deduction/substitution failed:
        •   mismatched types 'const char' and 'const char8_t'
          ../../gcc-15.2.0/libcody/buffer.cc:347:46:
            347 |                             else if (c <= S2C(u8"f"))
                |                                           ~~~^~~~~~~
../../gcc-15.2.0/libcody/buffer.cc:348:39: error: no matching function for call to 'S2C(const char8_t [2])'
  348 |                               c -= S2C(u8"a") - 10;
      |                                    ~~~^~~~~~~
  • there is 1 candidate
    • candidate 1: 'template<unsigned int I> constexpr char Cody::Detail::S2C(const char (&)[I])'
      ../../gcc-15.2.0/libcody/cody.hh:51:16:
         51 | constexpr char S2C (char const (&s)[I])
            |                ^~~
      • template argument deduction/substitution failed:
        •   mismatched types 'const char' and 'const char8_t'
          ../../gcc-15.2.0/libcody/buffer.cc:348:39:
            348 |                               c -= S2C(u8"a") - 10;
                |                                    ~~~^~~~~~~
../../gcc-15.2.0/libcody/buffer.cc: In member function 'void Cody::Detail::MessageBuffer::LexedLine(std::string&)':
../../gcc-15.2.0/libcody/buffer.cc:381:33: error: no matching function for call to 'S2C(const char8_t [2])'
  381 |         if (buffer[pos-1] == S2C(u8"\n"))
      |                              ~~~^~~~~~~~
  • there is 1 candidate
    • candidate 1: 'template<unsigned int I> constexpr char Cody::Detail::S2C(const char (&)[I])'
      ../../gcc-15.2.0/libcody/cody.hh:51:16:
         51 | constexpr char S2C (char const (&s)[I])
            |                ^~~
      • template argument deduction/substitution failed:
        •   mismatched types 'const char' and 'const char8_t'
          ../../gcc-15.2.0/libcody/buffer.cc:381:33:
            381 |         if (buffer[pos-1] == S2C(u8"\n"))
                |                              ~~~^~~~~~~~
../../gcc-15.2.0/libcody/buffer.cc:385:60: error: no matching function for call to 'S2C(const char8_t [2])'
  385 |       if (buffer[end-1] == CONTINUE && buffer[end-2] == S2C(u8" "))
      |                                                         ~~~^~~~~~~
  • there is 1 candidate
    • candidate 1: 'template<unsigned int I> constexpr char Cody::Detail::S2C(const char (&)[I])'
      ../../gcc-15.2.0/libcody/cody.hh:51:16:
         51 | constexpr char S2C (char const (&s)[I])
            |                ^~~
      • template argument deduction/substitution failed:
        •   mismatched types 'const char' and 'const char8_t'
          ../../gcc-15.2.0/libcody/buffer.cc:385:60:
            385 |       if (buffer[end-1] == CONTINUE && buffer[end-2] == S2C(u8" "))
                |                                                         ~~~^~~~~~~
if [ x"" != x ]; then \
  /mingw64/bin/gcc -c -DHAVE_CONFIG_H -g -O2  -I. -I../../../gcc-15.2.0/libiberty/../include  -W -Wall -Wwrite-strings -Wc++-compat -Wstrict-prototypes -Wshadow=local -pedantic  -D_GNU_SOURCE    ../../../gcc-15.2.0/libiberty/sigsetmask.c -o noasan/sigsetmask.o; \
else true; fi
make[1]: Leaving directory '/c/Users/Syf/Desktop/BS4/tools/gcc-build-mingw/zlib'
/mingw64/bin/gcc -c -DHAVE_CONFIG_H -g -O2  -I. -I../../../gcc-15.2.0/libiberty/../include  -W -Wall -Wwrite-strings -Wc++-compat -Wstrict-prototypes -Wshadow=local -pedantic  -D_GNU_SOURCE  ../../../gcc-15.2.0/libiberty/sigsetmask.c -o sigsetmask.o
make[1]: *** [Makefile:57: buffer.o] Error 1
make[1]: *** Waiting for unfinished jobs....
if [ x"" != x ]; then \
  /mingw64/bin/gcc -c -DHAVE_CONFIG_H -g -O2  -I. -I../../../gcc-15.2.0/libiberty/../include  -W -Wall -Wwrite-strings -Wc++-compat -Wstrict-prototypes -Wshadow=local -pedantic  -D_GNU_SOURCE   ../../../gcc-15.2.0/libiberty/stpcpy.c -o pic/stpcpy.o; \
else true; fi
if [ x"" != x ]; then \
  /mingw64/bin/gcc -c -DHAVE_CONFIG_H -g -O2  -I. -I../../../gcc-15.2.0/libiberty/../include  -W -Wall -Wwrite-strings -Wc++-compat -Wstrict-prototypes -Wshadow=local -pedantic  -D_GNU_SOURCE    ../../../gcc-15.2.0/libiberty/stpcpy.c -o noasan/stpcpy.o; \
else true; fi
config.status: creating rand/Makefile
/mingw64/bin/gcc -c -DHAVE_CONFIG_H -g -O2  -I. -I../../../gcc-15.2.0/libiberty/../include  -W -Wall -Wwrite-strings -Wc++-compat -Wstrict-prototypes -Wshadow=local -pedantic  -D_GNU_SOURCE  ../../../gcc-15.2.0/libiberty/stpcpy.c -o stpcpy.o
if [ x"" != x ]; then \
  /mingw64/bin/gcc -c -DHAVE_CONFIG_H -g -O2  -I. -I../../../gcc-15.2.0/libiberty/../include  -W -Wall -Wwrite-strings -Wc++-compat -Wstrict-prototypes -Wshadow=local -pedantic  -D_GNU_SOURCE   ../../../gcc-15.2.0/libiberty/stpncpy.c -o pic/stpncpy.o; \
else true; fi
if [ x"" != x ]; then \
  /mingw64/bin/gcc -c -DHAVE_CONFIG_H -g -O2  -I. -I../../../gcc-15.2.0/libiberty/../include  -W -Wall -Wwrite-strings -Wc++-compat -Wstrict-prototypes -Wshadow=local -pedantic  -D_GNU_SOURCE    ../../../gcc-15.2.0/libiberty/stpncpy.c -o noasan/stpncpy.o; \
else true; fi
In file included from ../../gcc-15.2.0/libcody/internal.hh:5,
                 from ../../gcc-15.2.0/libcody/client.cc:6:
../../gcc-15.2.0/libcody/cody.hh: In member function 'void Cody::Detail::MessageBuffer::Space()':
../../gcc-15.2.0/libcody/cody.hh:113:24: error: no matching function for call to 'S2C(const char8_t [2])'
  113 |     Append (Detail::S2C(u8" "));
      |             ~~~~~~~~~~~^~~~~~~
  • there is 1 candidate
    • candidate 1: 'template<unsigned int I> constexpr char Cody::Detail::S2C(const char (&)[I])'
      ../../gcc-15.2.0/libcody/cody.hh:51:16:
         51 | constexpr char S2C (char const (&s)[I])
            |                ^~~
      • template argument deduction/substitution failed:
        •   mismatched types 'const char' and 'const char8_t'
          ../../gcc-15.2.0/libcody/cody.hh:113:24:
            113 |     Append (Detail::S2C(u8" "));
                |             ~~~~~~~~~~~^~~~~~~
../../gcc-15.2.0/libcody/client.cc: In function 'Cody::Packet Cody::CommunicationError(int)':
../../gcc-15.2.0/libcody/client.cc:100:42: error: no matching function for call to 'std::__cxx11::basic_string<char>::basic_string(<brace-enclosed initializer list>)'
  100 |   std::string e {u8"communication error:"};
      |                                          ^
  • there are 17 candidates
In file included from C:/Users/Syf/Desktop/BS4/tools/msys64/msys64/mingw64/include/c++/16.2.0/string:58,
                 from C:/Users/Syf/Desktop/BS4/tools/msys64/msys64/mingw64/include/c++/16.2.0/bits/locale_classes.h:43,
                 from C:/Users/Syf/Desktop/BS4/tools/msys64/msys64/mingw64/include/c++/16.2.0/bits/ios_base.h:43,
                 from C:/Users/Syf/Desktop/BS4/tools/msys64/msys64/mingw64/include/c++/16.2.0/ios:46,
                 from C:/Users/Syf/Desktop/BS4/tools/msys64/msys64/mingw64/include/c++/16.2.0/bits/ostream.h:43,
                 from C:/Users/Syf/Desktop/BS4/tools/msys64/msys64/mingw64/include/c++/16.2.0/bits/unique_ptr.h:42,
                 from C:/Users/Syf/Desktop/BS4/tools/msys64/msys64/mingw64/include/c++/16.2.0/memory:80,
                 from ../../gcc-15.2.0/libcody/cody.hh:24:
    • candidate 1: 'constexpr std::__cxx11::basic_string<_CharT, _Traits, _Alloc>::basic_string(std::initializer_list<_Tp>, const _Alloc&) [with _CharT = char; _Traits = std::char_traits<char>; _Alloc = std::allocator<char>]' (near match)
      C:/Users/Syf/Desktop/BS4/tools/msys64/msys64/mingw64/include/c++/16.2.0/bits/basic_string.h:822:7:
        822 |       basic_string(initializer_list<_CharT> __l, const _Alloc& __a = _Alloc())
            |       ^~~~~~~~~~~~
      • conversion of argument 1 would be ill-formed:
      • error: invalid conversion from 'const char8_t*' to 'char' [-fpermissive]
        ../../gcc-15.2.0/libcody/client.cc:100:18:
          100 |   std::string e {u8"communication error:"};
              |                  ^~~~~~~~~~~~~~~~~~~~~~~~
              |                  |
              |                  const char8_t*
    • candidate 2: 'template<class _Tp, class> constexpr std::__cxx11::basic_string<_CharT, _Traits, _Alloc>::basic_string(const _Tp&, const _Alloc&) [with <template-parameter-2-2> = _Tp; _CharT = char; _Traits = std::char_traits<char>; _Alloc = std::allocator<char>]'
      C:/Users/Syf/Desktop/BS4/tools/msys64/msys64/mingw64/include/c++/16.2.0/bits/basic_string.h:911:9:
        911 |         basic_string(const _Tp& __t, const _Alloc& __a = _Alloc())
            |         ^~~~~~~~~~~~
      • template argument deduction/substitution failed:
In file included from C:/Users/Syf/Desktop/BS4/tools/msys64/msys64/mingw64/include/c++/16.2.0/bits/move.h:37,
                 from C:/Users/Syf/Desktop/BS4/tools/msys64/msys64/mingw64/include/c++/16.2.0/bits/new_allocator.h:36,
                 from C:/Users/Syf/Desktop/BS4/tools/msys64/msys64/mingw64/include/c++/16.2.0/x86_64-w64-mingw32/bits/c++allocator.h:33,
                 from C:/Users/Syf/Desktop/BS4/tools/msys64/msys64/mingw64/include/c++/16.2.0/bits/allocator.h:46,
                 from C:/Users/Syf/Desktop/BS4/tools/msys64/msys64/mingw64/include/c++/16.2.0/memory:67:
        • C:/Users/Syf/Desktop/BS4/tools/msys64/msys64/mingw64/include/c++/16.2.0/type_traits: In substitution of 'template<bool _Cond, class _Tp> using std::enable_if_t = typename std::enable_if::type [with bool _Cond = false; _Tp = void]':
        • required by substitution of 'template<class _CharT, class _Traits, class _Alloc> template<class _Tp, class _Res> using std::__cxx11::basic_string<_CharT, _Traits, _Alloc>::_If_sv = std::enable_if_t<((bool)std::__and_<std::is_convertible<const _Tp&, std::basic_string_view<_CharT, _Traits> >, std::__not_<std::is_convertible<const _Tp*, const std::__cxx11::basic_string<_CharT, _Traits, _Alloc>*> >, std::__not_<std::is_convertible<const _Tp&, const _CharT*> > >::value), _Res> [with _Tp = char8_t [21]; _Res = void; _CharT = char; _Traits = std::char_traits<char>; _Alloc = std::allocator<char>]'
          C:/Users/Syf/Desktop/BS4/tools/msys64/msys64/mingw64/include/c++/16.2.0/bits/basic_string.h:159:8:   
            159 |         using _If_sv = enable_if_t<
                |               ^~~~~~
        • required from here
          C:/Users/Syf/Desktop/BS4/tools/msys64/msys64/mingw64/include/c++/16.2.0/bits/basic_string.h:908:30:   
            908 |       template<typename _Tp, typename = _If_sv<_Tp, void>>
                |                              ^~~~~~~~
        • error: no type named 'type' in 'struct std::enable_if<false, void>'
          C:/Users/Syf/Desktop/BS4/tools/msys64/msys64/mingw64/include/c++/16.2.0/type_traits:2946:11:
           2946 |     using enable_if_t = typename enable_if<_Cond, _Tp>::type;
                |           ^~~~~~~~~~~
    • candidate 3: 'template<class _Tp, class> constexpr std::__cxx11::basic_string<_CharT, _Traits, _Alloc>::basic_string(const _Tp&, size_type, size_type, const _Alloc&) [with <template-parameter-2-2> = _Tp; _CharT = char; _Traits = std::char_traits<char>; _Alloc = std::allocator<char>]'
      C:/Users/Syf/Desktop/BS4/tools/msys64/msys64/mingw64/include/c++/16.2.0/bits/basic_string.h:899:9:
        899 |         basic_string(const _Tp& __t, size_type __pos, size_type __n,
            |         ^~~~~~~~~~~~
      • candidate expects 3 arguments, 1 provided
    • candidate 4: 'template<class _InputIterator, class> constexpr std::__cxx11::basic_string<_CharT, _Traits, _Alloc>::basic_string(_InputIterator, _InputIterator, const _Alloc&) [with <template-parameter-2-2> = _InputIterator; _CharT = char; _Traits = std::char_traits<char>; _Alloc = std::allocator<char>]'
      C:/Users/Syf/Desktop/BS4/tools/msys64/msys64/mingw64/include/c++/16.2.0/bits/basic_string.h:876:9:
        876 |         basic_string(_InputIterator __beg, _InputIterator __end,
            |         ^~~~~~~~~~~~
      • candidate expects 2 arguments, 1 provided
    • candidate 5: 'template<class> constexpr std::__cxx11::basic_string<_CharT, _Traits, _Alloc>::basic_string(size_type, _CharT, const _Alloc&) [with _CharT = char; _Traits = std::char_traits<char>; _Alloc = std::allocator<char>]'
      C:/Users/Syf/Desktop/BS4/tools/msys64/msys64/mingw64/include/c++/16.2.0/bits/basic_string.h:753:7:
        753 |       basic_string(size_type __n, _CharT __c, const _Alloc& __a = _Alloc())
            |       ^~~~~~~~~~~~
      • candidate expects 2 arguments, 1 provided
    • candidate 6: 'template<class> constexpr std::__cxx11::basic_string<_CharT, _Traits, _Alloc>::basic_string(const _CharT*, const _Alloc&) [with _CharT = char; _Traits = std::char_traits<char>; _Alloc = std::allocator<char>]'
      C:/Users/Syf/Desktop/BS4/tools/msys64/msys64/mingw64/include/c++/16.2.0/bits/basic_string.h:730:7:
        730 |       basic_string(const _CharT* __s, const _Alloc& __a = _Alloc())
            |       ^~~~~~~~~~~~
      • template argument deduction/substitution failed:
        •   cannot convert '"communication error:"' (type 'const char8_t [21]') to type 'const char*'
          ../../gcc-15.2.0/libcody/client.cc:100:18:
            100 |   std::string e {u8"communication error:"};
                |                  ^~~~~~~~~~~~~~~~~~~~~~~~
    • candidate 7: 'constexpr std::__cxx11::basic_string<_CharT, _Traits, _Alloc>::basic_string(std::__cxx11::basic_string<_CharT, _Traits, _Alloc>&&, const _Alloc&) [with _CharT = char; _Traits = std::char_traits<char>; _Alloc = std::allocator<char>]'
      C:/Users/Syf/Desktop/BS4/tools/msys64/msys64/mingw64/include/c++/16.2.0/bits/basic_string.h:832:7:
        832 |       basic_string(basic_string&& __str, const _Alloc& __a)
            |       ^~~~~~~~~~~~
      • candidate expects 2 arguments, 1 provided
    • candidate 8: 'constexpr std::__cxx11::basic_string<_CharT, _Traits, _Alloc>::basic_string(const std::__cxx11::basic_string<_CharT, _Traits, _Alloc>&, const _Alloc&) [with _CharT = char; _Traits = std::char_traits<char>; _Alloc = std::allocator<char>]'
      C:/Users/Syf/Desktop/BS4/tools/msys64/msys64/mingw64/include/c++/16.2.0/bits/basic_string.h:827:7:
        827 |       basic_string(const basic_string& __str, const _Alloc& __a)
            |       ^~~~~~~~~~~~
      • candidate expects 2 arguments, 1 provided
    • candidate 9: 'constexpr std::__cxx11::basic_string<_CharT, _Traits, _Alloc>::basic_string(std::__cxx11::basic_string<_CharT, _Traits, _Alloc>&&) [with _CharT = char; _Traits = std::char_traits<char>; _Alloc = std::allocator<char>]'
      C:/Users/Syf/Desktop/BS4/tools/msys64/msys64/mingw64/include/c++/16.2.0/bits/basic_string.h:766:7:
        766 |       basic_string(basic_string&& __str) noexcept
            |       ^~~~~~~~~~~~
      • no known conversion for argument 1 from 'const char8_t [21]' to 'std::__cxx11::basic_string<char>&&'
        C:/Users/Syf/Desktop/BS4/tools/msys64/msys64/mingw64/include/c++/16.2.0/bits/basic_string.h:766:35:
          766 |       basic_string(basic_string&& __str) noexcept
              |                    ~~~~~~~~~~~~~~~^~~~~
    • candidate 10: 'constexpr std::__cxx11::basic_string<_CharT, _Traits, _Alloc>::basic_string(const _CharT*, size_type, const _Alloc&) [with _CharT = char; _Traits = std::char_traits<char>; _Alloc = std::allocator<char>; size_type = long long unsigned int]'
      C:/Users/Syf/Desktop/BS4/tools/msys64/msys64/mingw64/include/c++/16.2.0/bits/basic_string.h:708:7:
        708 |       basic_string(const _CharT* __s, size_type __n,
            |       ^~~~~~~~~~~~
      • candidate expects 3 arguments, 1 provided
    • candidate 11: 'constexpr std::__cxx11::basic_string<_CharT, _Traits, _Alloc>::basic_string(const std::__cxx11::basic_string<_CharT, _Traits, _Alloc>&, size_type, size_type, const _Alloc&) [with _CharT = char; _Traits = std::char_traits<char>; _Alloc = std::allocator<char>; size_type = long long unsigned int]'
      C:/Users/Syf/Desktop/BS4/tools/msys64/msys64/mingw64/include/c++/16.2.0/bits/basic_string.h:668:7:
        668 |       basic_string(const basic_string& __str, size_type __pos,
            |       ^~~~~~~~~~~~
      • candidate expects 4 arguments, 1 provided
    • candidate 12: 'constexpr std::__cxx11::basic_string<_CharT, _Traits, _Alloc>::basic_string(const std::__cxx11::basic_string<_CharT, _Traits, _Alloc>&, size_type, size_type) [with _CharT = char; _Traits = std::char_traits<char>; _Alloc = std::allocator<char>; size_type = long long unsigned int]'
      C:/Users/Syf/Desktop/BS4/tools/msys64/msys64/mingw64/include/c++/16.2.0/bits/basic_string.h:650:7:
        650 |       basic_string(const basic_string& __str, size_type __pos,
            |       ^~~~~~~~~~~~
      • candidate expects 3 arguments, 1 provided
    • candidate 13: 'constexpr std::__cxx11::basic_string<_CharT, _Traits, _Alloc>::basic_string(const std::__cxx11::basic_string<_CharT, _Traits, _Alloc>&, size_type, const _Alloc&) [with _CharT = char; _Traits = std::char_traits<char>; _Alloc = std::allocator<char>; size_type = long long unsigned int]'
      C:/Users/Syf/Desktop/BS4/tools/msys64/msys64/mingw64/include/c++/16.2.0/bits/basic_string.h:633:7:
        633 |       basic_string(const basic_string& __str, size_type __pos,
            |       ^~~~~~~~~~~~
      • candidate expects 3 arguments, 1 provided
    • candidate 14: 'constexpr std::__cxx11::basic_string<_CharT, _Traits, _Alloc>::basic_string(const std::__cxx11::basic_string<_CharT, _Traits, _Alloc>&) [with _CharT = char; _Traits = std::char_traits<char>; _Alloc = std::allocator<char>]'
      C:/Users/Syf/Desktop/BS4/tools/msys64/msys64/mingw64/include/c++/16.2.0/bits/basic_string.h:617:7:
        617 |       basic_string(const basic_string& __str)
            |       ^~~~~~~~~~~~
      • no known conversion for argument 1 from 'const char8_t [21]' to 'const std::__cxx11::basic_string<char>&'
        C:/Users/Syf/Desktop/BS4/tools/msys64/msys64/mingw64/include/c++/16.2.0/bits/basic_string.h:617:40:
          617 |       basic_string(const basic_string& __str)
              |                    ~~~~~~~~~~~~~~~~~~~~^~~~~
    • candidate 15: 'constexpr std::__cxx11::basic_string<_CharT, _Traits, _Alloc>::basic_string(const _Alloc&) [with _CharT = char; _Traits = std::char_traits<char>; _Alloc = std::allocator<char>]'
      C:/Users/Syf/Desktop/BS4/tools/msys64/msys64/mingw64/include/c++/16.2.0/bits/basic_string.h:605:7:
        605 |       basic_string(const _Alloc& __a) _GLIBCXX_NOEXCEPT
            |       ^~~~~~~~~~~~
      • no known conversion for argument 1 from 'const char8_t [21]' to 'const std::allocator<char>&'
        C:/Users/Syf/Desktop/BS4/tools/msys64/msys64/mingw64/include/c++/16.2.0/bits/basic_string.h:605:34:
          605 |       basic_string(const _Alloc& __a) _GLIBCXX_NOEXCEPT
              |                    ~~~~~~~~~~~~~~^~~
    • candidate 16: 'constexpr std::__cxx11::basic_string<_CharT, _Traits, _Alloc>::basic_string() requires  is_default_constructible_v<_Alloc> [with _CharT = char; _Traits = std::char_traits<char>; _Alloc = std::allocator<char>]'
      C:/Users/Syf/Desktop/BS4/tools/msys64/msys64/mingw64/include/c++/16.2.0/bits/basic_string.h:589:7:
        589 |       basic_string()
            |       ^~~~~~~~~~~~
      • candidate expects 0 arguments, 1 provided
    • candidate 17: 'constexpr std::__cxx11::basic_string<_CharT, _Traits, _Alloc>::basic_string(__sv_wrapper, const _Alloc&) [with _CharT = char; _Traits = std::char_traits<char>; _Alloc = std::allocator<char>]'
      C:/Users/Syf/Desktop/BS4/tools/msys64/msys64/mingw64/include/c++/16.2.0/bits/basic_string.h:191:7:
        191 |       basic_string(__sv_wrapper __svw, const _Alloc& __a)
            |       ^~~~~~~~~~~~
      • candidate expects 2 arguments, 1 provided
../../gcc-15.2.0/libcody/client.cc: In member function 'Cody::Packet Cody::Client::ProcessResponse(std::vector<std::__cxx11::basic_string<char> >&, unsigned int, bool)':
../../gcc-15.2.0/libcody/client.cc:113:50: error: no matching function for call to 'std::__cxx11::basic_string<char>::basic_string(const char8_t [19])'
  113 |           std::string msg (u8"malformed string '");
      |                                                  ^
  • there are 17 candidates
    • candidate 1: 'template<class _Tp, class> constexpr std::__cxx11::basic_string<_CharT, _Traits, _Alloc>::basic_string(const _Tp&, const _Alloc&) [with <template-parameter-2-2> = _Tp; _CharT = char; _Traits = std::char_traits<char>; _Alloc = std::allocator<char>]'
      C:/Users/Syf/Desktop/BS4/tools/msys64/msys64/mingw64/include/c++/16.2.0/bits/basic_string.h:911:9:
        911 |         basic_string(const _Tp& __t, const _Alloc& __a = _Alloc())
            |         ^~~~~~~~~~~~
      • template argument deduction/substitution failed:
    • candidate 2: 'template<class _Tp, class> constexpr std::__cxx11::basic_string<_CharT, _Traits, _Alloc>::basic_string(const _Tp&, size_type, size_type, const _Alloc&) [with <template-parameter-2-2> = _Tp; _CharT = char; _Traits = std::char_traits<char>; _Alloc = std::allocator<char>]'
      C:/Users/Syf/Desktop/BS4/tools/msys64/msys64/mingw64/include/c++/16.2.0/bits/basic_string.h:899:9:
        899 |         basic_string(const _Tp& __t, size_type __pos, size_type __n,
            |         ^~~~~~~~~~~~
      • candidate expects 3 arguments, 1 provided
    • candidate 3: 'template<class _InputIterator, class> constexpr std::__cxx11::basic_string<_CharT, _Traits, _Alloc>::basic_string(_InputIterator, _InputIterator, const _Alloc&) [with <template-parameter-2-2> = _InputIterator; _CharT = char; _Traits = std::char_traits<char>; _Alloc = std::allocator<char>]'
      C:/Users/Syf/Desktop/BS4/tools/msys64/msys64/mingw64/include/c++/16.2.0/bits/basic_string.h:876:9:
        876 |         basic_string(_InputIterator __beg, _InputIterator __end,
            |         ^~~~~~~~~~~~
      • candidate expects 2 arguments, 1 provided
    • candidate 4: 'template<class> constexpr std::__cxx11::basic_string<_CharT, _Traits, _Alloc>::basic_string(size_type, _CharT, const _Alloc&) [with _CharT = char; _Traits = std::char_traits<char>; _Alloc = std::allocator<char>]'
      C:/Users/Syf/Desktop/BS4/tools/msys64/msys64/mingw64/include/c++/16.2.0/bits/basic_string.h:753:7:
        753 |       basic_string(size_type __n, _CharT __c, const _Alloc& __a = _Alloc())
            |       ^~~~~~~~~~~~
      • candidate expects 2 arguments, 1 provided
    • candidate 5: 'template<class> constexpr std::__cxx11::basic_string<_CharT, _Traits, _Alloc>::basic_string(const _CharT*, const _Alloc&) [with _CharT = char; _Traits = std::char_traits<char>; _Alloc = std::allocator<char>]'
      C:/Users/Syf/Desktop/BS4/tools/msys64/msys64/mingw64/include/c++/16.2.0/bits/basic_string.h:730:7:
        730 |       basic_string(const _CharT* __s, const _Alloc& __a = _Alloc())
            |       ^~~~~~~~~~~~
      • template argument deduction/substitution failed:
        •   cannot convert '"malformed string \'"' (type 'const char8_t [19]') to type 'const char*'
          ../../gcc-15.2.0/libcody/client.cc:113:28:
            113 |           std::string msg (u8"malformed string '");
                |                            ^~~~~~~~~~~~~~~~~~~~~~
    • candidate 6: 'constexpr std::__cxx11::basic_string<_CharT, _Traits, _Alloc>::basic_string(std::__cxx11::basic_string<_CharT, _Traits, _Alloc>&&, const _Alloc&) [with _CharT = char; _Traits = std::char_traits<char>; _Alloc = std::allocator<char>]'
      C:/Users/Syf/Desktop/BS4/tools/msys64/msys64/mingw64/include/c++/16.2.0/bits/basic_string.h:832:7:
        832 |       basic_string(basic_string&& __str, const _Alloc& __a)
            |       ^~~~~~~~~~~~
      • candidate expects 2 arguments, 1 provided
    • candidate 7: 'constexpr std::__cxx11::basic_string<_CharT, _Traits, _Alloc>::basic_string(const std::__cxx11::basic_string<_CharT, _Traits, _Alloc>&, const _Alloc&) [with _CharT = char; _Traits = std::char_traits<char>; _Alloc = std::allocator<char>]'
      C:/Users/Syf/Desktop/BS4/tools/msys64/msys64/mingw64/include/c++/16.2.0/bits/basic_string.h:827:7:
        827 |       basic_string(const basic_string& __str, const _Alloc& __a)
            |       ^~~~~~~~~~~~
      • candidate expects 2 arguments, 1 provided
    • candidate 8: 'constexpr std::__cxx11::basic_string<_CharT, _Traits, _Alloc>::basic_string(std::initializer_list<_Tp>, const _Alloc&) [with _CharT = char; _Traits = std::char_traits<char>; _Alloc = std::allocator<char>]'
      C:/Users/Syf/Desktop/BS4/tools/msys64/msys64/mingw64/include/c++/16.2.0/bits/basic_string.h:822:7:
        822 |       basic_string(initializer_list<_CharT> __l, const _Alloc& __a = _Alloc())
            |       ^~~~~~~~~~~~
      • no known conversion for argument 1 from 'const char8_t [19]' to 'std::initializer_list<char>'
        C:/Users/Syf/Desktop/BS4/tools/msys64/msys64/mingw64/include/c++/16.2.0/bits/basic_string.h:822:45:
          822 |       basic_string(initializer_list<_CharT> __l, const _Alloc& __a = _Alloc())
              |                    ~~~~~~~~~~~~~~~~~~~~~~~~~^~~
    • candidate 9: 'constexpr std::__cxx11::basic_string<_CharT, _Traits, _Alloc>::basic_string(std::__cxx11::basic_string<_CharT, _Traits, _Alloc>&&) [with _CharT = char; _Traits = std::char_traits<char>; _Alloc = std::allocator<char>]'
      C:/Users/Syf/Desktop/BS4/tools/msys64/msys64/mingw64/include/c++/16.2.0/bits/basic_string.h:766:7:
        766 |       basic_string(basic_string&& __str) noexcept
            |       ^~~~~~~~~~~~
      • no known conversion for argument 1 from 'const char8_t [19]' to 'std::__cxx11::basic_string<char>&&'
        C:/Users/Syf/Desktop/BS4/tools/msys64/msys64/mingw64/include/c++/16.2.0/bits/basic_string.h:766:35:
          766 |       basic_string(basic_string&& __str) noexcept
              |                    ~~~~~~~~~~~~~~~^~~~~
    • candidate 10: 'constexpr std::__cxx11::basic_string<_CharT, _Traits, _Alloc>::basic_string(const _CharT*, size_type, const _Alloc&) [with _CharT = char; _Traits = std::char_traits<char>; _Alloc = std::allocator<char>; size_type = long long unsigned int]'
      C:/Users/Syf/Desktop/BS4/tools/msys64/msys64/mingw64/include/c++/16.2.0/bits/basic_string.h:708:7:
        708 |       basic_string(const _CharT* __s, size_type __n,
            |       ^~~~~~~~~~~~
      • candidate expects 3 arguments, 1 provided
    • candidate 11: 'constexpr std::__cxx11::basic_string<_CharT, _Traits, _Alloc>::basic_string(const std::__cxx11::basic_string<_CharT, _Traits, _Alloc>&, size_type, size_type, const _Alloc&) [with _CharT = char; _Traits = std::char_traits<char>; _Alloc = std::allocator<char>; size_type = long long unsigned int]'
      C:/Users/Syf/Desktop/BS4/tools/msys64/msys64/mingw64/include/c++/16.2.0/bits/basic_string.h:668:7:
        668 |       basic_string(const basic_string& __str, size_type __pos,
            |       ^~~~~~~~~~~~
      • candidate expects 4 arguments, 1 provided
    • candidate 12: 'constexpr std::__cxx11::basic_string<_CharT, _Traits, _Alloc>::basic_string(const std::__cxx11::basic_string<_CharT, _Traits, _Alloc>&, size_type, size_type) [with _CharT = char; _Traits = std::char_traits<char>; _Alloc = std::allocator<char>; size_type = long long unsigned int]'
      C:/Users/Syf/Desktop/BS4/tools/msys64/msys64/mingw64/include/c++/16.2.0/bits/basic_string.h:650:7:
        650 |       basic_string(const basic_string& __str, size_type __pos,
            |       ^~~~~~~~~~~~
      • candidate expects 3 arguments, 1 provided
    • candidate 13: 'constexpr std::__cxx11::basic_string<_CharT, _Traits, _Alloc>::basic_string(const std::__cxx11::basic_string<_CharT, _Traits, _Alloc>&, size_type, const _Alloc&) [with _CharT = char; _Traits = std::char_traits<char>; _Alloc = std::allocator<char>; size_type = long long unsigned int]'
      C:/Users/Syf/Desktop/BS4/tools/msys64/msys64/mingw64/include/c++/16.2.0/bits/basic_string.h:633:7:
        633 |       basic_string(const basic_string& __str, size_type __pos,
            |       ^~~~~~~~~~~~
      • candidate expects 3 arguments, 1 provided
    • candidate 14: 'constexpr std::__cxx11::basic_string<_CharT, _Traits, _Alloc>::basic_string(const std::__cxx11::basic_string<_CharT, _Traits, _Alloc>&) [with _CharT = char; _Traits = std::char_traits<char>; _Alloc = std::allocator<char>]'
      C:/Users/Syf/Desktop/BS4/tools/msys64/msys64/mingw64/include/c++/16.2.0/bits/basic_string.h:617:7:
        617 |       basic_string(const basic_string& __str)
            |       ^~~~~~~~~~~~
      • no known conversion for argument 1 from 'const char8_t [19]' to 'const std::__cxx11::basic_string<char>&'
        C:/Users/Syf/Desktop/BS4/tools/msys64/msys64/mingw64/include/c++/16.2.0/bits/basic_string.h:617:40:
          617 |       basic_string(const basic_string& __str)
              |                    ~~~~~~~~~~~~~~~~~~~~^~~~~
    • candidate 15: 'constexpr std::__cxx11::basic_string<_CharT, _Traits, _Alloc>::basic_string(const _Alloc&) [with _CharT = char; _Traits = std::char_traits<char>; _Alloc = std::allocator<char>]'
      C:/Users/Syf/Desktop/BS4/tools/msys64/msys64/mingw64/include/c++/16.2.0/bits/basic_string.h:605:7:
        605 |       basic_string(const _Alloc& __a) _GLIBCXX_NOEXCEPT
            |       ^~~~~~~~~~~~
      • no known conversion for argument 1 from 'const char8_t [19]' to 'const std::allocator<char>&'
        C:/Users/Syf/Desktop/BS4/tools/msys64/msys64/mingw64/include/c++/16.2.0/bits/basic_string.h:605:34:
          605 |       basic_string(const _Alloc& __a) _GLIBCXX_NOEXCEPT
              |                    ~~~~~~~~~~~~~~^~~
    • candidate 16: 'constexpr std::__cxx11::basic_string<_CharT, _Traits, _Alloc>::basic_string() requires  is_default_constructible_v<_Alloc> [with _CharT = char; _Traits = std::char_traits<char>; _Alloc = std::allocator<char>]'
      C:/Users/Syf/Desktop/BS4/tools/msys64/msys64/mingw64/include/c++/16.2.0/bits/basic_string.h:589:7:
        589 |       basic_string()
            |       ^~~~~~~~~~~~
      • candidate expects 0 arguments, 1 provided
    • candidate 17: 'constexpr std::__cxx11::basic_string<_CharT, _Traits, _Alloc>::basic_string(__sv_wrapper, const _Alloc&) [with _CharT = char; _Traits = std::char_traits<char>; _Alloc = std::allocator<char>]'
      C:/Users/Syf/Desktop/BS4/tools/msys64/msys64/mingw64/include/c++/16.2.0/bits/basic_string.h:191:7:
        191 |       basic_string(__sv_wrapper __svw, const _Alloc& __a)
            |       ^~~~~~~~~~~~
      • candidate expects 2 arguments, 1 provided
../../gcc-15.2.0/libcody/client.cc:115:22: error: no matching function for call to 'std::__cxx11::basic_string<char>::append(const char8_t [2])'
  115 |           msg.append (u8"'");
      |           ~~~~~~~~~~~^~~~~~~
  • there are 9 candidates
    • candidate 1: 'constexpr std::__cxx11::basic_string<_CharT, _Traits, _Alloc>& std::__cxx11::basic_string<_CharT, _Traits, _Alloc>::append(const _CharT*) [with _CharT = char; _Traits = std::char_traits<char>; _Alloc = std::allocator<char>]' (near match)
      C:/Users/Syf/Desktop/BS4/tools/msys64/msys64/mingw64/include/c++/16.2.0/bits/basic_string.h:1604:7:
       1604 |       append(const _CharT* __s)
            |       ^~~~~~
      • conversion of argument 1 would be ill-formed:
      • error: invalid conversion from 'const char8_t*' to 'const char*' [-fpermissive]
        ../../gcc-15.2.0/libcody/client.cc:115:23:
          115 |           msg.append (u8"'");
              |                       ^~~~~
              |                       |
              |                       const char8_t*
    • candidate 2: 'template<class _InputIterator, class> constexpr std::__cxx11::basic_string<_CharT, _Traits, _Alloc>& std::__cxx11::basic_string<_CharT, _Traits, _Alloc>::append(_InputIterator, _InputIterator) [with <template-parameter-2-2> = _InputIterator; _CharT = char; _Traits = std::char_traits<char>; _Alloc = std::allocator<char>]'
      C:/Users/Syf/Desktop/BS4/tools/msys64/msys64/mingw64/include/c++/16.2.0/bits/basic_string.h:1705:9:
       1705 |         append(_InputIterator __first, _InputIterator __last)
            |         ^~~~~~
      • candidate expects 2 arguments, 1 provided
    • candidate 3: 'template<class _Tp> constexpr std::__cxx11::basic_string<_CharT, _Traits, _Alloc>::_If_sv<_Tp, std::__cxx11::basic_string<_CharT, _Traits, _Alloc>&> std::__cxx11::basic_string<_CharT, _Traits, _Alloc>::append(const _Tp&) [with _CharT = char; _Traits = std::char_traits<char>; _Alloc = std::allocator<char>]'
      C:/Users/Syf/Desktop/BS4/tools/msys64/msys64/mingw64/include/c++/16.2.0/bits/basic_string.h:1717:9:
       1717 |         append(const _Tp& __svt)
            |         ^~~~~~
      • template argument deduction/substitution failed:
        • C:/Users/Syf/Desktop/BS4/tools/msys64/msys64/mingw64/include/c++/16.2.0/type_traits: In substitution of 'template<bool _Cond, class _Tp> using std::enable_if_t = typename std::enable_if::type [with bool _Cond = false; _Tp = std::__cxx11::basic_string<char>&]':
        • required by substitution of 'template<class _CharT, class _Traits, class _Alloc> template<class _Tp, class _Res> using std::__cxx11::basic_string<_CharT, _Traits, _Alloc>::_If_sv = std::enable_if_t<((bool)std::__and_<std::is_convertible<const _Tp&, std::basic_string_view<_CharT, _Traits> >, std::__not_<std::is_convertible<const _Tp*, const std::__cxx11::basic_string<_CharT, _Traits, _Alloc>*> >, std::__not_<std::is_convertible<const _Tp&, const _CharT*> > >::value), _Res> [with _Tp = char8_t [2]; _Res = std::__cxx11::basic_string<char>&; _CharT = char; _Traits = std::char_traits<char>; _Alloc = std::allocator<char>]'
          C:/Users/Syf/Desktop/BS4/tools/msys64/msys64/mingw64/include/c++/16.2.0/bits/basic_string.h:159:8:   
            159 |         using _If_sv = enable_if_t<
                |               ^~~~~~
        • required by substitution of 'template<class _Tp> constexpr std::__cxx11::basic_string<char>::_If_sv<_Tp, std::__cxx11::basic_string<char>&> std::__cxx11::basic_string<char>::append(const _Tp&) [with _Tp = char8_t [2]]'
          C:/Users/Syf/Desktop/BS4/tools/msys64/msys64/mingw64/include/c++/16.2.0/bits/basic_string.h:1717:9:   
           1717 |         append(const _Tp& __svt)
                |         ^~~~~~
        • required from here
          ../../gcc-15.2.0/libcody/client.cc:115:15:   
            115 |           msg.append (u8"'");
                |           ~~~~~~~~~~~^~~~~~~
        • error: no type named 'type' in 'struct std::enable_if<false, std::__cxx11::basic_string<char>&>'
          C:/Users/Syf/Desktop/BS4/tools/msys64/msys64/mingw64/include/c++/16.2.0/type_traits:2946:11:
           2946 |     using enable_if_t = typename enable_if<_Cond, _Tp>::type;
                |           ^~~~~~~~~~~
    • candidate 4: 'template<class _Tp> constexpr std::__cxx11::basic_string<_CharT, _Traits, _Alloc>::_If_sv<_Tp, std::__cxx11::basic_string<_CharT, _Traits, _Alloc>&> std::__cxx11::basic_string<_CharT, _Traits, _Alloc>::append(const _Tp&, size_type, size_type) [with _CharT = char; _Traits = std::char_traits<char>; _Alloc = std::allocator<char>]'
      C:/Users/Syf/Desktop/BS4/tools/msys64/msys64/mingw64/include/c++/16.2.0/bits/basic_string.h:1733:9:
       1733 |         append(const _Tp& __svt, size_type __pos, size_type __n = npos)
            |         ^~~~~~
      • candidate expects 2 arguments, 1 provided
    • candidate 5: 'constexpr std::__cxx11::basic_string<_CharT, _Traits, _Alloc>& std::__cxx11::basic_string<_CharT, _Traits, _Alloc>::append(const std::__cxx11::basic_string<_CharT, _Traits, _Alloc>&) [with _CharT = char; _Traits = std::char_traits<char>; _Alloc = std::allocator<char>]'
      C:/Users/Syf/Desktop/BS4/tools/msys64/msys64/mingw64/include/c++/16.2.0/bits/basic_string.h:1559:7:
       1559 |       append(const basic_string& __str)
            |       ^~~~~~
      • no known conversion for argument 1 from 'const char8_t [2]' to 'const std::__cxx11::basic_string<char>&'
        C:/Users/Syf/Desktop/BS4/tools/msys64/msys64/mingw64/include/c++/16.2.0/bits/basic_string.h:1559:34:
         1559 |       append(const basic_string& __str)
              |              ~~~~~~~~~~~~~~~~~~~~^~~~~
    • candidate 6: 'constexpr std::__cxx11::basic_string<_CharT, _Traits, _Alloc>& std::__cxx11::basic_string<_CharT, _Traits, _Alloc>::append(const std::__cxx11::basic_string<_CharT, _Traits, _Alloc>&, size_type, size_type) [with _CharT = char; _Traits = std::char_traits<char>; _Alloc = std::allocator<char>; size_type = long long unsigned int]'
      C:/Users/Syf/Desktop/BS4/tools/msys64/msys64/mingw64/include/c++/16.2.0/bits/basic_string.h:1577:7:
       1577 |       append(const basic_string& __str, size_type __pos, size_type __n = npos)
            |       ^~~~~~
      • candidate expects 3 arguments, 1 provided
    • candidate 7: 'constexpr std::__cxx11::basic_string<_CharT, _Traits, _Alloc>& std::__cxx11::basic_string<_CharT, _Traits, _Alloc>::append(const _CharT*, size_type) [with _CharT = char; _Traits = std::char_traits<char>; _Alloc = std::allocator<char>; size_type = long long unsigned int]'
      C:/Users/Syf/Desktop/BS4/tools/msys64/msys64/mingw64/include/c++/16.2.0/bits/basic_string.h:1590:7:
       1590 |       append(const _CharT* __s, size_type __n)
            |       ^~~~~~
      • candidate expects 2 arguments, 1 provided
    • candidate 8: 'constexpr std::__cxx11::basic_string<_CharT, _Traits, _Alloc>& std::__cxx11::basic_string<_CharT, _Traits, _Alloc>::append(size_type, _CharT) [with _CharT = char; _Traits = std::char_traits<char>; _Alloc = std::allocator<char>; size_type = long long unsigned int]'
      C:/Users/Syf/Desktop/BS4/tools/msys64/msys64/mingw64/include/c++/16.2.0/bits/basic_string.h:1622:7:
       1622 |       append(size_type __n, _CharT __c)
            |       ^~~~~~
      • candidate expects 2 arguments, 1 provided
    • candidate 9: 'constexpr std::__cxx11::basic_string<_CharT, _Traits, _Alloc>& std::__cxx11::basic_string<_CharT, _Traits, _Alloc>::append(std::initializer_list<_Tp>) [with _CharT = char; _Traits = std::char_traits<char>; _Alloc = std::allocator<char>]'
      C:/Users/Syf/Desktop/BS4/tools/msys64/msys64/mingw64/include/c++/16.2.0/bits/basic_string.h:1685:7:
       1685 |       append(initializer_list<_CharT> __l)
            |       ^~~~~~
      • no known conversion for argument 1 from 'const char8_t [2]' to 'std::initializer_list<char>'
        C:/Users/Syf/Desktop/BS4/tools/msys64/msys64/mingw64/include/c++/16.2.0/bits/basic_string.h:1685:39:
         1685 |       append(initializer_list<_CharT> __l)
              |              ~~~~~~~~~~~~~~~~~~~~~~~~~^~~
../../gcc-15.2.0/libcody/client.cc:119:42: error: invalid conversion from 'const char8_t*' to 'size_t' {aka 'long long unsigned int'} [-fpermissive]
  119 |         return Packet (Client::PC_ERROR, u8"missing response");
      |                                          ^~~~~~~~~~~~~~~~~~~~
      |                                          |
      |                                          const char8_t*
../../gcc-15.2.0/libcody/cody.hh:255:30: note: initializing argument 2 of 'Cody::Packet::Packet(unsigned int, size_t)'
  255 |   Packet (unsigned c, size_t i = 0)
      |                       ~~~~~~~^~~~~
../../gcc-15.2.0/libcody/client.cc:123:16: error: no match for 'operator==' (operand types are '__gnu_cxx::__alloc_traits<std::allocator<std::__cxx11::basic_string<char> >, std::__cxx11::basic_string<char> >::value_type' {aka 'std::__cxx11::basic_string<char>'} and 'const char8_t [6]')
  123 |   if (words[0] == u8"ERROR")
  • there are 24 candidates
    • candidate 1: 'template<class _Up> constexpr bool std::operator==(const __new_allocator<char>&, const __new_allocator<_Tp>&)' (reversed)
      C:/Users/Syf/Desktop/BS4/tools/msys64/msys64/mingw64/include/c++/16.2.0/bits/new_allocator.h:227:9:
        227 |         operator==(const __new_allocator&, const __new_allocator<_Up>&)
            |         ^~~~~~~~
      • template argument deduction/substitution failed:
        •   '__gnu_cxx::__alloc_traits<std::allocator<std::__cxx11::basic_string<char> >, std::__cxx11::basic_string<char> >::value_type' {aka 'std::__cxx11::basic_string<char>'} is not derived from 'const std::__new_allocator<_Tp>'
          ../../gcc-15.2.0/libcody/client.cc:123:19:
            123 |   if (words[0] == u8"ERROR")
                |                   ^~~~~~~~~
    • candidate 2: 'template<class _T1, class _T2> constexpr bool std::operator==(const allocator<_Up>&, const allocator<_T2>&)' (reversed)
      C:/Users/Syf/Desktop/BS4/tools/msys64/msys64/mingw64/include/c++/16.2.0/bits/allocator.h:251:5:
        251 |     operator==(const allocator<_T1>&, const allocator<_T2>&)
            |     ^~~~~~~~
      • template argument deduction/substitution failed:
        •   mismatched types 'const std::allocator<_Up>' and 'const char8_t [6]'
          ../../gcc-15.2.0/libcody/client.cc:123:19:
            123 |   if (words[0] == u8"ERROR")
                |                   ^~~~~~~~~
In file included from C:/Users/Syf/Desktop/BS4/tools/msys64/msys64/mingw64/include/c++/16.2.0/bits/stl_tempbuf.h:62,
                 from C:/Users/Syf/Desktop/BS4/tools/msys64/msys64/mingw64/include/c++/16.2.0/memory:68:
    • candidate 3: 'template<class _T1, class _T2, class _U1, class _U2> constexpr bool std::operator==(const pair<_T1, _T2>&, const pair<_U1, _U2>&) requires requires{{std::operator==::__x->first == std::operator==::__y->first} -> decltype(auto) [requires std::__detail::__boolean_testable<<placeholder>, >];{std::operator==::__x->second == std::operator==::__y->second} -> decltype(auto) [requires std::__detail::__boolean_testable<<placeholder>, >];}' (reversed)
      C:/Users/Syf/Desktop/BS4/tools/msys64/msys64/mingw64/include/c++/16.2.0/bits/stl_pair.h:1034:5:
       1034 |     operator==(const pair<_T1, _T2>& __x, const pair<_U1, _U2>& __y)
            |     ^~~~~~~~
      • template argument deduction/substitution failed:
        •   mismatched types 'const std::pair<_T1, _T2>' and 'const char8_t [6]'
          ../../gcc-15.2.0/libcody/client.cc:123:19:
            123 |   if (words[0] == u8"ERROR")
                |                   ^~~~~~~~~
In file included from C:/Users/Syf/Desktop/BS4/tools/msys64/msys64/mingw64/include/c++/16.2.0/bits/stl_algobase.h:66,
                 from C:/Users/Syf/Desktop/BS4/tools/msys64/msys64/mingw64/include/c++/16.2.0/bits/stl_uninitialized.h:63,
                 from C:/Users/Syf/Desktop/BS4/tools/msys64/msys64/mingw64/include/c++/16.2.0/memory:71:
    • candidate 4: 'template<class _IteratorL, class _IteratorR> constexpr bool std::operator==(const reverse_iterator<_IteratorL>&, const reverse_iterator<_IteratorR>&) requires requires{{std::operator==::__x->base() == std::operator==::__y->base()} -> decltype(auto) [requires std::convertible_to<<placeholder>, bool>];}' (reversed)
      C:/Users/Syf/Desktop/BS4/tools/msys64/msys64/mingw64/include/c++/16.2.0/bits/stl_iterator.h:529:5:
        529 |     operator==(const reverse_iterator<_IteratorL>& __x,
            |     ^~~~~~~~
      • template argument deduction/substitution failed:
        •   mismatched types 'const std::reverse_iterator<_IteratorL>' and 'const char8_t [6]'
          ../../gcc-15.2.0/libcody/client.cc:123:19:
            123 |   if (words[0] == u8"ERROR")
                |                   ^~~~~~~~~
    • candidate 5: 'template<class _IteratorL, class _IteratorR> constexpr bool std::operator==(const move_iterator<_IteratorL>&, const move_iterator<_IteratorR>&) requires requires{{std::operator==::__x->base() == std::operator==::__y->base()} -> decltype(auto) [requires std::convertible_to<<placeholder>, bool>];}' (reversed)
      C:/Users/Syf/Desktop/BS4/tools/msys64/msys64/mingw64/include/c++/16.2.0/bits/stl_iterator.h:1675:5:
       1675 |     operator==(const move_iterator<_IteratorL>& __x,
            |     ^~~~~~~~
      • template argument deduction/substitution failed:
        •   mismatched types 'const std::move_iterator<_IteratorL>' and 'const char8_t [6]'
          ../../gcc-15.2.0/libcody/client.cc:123:19:
            123 |   if (words[0] == u8"ERROR")
                |                   ^~~~~~~~~
In file included from C:/Users/Syf/Desktop/BS4/tools/msys64/msys64/mingw64/include/c++/16.2.0/bits/unique_ptr.h:36:
    • candidate 6: 'template<class ... _Tps, class ... _Ups>  requires  sizeof ... (_Tps ...) == sizeof ... (_Ups ...) && ((requires(const _Tps& __t, const _Ups& __u) {{__t == __u} -> decltype(auto) [requires std::__detail::__boolean_testable<<placeholder>, >];} && ...)) constexpr bool std::operator==(const tuple<_UTypes ...>&, const tuple<_Elements ...>&)' (reversed)
      C:/Users/Syf/Desktop/BS4/tools/msys64/msys64/mingw64/include/c++/16.2.0/tuple:2589:5:
       2589 |     operator== [[nodiscard]] (const tuple<_Tps...>& __t,
            |     ^~~~~~~~
      • template argument deduction/substitution failed:
        •   mismatched types 'const std::tuple<_UTypes ...>' and 'const char8_t [6]'
          ../../gcc-15.2.0/libcody/client.cc:123:19:
            123 |   if (words[0] == u8"ERROR")
                |                   ^~~~~~~~~
In file included from C:/Users/Syf/Desktop/BS4/tools/msys64/msys64/mingw64/include/c++/16.2.0/bits/basic_string.h:51:
    • candidate 7: 'template<class _CharT, class _Traits> constexpr bool std::operator==(basic_string_view<_CharT, _Traits>, type_identity_t<basic_string_view<_CharT, _Traits> >)' (reversed)
      C:/Users/Syf/Desktop/BS4/tools/msys64/msys64/mingw64/include/c++/16.2.0/string_view:627:5:
        627 |     operator==(basic_string_view<_CharT, _Traits> __x,
            |     ^~~~~~~~
      • template argument deduction/substitution failed:
        •   mismatched types 'std::basic_string_view<_CharT, _Traits>' and 'const char8_t*'
          ../../gcc-15.2.0/libcody/client.cc:123:19:
            123 |   if (words[0] == u8"ERROR")
                |                   ^~~~~~~~~
    • candidate 8: 'template<class _CharT, class _Traits, class _Alloc> constexpr bool std::operator==(const __cxx11::basic_string<_CharT, _Traits, _Alloc>&, const _CharT*)' (reversed)
      C:/Users/Syf/Desktop/BS4/tools/msys64/msys64/mingw64/include/c++/16.2.0/bits/basic_string.h:4117:5:
       4117 |     operator==(const basic_string<_CharT, _Traits, _Alloc>& __lhs,
            |     ^~~~~~~~
      • template argument deduction/substitution failed:
        •   mismatched types 'const std::__cxx11::basic_string<_CharT, _Traits, _Alloc>' and 'const char8_t [6]'
          ../../gcc-15.2.0/libcody/client.cc:123:19:
            123 |   if (words[0] == u8"ERROR")
                |                   ^~~~~~~~~
    • candidate 9: 'template<class _Tp, class _Dp, class _Up, class _Ep> bool std::operator==(const unique_ptr<_Tp, _Dp>&, const unique_ptr<_Up, _Ep>&)' (reversed)
      C:/Users/Syf/Desktop/BS4/tools/msys64/msys64/mingw64/include/c++/16.2.0/bits/unique_ptr.h:866:5:
        866 |     operator==(const unique_ptr<_Tp, _Dp>& __x,
            |     ^~~~~~~~
      • template argument deduction/substitution failed:
        •   mismatched types 'const std::unique_ptr<_Tp, _Dp>' and 'const char8_t [6]'
          ../../gcc-15.2.0/libcody/client.cc:123:19:
            123 |   if (words[0] == u8"ERROR")
                |                   ^~~~~~~~~
    • candidate 10: 'template<class _Tp, class _Dp> bool std::operator==(const unique_ptr<_Tp, _Dp>&, nullptr_t)' (reversed)
      C:/Users/Syf/Desktop/BS4/tools/msys64/msys64/mingw64/include/c++/16.2.0/bits/unique_ptr.h:874:5:
        874 |     operator==(const unique_ptr<_Tp, _Dp>& __x, nullptr_t) noexcept
            |     ^~~~~~~~
      • template argument deduction/substitution failed:
        •   mismatched types 'const std::unique_ptr<_Tp, _Dp>' and 'const char8_t [6]'
          ../../gcc-15.2.0/libcody/client.cc:123:19:
            123 |   if (words[0] == u8"ERROR")
                |                   ^~~~~~~~~
In file included from C:/Users/Syf/Desktop/BS4/tools/msys64/msys64/mingw64/include/c++/16.2.0/bits/shared_ptr.h:53,
                 from C:/Users/Syf/Desktop/BS4/tools/msys64/msys64/mingw64/include/c++/16.2.0/memory:82:
    • candidate 11: 'template<class _Tp1, class _Tp2, __gnu_cxx::_Lock_policy _Lp> bool std::operator==(const __shared_ptr<_Tp1, _Lp>&, const __shared_ptr<_Tp2, _Lp>&)' (reversed)
      C:/Users/Syf/Desktop/BS4/tools/msys64/msys64/mingw64/include/c++/16.2.0/bits/shared_ptr_base.h:1897:5:
       1897 |     operator==(const __shared_ptr<_Tp1, _Lp>& __a,
            |     ^~~~~~~~
      • template argument deduction/substitution failed:
        •   mismatched types 'const std::__shared_ptr<_Tp1, _Lp>' and 'const char8_t [6]'
          ../../gcc-15.2.0/libcody/client.cc:123:19:
            123 |   if (words[0] == u8"ERROR")
                |                   ^~~~~~~~~
    • candidate 12: 'template<class _Tp, __gnu_cxx::_Lock_policy _Lp> bool std::operator==(const __shared_ptr<_Tp, _Lp>&, nullptr_t)' (reversed)
      C:/Users/Syf/Desktop/BS4/tools/msys64/msys64/mingw64/include/c++/16.2.0/bits/shared_ptr_base.h:1903:5:
       1903 |     operator==(const __shared_ptr<_Tp, _Lp>& __a, nullptr_t) noexcept
            |     ^~~~~~~~
      • template argument deduction/substitution failed:
        •   mismatched types 'const std::__shared_ptr<_Tp, _Lp>' and 'const char8_t [6]'
          ../../gcc-15.2.0/libcody/client.cc:123:19:
            123 |   if (words[0] == u8"ERROR")
                |                   ^~~~~~~~~
    • candidate 13: 'template<class _Tp, class _Up> bool std::operator==(const shared_ptr<_Tp>&, const shared_ptr<_Tp>&)' (reversed)
      C:/Users/Syf/Desktop/BS4/tools/msys64/msys64/mingw64/include/c++/16.2.0/bits/shared_ptr.h:554:5:
        554 |     operator==(const shared_ptr<_Tp>& __a, const shared_ptr<_Up>& __b) noexcept
            |     ^~~~~~~~
      • template argument deduction/substitution failed:
        •   mismatched types 'const std::shared_ptr<_Tp>' and 'const char8_t [6]'
          ../../gcc-15.2.0/libcody/client.cc:123:19:
            123 |   if (words[0] == u8"ERROR")
                |                   ^~~~~~~~~
    • candidate 14: 'template<class _Tp> bool std::operator==(const shared_ptr<_Tp>&, nullptr_t)' (reversed)
      C:/Users/Syf/Desktop/BS4/tools/msys64/msys64/mingw64/include/c++/16.2.0/bits/shared_ptr.h:560:5:
        560 |     operator==(const shared_ptr<_Tp>& __a, nullptr_t) noexcept
            |     ^~~~~~~~
      • template argument deduction/substitution failed:
        •   mismatched types 'const std::shared_ptr<_Tp>' and 'const char8_t [6]'
          ../../gcc-15.2.0/libcody/client.cc:123:19:
            123 |   if (words[0] == u8"ERROR")
                |                   ^~~~~~~~~
In file included from C:/Users/Syf/Desktop/BS4/tools/msys64/msys64/mingw64/include/c++/16.2.0/bits/ios_base.h:48:
    • candidate 15: 'bool std::operator==(const error_code&, const error_condition&)' (reversed)
      C:/Users/Syf/Desktop/BS4/tools/msys64/msys64/mingw64/include/c++/16.2.0/system_error:467:3:
        467 |   operator==(const error_code& __lhs, const error_condition& __rhs) noexcept
            |   ^~~~~~~~
      • no known conversion for argument 1 from 'const char8_t [6]' to 'const std::error_code&'
        C:/Users/Syf/Desktop/BS4/tools/msys64/msys64/mingw64/include/c++/16.2.0/system_error:467:32:
          467 |   operator==(const error_code& __lhs, const error_condition& __rhs) noexcept
              |              ~~~~~~~~~~~~~~~~~~^~~~~
    • candidate 16: 'template<class _Iterator> constexpr bool std::operator==(const reverse_iterator<_IteratorL>&, const reverse_iterator<_IteratorL>&) requires requires{{std::operator==::__x->base() == std::operator==::__y->base()} -> decltype(auto) [requires std::convertible_to<<placeholder>, bool>];}'
      C:/Users/Syf/Desktop/BS4/tools/msys64/msys64/mingw64/include/c++/16.2.0/bits/stl_iterator.h:588:5:
        588 |     operator==(const reverse_iterator<_Iterator>& __x,
            |     ^~~~~~~~
      • template argument deduction/substitution failed:
        •   '__gnu_cxx::__alloc_traits<std::allocator<std::__cxx11::basic_string<char> >, std::__cxx11::basic_string<char> >::value_type' {aka 'std::__cxx11::basic_string<char>'} is not derived from 'const std::reverse_iterator<_IteratorL>'
          ../../gcc-15.2.0/libcody/client.cc:123:19:
            123 |   if (words[0] == u8"ERROR")
                |                   ^~~~~~~~~
    • candidate 17: 'template<class _Iterator> constexpr bool std::operator==(const move_iterator<_IteratorL>&, const move_iterator<_IteratorL>&)'
      C:/Users/Syf/Desktop/BS4/tools/msys64/msys64/mingw64/include/c++/16.2.0/bits/stl_iterator.h:1745:5:
       1745 |     operator==(const move_iterator<_Iterator>& __x,
            |     ^~~~~~~~
      • template argument deduction/substitution failed:
        •   '__gnu_cxx::__alloc_traits<std::allocator<std::__cxx11::basic_string<char> >, std::__cxx11::basic_string<char> >::value_type' {aka 'std::__cxx11::basic_string<char>'} is not derived from 'const std::move_iterator<_IteratorL>'
          ../../gcc-15.2.0/libcody/client.cc:123:19:
            123 |   if (words[0] == u8"ERROR")
                |                   ^~~~~~~~~
In file included from C:/Users/Syf/Desktop/BS4/tools/msys64/msys64/mingw64/include/c++/16.2.0/iosfwd:44,
                 from C:/Users/Syf/Desktop/BS4/tools/msys64/msys64/mingw64/include/c++/16.2.0/ios:42:
    • candidate 18: 'template<class _StateT> bool std::operator==(const fpos<_StateT>&, const fpos<_StateT>&)'
      C:/Users/Syf/Desktop/BS4/tools/msys64/msys64/mingw64/include/c++/16.2.0/bits/postypes.h:197:5:
        197 |     operator==(const fpos<_StateT>& __lhs, const fpos<_StateT>& __rhs)
            |     ^~~~~~~~
      • template argument deduction/substitution failed:
        •   '__gnu_cxx::__alloc_traits<std::allocator<std::__cxx11::basic_string<char> >, std::__cxx11::basic_string<char> >::value_type' {aka 'std::__cxx11::basic_string<char>'} is not derived from 'const std::fpos<_StateT>'
          ../../gcc-15.2.0/libcody/client.cc:123:19:
            123 |   if (words[0] == u8"ERROR")
                |                   ^~~~~~~~~
    • candidate 19: 'template<class _CharT, class _Traits, class _Alloc> constexpr bool std::operator==(const __cxx11::basic_string<_CharT, _Traits, _Alloc>&, const __cxx11::basic_string<_CharT, _Traits, _Alloc>&)'
      C:/Users/Syf/Desktop/BS4/tools/msys64/msys64/mingw64/include/c++/16.2.0/bits/basic_string.h:4100:5:
       4100 |     operator==(const basic_string<_CharT, _Traits, _Alloc>& __lhs,
            |     ^~~~~~~~
      • template argument deduction/substitution failed:
        •   mismatched types 'const std::__cxx11::basic_string<_CharT, _Traits, _Alloc>' and 'const char8_t [6]'
          ../../gcc-15.2.0/libcody/client.cc:123:19:
            123 |   if (words[0] == u8"ERROR")
                |                   ^~~~~~~~~
In file included from C:/Users/Syf/Desktop/BS4/tools/msys64/msys64/mingw64/include/c++/16.2.0/bits/locale_facets.h:50,
                 from C:/Users/Syf/Desktop/BS4/tools/msys64/msys64/mingw64/include/c++/16.2.0/bits/basic_ios.h:40,
                 from C:/Users/Syf/Desktop/BS4/tools/msys64/msys64/mingw64/include/c++/16.2.0/ios:48:
    • candidate 20: 'template<class _CharT, class _Traits> bool std::operator==(const istreambuf_iterator<_CharT, _Traits>&, const istreambuf_iterator<_CharT, _Traits>&)'
      C:/Users/Syf/Desktop/BS4/tools/msys64/msys64/mingw64/include/c++/16.2.0/bits/streambuf_iterator.h:236:5:
        236 |     operator==(const istreambuf_iterator<_CharT, _Traits>& __a,
            |     ^~~~~~~~
      • template argument deduction/substitution failed:
        •   '__gnu_cxx::__alloc_traits<std::allocator<std::__cxx11::basic_string<char> >, std::__cxx11::basic_string<char> >::value_type' {aka 'std::__cxx11::basic_string<char>'} is not derived from 'const std::istreambuf_iterator<_CharT, _Traits>'
          ../../gcc-15.2.0/libcody/client.cc:123:19:
            123 |   if (words[0] == u8"ERROR")
                |                   ^~~~~~~~~
In file included from C:/Users/Syf/Desktop/BS4/tools/msys64/msys64/mingw64/include/c++/16.2.0/vector:68,
                 from ../../gcc-15.2.0/libcody/cody.hh:26:
    • candidate 21: 'template<class _Tp, class _Alloc> constexpr bool std::operator==(const vector<_Tp, _Alloc>&, const vector<_Tp, _Alloc>&)'
      C:/Users/Syf/Desktop/BS4/tools/msys64/msys64/mingw64/include/c++/16.2.0/bits/stl_vector.h:2333:5:
       2333 |     operator==(const vector<_Tp, _Alloc>& __x, const vector<_Tp, _Alloc>& __y)
            |     ^~~~~~~~
      • template argument deduction/substitution failed:
        •   '__gnu_cxx::__alloc_traits<std::allocator<std::__cxx11::basic_string<char> >, std::__cxx11::basic_string<char> >::value_type' {aka 'std::__cxx11::basic_string<char>'} is not derived from 'const std::vector<_Tp, _Alloc>'
          ../../gcc-15.2.0/libcody/client.cc:123:19:
            123 |   if (words[0] == u8"ERROR")
                |                   ^~~~~~~~~
    • candidate 22: 'constexpr bool std::operator==(const allocator<char>&, const allocator<char>&)'
      C:/Users/Syf/Desktop/BS4/tools/msys64/msys64/mingw64/include/c++/16.2.0/bits/allocator.h:230:7:
        230 |       operator==(const allocator&, const allocator&) _GLIBCXX_NOTHROW
            |       ^~~~~~~~
      • no known conversion for argument 1 from '__gnu_cxx::__alloc_traits<std::allocator<std::__cxx11::basic_string<char> >, std::__cxx11::basic_string<char> >::value_type' {aka 'std::__cxx11::basic_string<char>'} to 'const std::allocator<char>&'
        C:/Users/Syf/Desktop/BS4/tools/msys64/msys64/mingw64/include/c++/16.2.0/bits/allocator.h:230:18:
          230 |       operator==(const allocator&, const allocator&) _GLIBCXX_NOTHROW
              |                  ^~~~~~~~~~~~~~~~
    • candidate 23: 'bool std::operator==(const error_code&, const error_code&)'
      C:/Users/Syf/Desktop/BS4/tools/msys64/msys64/mingw64/include/c++/16.2.0/system_error:451:3:
        451 |   operator==(const error_code& __lhs, const error_code& __rhs) noexcept
            |   ^~~~~~~~
      • no known conversion for argument 1 from '__gnu_cxx::__alloc_traits<std::allocator<std::__cxx11::basic_string<char> >, std::__cxx11::basic_string<char> >::value_type' {aka 'std::__cxx11::basic_string<char>'} to 'const std::error_code&'
        C:/Users/Syf/Desktop/BS4/tools/msys64/msys64/mingw64/include/c++/16.2.0/system_error:451:32:
          451 |   operator==(const error_code& __lhs, const error_code& __rhs) noexcept
              |              ~~~~~~~~~~~~~~~~~~^~~~~
    • candidate 24: 'bool std::operator==(const error_condition&, const error_condition&)'
      C:/Users/Syf/Desktop/BS4/tools/msys64/msys64/mingw64/include/c++/16.2.0/system_error:482:3:
        482 |   operator==(const error_condition& __lhs,
            |   ^~~~~~~~
      • no known conversion for argument 1 from '__gnu_cxx::__alloc_traits<std::allocator<std::__cxx11::basic_string<char> >, std::__cxx11::basic_string<char> >::value_type' {aka 'std::__cxx11::basic_string<char>'} to 'const std::error_condition&'
        C:/Users/Syf/Desktop/BS4/tools/msys64/msys64/mingw64/include/c++/16.2.0/system_error:482:37:
          482 |   operator==(const error_condition& __lhs,
              |              ~~~~~~~~~~~~~~~~~~~~~~~^~~~~
../../gcc-15.2.0/libcody/client.cc:125:39: error: operands to '?:' have different types '__gnu_cxx::__alloc_traits<std::allocator<std::__cxx11::basic_string<char> >, std::__cxx11::basic_string<char> >::value_type' {aka 'std::__cxx11::basic_string<char>'} and 'const char8_t [25]'
  125 |                    words.size () == 2 ? words[1]: u8"malformed error response");
      |                    ~~~~~~~~~~~~~~~~~~~^~~~~~~~~~~~~~~~~~~~~~~~~~~~~~~~~~~~~~~~
../../gcc-15.2.0/libcody/client.cc:129:62: error: no matching function for call to 'std::__cxx11::basic_string<char>::basic_string(const char8_t [26])'
  129 |                    std::string (u8"unexpected extra response"));
      |                                                              ^
  • there are 17 candidates
    • candidate 1: 'template<class _Tp, class> constexpr std::__cxx11::basic_string<_CharT, _Traits, _Alloc>::basic_string(const _Tp&, const _Alloc&) [with <template-parameter-2-2> = _Tp; _CharT = char; _Traits = std::char_traits<char>; _Alloc = std::allocator<char>]'
      C:/Users/Syf/Desktop/BS4/tools/msys64/msys64/mingw64/include/c++/16.2.0/bits/basic_string.h:911:9:
        911 |         basic_string(const _Tp& __t, const _Alloc& __a = _Alloc())
            |         ^~~~~~~~~~~~
      • template argument deduction/substitution failed:
    • candidate 2: 'template<class _Tp, class> constexpr std::__cxx11::basic_string<_CharT, _Traits, _Alloc>::basic_string(const _Tp&, size_type, size_type, const _Alloc&) [with <template-parameter-2-2> = _Tp; _CharT = char; _Traits = std::char_traits<char>; _Alloc = std::allocator<char>]'
      C:/Users/Syf/Desktop/BS4/tools/msys64/msys64/mingw64/include/c++/16.2.0/bits/basic_string.h:899:9:
        899 |         basic_string(const _Tp& __t, size_type __pos, size_type __n,
            |         ^~~~~~~~~~~~
      • candidate expects 3 arguments, 1 provided
    • candidate 3: 'template<class _InputIterator, class> constexpr std::__cxx11::basic_string<_CharT, _Traits, _Alloc>::basic_string(_InputIterator, _InputIterator, const _Alloc&) [with <template-parameter-2-2> = _InputIterator; _CharT = char; _Traits = std::char_traits<char>; _Alloc = std::allocator<char>]'
      C:/Users/Syf/Desktop/BS4/tools/msys64/msys64/mingw64/include/c++/16.2.0/bits/basic_string.h:876:9:
        876 |         basic_string(_InputIterator __beg, _InputIterator __end,
            |         ^~~~~~~~~~~~
      • candidate expects 2 arguments, 1 provided
    • candidate 4: 'template<class> constexpr std::__cxx11::basic_string<_CharT, _Traits, _Alloc>::basic_string(size_type, _CharT, const _Alloc&) [with _CharT = char; _Traits = std::char_traits<char>; _Alloc = std::allocator<char>]'
      C:/Users/Syf/Desktop/BS4/tools/msys64/msys64/mingw64/include/c++/16.2.0/bits/basic_string.h:753:7:
        753 |       basic_string(size_type __n, _CharT __c, const _Alloc& __a = _Alloc())
            |       ^~~~~~~~~~~~
      • candidate expects 2 arguments, 1 provided
    • candidate 5: 'template<class> constexpr std::__cxx11::basic_string<_CharT, _Traits, _Alloc>::basic_string(const _CharT*, const _Alloc&) [with _CharT = char; _Traits = std::char_traits<char>; _Alloc = std::allocator<char>]'
      C:/Users/Syf/Desktop/BS4/tools/msys64/msys64/mingw64/include/c++/16.2.0/bits/basic_string.h:730:7:
        730 |       basic_string(const _CharT* __s, const _Alloc& __a = _Alloc())
            |       ^~~~~~~~~~~~
      • template argument deduction/substitution failed:
        •   cannot convert '"unexpected extra response"' (type 'const char8_t [26]') to type 'const char*'
          ../../gcc-15.2.0/libcody/client.cc:129:33:
            129 |                    std::string (u8"unexpected extra response"));
                |                                 ^~~~~~~~~~~~~~~~~~~~~~~~~~~~~
    • candidate 6: 'constexpr std::__cxx11::basic_string<_CharT, _Traits, _Alloc>::basic_string(std::__cxx11::basic_string<_CharT, _Traits, _Alloc>&&, const _Alloc&) [with _CharT = char; _Traits = std::char_traits<char>; _Alloc = std::allocator<char>]'
      C:/Users/Syf/Desktop/BS4/tools/msys64/msys64/mingw64/include/c++/16.2.0/bits/basic_string.h:832:7:
        832 |       basic_string(basic_string&& __str, const _Alloc& __a)
            |       ^~~~~~~~~~~~
      • candidate expects 2 arguments, 1 provided
    • candidate 7: 'constexpr std::__cxx11::basic_string<_CharT, _Traits, _Alloc>::basic_string(const std::__cxx11::basic_string<_CharT, _Traits, _Alloc>&, const _Alloc&) [with _CharT = char; _Traits = std::char_traits<char>; _Alloc = std::allocator<char>]'
      C:/Users/Syf/Desktop/BS4/tools/msys64/msys64/mingw64/include/c++/16.2.0/bits/basic_string.h:827:7:
        827 |       basic_string(const basic_string& __str, const _Alloc& __a)
            |       ^~~~~~~~~~~~
      • candidate expects 2 arguments, 1 provided
    • candidate 8: 'constexpr std::__cxx11::basic_string<_CharT, _Traits, _Alloc>::basic_string(std::initializer_list<_Tp>, const _Alloc&) [with _CharT = char; _Traits = std::char_traits<char>; _Alloc = std::allocator<char>]'
      C:/Users/Syf/Desktop/BS4/tools/msys64/msys64/mingw64/include/c++/16.2.0/bits/basic_string.h:822:7:
        822 |       basic_string(initializer_list<_CharT> __l, const _Alloc& __a = _Alloc())
            |       ^~~~~~~~~~~~
      • no known conversion for argument 1 from 'const char8_t [26]' to 'std::initializer_list<char>'
        C:/Users/Syf/Desktop/BS4/tools/msys64/msys64/mingw64/include/c++/16.2.0/bits/basic_string.h:822:45:
          822 |       basic_string(initializer_list<_CharT> __l, const _Alloc& __a = _Alloc())
              |                    ~~~~~~~~~~~~~~~~~~~~~~~~~^~~
    • candidate 9: 'constexpr std::__cxx11::basic_string<_CharT, _Traits, _Alloc>::basic_string(std::__cxx11::basic_string<_CharT, _Traits, _Alloc>&&) [with _CharT = char; _Traits = std::char_traits<char>; _Alloc = std::allocator<char>]'
      C:/Users/Syf/Desktop/BS4/tools/msys64/msys64/mingw64/include/c++/16.2.0/bits/basic_string.h:766:7:
        766 |       basic_string(basic_string&& __str) noexcept
            |       ^~~~~~~~~~~~
      • no known conversion for argument 1 from 'const char8_t [26]' to 'std::__cxx11::basic_string<char>&&'
        C:/Users/Syf/Desktop/BS4/tools/msys64/msys64/mingw64/include/c++/16.2.0/bits/basic_string.h:766:35:
          766 |       basic_string(basic_string&& __str) noexcept
              |                    ~~~~~~~~~~~~~~~^~~~~
    • candidate 10: 'constexpr std::__cxx11::basic_string<_CharT, _Traits, _Alloc>::basic_string(const _CharT*, size_type, const _Alloc&) [with _CharT = char; _Traits = std::char_traits<char>; _Alloc = std::allocator<char>; size_type = long long unsigned int]'
      C:/Users/Syf/Desktop/BS4/tools/msys64/msys64/mingw64/include/c++/16.2.0/bits/basic_string.h:708:7:
        708 |       basic_string(const _CharT* __s, size_type __n,
            |       ^~~~~~~~~~~~
      • candidate expects 3 arguments, 1 provided
    • candidate 11: 'constexpr std::__cxx11::basic_string<_CharT, _Traits, _Alloc>::basic_string(const std::__cxx11::basic_string<_CharT, _Traits, _Alloc>&, size_type, size_type, const _Alloc&) [with _CharT = char; _Traits = std::char_traits<char>; _Alloc = std::allocator<char>; size_type = long long unsigned int]'
      C:/Users/Syf/Desktop/BS4/tools/msys64/msys64/mingw64/include/c++/16.2.0/bits/basic_string.h:668:7:
        668 |       basic_string(const basic_string& __str, size_type __pos,
            |       ^~~~~~~~~~~~
      • candidate expects 4 arguments, 1 provided
    • candidate 12: 'constexpr std::__cxx11::basic_string<_CharT, _Traits, _Alloc>::basic_string(const std::__cxx11::basic_string<_CharT, _Traits, _Alloc>&, size_type, size_type) [with _CharT = char; _Traits = std::char_traits<char>; _Alloc = std::allocator<char>; size_type = long long unsigned int]'
      C:/Users/Syf/Desktop/BS4/tools/msys64/msys64/mingw64/include/c++/16.2.0/bits/basic_string.h:650:7:
        650 |       basic_string(const basic_string& __str, size_type __pos,
            |       ^~~~~~~~~~~~
      • candidate expects 3 arguments, 1 provided
    • candidate 13: 'constexpr std::__cxx11::basic_string<_CharT, _Traits, _Alloc>::basic_string(const std::__cxx11::basic_string<_CharT, _Traits, _Alloc>&, size_type, const _Alloc&) [with _CharT = char; _Traits = std::char_traits<char>; _Alloc = std::allocator<char>; size_type = long long unsigned int]'
      C:/Users/Syf/Desktop/BS4/tools/msys64/msys64/mingw64/include/c++/16.2.0/bits/basic_string.h:633:7:
        633 |       basic_string(const basic_string& __str, size_type __pos,
            |       ^~~~~~~~~~~~
      • candidate expects 3 arguments, 1 provided
    • candidate 14: 'constexpr std::__cxx11::basic_string<_CharT, _Traits, _Alloc>::basic_string(const std::__cxx11::basic_string<_CharT, _Traits, _Alloc>&) [with _CharT = char; _Traits = std::char_traits<char>; _Alloc = std::allocator<char>]'
      C:/Users/Syf/Desktop/BS4/tools/msys64/msys64/mingw64/include/c++/16.2.0/bits/basic_string.h:617:7:
        617 |       basic_string(const basic_string& __str)
            |       ^~~~~~~~~~~~
      • no known conversion for argument 1 from 'const char8_t [26]' to 'const std::__cxx11::basic_string<char>&'
        C:/Users/Syf/Desktop/BS4/tools/msys64/msys64/mingw64/include/c++/16.2.0/bits/basic_string.h:617:40:
          617 |       basic_string(const basic_string& __str)
              |                    ~~~~~~~~~~~~~~~~~~~~^~~~~
    • candidate 15: 'constexpr std::__cxx11::basic_string<_CharT, _Traits, _Alloc>::basic_string(const _Alloc&) [with _CharT = char; _Traits = std::char_traits<char>; _Alloc = std::allocator<char>]'
      C:/Users/Syf/Desktop/BS4/tools/msys64/msys64/mingw64/include/c++/16.2.0/bits/basic_string.h:605:7:
        605 |       basic_string(const _Alloc& __a) _GLIBCXX_NOEXCEPT
            |       ^~~~~~~~~~~~
      • no known conversion for argument 1 from 'const char8_t [26]' to 'const std::allocator<char>&'
        C:/Users/Syf/Desktop/BS4/tools/msys64/msys64/mingw64/include/c++/16.2.0/bits/basic_string.h:605:34:
          605 |       basic_string(const _Alloc& __a) _GLIBCXX_NOEXCEPT
              |                    ~~~~~~~~~~~~~~^~~
    • candidate 16: 'constexpr std::__cxx11::basic_string<_CharT, _Traits, _Alloc>::basic_string() requires  is_default_constructible_v<_Alloc> [with _CharT = char; _Traits = std::char_traits<char>; _Alloc = std::allocator<char>]'
      C:/Users/Syf/Desktop/BS4/tools/msys64/msys64/mingw64/include/c++/16.2.0/bits/basic_string.h:589:7:
        589 |       basic_string()
            |       ^~~~~~~~~~~~
      • candidate expects 0 arguments, 1 provided
    • candidate 17: 'constexpr std::__cxx11::basic_string<_CharT, _Traits, _Alloc>::basic_string(__sv_wrapper, const _Alloc&) [with _CharT = char; _Traits = std::char_traits<char>; _Alloc = std::allocator<char>]'
      C:/Users/Syf/Desktop/BS4/tools/msys64/msys64/mingw64/include/c++/16.2.0/bits/basic_string.h:191:7:
        191 |       basic_string(__sv_wrapper __svw, const _Alloc& __a)
            |       ^~~~~~~~~~~~
      • candidate expects 2 arguments, 1 provided
../../gcc-15.2.0/libcody/client.cc:136:48: error: no matching function for call to 'std::__cxx11::basic_string<char>::basic_string(<brace-enclosed initializer list>)'
  136 |       std::string msg {u8"malformed response '"};
      |                                                ^
  • there are 17 candidates
    • candidate 1: 'constexpr std::__cxx11::basic_string<_CharT, _Traits, _Alloc>::basic_string(std::initializer_list<_Tp>, const _Alloc&) [with _CharT = char; _Traits = std::char_traits<char>; _Alloc = std::allocator<char>]' (near match)
      C:/Users/Syf/Desktop/BS4/tools/msys64/msys64/mingw64/include/c++/16.2.0/bits/basic_string.h:822:7:
        822 |       basic_string(initializer_list<_CharT> __l, const _Alloc& __a = _Alloc())
            |       ^~~~~~~~~~~~
      • conversion of argument 1 would be ill-formed:
      • error: invalid conversion from 'const char8_t*' to 'char' [-fpermissive]
        ../../gcc-15.2.0/libcody/client.cc:136:24:
          136 |       std::string msg {u8"malformed response '"};
              |                        ^~~~~~~~~~~~~~~~~~~~~~~~
              |                        |
              |                        const char8_t*
    • candidate 2: 'template<class _Tp, class> constexpr std::__cxx11::basic_string<_CharT, _Traits, _Alloc>::basic_string(const _Tp&, const _Alloc&) [with <template-parameter-2-2> = _Tp; _CharT = char; _Traits = std::char_traits<char>; _Alloc = std::allocator<char>]'
      C:/Users/Syf/Desktop/BS4/tools/msys64/msys64/mingw64/include/c++/16.2.0/bits/basic_string.h:911:9:
        911 |         basic_string(const _Tp& __t, const _Alloc& __a = _Alloc())
            |         ^~~~~~~~~~~~
      • template argument deduction/substitution failed:
    • candidate 3: 'template<class _Tp, class> constexpr std::__cxx11::basic_string<_CharT, _Traits, _Alloc>::basic_string(const _Tp&, size_type, size_type, const _Alloc&) [with <template-parameter-2-2> = _Tp; _CharT = char; _Traits = std::char_traits<char>; _Alloc = std::allocator<char>]'
      C:/Users/Syf/Desktop/BS4/tools/msys64/msys64/mingw64/include/c++/16.2.0/bits/basic_string.h:899:9:
        899 |         basic_string(const _Tp& __t, size_type __pos, size_type __n,
            |         ^~~~~~~~~~~~
      • candidate expects 3 arguments, 1 provided
    • candidate 4: 'template<class _InputIterator, class> constexpr std::__cxx11::basic_string<_CharT, _Traits, _Alloc>::basic_string(_InputIterator, _InputIterator, const _Alloc&) [with <template-parameter-2-2> = _InputIterator; _CharT = char; _Traits = std::char_traits<char>; _Alloc = std::allocator<char>]'
      C:/Users/Syf/Desktop/BS4/tools/msys64/msys64/mingw64/include/c++/16.2.0/bits/basic_string.h:876:9:
        876 |         basic_string(_InputIterator __beg, _InputIterator __end,
            |         ^~~~~~~~~~~~
      • candidate expects 2 arguments, 1 provided
    • candidate 5: 'template<class> constexpr std::__cxx11::basic_string<_CharT, _Traits, _Alloc>::basic_string(size_type, _CharT, const _Alloc&) [with _CharT = char; _Traits = std::char_traits<char>; _Alloc = std::allocator<char>]'
      C:/Users/Syf/Desktop/BS4/tools/msys64/msys64/mingw64/include/c++/16.2.0/bits/basic_string.h:753:7:
        753 |       basic_string(size_type __n, _CharT __c, const _Alloc& __a = _Alloc())
            |       ^~~~~~~~~~~~
      • candidate expects 2 arguments, 1 provided
    • candidate 6: 'template<class> constexpr std::__cxx11::basic_string<_CharT, _Traits, _Alloc>::basic_string(const _CharT*, const _Alloc&) [with _CharT = char; _Traits = std::char_traits<char>; _Alloc = std::allocator<char>]'
      C:/Users/Syf/Desktop/BS4/tools/msys64/msys64/mingw64/include/c++/16.2.0/bits/basic_string.h:730:7:
        730 |       basic_string(const _CharT* __s, const _Alloc& __a = _Alloc())
            |       ^~~~~~~~~~~~
      • template argument deduction/substitution failed:
        •   cannot convert '"malformed response \'"' (type 'const char8_t [21]') to type 'const char*'
          ../../gcc-15.2.0/libcody/client.cc:136:24:
            136 |       std::string msg {u8"malformed response '"};
                |                        ^~~~~~~~~~~~~~~~~~~~~~~~
    • candidate 7: 'constexpr std::__cxx11::basic_string<_CharT, _Traits, _Alloc>::basic_string(std::__cxx11::basic_string<_CharT, _Traits, _Alloc>&&, const _Alloc&) [with _CharT = char; _Traits = std::char_traits<char>; _Alloc = std::allocator<char>]'
      C:/Users/Syf/Desktop/BS4/tools/msys64/msys64/mingw64/include/c++/16.2.0/bits/basic_string.h:832:7:
        832 |       basic_string(basic_string&& __str, const _Alloc& __a)
            |       ^~~~~~~~~~~~
      • candidate expects 2 arguments, 1 provided
    • candidate 8: 'constexpr std::__cxx11::basic_string<_CharT, _Traits, _Alloc>::basic_string(const std::__cxx11::basic_string<_CharT, _Traits, _Alloc>&, const _Alloc&) [with _CharT = char; _Traits = std::char_traits<char>; _Alloc = std::allocator<char>]'
      C:/Users/Syf/Desktop/BS4/tools/msys64/msys64/mingw64/include/c++/16.2.0/bits/basic_string.h:827:7:
        827 |       basic_string(const basic_string& __str, const _Alloc& __a)
            |       ^~~~~~~~~~~~
      • candidate expects 2 arguments, 1 provided
    • candidate 9: 'constexpr std::__cxx11::basic_string<_CharT, _Traits, _Alloc>::basic_string(std::__cxx11::basic_string<_CharT, _Traits, _Alloc>&&) [with _CharT = char; _Traits = std::char_traits<char>; _Alloc = std::allocator<char>]'
      C:/Users/Syf/Desktop/BS4/tools/msys64/msys64/mingw64/include/c++/16.2.0/bits/basic_string.h:766:7:
        766 |       basic_string(basic_string&& __str) noexcept
            |       ^~~~~~~~~~~~
      • no known conversion for argument 1 from 'const char8_t [21]' to 'std::__cxx11::basic_string<char>&&'
        C:/Users/Syf/Desktop/BS4/tools/msys64/msys64/mingw64/include/c++/16.2.0/bits/basic_string.h:766:35:
          766 |       basic_string(basic_string&& __str) noexcept
              |                    ~~~~~~~~~~~~~~~^~~~~
    • candidate 10: 'constexpr std::__cxx11::basic_string<_CharT, _Traits, _Alloc>::basic_string(const _CharT*, size_type, const _Alloc&) [with _CharT = char; _Traits = std::char_traits<char>; _Alloc = std::allocator<char>; size_type = long long unsigned int]'
      C:/Users/Syf/Desktop/BS4/tools/msys64/msys64/mingw64/include/c++/16.2.0/bits/basic_string.h:708:7:
        708 |       basic_string(const _CharT* __s, size_type __n,
            |       ^~~~~~~~~~~~
      • candidate expects 3 arguments, 1 provided
    • candidate 11: 'constexpr std::__cxx11::basic_string<_CharT, _Traits, _Alloc>::basic_string(const std::__cxx11::basic_string<_CharT, _Traits, _Alloc>&, size_type, size_type, const _Alloc&) [with _CharT = char; _Traits = std::char_traits<char>; _Alloc = std::allocator<char>; size_type = long long unsigned int]'
      C:/Users/Syf/Desktop/BS4/tools/msys64/msys64/mingw64/include/c++/16.2.0/bits/basic_string.h:668:7:
        668 |       basic_string(const basic_string& __str, size_type __pos,
            |       ^~~~~~~~~~~~
      • candidate expects 4 arguments, 1 provided
    • candidate 12: 'constexpr std::__cxx11::basic_string<_CharT, _Traits, _Alloc>::basic_string(const std::__cxx11::basic_string<_CharT, _Traits, _Alloc>&, size_type, size_type) [with _CharT = char; _Traits = std::char_traits<char>; _Alloc = std::allocator<char>; size_type = long long unsigned int]'
      C:/Users/Syf/Desktop/BS4/tools/msys64/msys64/mingw64/include/c++/16.2.0/bits/basic_string.h:650:7:
        650 |       basic_string(const basic_string& __str, size_type __pos,
            |       ^~~~~~~~~~~~
      • candidate expects 3 arguments, 1 provided
    • candidate 13: 'constexpr std::__cxx11::basic_string<_CharT, _Traits, _Alloc>::basic_string(const std::__cxx11::basic_string<_CharT, _Traits, _Alloc>&, size_type, const _Alloc&) [with _CharT = char; _Traits = std::char_traits<char>; _Alloc = std::allocator<char>; size_type = long long unsigned int]'
      C:/Users/Syf/Desktop/BS4/tools/msys64/msys64/mingw64/include/c++/16.2.0/bits/basic_string.h:633:7:
        633 |       basic_string(const basic_string& __str, size_type __pos,
            |       ^~~~~~~~~~~~
      • candidate expects 3 arguments, 1 provided
    • candidate 14: 'constexpr std::__cxx11::basic_string<_CharT, _Traits, _Alloc>::basic_string(const std::__cxx11::basic_string<_CharT, _Traits, _Alloc>&) [with _CharT = char; _Traits = std::char_traits<char>; _Alloc = std::allocator<char>]'
      C:/Users/Syf/Desktop/BS4/tools/msys64/msys64/mingw64/include/c++/16.2.0/bits/basic_string.h:617:7:
        617 |       basic_string(const basic_string& __str)
            |       ^~~~~~~~~~~~
      • no known conversion for argument 1 from 'const char8_t [21]' to 'const std::__cxx11::basic_string<char>&'
        C:/Users/Syf/Desktop/BS4/tools/msys64/msys64/mingw64/include/c++/16.2.0/bits/basic_string.h:617:40:
          617 |       basic_string(const basic_string& __str)
              |                    ~~~~~~~~~~~~~~~~~~~~^~~~~
    • candidate 15: 'constexpr std::__cxx11::basic_string<_CharT, _Traits, _Alloc>::basic_string(const _Alloc&) [with _CharT = char; _Traits = std::char_traits<char>; _Alloc = std::allocator<char>]'
      C:/Users/Syf/Desktop/BS4/tools/msys64/msys64/mingw64/include/c++/16.2.0/bits/basic_string.h:605:7:
        605 |       basic_string(const _Alloc& __a) _GLIBCXX_NOEXCEPT
            |       ^~~~~~~~~~~~
      • no known conversion for argument 1 from 'const char8_t [21]' to 'const std::allocator<char>&'
        C:/Users/Syf/Desktop/BS4/tools/msys64/msys64/mingw64/include/c++/16.2.0/bits/basic_string.h:605:34:
          605 |       basic_string(const _Alloc& __a) _GLIBCXX_NOEXCEPT
              |                    ~~~~~~~~~~~~~~^~~
    • candidate 16: 'constexpr std::__cxx11::basic_string<_CharT, _Traits, _Alloc>::basic_string() requires  is_default_constructible_v<_Alloc> [with _CharT = char; _Traits = std::char_traits<char>; _Alloc = std::allocator<char>]'
      C:/Users/Syf/Desktop/BS4/tools/msys64/msys64/mingw64/include/c++/16.2.0/bits/basic_string.h:589:7:
        589 |       basic_string()
            |       ^~~~~~~~~~~~
      • candidate expects 0 arguments, 1 provided
    • candidate 17: 'constexpr std::__cxx11::basic_string<_CharT, _Traits, _Alloc>::basic_string(__sv_wrapper, const _Alloc&) [with _CharT = char; _Traits = std::char_traits<char>; _Alloc = std::allocator<char>]'
      C:/Users/Syf/Desktop/BS4/tools/msys64/msys64/mingw64/include/c++/16.2.0/bits/basic_string.h:191:7:
        191 |       basic_string(__sv_wrapper __svw, const _Alloc& __a)
            |       ^~~~~~~~~~~~
      • candidate expects 2 arguments, 1 provided
../../gcc-15.2.0/libcody/client.cc:139:18: error: no matching function for call to 'std::__cxx11::basic_string<char>::append(const char8_t [2])'
  139 |       msg.append (u8"'");
      |       ~~~~~~~~~~~^~~~~~~
  • there are 9 candidates
    • candidate 1: 'constexpr std::__cxx11::basic_string<_CharT, _Traits, _Alloc>& std::__cxx11::basic_string<_CharT, _Traits, _Alloc>::append(const _CharT*) [with _CharT = char; _Traits = std::char_traits<char>; _Alloc = std::allocator<char>]' (near match)
      C:/Users/Syf/Desktop/BS4/tools/msys64/msys64/mingw64/include/c++/16.2.0/bits/basic_string.h:1604:7:
       1604 |       append(const _CharT* __s)
            |       ^~~~~~
      • conversion of argument 1 would be ill-formed:
      • error: invalid conversion from 'const char8_t*' to 'const char*' [-fpermissive]
        ../../gcc-15.2.0/libcody/client.cc:139:19:
          139 |       msg.append (u8"'");
              |                   ^~~~~
              |                   |
              |                   const char8_t*
    • candidate 2: 'template<class _InputIterator, class> constexpr std::__cxx11::basic_string<_CharT, _Traits, _Alloc>& std::__cxx11::basic_string<_CharT, _Traits, _Alloc>::append(_InputIterator, _InputIterator) [with <template-parameter-2-2> = _InputIterator; _CharT = char; _Traits = std::char_traits<char>; _Alloc = std::allocator<char>]'
      C:/Users/Syf/Desktop/BS4/tools/msys64/msys64/mingw64/include/c++/16.2.0/bits/basic_string.h:1705:9:
       1705 |         append(_InputIterator __first, _InputIterator __last)
            |         ^~~~~~
      • candidate expects 2 arguments, 1 provided
    • candidate 3: 'template<class _Tp> constexpr std::__cxx11::basic_string<_CharT, _Traits, _Alloc>::_If_sv<_Tp, std::__cxx11::basic_string<_CharT, _Traits, _Alloc>&> std::__cxx11::basic_string<_CharT, _Traits, _Alloc>::append(const _Tp&) [with _CharT = char; _Traits = std::char_traits<char>; _Alloc = std::allocator<char>]'
      C:/Users/Syf/Desktop/BS4/tools/msys64/msys64/mingw64/include/c++/16.2.0/bits/basic_string.h:1717:9:
       1717 |         append(const _Tp& __svt)
            |         ^~~~~~
      • template argument deduction/substitution failed:
    • candidate 4: 'template<class _Tp> constexpr std::__cxx11::basic_string<_CharT, _Traits, _Alloc>::_If_sv<_Tp, std::__cxx11::basic_string<_CharT, _Traits, _Alloc>&> std::__cxx11::basic_string<_CharT, _Traits, _Alloc>::append(const _Tp&, size_type, size_type) [with _CharT = char; _Traits = std::char_traits<char>; _Alloc = std::allocator<char>]'
      C:/Users/Syf/Desktop/BS4/tools/msys64/msys64/mingw64/include/c++/16.2.0/bits/basic_string.h:1733:9:
       1733 |         append(const _Tp& __svt, size_type __pos, size_type __n = npos)
            |         ^~~~~~
      • candidate expects 2 arguments, 1 provided
    • candidate 5: 'constexpr std::__cxx11::basic_string<_CharT, _Traits, _Alloc>& std::__cxx11::basic_string<_CharT, _Traits, _Alloc>::append(const std::__cxx11::basic_string<_CharT, _Traits, _Alloc>&) [with _CharT = char; _Traits = std::char_traits<char>; _Alloc = std::allocator<char>]'
      C:/Users/Syf/Desktop/BS4/tools/msys64/msys64/mingw64/include/c++/16.2.0/bits/basic_string.h:1559:7:
       1559 |       append(const basic_string& __str)
            |       ^~~~~~
      • no known conversion for argument 1 from 'const char8_t [2]' to 'const std::__cxx11::basic_string<char>&'
        C:/Users/Syf/Desktop/BS4/tools/msys64/msys64/mingw64/include/c++/16.2.0/bits/basic_string.h:1559:34:
         1559 |       append(const basic_string& __str)
              |              ~~~~~~~~~~~~~~~~~~~~^~~~~
    • candidate 6: 'constexpr std::__cxx11::basic_string<_CharT, _Traits, _Alloc>& std::__cxx11::basic_string<_CharT, _Traits, _Alloc>::append(const std::__cxx11::basic_string<_CharT, _Traits, _Alloc>&, size_type, size_type) [with _CharT = char; _Traits = std::char_traits<char>; _Alloc = std::allocator<char>; size_type = long long unsigned int]'
      C:/Users/Syf/Desktop/BS4/tools/msys64/msys64/mingw64/include/c++/16.2.0/bits/basic_string.h:1577:7:
       1577 |       append(const basic_string& __str, size_type __pos, size_type __n = npos)
            |       ^~~~~~
      • candidate expects 3 arguments, 1 provided
    • candidate 7: 'constexpr std::__cxx11::basic_string<_CharT, _Traits, _Alloc>& std::__cxx11::basic_string<_CharT, _Traits, _Alloc>::append(const _CharT*, size_type) [with _CharT = char; _Traits = std::char_traits<char>; _Alloc = std::allocator<char>; size_type = long long unsigned int]'
      C:/Users/Syf/Desktop/BS4/tools/msys64/msys64/mingw64/include/c++/16.2.0/bits/basic_string.h:1590:7:
       1590 |       append(const _CharT* __s, size_type __n)
            |       ^~~~~~
      • candidate expects 2 arguments, 1 provided
    • candidate 8: 'constexpr std::__cxx11::basic_string<_CharT, _Traits, _Alloc>& std::__cxx11::basic_string<_CharT, _Traits, _Alloc>::append(size_type, _CharT) [with _CharT = char; _Traits = std::char_traits<char>; _Alloc = std::allocator<char>; size_type = long long unsigned int]'
      C:/Users/Syf/Desktop/BS4/tools/msys64/msys64/mingw64/include/c++/16.2.0/bits/basic_string.h:1622:7:
       1622 |       append(size_type __n, _CharT __c)
            |       ^~~~~~
      • candidate expects 2 arguments, 1 provided
    • candidate 9: 'constexpr std::__cxx11::basic_string<_CharT, _Traits, _Alloc>& std::__cxx11::basic_string<_CharT, _Traits, _Alloc>::append(std::initializer_list<_Tp>) [with _CharT = char; _Traits = std::char_traits<char>; _Alloc = std::allocator<char>]'
      C:/Users/Syf/Desktop/BS4/tools/msys64/msys64/mingw64/include/c++/16.2.0/bits/basic_string.h:1685:7:
       1685 |       append(initializer_list<_CharT> __l)
            |       ^~~~~~
      • no known conversion for argument 1 from 'const char8_t [2]' to 'std::initializer_list<char>'
        C:/Users/Syf/Desktop/BS4/tools/msys64/msys64/mingw64/include/c++/16.2.0/bits/basic_string.h:1685:39:
         1685 |       append(initializer_list<_CharT> __l)
              |              ~~~~~~~~~~~~~~~~~~~~~~~~~^~~
../../gcc-15.2.0/libcody/client.cc: In member function 'Cody::Packet Cody::Client::Connect(const char*, const char*, size_t, size_t)':
../../gcc-15.2.0/libcody/client.cc:202:21: error: invalid conversion from 'const char8_t*' to 'const char*' [-fpermissive]
  202 |   write.AppendWord (u8"HELLO");
      |                     ^~~~~~~~~
      |                     |
      |                     const char8_t*
../../gcc-15.2.0/libcody/cody.hh:119:32: note: initializing argument 1 of 'void Cody::Detail::MessageBuffer::AppendWord(const char*, bool, size_t)'
  119 |   void AppendWord (char const *str, bool maybe_quote = false,
      |                    ~~~~~~~~~~~~^~~
../../gcc-15.2.0/libcody/client.cc: In function 'Cody::Packet Cody::ConnectResponse(std::vector<std::__cxx11::basic_string<char> >&)':
../../gcc-15.2.0/libcody/client.cc:214:16: error: no match for 'operator==' (operand types are '__gnu_cxx::__alloc_traits<std::allocator<std::__cxx11::basic_string<char> >, std::__cxx11::basic_string<char> >::value_type' {aka 'std::__cxx11::basic_string<char>'} and 'const char8_t [6]')
  214 |   if (words[0] == u8"HELLO" && (words.size () == 3 || words.size () == 4))
  • there are 24 candidates
    • candidate 1: 'template<class _Up> constexpr bool std::operator==(const __new_allocator<char>&, const __new_allocator<_Tp>&)' (reversed)
      C:/Users/Syf/Desktop/BS4/tools/msys64/msys64/mingw64/include/c++/16.2.0/bits/new_allocator.h:227:9:
        227 |         operator==(const __new_allocator&, const __new_allocator<_Up>&)
            |         ^~~~~~~~
      • template argument deduction/substitution failed:
        •   '__gnu_cxx::__alloc_traits<std::allocator<std::__cxx11::basic_string<char> >, std::__cxx11::basic_string<char> >::value_type' {aka 'std::__cxx11::basic_string<char>'} is not derived from 'const std::__new_allocator<_Tp>'
          ../../gcc-15.2.0/libcody/client.cc:214:19:
            214 |   if (words[0] == u8"HELLO" && (words.size () == 3 || words.size () == 4))
                |                   ^~~~~~~~~
    • candidate 2: 'template<class _T1, class _T2> constexpr bool std::operator==(const allocator<_Up>&, const allocator<_T2>&)' (reversed)
      C:/Users/Syf/Desktop/BS4/tools/msys64/msys64/mingw64/include/c++/16.2.0/bits/allocator.h:251:5:
        251 |     operator==(const allocator<_T1>&, const allocator<_T2>&)
            |     ^~~~~~~~
      • template argument deduction/substitution failed:
        •   mismatched types 'const std::allocator<_Up>' and 'const char8_t [6]'
          ../../gcc-15.2.0/libcody/client.cc:214:19:
            214 |   if (words[0] == u8"HELLO" && (words.size () == 3 || words.size () == 4))
                |                   ^~~~~~~~~
    • candidate 3: 'template<class _T1, class _T2, class _U1, class _U2> constexpr bool std::operator==(const pair<_T1, _T2>&, const pair<_U1, _U2>&) requires requires{{std::operator==::__x->first == std::operator==::__y->first} -> decltype(auto) [requires std::__detail::__boolean_testable<<placeholder>, >];{std::operator==::__x->second == std::operator==::__y->second} -> decltype(auto) [requires std::__detail::__boolean_testable<<placeholder>, >];}' (reversed)
      C:/Users/Syf/Desktop/BS4/tools/msys64/msys64/mingw64/include/c++/16.2.0/bits/stl_pair.h:1034:5:
       1034 |     operator==(const pair<_T1, _T2>& __x, const pair<_U1, _U2>& __y)
            |     ^~~~~~~~
      • template argument deduction/substitution failed:
        •   mismatched types 'const std::pair<_T1, _T2>' and 'const char8_t [6]'
          ../../gcc-15.2.0/libcody/client.cc:214:19:
            214 |   if (words[0] == u8"HELLO" && (words.size () == 3 || words.size () == 4))
                |                   ^~~~~~~~~
    • candidate 4: 'template<class _IteratorL, class _IteratorR> constexpr bool std::operator==(const reverse_iterator<_IteratorL>&, const reverse_iterator<_IteratorR>&) requires requires{{std::operator==::__x->base() == std::operator==::__y->base()} -> decltype(auto) [requires std::convertible_to<<placeholder>, bool>];}' (reversed)
      C:/Users/Syf/Desktop/BS4/tools/msys64/msys64/mingw64/include/c++/16.2.0/bits/stl_iterator.h:529:5:
        529 |     operator==(const reverse_iterator<_IteratorL>& __x,
            |     ^~~~~~~~
      • template argument deduction/substitution failed:
        •   mismatched types 'const std::reverse_iterator<_IteratorL>' and 'const char8_t [6]'
          ../../gcc-15.2.0/libcody/client.cc:214:19:
            214 |   if (words[0] == u8"HELLO" && (words.size () == 3 || words.size () == 4))
                |                   ^~~~~~~~~
    • candidate 5: 'template<class _IteratorL, class _IteratorR> constexpr bool std::operator==(const move_iterator<_IteratorL>&, const move_iterator<_IteratorR>&) requires requires{{std::operator==::__x->base() == std::operator==::__y->base()} -> decltype(auto) [requires std::convertible_to<<placeholder>, bool>];}' (reversed)
      C:/Users/Syf/Desktop/BS4/tools/msys64/msys64/mingw64/include/c++/16.2.0/bits/stl_iterator.h:1675:5:
       1675 |     operator==(const move_iterator<_IteratorL>& __x,
            |     ^~~~~~~~
      • template argument deduction/substitution failed:
        •   mismatched types 'const std::move_iterator<_IteratorL>' and 'const char8_t [6]'
          ../../gcc-15.2.0/libcody/client.cc:214:19:
            214 |   if (words[0] == u8"HELLO" && (words.size () == 3 || words.size () == 4))
                |                   ^~~~~~~~~
    • candidate 6: 'template<class ... _Tps, class ... _Ups>  requires  sizeof ... (_Tps ...) == sizeof ... (_Ups ...) && ((requires(const _Tps& __t, const _Ups& __u) {{__t == __u} -> decltype(auto) [requires std::__detail::__boolean_testable<<placeholder>, >];} && ...)) constexpr bool std::operator==(const tuple<_UTypes ...>&, const tuple<_Elements ...>&)' (reversed)
      C:/Users/Syf/Desktop/BS4/tools/msys64/msys64/mingw64/include/c++/16.2.0/tuple:2589:5:
       2589 |     operator== [[nodiscard]] (const tuple<_Tps...>& __t,
            |     ^~~~~~~~
      • template argument deduction/substitution failed:
        •   mismatched types 'const std::tuple<_UTypes ...>' and 'const char8_t [6]'
          ../../gcc-15.2.0/libcody/client.cc:214:19:
            214 |   if (words[0] == u8"HELLO" && (words.size () == 3 || words.size () == 4))
                |                   ^~~~~~~~~
    • candidate 7: 'template<class _CharT, class _Traits> constexpr bool std::operator==(basic_string_view<_CharT, _Traits>, type_identity_t<basic_string_view<_CharT, _Traits> >)' (reversed)
      C:/Users/Syf/Desktop/BS4/tools/msys64/msys64/mingw64/include/c++/16.2.0/string_view:627:5:
        627 |     operator==(basic_string_view<_CharT, _Traits> __x,
            |     ^~~~~~~~
      • template argument deduction/substitution failed:
        •   mismatched types 'std::basic_string_view<_CharT, _Traits>' and 'const char8_t*'
          ../../gcc-15.2.0/libcody/client.cc:214:19:
            214 |   if (words[0] == u8"HELLO" && (words.size () == 3 || words.size () == 4))
                |                   ^~~~~~~~~
    • candidate 8: 'template<class _CharT, class _Traits, class _Alloc> constexpr bool std::operator==(const __cxx11::basic_string<_CharT, _Traits, _Alloc>&, const _CharT*)' (reversed)
      C:/Users/Syf/Desktop/BS4/tools/msys64/msys64/mingw64/include/c++/16.2.0/bits/basic_string.h:4117:5:
       4117 |     operator==(const basic_string<_CharT, _Traits, _Alloc>& __lhs,
            |     ^~~~~~~~
      • template argument deduction/substitution failed:
        •   mismatched types 'const std::__cxx11::basic_string<_CharT, _Traits, _Alloc>' and 'const char8_t [6]'
          ../../gcc-15.2.0/libcody/client.cc:214:19:
            214 |   if (words[0] == u8"HELLO" && (words.size () == 3 || words.size () == 4))
                |                   ^~~~~~~~~
    • candidate 9: 'template<class _Tp, class _Dp, class _Up, class _Ep> bool std::operator==(const unique_ptr<_Tp, _Dp>&, const unique_ptr<_Up, _Ep>&)' (reversed)
      C:/Users/Syf/Desktop/BS4/tools/msys64/msys64/mingw64/include/c++/16.2.0/bits/unique_ptr.h:866:5:
        866 |     operator==(const unique_ptr<_Tp, _Dp>& __x,
            |     ^~~~~~~~
      • template argument deduction/substitution failed:
        •   mismatched types 'const std::unique_ptr<_Tp, _Dp>' and 'const char8_t [6]'
          ../../gcc-15.2.0/libcody/client.cc:214:19:
            214 |   if (words[0] == u8"HELLO" && (words.size () == 3 || words.size () == 4))
                |                   ^~~~~~~~~
    • candidate 10: 'template<class _Tp, class _Dp> bool std::operator==(const unique_ptr<_Tp, _Dp>&, nullptr_t)' (reversed)
      C:/Users/Syf/Desktop/BS4/tools/msys64/msys64/mingw64/include/c++/16.2.0/bits/unique_ptr.h:874:5:
        874 |     operator==(const unique_ptr<_Tp, _Dp>& __x, nullptr_t) noexcept
            |     ^~~~~~~~
      • template argument deduction/substitution failed:
        •   mismatched types 'const std::unique_ptr<_Tp, _Dp>' and 'const char8_t [6]'
          ../../gcc-15.2.0/libcody/client.cc:214:19:
            214 |   if (words[0] == u8"HELLO" && (words.size () == 3 || words.size () == 4))
                |                   ^~~~~~~~~
    • candidate 11: 'template<class _Tp1, class _Tp2, __gnu_cxx::_Lock_policy _Lp> bool std::operator==(const __shared_ptr<_Tp1, _Lp>&, const __shared_ptr<_Tp2, _Lp>&)' (reversed)
      C:/Users/Syf/Desktop/BS4/tools/msys64/msys64/mingw64/include/c++/16.2.0/bits/shared_ptr_base.h:1897:5:
       1897 |     operator==(const __shared_ptr<_Tp1, _Lp>& __a,
            |     ^~~~~~~~
      • template argument deduction/substitution failed:
        •   mismatched types 'const std::__shared_ptr<_Tp1, _Lp>' and 'const char8_t [6]'
          ../../gcc-15.2.0/libcody/client.cc:214:19:
            214 |   if (words[0] == u8"HELLO" && (words.size () == 3 || words.size () == 4))
                |                   ^~~~~~~~~
    • candidate 12: 'template<class _Tp, __gnu_cxx::_Lock_policy _Lp> bool std::operator==(const __shared_ptr<_Tp, _Lp>&, nullptr_t)' (reversed)
      C:/Users/Syf/Desktop/BS4/tools/msys64/msys64/mingw64/include/c++/16.2.0/bits/shared_ptr_base.h:1903:5:
       1903 |     operator==(const __shared_ptr<_Tp, _Lp>& __a, nullptr_t) noexcept
            |     ^~~~~~~~
      • template argument deduction/substitution failed:
        •   mismatched types 'const std::__shared_ptr<_Tp, _Lp>' and 'const char8_t [6]'
          ../../gcc-15.2.0/libcody/client.cc:214:19:
            214 |   if (words[0] == u8"HELLO" && (words.size () == 3 || words.size () == 4))
                |                   ^~~~~~~~~
    • candidate 13: 'template<class _Tp, class _Up> bool std::operator==(const shared_ptr<_Tp>&, const shared_ptr<_Tp>&)' (reversed)
      C:/Users/Syf/Desktop/BS4/tools/msys64/msys64/mingw64/include/c++/16.2.0/bits/shared_ptr.h:554:5:
        554 |     operator==(const shared_ptr<_Tp>& __a, const shared_ptr<_Up>& __b) noexcept
            |     ^~~~~~~~
      • template argument deduction/substitution failed:
        •   mismatched types 'const std::shared_ptr<_Tp>' and 'const char8_t [6]'
          ../../gcc-15.2.0/libcody/client.cc:214:19:
            214 |   if (words[0] == u8"HELLO" && (words.size () == 3 || words.size () == 4))
                |                   ^~~~~~~~~
    • candidate 14: 'template<class _Tp> bool std::operator==(const shared_ptr<_Tp>&, nullptr_t)' (reversed)
      C:/Users/Syf/Desktop/BS4/tools/msys64/msys64/mingw64/include/c++/16.2.0/bits/shared_ptr.h:560:5:
        560 |     operator==(const shared_ptr<_Tp>& __a, nullptr_t) noexcept
            |     ^~~~~~~~
      • template argument deduction/substitution failed:
        •   mismatched types 'const std::shared_ptr<_Tp>' and 'const char8_t [6]'
          ../../gcc-15.2.0/libcody/client.cc:214:19:
            214 |   if (words[0] == u8"HELLO" && (words.size () == 3 || words.size () == 4))
                |                   ^~~~~~~~~
    • candidate 15: 'bool std::operator==(const error_code&, const error_condition&)' (reversed)
      C:/Users/Syf/Desktop/BS4/tools/msys64/msys64/mingw64/include/c++/16.2.0/system_error:467:3:
        467 |   operator==(const error_code& __lhs, const error_condition& __rhs) noexcept
            |   ^~~~~~~~
      • no known conversion for argument 1 from 'const char8_t [6]' to 'const std::error_code&'
        C:/Users/Syf/Desktop/BS4/tools/msys64/msys64/mingw64/include/c++/16.2.0/system_error:467:32:
          467 |   operator==(const error_code& __lhs, const error_condition& __rhs) noexcept
              |              ~~~~~~~~~~~~~~~~~~^~~~~
    • candidate 16: 'template<class _Iterator> constexpr bool std::operator==(const reverse_iterator<_IteratorL>&, const reverse_iterator<_IteratorL>&) requires requires{{std::operator==::__x->base() == std::operator==::__y->base()} -> decltype(auto) [requires std::convertible_to<<placeholder>, bool>];}'
      C:/Users/Syf/Desktop/BS4/tools/msys64/msys64/mingw64/include/c++/16.2.0/bits/stl_iterator.h:588:5:
        588 |     operator==(const reverse_iterator<_Iterator>& __x,
            |     ^~~~~~~~
      • template argument deduction/substitution failed:
        •   '__gnu_cxx::__alloc_traits<std::allocator<std::__cxx11::basic_string<char> >, std::__cxx11::basic_string<char> >::value_type' {aka 'std::__cxx11::basic_string<char>'} is not derived from 'const std::reverse_iterator<_IteratorL>'
          ../../gcc-15.2.0/libcody/client.cc:214:19:
            214 |   if (words[0] == u8"HELLO" && (words.size () == 3 || words.size () == 4))
                |                   ^~~~~~~~~
    • candidate 17: 'template<class _Iterator> constexpr bool std::operator==(const move_iterator<_IteratorL>&, const move_iterator<_IteratorL>&)'
      C:/Users/Syf/Desktop/BS4/tools/msys64/msys64/mingw64/include/c++/16.2.0/bits/stl_iterator.h:1745:5:
       1745 |     operator==(const move_iterator<_Iterator>& __x,
            |     ^~~~~~~~
      • template argument deduction/substitution failed:
        •   '__gnu_cxx::__alloc_traits<std::allocator<std::__cxx11::basic_string<char> >, std::__cxx11::basic_string<char> >::value_type' {aka 'std::__cxx11::basic_string<char>'} is not derived from 'const std::move_iterator<_IteratorL>'
          ../../gcc-15.2.0/libcody/client.cc:214:19:
            214 |   if (words[0] == u8"HELLO" && (words.size () == 3 || words.size () == 4))
                |                   ^~~~~~~~~
    • candidate 18: 'template<class _StateT> bool std::operator==(const fpos<_StateT>&, const fpos<_StateT>&)'
      C:/Users/Syf/Desktop/BS4/tools/msys64/msys64/mingw64/include/c++/16.2.0/bits/postypes.h:197:5:
        197 |     operator==(const fpos<_StateT>& __lhs, const fpos<_StateT>& __rhs)
            |     ^~~~~~~~
      • template argument deduction/substitution failed:
        •   '__gnu_cxx::__alloc_traits<std::allocator<std::__cxx11::basic_string<char> >, std::__cxx11::basic_string<char> >::value_type' {aka 'std::__cxx11::basic_string<char>'} is not derived from 'const std::fpos<_StateT>'
          ../../gcc-15.2.0/libcody/client.cc:214:19:
            214 |   if (words[0] == u8"HELLO" && (words.size () == 3 || words.size () == 4))
                |                   ^~~~~~~~~
    • candidate 19: 'template<class _CharT, class _Traits, class _Alloc> constexpr bool std::operator==(const __cxx11::basic_string<_CharT, _Traits, _Alloc>&, const __cxx11::basic_string<_CharT, _Traits, _Alloc>&)'
      C:/Users/Syf/Desktop/BS4/tools/msys64/msys64/mingw64/include/c++/16.2.0/bits/basic_string.h:4100:5:
       4100 |     operator==(const basic_string<_CharT, _Traits, _Alloc>& __lhs,
            |     ^~~~~~~~
      • template argument deduction/substitution failed:
        •   mismatched types 'const std::__cxx11::basic_string<_CharT, _Traits, _Alloc>' and 'const char8_t [6]'
          ../../gcc-15.2.0/libcody/client.cc:214:19:
            214 |   if (words[0] == u8"HELLO" && (words.size () == 3 || words.size () == 4))
                |                   ^~~~~~~~~
    • candidate 20: 'template<class _CharT, class _Traits> bool std::operator==(const istreambuf_iterator<_CharT, _Traits>&, const istreambuf_iterator<_CharT, _Traits>&)'
      C:/Users/Syf/Desktop/BS4/tools/msys64/msys64/mingw64/include/c++/16.2.0/bits/streambuf_iterator.h:236:5:
        236 |     operator==(const istreambuf_iterator<_CharT, _Traits>& __a,
            |     ^~~~~~~~
      • template argument deduction/substitution failed:
        •   '__gnu_cxx::__alloc_traits<std::allocator<std::__cxx11::basic_string<char> >, std::__cxx11::basic_string<char> >::value_type' {aka 'std::__cxx11::basic_string<char>'} is not derived from 'const std::istreambuf_iterator<_CharT, _Traits>'
          ../../gcc-15.2.0/libcody/client.cc:214:19:
            214 |   if (words[0] == u8"HELLO" && (words.size () == 3 || words.size () == 4))
                |                   ^~~~~~~~~
    • candidate 21: 'template<class _Tp, class _Alloc> constexpr bool std::operator==(const vector<_Tp, _Alloc>&, const vector<_Tp, _Alloc>&)'
      C:/Users/Syf/Desktop/BS4/tools/msys64/msys64/mingw64/include/c++/16.2.0/bits/stl_vector.h:2333:5:
       2333 |     operator==(const vector<_Tp, _Alloc>& __x, const vector<_Tp, _Alloc>& __y)
            |     ^~~~~~~~
      • template argument deduction/substitution failed:
        •   '__gnu_cxx::__alloc_traits<std::allocator<std::__cxx11::basic_string<char> >, std::__cxx11::basic_string<char> >::value_type' {aka 'std::__cxx11::basic_string<char>'} is not derived from 'const std::vector<_Tp, _Alloc>'
          ../../gcc-15.2.0/libcody/client.cc:214:19:
            214 |   if (words[0] == u8"HELLO" && (words.size () == 3 || words.size () == 4))
                |                   ^~~~~~~~~
    • candidate 22: 'constexpr bool std::operator==(const allocator<char>&, const allocator<char>&)'
      C:/Users/Syf/Desktop/BS4/tools/msys64/msys64/mingw64/include/c++/16.2.0/bits/allocator.h:230:7:
        230 |       operator==(const allocator&, const allocator&) _GLIBCXX_NOTHROW
            |       ^~~~~~~~
      • no known conversion for argument 1 from '__gnu_cxx::__alloc_traits<std::allocator<std::__cxx11::basic_string<char> >, std::__cxx11::basic_string<char> >::value_type' {aka 'std::__cxx11::basic_string<char>'} to 'const std::allocator<char>&'
        C:/Users/Syf/Desktop/BS4/tools/msys64/msys64/mingw64/include/c++/16.2.0/bits/allocator.h:230:18:
          230 |       operator==(const allocator&, const allocator&) _GLIBCXX_NOTHROW
              |                  ^~~~~~~~~~~~~~~~
    • candidate 23: 'bool std::operator==(const error_code&, const error_code&)'
      C:/Users/Syf/Desktop/BS4/tools/msys64/msys64/mingw64/include/c++/16.2.0/system_error:451:3:
        451 |   operator==(const error_code& __lhs, const error_code& __rhs) noexcept
            |   ^~~~~~~~
      • no known conversion for argument 1 from '__gnu_cxx::__alloc_traits<std::allocator<std::__cxx11::basic_string<char> >, std::__cxx11::basic_string<char> >::value_type' {aka 'std::__cxx11::basic_string<char>'} to 'const std::error_code&'
        C:/Users/Syf/Desktop/BS4/tools/msys64/msys64/mingw64/include/c++/16.2.0/system_error:451:32:
          451 |   operator==(const error_code& __lhs, const error_code& __rhs) noexcept
              |              ~~~~~~~~~~~~~~~~~~^~~~~
    • candidate 24: 'bool std::operator==(const error_condition&, const error_condition&)'
      C:/Users/Syf/Desktop/BS4/tools/msys64/msys64/mingw64/include/c++/16.2.0/system_error:482:3:
        482 |   operator==(const error_condition& __lhs,
            |   ^~~~~~~~
      • no known conversion for argument 1 from '__gnu_cxx::__alloc_traits<std::allocator<std::__cxx11::basic_string<char> >, std::__cxx11::basic_string<char> >::value_type' {aka 'std::__cxx11::basic_string<char>'} to 'const std::error_condition&'
        C:/Users/Syf/Desktop/BS4/tools/msys64/msys64/mingw64/include/c++/16.2.0/system_error:482:37:
          482 |   operator==(const error_condition& __lhs,
              |              ~~~~~~~~~~~~~~~~~~~~~~~^~~~~
../../gcc-15.2.0/libcody/client.cc:221:42: error: invalid conversion from 'const char8_t*' to 'size_t' {aka 'long long unsigned int'} [-fpermissive]
  221 |         return Packet (Client::PC_ERROR, u8"incompatible version");
      |                                          ^~~~~~~~~~~~~~~~~~~~~~~~
      |                                          |
      |                                          const char8_t*
../../gcc-15.2.0/libcody/cody.hh:255:30: note: initializing argument 2 of 'Cody::Packet::Packet(unsigned int, size_t)'
  255 |   Packet (unsigned c, size_t i = 0)
      |                       ~~~~~~~^~~~~
../../gcc-15.2.0/libcody/client.cc:234:36: error: invalid conversion from 'const char8_t*' to 'size_t' {aka 'long long unsigned int'} [-fpermissive]
  234 |   return Packet (Client::PC_ERROR, u8"");
      |                                    ^~~~
      |                                    |
      |                                    const char8_t*
../../gcc-15.2.0/libcody/cody.hh:255:30: note: initializing argument 2 of 'Cody::Packet::Packet(unsigned int, size_t)'
  255 |   Packet (unsigned c, size_t i = 0)
      |                       ~~~~~~~^~~~~
../../gcc-15.2.0/libcody/client.cc: In member function 'Cody::Packet Cody::Client::ModuleRepo()':
../../gcc-15.2.0/libcody/client.cc:241:21: error: invalid conversion from 'const char8_t*' to 'const char*' [-fpermissive]
  241 |   write.AppendWord (u8"MODULE-REPO");
      |                     ^~~~~~~~~~~~~~~
      |                     |
      |                     const char8_t*
../../gcc-15.2.0/libcody/cody.hh:119:32: note: initializing argument 1 of 'void Cody::Detail::MessageBuffer::AppendWord(const char*, bool, size_t)'
  119 |   void AppendWord (char const *str, bool maybe_quote = false,
      |                    ~~~~~~~~~~~~^~~
../../gcc-15.2.0/libcody/client.cc: In function 'Cody::Packet Cody::PathnameResponse(std::vector<std::__cxx11::basic_string<char> >&)':
../../gcc-15.2.0/libcody/client.cc:250:16: error: no match for 'operator==' (operand types are '__gnu_cxx::__alloc_traits<std::allocator<std::__cxx11::basic_string<char> >, std::__cxx11::basic_string<char> >::value_type' {aka 'std::__cxx11::basic_string<char>'} and 'const char8_t [9]')
  250 |   if (words[0] == u8"PATHNAME" && words.size () == 2)
  • there are 24 candidates
    • candidate 1: 'template<class _Up> constexpr bool std::operator==(const __new_allocator<char>&, const __new_allocator<_Tp>&)' (reversed)
      C:/Users/Syf/Desktop/BS4/tools/msys64/msys64/mingw64/include/c++/16.2.0/bits/new_allocator.h:227:9:
        227 |         operator==(const __new_allocator&, const __new_allocator<_Up>&)
            |         ^~~~~~~~
      • template argument deduction/substitution failed:
        •   '__gnu_cxx::__alloc_traits<std::allocator<std::__cxx11::basic_string<char> >, std::__cxx11::basic_string<char> >::value_type' {aka 'std::__cxx11::basic_string<char>'} is not derived from 'const std::__new_allocator<_Tp>'
          ../../gcc-15.2.0/libcody/client.cc:250:19:
            250 |   if (words[0] == u8"PATHNAME" && words.size () == 2)
                |                   ^~~~~~~~~~~~
    • candidate 2: 'template<class _T1, class _T2> constexpr bool std::operator==(const allocator<_Up>&, const allocator<_T2>&)' (reversed)
      C:/Users/Syf/Desktop/BS4/tools/msys64/msys64/mingw64/include/c++/16.2.0/bits/allocator.h:251:5:
        251 |     operator==(const allocator<_T1>&, const allocator<_T2>&)
            |     ^~~~~~~~
      • template argument deduction/substitution failed:
        •   mismatched types 'const std::allocator<_Up>' and 'const char8_t [9]'
          ../../gcc-15.2.0/libcody/client.cc:250:19:
            250 |   if (words[0] == u8"PATHNAME" && words.size () == 2)
                |                   ^~~~~~~~~~~~
    • candidate 3: 'template<class _T1, class _T2, class _U1, class _U2> constexpr bool std::operator==(const pair<_T1, _T2>&, const pair<_U1, _U2>&) requires requires{{std::operator==::__x->first == std::operator==::__y->first} -> decltype(auto) [requires std::__detail::__boolean_testable<<placeholder>, >];{std::operator==::__x->second == std::operator==::__y->second} -> decltype(auto) [requires std::__detail::__boolean_testable<<placeholder>, >];}' (reversed)
      C:/Users/Syf/Desktop/BS4/tools/msys64/msys64/mingw64/include/c++/16.2.0/bits/stl_pair.h:1034:5:
       1034 |     operator==(const pair<_T1, _T2>& __x, const pair<_U1, _U2>& __y)
            |     ^~~~~~~~
      • template argument deduction/substitution failed:
        •   mismatched types 'const std::pair<_T1, _T2>' and 'const char8_t [9]'
          ../../gcc-15.2.0/libcody/client.cc:250:19:
            250 |   if (words[0] == u8"PATHNAME" && words.size () == 2)
                |                   ^~~~~~~~~~~~
    • candidate 4: 'template<class _IteratorL, class _IteratorR> constexpr bool std::operator==(const reverse_iterator<_IteratorL>&, const reverse_iterator<_IteratorR>&) requires requires{{std::operator==::__x->base() == std::operator==::__y->base()} -> decltype(auto) [requires std::convertible_to<<placeholder>, bool>];}' (reversed)
      C:/Users/Syf/Desktop/BS4/tools/msys64/msys64/mingw64/include/c++/16.2.0/bits/stl_iterator.h:529:5:
        529 |     operator==(const reverse_iterator<_IteratorL>& __x,
            |     ^~~~~~~~
      • template argument deduction/substitution failed:
        •   mismatched types 'const std::reverse_iterator<_IteratorL>' and 'const char8_t [9]'
          ../../gcc-15.2.0/libcody/client.cc:250:19:
            250 |   if (words[0] == u8"PATHNAME" && words.size () == 2)
                |                   ^~~~~~~~~~~~
    • candidate 5: 'template<class _IteratorL, class _IteratorR> constexpr bool std::operator==(const move_iterator<_IteratorL>&, const move_iterator<_IteratorR>&) requires requires{{std::operator==::__x->base() == std::operator==::__y->base()} -> decltype(auto) [requires std::convertible_to<<placeholder>, bool>];}' (reversed)
      C:/Users/Syf/Desktop/BS4/tools/msys64/msys64/mingw64/include/c++/16.2.0/bits/stl_iterator.h:1675:5:
       1675 |     operator==(const move_iterator<_IteratorL>& __x,
            |     ^~~~~~~~
      • template argument deduction/substitution failed:
        •   mismatched types 'const std::move_iterator<_IteratorL>' and 'const char8_t [9]'
          ../../gcc-15.2.0/libcody/client.cc:250:19:
            250 |   if (words[0] == u8"PATHNAME" && words.size () == 2)
                |                   ^~~~~~~~~~~~
    • candidate 6: 'template<class ... _Tps, class ... _Ups>  requires  sizeof ... (_Tps ...) == sizeof ... (_Ups ...) && ((requires(const _Tps& __t, const _Ups& __u) {{__t == __u} -> decltype(auto) [requires std::__detail::__boolean_testable<<placeholder>, >];} && ...)) constexpr bool std::operator==(const tuple<_UTypes ...>&, const tuple<_Elements ...>&)' (reversed)
      C:/Users/Syf/Desktop/BS4/tools/msys64/msys64/mingw64/include/c++/16.2.0/tuple:2589:5:
       2589 |     operator== [[nodiscard]] (const tuple<_Tps...>& __t,
            |     ^~~~~~~~
      • template argument deduction/substitution failed:
        •   mismatched types 'const std::tuple<_UTypes ...>' and 'const char8_t [9]'
          ../../gcc-15.2.0/libcody/client.cc:250:19:
            250 |   if (words[0] == u8"PATHNAME" && words.size () == 2)
                |                   ^~~~~~~~~~~~
    • candidate 7: 'template<class _CharT, class _Traits> constexpr bool std::operator==(basic_string_view<_CharT, _Traits>, type_identity_t<basic_string_view<_CharT, _Traits> >)' (reversed)
      C:/Users/Syf/Desktop/BS4/tools/msys64/msys64/mingw64/include/c++/16.2.0/string_view:627:5:
        627 |     operator==(basic_string_view<_CharT, _Traits> __x,
            |     ^~~~~~~~
      • template argument deduction/substitution failed:
        •   mismatched types 'std::basic_string_view<_CharT, _Traits>' and 'const char8_t*'
          ../../gcc-15.2.0/libcody/client.cc:250:19:
            250 |   if (words[0] == u8"PATHNAME" && words.size () == 2)
                |                   ^~~~~~~~~~~~
    • candidate 8: 'template<class _CharT, class _Traits, class _Alloc> constexpr bool std::operator==(const __cxx11::basic_string<_CharT, _Traits, _Alloc>&, const _CharT*)' (reversed)
      C:/Users/Syf/Desktop/BS4/tools/msys64/msys64/mingw64/include/c++/16.2.0/bits/basic_string.h:4117:5:
       4117 |     operator==(const basic_string<_CharT, _Traits, _Alloc>& __lhs,
            |     ^~~~~~~~
      • template argument deduction/substitution failed:
        •   mismatched types 'const std::__cxx11::basic_string<_CharT, _Traits, _Alloc>' and 'const char8_t [9]'
          ../../gcc-15.2.0/libcody/client.cc:250:19:
            250 |   if (words[0] == u8"PATHNAME" && words.size () == 2)
                |                   ^~~~~~~~~~~~
    • candidate 9: 'template<class _Tp, class _Dp, class _Up, class _Ep> bool std::operator==(const unique_ptr<_Tp, _Dp>&, const unique_ptr<_Up, _Ep>&)' (reversed)
      C:/Users/Syf/Desktop/BS4/tools/msys64/msys64/mingw64/include/c++/16.2.0/bits/unique_ptr.h:866:5:
        866 |     operator==(const unique_ptr<_Tp, _Dp>& __x,
            |     ^~~~~~~~
      • template argument deduction/substitution failed:
        •   mismatched types 'const std::unique_ptr<_Tp, _Dp>' and 'const char8_t [9]'
          ../../gcc-15.2.0/libcody/client.cc:250:19:
            250 |   if (words[0] == u8"PATHNAME" && words.size () == 2)
                |                   ^~~~~~~~~~~~
    • candidate 10: 'template<class _Tp, class _Dp> bool std::operator==(const unique_ptr<_Tp, _Dp>&, nullptr_t)' (reversed)
      C:/Users/Syf/Desktop/BS4/tools/msys64/msys64/mingw64/include/c++/16.2.0/bits/unique_ptr.h:874:5:
        874 |     operator==(const unique_ptr<_Tp, _Dp>& __x, nullptr_t) noexcept
            |     ^~~~~~~~
      • template argument deduction/substitution failed:
        •   mismatched types 'const std::unique_ptr<_Tp, _Dp>' and 'const char8_t [9]'
          ../../gcc-15.2.0/libcody/client.cc:250:19:
            250 |   if (words[0] == u8"PATHNAME" && words.size () == 2)
                |                   ^~~~~~~~~~~~
    • candidate 11: 'template<class _Tp1, class _Tp2, __gnu_cxx::_Lock_policy _Lp> bool std::operator==(const __shared_ptr<_Tp1, _Lp>&, const __shared_ptr<_Tp2, _Lp>&)' (reversed)
      C:/Users/Syf/Desktop/BS4/tools/msys64/msys64/mingw64/include/c++/16.2.0/bits/shared_ptr_base.h:1897:5:
       1897 |     operator==(const __shared_ptr<_Tp1, _Lp>& __a,
            |     ^~~~~~~~
      • template argument deduction/substitution failed:
        •   mismatched types 'const std::__shared_ptr<_Tp1, _Lp>' and 'const char8_t [9]'
          ../../gcc-15.2.0/libcody/client.cc:250:19:
            250 |   if (words[0] == u8"PATHNAME" && words.size () == 2)
                |                   ^~~~~~~~~~~~
    • candidate 12: 'template<class _Tp, __gnu_cxx::_Lock_policy _Lp> bool std::operator==(const __shared_ptr<_Tp, _Lp>&, nullptr_t)' (reversed)
      C:/Users/Syf/Desktop/BS4/tools/msys64/msys64/mingw64/include/c++/16.2.0/bits/shared_ptr_base.h:1903:5:
       1903 |     operator==(const __shared_ptr<_Tp, _Lp>& __a, nullptr_t) noexcept
            |     ^~~~~~~~
      • template argument deduction/substitution failed:
        •   mismatched types 'const std::__shared_ptr<_Tp, _Lp>' and 'const char8_t [9]'
          ../../gcc-15.2.0/libcody/client.cc:250:19:
            250 |   if (words[0] == u8"PATHNAME" && words.size () == 2)
                |                   ^~~~~~~~~~~~
    • candidate 13: 'template<class _Tp, class _Up> bool std::operator==(const shared_ptr<_Tp>&, const shared_ptr<_Tp>&)' (reversed)
      C:/Users/Syf/Desktop/BS4/tools/msys64/msys64/mingw64/include/c++/16.2.0/bits/shared_ptr.h:554:5:
        554 |     operator==(const shared_ptr<_Tp>& __a, const shared_ptr<_Up>& __b) noexcept
            |     ^~~~~~~~
      • template argument deduction/substitution failed:
        •   mismatched types 'const std::shared_ptr<_Tp>' and 'const char8_t [9]'
          ../../gcc-15.2.0/libcody/client.cc:250:19:
            250 |   if (words[0] == u8"PATHNAME" && words.size () == 2)
                |                   ^~~~~~~~~~~~
    • candidate 14: 'template<class _Tp> bool std::operator==(const shared_ptr<_Tp>&, nullptr_t)' (reversed)
      C:/Users/Syf/Desktop/BS4/tools/msys64/msys64/mingw64/include/c++/16.2.0/bits/shared_ptr.h:560:5:
        560 |     operator==(const shared_ptr<_Tp>& __a, nullptr_t) noexcept
            |     ^~~~~~~~
      • template argument deduction/substitution failed:
        •   mismatched types 'const std::shared_ptr<_Tp>' and 'const char8_t [9]'
          ../../gcc-15.2.0/libcody/client.cc:250:19:
            250 |   if (words[0] == u8"PATHNAME" && words.size () == 2)
                |                   ^~~~~~~~~~~~
    • candidate 15: 'bool std::operator==(const error_code&, const error_condition&)' (reversed)
      C:/Users/Syf/Desktop/BS4/tools/msys64/msys64/mingw64/include/c++/16.2.0/system_error:467:3:
        467 |   operator==(const error_code& __lhs, const error_condition& __rhs) noexcept
            |   ^~~~~~~~
      • no known conversion for argument 1 from 'const char8_t [9]' to 'const std::error_code&'
        C:/Users/Syf/Desktop/BS4/tools/msys64/msys64/mingw64/include/c++/16.2.0/system_error:467:32:
          467 |   operator==(const error_code& __lhs, const error_condition& __rhs) noexcept
              |              ~~~~~~~~~~~~~~~~~~^~~~~
    • candidate 16: 'template<class _Iterator> constexpr bool std::operator==(const reverse_iterator<_IteratorL>&, const reverse_iterator<_IteratorL>&) requires requires{{std::operator==::__x->base() == std::operator==::__y->base()} -> decltype(auto) [requires std::convertible_to<<placeholder>, bool>];}'
      C:/Users/Syf/Desktop/BS4/tools/msys64/msys64/mingw64/include/c++/16.2.0/bits/stl_iterator.h:588:5:
        588 |     operator==(const reverse_iterator<_Iterator>& __x,
            |     ^~~~~~~~
      • template argument deduction/substitution failed:
        •   '__gnu_cxx::__alloc_traits<std::allocator<std::__cxx11::basic_string<char> >, std::__cxx11::basic_string<char> >::value_type' {aka 'std::__cxx11::basic_string<char>'} is not derived from 'const std::reverse_iterator<_IteratorL>'
          ../../gcc-15.2.0/libcody/client.cc:250:19:
            250 |   if (words[0] == u8"PATHNAME" && words.size () == 2)
                |                   ^~~~~~~~~~~~
    • candidate 17: 'template<class _Iterator> constexpr bool std::operator==(const move_iterator<_IteratorL>&, const move_iterator<_IteratorL>&)'
      C:/Users/Syf/Desktop/BS4/tools/msys64/msys64/mingw64/include/c++/16.2.0/bits/stl_iterator.h:1745:5:
       1745 |     operator==(const move_iterator<_Iterator>& __x,
            |     ^~~~~~~~
      • template argument deduction/substitution failed:
        •   '__gnu_cxx::__alloc_traits<std::allocator<std::__cxx11::basic_string<char> >, std::__cxx11::basic_string<char> >::value_type' {aka 'std::__cxx11::basic_string<char>'} is not derived from 'const std::move_iterator<_IteratorL>'
          ../../gcc-15.2.0/libcody/client.cc:250:19:
            250 |   if (words[0] == u8"PATHNAME" && words.size () == 2)
                |                   ^~~~~~~~~~~~
    • candidate 18: 'template<class _StateT> bool std::operator==(const fpos<_StateT>&, const fpos<_StateT>&)'
      C:/Users/Syf/Desktop/BS4/tools/msys64/msys64/mingw64/include/c++/16.2.0/bits/postypes.h:197:5:
        197 |     operator==(const fpos<_StateT>& __lhs, const fpos<_StateT>& __rhs)
            |     ^~~~~~~~
      • template argument deduction/substitution failed:
        •   '__gnu_cxx::__alloc_traits<std::allocator<std::__cxx11::basic_string<char> >, std::__cxx11::basic_string<char> >::value_type' {aka 'std::__cxx11::basic_string<char>'} is not derived from 'const std::fpos<_StateT>'
          ../../gcc-15.2.0/libcody/client.cc:250:19:
            250 |   if (words[0] == u8"PATHNAME" && words.size () == 2)
                |                   ^~~~~~~~~~~~
    • candidate 19: 'template<class _CharT, class _Traits, class _Alloc> constexpr bool std::operator==(const __cxx11::basic_string<_CharT, _Traits, _Alloc>&, const __cxx11::basic_string<_CharT, _Traits, _Alloc>&)'
      C:/Users/Syf/Desktop/BS4/tools/msys64/msys64/mingw64/include/c++/16.2.0/bits/basic_string.h:4100:5:
       4100 |     operator==(const basic_string<_CharT, _Traits, _Alloc>& __lhs,
            |     ^~~~~~~~
      • template argument deduction/substitution failed:
        •   mismatched types 'const std::__cxx11::basic_string<_CharT, _Traits, _Alloc>' and 'const char8_t [9]'
          ../../gcc-15.2.0/libcody/client.cc:250:19:
            250 |   if (words[0] == u8"PATHNAME" && words.size () == 2)
                |                   ^~~~~~~~~~~~
    • candidate 20: 'template<class _CharT, class _Traits> bool std::operator==(const istreambuf_iterator<_CharT, _Traits>&, const istreambuf_iterator<_CharT, _Traits>&)'
      C:/Users/Syf/Desktop/BS4/tools/msys64/msys64/mingw64/include/c++/16.2.0/bits/streambuf_iterator.h:236:5:
        236 |     operator==(const istreambuf_iterator<_CharT, _Traits>& __a,
            |     ^~~~~~~~
      • template argument deduction/substitution failed:
        •   '__gnu_cxx::__alloc_traits<std::allocator<std::__cxx11::basic_string<char> >, std::__cxx11::basic_string<char> >::value_type' {aka 'std::__cxx11::basic_string<char>'} is not derived from 'const std::istreambuf_iterator<_CharT, _Traits>'
          ../../gcc-15.2.0/libcody/client.cc:250:19:
            250 |   if (words[0] == u8"PATHNAME" && words.size () == 2)
                |                   ^~~~~~~~~~~~
    • candidate 21: 'template<class _Tp, class _Alloc> constexpr bool std::operator==(const vector<_Tp, _Alloc>&, const vector<_Tp, _Alloc>&)'
      C:/Users/Syf/Desktop/BS4/tools/msys64/msys64/mingw64/include/c++/16.2.0/bits/stl_vector.h:2333:5:
       2333 |     operator==(const vector<_Tp, _Alloc>& __x, const vector<_Tp, _Alloc>& __y)
            |     ^~~~~~~~
      • template argument deduction/substitution failed:
        •   '__gnu_cxx::__alloc_traits<std::allocator<std::__cxx11::basic_string<char> >, std::__cxx11::basic_string<char> >::value_type' {aka 'std::__cxx11::basic_string<char>'} is not derived from 'const std::vector<_Tp, _Alloc>'
          ../../gcc-15.2.0/libcody/client.cc:250:19:
            250 |   if (words[0] == u8"PATHNAME" && words.size () == 2)
                |                   ^~~~~~~~~~~~
    • candidate 22: 'constexpr bool std::operator==(const allocator<char>&, const allocator<char>&)'
      C:/Users/Syf/Desktop/BS4/tools/msys64/msys64/mingw64/include/c++/16.2.0/bits/allocator.h:230:7:
        230 |       operator==(const allocator&, const allocator&) _GLIBCXX_NOTHROW
            |       ^~~~~~~~
      • no known conversion for argument 1 from '__gnu_cxx::__alloc_traits<std::allocator<std::__cxx11::basic_string<char> >, std::__cxx11::basic_string<char> >::value_type' {aka 'std::__cxx11::basic_string<char>'} to 'const std::allocator<char>&'
        C:/Users/Syf/Desktop/BS4/tools/msys64/msys64/mingw64/include/c++/16.2.0/bits/allocator.h:230:18:
          230 |       operator==(const allocator&, const allocator&) _GLIBCXX_NOTHROW
              |                  ^~~~~~~~~~~~~~~~
    • candidate 23: 'bool std::operator==(const error_code&, const error_code&)'
      C:/Users/Syf/Desktop/BS4/tools/msys64/msys64/mingw64/include/c++/16.2.0/system_error:451:3:
        451 |   operator==(const error_code& __lhs, const error_code& __rhs) noexcept
            |   ^~~~~~~~
      • no known conversion for argument 1 from '__gnu_cxx::__alloc_traits<std::allocator<std::__cxx11::basic_string<char> >, std::__cxx11::basic_string<char> >::value_type' {aka 'std::__cxx11::basic_string<char>'} to 'const std::error_code&'
        C:/Users/Syf/Desktop/BS4/tools/msys64/msys64/mingw64/include/c++/16.2.0/system_error:451:32:
          451 |   operator==(const error_code& __lhs, const error_code& __rhs) noexcept
              |              ~~~~~~~~~~~~~~~~~~^~~~~
    • candidate 24: 'bool std::operator==(const error_condition&, const error_condition&)'
      C:/Users/Syf/Desktop/BS4/tools/msys64/msys64/mingw64/include/c++/16.2.0/system_error:482:3:
        482 |   operator==(const error_condition& __lhs,
            |   ^~~~~~~~
      • no known conversion for argument 1 from '__gnu_cxx::__alloc_traits<std::allocator<std::__cxx11::basic_string<char> >, std::__cxx11::basic_string<char> >::value_type' {aka 'std::__cxx11::basic_string<char>'} to 'const std::error_condition&'
        C:/Users/Syf/Desktop/BS4/tools/msys64/msys64/mingw64/include/c++/16.2.0/system_error:482:37:
          482 |   operator==(const error_condition& __lhs,
              |              ~~~~~~~~~~~~~~~~~~~~~~~^~~~~
../../gcc-15.2.0/libcody/client.cc:253:36: error: invalid conversion from 'const char8_t*' to 'size_t' {aka 'long long unsigned int'} [-fpermissive]
  253 |   return Packet (Client::PC_ERROR, u8"");
      |                                    ^~~~
      |                                    |
      |                                    const char8_t*
../../gcc-15.2.0/libcody/cody.hh:255:30: note: initializing argument 2 of 'Cody::Packet::Packet(unsigned int, size_t)'
  255 |   Packet (unsigned c, size_t i = 0)
      |                       ~~~~~~~^~~~~
../../gcc-15.2.0/libcody/client.cc: In function 'Cody::Packet Cody::OKResponse(std::vector<std::__cxx11::basic_string<char> >&)':
../../gcc-15.2.0/libcody/client.cc:259:16: error: no match for 'operator==' (operand types are '__gnu_cxx::__alloc_traits<std::allocator<std::__cxx11::basic_string<char> >, std::__cxx11::basic_string<char> >::value_type' {aka 'std::__cxx11::basic_string<char>'} and 'const char8_t [3]')
  259 |   if (words[0] == u8"OK")
  • there are 24 candidates
    • candidate 1: 'template<class _Up> constexpr bool std::operator==(const __new_allocator<char>&, const __new_allocator<_Tp>&)' (reversed)
      C:/Users/Syf/Desktop/BS4/tools/msys64/msys64/mingw64/include/c++/16.2.0/bits/new_allocator.h:227:9:
        227 |         operator==(const __new_allocator&, const __new_allocator<_Up>&)
            |         ^~~~~~~~
      • template argument deduction/substitution failed:
        •   '__gnu_cxx::__alloc_traits<std::allocator<std::__cxx11::basic_string<char> >, std::__cxx11::basic_string<char> >::value_type' {aka 'std::__cxx11::basic_string<char>'} is not derived from 'const std::__new_allocator<_Tp>'
          ../../gcc-15.2.0/libcody/client.cc:259:19:
            259 |   if (words[0] == u8"OK")
                |                   ^~~~~~
    • candidate 2: 'template<class _T1, class _T2> constexpr bool std::operator==(const allocator<_Up>&, const allocator<_T2>&)' (reversed)
      C:/Users/Syf/Desktop/BS4/tools/msys64/msys64/mingw64/include/c++/16.2.0/bits/allocator.h:251:5:
        251 |     operator==(const allocator<_T1>&, const allocator<_T2>&)
            |     ^~~~~~~~
      • template argument deduction/substitution failed:
        •   mismatched types 'const std::allocator<_Up>' and 'const char8_t [3]'
          ../../gcc-15.2.0/libcody/client.cc:259:19:
            259 |   if (words[0] == u8"OK")
                |                   ^~~~~~
    • candidate 3: 'template<class _T1, class _T2, class _U1, class _U2> constexpr bool std::operator==(const pair<_T1, _T2>&, const pair<_U1, _U2>&) requires requires{{std::operator==::__x->first == std::operator==::__y->first} -> decltype(auto) [requires std::__detail::__boolean_testable<<placeholder>, >];{std::operator==::__x->second == std::operator==::__y->second} -> decltype(auto) [requires std::__detail::__boolean_testable<<placeholder>, >];}' (reversed)
      C:/Users/Syf/Desktop/BS4/tools/msys64/msys64/mingw64/include/c++/16.2.0/bits/stl_pair.h:1034:5:
       1034 |     operator==(const pair<_T1, _T2>& __x, const pair<_U1, _U2>& __y)
            |     ^~~~~~~~
      • template argument deduction/substitution failed:
        •   mismatched types 'const std::pair<_T1, _T2>' and 'const char8_t [3]'
          ../../gcc-15.2.0/libcody/client.cc:259:19:
            259 |   if (words[0] == u8"OK")
                |                   ^~~~~~
    • candidate 4: 'template<class _IteratorL, class _IteratorR> constexpr bool std::operator==(const reverse_iterator<_IteratorL>&, const reverse_iterator<_IteratorR>&) requires requires{{std::operator==::__x->base() == std::operator==::__y->base()} -> decltype(auto) [requires std::convertible_to<<placeholder>, bool>];}' (reversed)
      C:/Users/Syf/Desktop/BS4/tools/msys64/msys64/mingw64/include/c++/16.2.0/bits/stl_iterator.h:529:5:
        529 |     operator==(const reverse_iterator<_IteratorL>& __x,
            |     ^~~~~~~~
      • template argument deduction/substitution failed:
        •   mismatched types 'const std::reverse_iterator<_IteratorL>' and 'const char8_t [3]'
          ../../gcc-15.2.0/libcody/client.cc:259:19:
            259 |   if (words[0] == u8"OK")
                |                   ^~~~~~
    • candidate 5: 'template<class _IteratorL, class _IteratorR> constexpr bool std::operator==(const move_iterator<_IteratorL>&, const move_iterator<_IteratorR>&) requires requires{{std::operator==::__x->base() == std::operator==::__y->base()} -> decltype(auto) [requires std::convertible_to<<placeholder>, bool>];}' (reversed)
      C:/Users/Syf/Desktop/BS4/tools/msys64/msys64/mingw64/include/c++/16.2.0/bits/stl_iterator.h:1675:5:
       1675 |     operator==(const move_iterator<_IteratorL>& __x,
            |     ^~~~~~~~
      • template argument deduction/substitution failed:
        •   mismatched types 'const std::move_iterator<_IteratorL>' and 'const char8_t [3]'
          ../../gcc-15.2.0/libcody/client.cc:259:19:
            259 |   if (words[0] == u8"OK")
                |                   ^~~~~~
    • candidate 6: 'template<class ... _Tps, class ... _Ups>  requires  sizeof ... (_Tps ...) == sizeof ... (_Ups ...) && ((requires(const _Tps& __t, const _Ups& __u) {{__t == __u} -> decltype(auto) [requires std::__detail::__boolean_testable<<placeholder>, >];} && ...)) constexpr bool std::operator==(const tuple<_UTypes ...>&, const tuple<_Elements ...>&)' (reversed)
      C:/Users/Syf/Desktop/BS4/tools/msys64/msys64/mingw64/include/c++/16.2.0/tuple:2589:5:
       2589 |     operator== [[nodiscard]] (const tuple<_Tps...>& __t,
            |     ^~~~~~~~
      • template argument deduction/substitution failed:
        •   mismatched types 'const std::tuple<_UTypes ...>' and 'const char8_t [3]'
          ../../gcc-15.2.0/libcody/client.cc:259:19:
            259 |   if (words[0] == u8"OK")
                |                   ^~~~~~
    • candidate 7: 'template<class _CharT, class _Traits> constexpr bool std::operator==(basic_string_view<_CharT, _Traits>, type_identity_t<basic_string_view<_CharT, _Traits> >)' (reversed)
      C:/Users/Syf/Desktop/BS4/tools/msys64/msys64/mingw64/include/c++/16.2.0/string_view:627:5:
        627 |     operator==(basic_string_view<_CharT, _Traits> __x,
            |     ^~~~~~~~
      • template argument deduction/substitution failed:
        •   mismatched types 'std::basic_string_view<_CharT, _Traits>' and 'const char8_t*'
          ../../gcc-15.2.0/libcody/client.cc:259:19:
            259 |   if (words[0] == u8"OK")
                |                   ^~~~~~
    • candidate 8: 'template<class _CharT, class _Traits, class _Alloc> constexpr bool std::operator==(const __cxx11::basic_string<_CharT, _Traits, _Alloc>&, const _CharT*)' (reversed)
      C:/Users/Syf/Desktop/BS4/tools/msys64/msys64/mingw64/include/c++/16.2.0/bits/basic_string.h:4117:5:
       4117 |     operator==(const basic_string<_CharT, _Traits, _Alloc>& __lhs,
            |     ^~~~~~~~
      • template argument deduction/substitution failed:
        •   mismatched types 'const std::__cxx11::basic_string<_CharT, _Traits, _Alloc>' and 'const char8_t [3]'
          ../../gcc-15.2.0/libcody/client.cc:259:19:
            259 |   if (words[0] == u8"OK")
                |                   ^~~~~~
    • candidate 9: 'template<class _Tp, class _Dp, class _Up, class _Ep> bool std::operator==(const unique_ptr<_Tp, _Dp>&, const unique_ptr<_Up, _Ep>&)' (reversed)
      C:/Users/Syf/Desktop/BS4/tools/msys64/msys64/mingw64/include/c++/16.2.0/bits/unique_ptr.h:866:5:
        866 |     operator==(const unique_ptr<_Tp, _Dp>& __x,
            |     ^~~~~~~~
      • template argument deduction/substitution failed:
        •   mismatched types 'const std::unique_ptr<_Tp, _Dp>' and 'const char8_t [3]'
          ../../gcc-15.2.0/libcody/client.cc:259:19:
            259 |   if (words[0] == u8"OK")
                |                   ^~~~~~
    • candidate 10: 'template<class _Tp, class _Dp> bool std::operator==(const unique_ptr<_Tp, _Dp>&, nullptr_t)' (reversed)
      C:/Users/Syf/Desktop/BS4/tools/msys64/msys64/mingw64/include/c++/16.2.0/bits/unique_ptr.h:874:5:
        874 |     operator==(const unique_ptr<_Tp, _Dp>& __x, nullptr_t) noexcept
            |     ^~~~~~~~
      • template argument deduction/substitution failed:
        •   mismatched types 'const std::unique_ptr<_Tp, _Dp>' and 'const char8_t [3]'
          ../../gcc-15.2.0/libcody/client.cc:259:19:
            259 |   if (words[0] == u8"OK")
                |                   ^~~~~~
    • candidate 11: 'template<class _Tp1, class _Tp2, __gnu_cxx::_Lock_policy _Lp> bool std::operator==(const __shared_ptr<_Tp1, _Lp>&, const __shared_ptr<_Tp2, _Lp>&)' (reversed)
      C:/Users/Syf/Desktop/BS4/tools/msys64/msys64/mingw64/include/c++/16.2.0/bits/shared_ptr_base.h:1897:5:
       1897 |     operator==(const __shared_ptr<_Tp1, _Lp>& __a,
            |     ^~~~~~~~
      • template argument deduction/substitution failed:
        •   mismatched types 'const std::__shared_ptr<_Tp1, _Lp>' and 'const char8_t [3]'
          ../../gcc-15.2.0/libcody/client.cc:259:19:
            259 |   if (words[0] == u8"OK")
                |                   ^~~~~~
    • candidate 12: 'template<class _Tp, __gnu_cxx::_Lock_policy _Lp> bool std::operator==(const __shared_ptr<_Tp, _Lp>&, nullptr_t)' (reversed)
      C:/Users/Syf/Desktop/BS4/tools/msys64/msys64/mingw64/include/c++/16.2.0/bits/shared_ptr_base.h:1903:5:
       1903 |     operator==(const __shared_ptr<_Tp, _Lp>& __a, nullptr_t) noexcept
            |     ^~~~~~~~
      • template argument deduction/substitution failed:
        •   mismatched types 'const std::__shared_ptr<_Tp, _Lp>' and 'const char8_t [3]'
          ../../gcc-15.2.0/libcody/client.cc:259:19:
            259 |   if (words[0] == u8"OK")
                |                   ^~~~~~
    • candidate 13: 'template<class _Tp, class _Up> bool std::operator==(const shared_ptr<_Tp>&, const shared_ptr<_Tp>&)' (reversed)
      C:/Users/Syf/Desktop/BS4/tools/msys64/msys64/mingw64/include/c++/16.2.0/bits/shared_ptr.h:554:5:
        554 |     operator==(const shared_ptr<_Tp>& __a, const shared_ptr<_Up>& __b) noexcept
            |     ^~~~~~~~
      • template argument deduction/substitution failed:
        •   mismatched types 'const std::shared_ptr<_Tp>' and 'const char8_t [3]'
          ../../gcc-15.2.0/libcody/client.cc:259:19:
            259 |   if (words[0] == u8"OK")
                |                   ^~~~~~
    • candidate 14: 'template<class _Tp> bool std::operator==(const shared_ptr<_Tp>&, nullptr_t)' (reversed)
      C:/Users/Syf/Desktop/BS4/tools/msys64/msys64/mingw64/include/c++/16.2.0/bits/shared_ptr.h:560:5:
        560 |     operator==(const shared_ptr<_Tp>& __a, nullptr_t) noexcept
            |     ^~~~~~~~
      • template argument deduction/substitution failed:
        •   mismatched types 'const std::shared_ptr<_Tp>' and 'const char8_t [3]'
          ../../gcc-15.2.0/libcody/client.cc:259:19:
            259 |   if (words[0] == u8"OK")
                |                   ^~~~~~
    • candidate 15: 'bool std::operator==(const error_code&, const error_condition&)' (reversed)
      C:/Users/Syf/Desktop/BS4/tools/msys64/msys64/mingw64/include/c++/16.2.0/system_error:467:3:
        467 |   operator==(const error_code& __lhs, const error_condition& __rhs) noexcept
            |   ^~~~~~~~
      • no known conversion for argument 1 from 'const char8_t [3]' to 'const std::error_code&'
        C:/Users/Syf/Desktop/BS4/tools/msys64/msys64/mingw64/include/c++/16.2.0/system_error:467:32:
          467 |   operator==(const error_code& __lhs, const error_condition& __rhs) noexcept
              |              ~~~~~~~~~~~~~~~~~~^~~~~
    • candidate 16: 'template<class _Iterator> constexpr bool std::operator==(const reverse_iterator<_IteratorL>&, const reverse_iterator<_IteratorL>&) requires requires{{std::operator==::__x->base() == std::operator==::__y->base()} -> decltype(auto) [requires std::convertible_to<<placeholder>, bool>];}'
      C:/Users/Syf/Desktop/BS4/tools/msys64/msys64/mingw64/include/c++/16.2.0/bits/stl_iterator.h:588:5:
        588 |     operator==(const reverse_iterator<_Iterator>& __x,
            |     ^~~~~~~~
      • template argument deduction/substitution failed:
        •   '__gnu_cxx::__alloc_traits<std::allocator<std::__cxx11::basic_string<char> >, std::__cxx11::basic_string<char> >::value_type' {aka 'std::__cxx11::basic_string<char>'} is not derived from 'const std::reverse_iterator<_IteratorL>'
          ../../gcc-15.2.0/libcody/client.cc:259:19:
            259 |   if (words[0] == u8"OK")
                |                   ^~~~~~
    • candidate 17: 'template<class _Iterator> constexpr bool std::operator==(const move_iterator<_IteratorL>&, const move_iterator<_IteratorL>&)'
      C:/Users/Syf/Desktop/BS4/tools/msys64/msys64/mingw64/include/c++/16.2.0/bits/stl_iterator.h:1745:5:
       1745 |     operator==(const move_iterator<_Iterator>& __x,
            |     ^~~~~~~~
      • template argument deduction/substitution failed:
        •   '__gnu_cxx::__alloc_traits<std::allocator<std::__cxx11::basic_string<char> >, std::__cxx11::basic_string<char> >::value_type' {aka 'std::__cxx11::basic_string<char>'} is not derived from 'const std::move_iterator<_IteratorL>'
          ../../gcc-15.2.0/libcody/client.cc:259:19:
            259 |   if (words[0] == u8"OK")
                |                   ^~~~~~
    • candidate 18: 'template<class _StateT> bool std::operator==(const fpos<_StateT>&, const fpos<_StateT>&)'
      C:/Users/Syf/Desktop/BS4/tools/msys64/msys64/mingw64/include/c++/16.2.0/bits/postypes.h:197:5:
        197 |     operator==(const fpos<_StateT>& __lhs, const fpos<_StateT>& __rhs)
            |     ^~~~~~~~
      • template argument deduction/substitution failed:
        •   '__gnu_cxx::__alloc_traits<std::allocator<std::__cxx11::basic_string<char> >, std::__cxx11::basic_string<char> >::value_type' {aka 'std::__cxx11::basic_string<char>'} is not derived from 'const std::fpos<_StateT>'
          ../../gcc-15.2.0/libcody/client.cc:259:19:
            259 |   if (words[0] == u8"OK")
                |                   ^~~~~~
    • candidate 19: 'template<class _CharT, class _Traits, class _Alloc> constexpr bool std::operator==(const __cxx11::basic_string<_CharT, _Traits, _Alloc>&, const __cxx11::basic_string<_CharT, _Traits, _Alloc>&)'
      C:/Users/Syf/Desktop/BS4/tools/msys64/msys64/mingw64/include/c++/16.2.0/bits/basic_string.h:4100:5:
       4100 |     operator==(const basic_string<_CharT, _Traits, _Alloc>& __lhs,
            |     ^~~~~~~~
      • template argument deduction/substitution failed:
        •   mismatched types 'const std::__cxx11::basic_string<_CharT, _Traits, _Alloc>' and 'const char8_t [3]'
          ../../gcc-15.2.0/libcody/client.cc:259:19:
            259 |   if (words[0] == u8"OK")
                |                   ^~~~~~
    • candidate 20: 'template<class _CharT, class _Traits> bool std::operator==(const istreambuf_iterator<_CharT, _Traits>&, const istreambuf_iterator<_CharT, _Traits>&)'
      C:/Users/Syf/Desktop/BS4/tools/msys64/msys64/mingw64/include/c++/16.2.0/bits/streambuf_iterator.h:236:5:
        236 |     operator==(const istreambuf_iterator<_CharT, _Traits>& __a,
            |     ^~~~~~~~
      • template argument deduction/substitution failed:
        •   '__gnu_cxx::__alloc_traits<std::allocator<std::__cxx11::basic_string<char> >, std::__cxx11::basic_string<char> >::value_type' {aka 'std::__cxx11::basic_string<char>'} is not derived from 'const std::istreambuf_iterator<_CharT, _Traits>'
          ../../gcc-15.2.0/libcody/client.cc:259:19:
            259 |   if (words[0] == u8"OK")
                |                   ^~~~~~
    • candidate 21: 'template<class _Tp, class _Alloc> constexpr bool std::operator==(const vector<_Tp, _Alloc>&, const vector<_Tp, _Alloc>&)'
      C:/Users/Syf/Desktop/BS4/tools/msys64/msys64/mingw64/include/c++/16.2.0/bits/stl_vector.h:2333:5:
       2333 |     operator==(const vector<_Tp, _Alloc>& __x, const vector<_Tp, _Alloc>& __y)
            |     ^~~~~~~~
      • template argument deduction/substitution failed:
        •   '__gnu_cxx::__alloc_traits<std::allocator<std::__cxx11::basic_string<char> >, std::__cxx11::basic_string<char> >::value_type' {aka 'std::__cxx11::basic_string<char>'} is not derived from 'const std::vector<_Tp, _Alloc>'
          ../../gcc-15.2.0/libcody/client.cc:259:19:
            259 |   if (words[0] == u8"OK")
                |                   ^~~~~~
    • candidate 22: 'constexpr bool std::operator==(const allocator<char>&, const allocator<char>&)'
      C:/Users/Syf/Desktop/BS4/tools/msys64/msys64/mingw64/include/c++/16.2.0/bits/allocator.h:230:7:
        230 |       operator==(const allocator&, const allocator&) _GLIBCXX_NOTHROW
            |       ^~~~~~~~
      • no known conversion for argument 1 from '__gnu_cxx::__alloc_traits<std::allocator<std::__cxx11::basic_string<char> >, std::__cxx11::basic_string<char> >::value_type' {aka 'std::__cxx11::basic_string<char>'} to 'const std::allocator<char>&'
        C:/Users/Syf/Desktop/BS4/tools/msys64/msys64/mingw64/include/c++/16.2.0/bits/allocator.h:230:18:
          230 |       operator==(const allocator&, const allocator&) _GLIBCXX_NOTHROW
              |                  ^~~~~~~~~~~~~~~~
    • candidate 23: 'bool std::operator==(const error_code&, const error_code&)'
      C:/Users/Syf/Desktop/BS4/tools/msys64/msys64/mingw64/include/c++/16.2.0/system_error:451:3:
        451 |   operator==(const error_code& __lhs, const error_code& __rhs) noexcept
            |   ^~~~~~~~
      • no known conversion for argument 1 from '__gnu_cxx::__alloc_traits<std::allocator<std::__cxx11::basic_string<char> >, std::__cxx11::basic_string<char> >::value_type' {aka 'std::__cxx11::basic_string<char>'} to 'const std::error_code&'
        C:/Users/Syf/Desktop/BS4/tools/msys64/msys64/mingw64/include/c++/16.2.0/system_error:451:32:
          451 |   operator==(const error_code& __lhs, const error_code& __rhs) noexcept
              |              ~~~~~~~~~~~~~~~~~~^~~~~
    • candidate 24: 'bool std::operator==(const error_condition&, const error_condition&)'
      C:/Users/Syf/Desktop/BS4/tools/msys64/msys64/mingw64/include/c++/16.2.0/system_error:482:3:
        482 |   operator==(const error_condition& __lhs,
            |   ^~~~~~~~
      • no known conversion for argument 1 from '__gnu_cxx::__alloc_traits<std::allocator<std::__cxx11::basic_string<char> >, std::__cxx11::basic_string<char> >::value_type' {aka 'std::__cxx11::basic_string<char>'} to 'const std::error_condition&'
        C:/Users/Syf/Desktop/BS4/tools/msys64/msys64/mingw64/include/c++/16.2.0/system_error:482:37:
          482 |   operator==(const error_condition& __lhs,
              |              ~~~~~~~~~~~~~~~~~~~~~~~^~~~~
../../gcc-15.2.0/libcody/client.cc: In member function 'Cody::Packet Cody::Client::ModuleExport(const char*, Cody::Flags, size_t)':
../../gcc-15.2.0/libcody/client.cc:270:21: error: invalid conversion from 'const char8_t*' to 'const char*' [-fpermissive]
  270 |   write.AppendWord (u8"MODULE-EXPORT");
      |                     ^~~~~~~~~~~~~~~~~
      |                     |
      |                     const char8_t*
../../gcc-15.2.0/libcody/cody.hh:119:32: note: initializing argument 1 of 'void Cody::Detail::MessageBuffer::AppendWord(const char*, bool, size_t)'
  119 |   void AppendWord (char const *str, bool maybe_quote = false,
      |                    ~~~~~~~~~~~~^~~
../../gcc-15.2.0/libcody/client.cc: In member function 'Cody::Packet Cody::Client::ModuleImport(const char*, Cody::Flags, size_t)':
../../gcc-15.2.0/libcody/client.cc:283:21: error: invalid conversion from 'const char8_t*' to 'const char*' [-fpermissive]
  283 |   write.AppendWord (u8"MODULE-IMPORT");
      |                     ^~~~~~~~~~~~~~~~~
      |                     |
      |                     const char8_t*
../../gcc-15.2.0/libcody/cody.hh:119:32: note: initializing argument 1 of 'void Cody::Detail::MessageBuffer::AppendWord(const char*, bool, size_t)'
  119 |   void AppendWord (char const *str, bool maybe_quote = false,
      |                    ~~~~~~~~~~~~^~~
../../gcc-15.2.0/libcody/client.cc: In member function 'Cody::Packet Cody::Client::ModuleCompiled(const char*, Cody::Flags, size_t)':
../../gcc-15.2.0/libcody/client.cc:296:21: error: invalid conversion from 'const char8_t*' to 'const char*' [-fpermissive]
  296 |   write.AppendWord (u8"MODULE-COMPILED");
      |                     ^~~~~~~~~~~~~~~~~~~
      |                     |
      |                     const char8_t*
../../gcc-15.2.0/libcody/cody.hh:119:32: note: initializing argument 1 of 'void Cody::Detail::MessageBuffer::AppendWord(const char*, bool, size_t)'
  119 |   void AppendWord (char const *str, bool maybe_quote = false,
      |                    ~~~~~~~~~~~~^~~
../../gcc-15.2.0/libcody/client.cc: In member function 'Cody::Packet Cody::Client::IncludeTranslate(const char*, Cody::Flags, size_t)':
../../gcc-15.2.0/libcody/client.cc:309:21: error: invalid conversion from 'const char8_t*' to 'const char*' [-fpermissive]
  309 |   write.AppendWord (u8"INCLUDE-TRANSLATE");
      |                     ^~~~~~~~~~~~~~~~~~~~~
      |                     |
      |                     const char8_t*
../../gcc-15.2.0/libcody/cody.hh:119:32: note: initializing argument 1 of 'void Cody::Detail::MessageBuffer::AppendWord(const char*, bool, size_t)'
  119 |   void AppendWord (char const *str, bool maybe_quote = false,
      |                    ~~~~~~~~~~~~^~~
../../gcc-15.2.0/libcody/client.cc: In function 'Cody::Packet Cody::IncludeTranslateResponse(std::vector<std::__cxx11::basic_string<char> >&)':
../../gcc-15.2.0/libcody/client.cc:322:16: error: no match for 'operator==' (operand types are '__gnu_cxx::__alloc_traits<std::allocator<std::__cxx11::basic_string<char> >, std::__cxx11::basic_string<char> >::value_type' {aka 'std::__cxx11::basic_string<char>'} and 'const char8_t [5]')
  322 |   if (words[0] == u8"BOOL" && words.size () == 2)
  • there are 24 candidates
    • candidate 1: 'template<class _Up> constexpr bool std::operator==(const __new_allocator<char>&, const __new_allocator<_Tp>&)' (reversed)
      C:/Users/Syf/Desktop/BS4/tools/msys64/msys64/mingw64/include/c++/16.2.0/bits/new_allocator.h:227:9:
        227 |         operator==(const __new_allocator&, const __new_allocator<_Up>&)
            |         ^~~~~~~~
      • template argument deduction/substitution failed:
        •   '__gnu_cxx::__alloc_traits<std::allocator<std::__cxx11::basic_string<char> >, std::__cxx11::basic_string<char> >::value_type' {aka 'std::__cxx11::basic_string<char>'} is not derived from 'const std::__new_allocator<_Tp>'
          ../../gcc-15.2.0/libcody/client.cc:322:19:
            322 |   if (words[0] == u8"BOOL" && words.size () == 2)
                |                   ^~~~~~~~
    • candidate 2: 'template<class _T1, class _T2> constexpr bool std::operator==(const allocator<_Up>&, const allocator<_T2>&)' (reversed)
      C:/Users/Syf/Desktop/BS4/tools/msys64/msys64/mingw64/include/c++/16.2.0/bits/allocator.h:251:5:
        251 |     operator==(const allocator<_T1>&, const allocator<_T2>&)
            |     ^~~~~~~~
      • template argument deduction/substitution failed:
        •   mismatched types 'const std::allocator<_Up>' and 'const char8_t [5]'
          ../../gcc-15.2.0/libcody/client.cc:322:19:
            322 |   if (words[0] == u8"BOOL" && words.size () == 2)
                |                   ^~~~~~~~
    • candidate 3: 'template<class _T1, class _T2, class _U1, class _U2> constexpr bool std::operator==(const pair<_T1, _T2>&, const pair<_U1, _U2>&) requires requires{{std::operator==::__x->first == std::operator==::__y->first} -> decltype(auto) [requires std::__detail::__boolean_testable<<placeholder>, >];{std::operator==::__x->second == std::operator==::__y->second} -> decltype(auto) [requires std::__detail::__boolean_testable<<placeholder>, >];}' (reversed)
      C:/Users/Syf/Desktop/BS4/tools/msys64/msys64/mingw64/include/c++/16.2.0/bits/stl_pair.h:1034:5:
       1034 |     operator==(const pair<_T1, _T2>& __x, const pair<_U1, _U2>& __y)
            |     ^~~~~~~~
      • template argument deduction/substitution failed:
        •   mismatched types 'const std::pair<_T1, _T2>' and 'const char8_t [5]'
          ../../gcc-15.2.0/libcody/client.cc:322:19:
            322 |   if (words[0] == u8"BOOL" && words.size () == 2)
                |                   ^~~~~~~~
    • candidate 4: 'template<class _IteratorL, class _IteratorR> constexpr bool std::operator==(const reverse_iterator<_IteratorL>&, const reverse_iterator<_IteratorR>&) requires requires{{std::operator==::__x->base() == std::operator==::__y->base()} -> decltype(auto) [requires std::convertible_to<<placeholder>, bool>];}' (reversed)
      C:/Users/Syf/Desktop/BS4/tools/msys64/msys64/mingw64/include/c++/16.2.0/bits/stl_iterator.h:529:5:
        529 |     operator==(const reverse_iterator<_IteratorL>& __x,
            |     ^~~~~~~~
      • template argument deduction/substitution failed:
        •   mismatched types 'const std::reverse_iterator<_IteratorL>' and 'const char8_t [5]'
          ../../gcc-15.2.0/libcody/client.cc:322:19:
            322 |   if (words[0] == u8"BOOL" && words.size () == 2)
                |                   ^~~~~~~~
    • candidate 5: 'template<class _IteratorL, class _IteratorR> constexpr bool std::operator==(const move_iterator<_IteratorL>&, const move_iterator<_IteratorR>&) requires requires{{std::operator==::__x->base() == std::operator==::__y->base()} -> decltype(auto) [requires std::convertible_to<<placeholder>, bool>];}' (reversed)
      C:/Users/Syf/Desktop/BS4/tools/msys64/msys64/mingw64/include/c++/16.2.0/bits/stl_iterator.h:1675:5:
       1675 |     operator==(const move_iterator<_IteratorL>& __x,
            |     ^~~~~~~~
      • template argument deduction/substitution failed:
        •   mismatched types 'const std::move_iterator<_IteratorL>' and 'const char8_t [5]'
          ../../gcc-15.2.0/libcody/client.cc:322:19:
            322 |   if (words[0] == u8"BOOL" && words.size () == 2)
                |                   ^~~~~~~~
    • candidate 6: 'template<class ... _Tps, class ... _Ups>  requires  sizeof ... (_Tps ...) == sizeof ... (_Ups ...) && ((requires(const _Tps& __t, const _Ups& __u) {{__t == __u} -> decltype(auto) [requires std::__detail::__boolean_testable<<placeholder>, >];} && ...)) constexpr bool std::operator==(const tuple<_UTypes ...>&, const tuple<_Elements ...>&)' (reversed)
      C:/Users/Syf/Desktop/BS4/tools/msys64/msys64/mingw64/include/c++/16.2.0/tuple:2589:5:
       2589 |     operator== [[nodiscard]] (const tuple<_Tps...>& __t,
            |     ^~~~~~~~
      • template argument deduction/substitution failed:
        •   mismatched types 'const std::tuple<_UTypes ...>' and 'const char8_t [5]'
          ../../gcc-15.2.0/libcody/client.cc:322:19:
            322 |   if (words[0] == u8"BOOL" && words.size () == 2)
                |                   ^~~~~~~~
    • candidate 7: 'template<class _CharT, class _Traits> constexpr bool std::operator==(basic_string_view<_CharT, _Traits>, type_identity_t<basic_string_view<_CharT, _Traits> >)' (reversed)
      C:/Users/Syf/Desktop/BS4/tools/msys64/msys64/mingw64/include/c++/16.2.0/string_view:627:5:
        627 |     operator==(basic_string_view<_CharT, _Traits> __x,
            |     ^~~~~~~~
      • template argument deduction/substitution failed:
        •   mismatched types 'std::basic_string_view<_CharT, _Traits>' and 'const char8_t*'
          ../../gcc-15.2.0/libcody/client.cc:322:19:
            322 |   if (words[0] == u8"BOOL" && words.size () == 2)
                |                   ^~~~~~~~
    • candidate 8: 'template<class _CharT, class _Traits, class _Alloc> constexpr bool std::operator==(const __cxx11::basic_string<_CharT, _Traits, _Alloc>&, const _CharT*)' (reversed)
      C:/Users/Syf/Desktop/BS4/tools/msys64/msys64/mingw64/include/c++/16.2.0/bits/basic_string.h:4117:5:
       4117 |     operator==(const basic_string<_CharT, _Traits, _Alloc>& __lhs,
            |     ^~~~~~~~
      • template argument deduction/substitution failed:
        •   mismatched types 'const std::__cxx11::basic_string<_CharT, _Traits, _Alloc>' and 'const char8_t [5]'
          ../../gcc-15.2.0/libcody/client.cc:322:19:
            322 |   if (words[0] == u8"BOOL" && words.size () == 2)
                |                   ^~~~~~~~
    • candidate 9: 'template<class _Tp, class _Dp, class _Up, class _Ep> bool std::operator==(const unique_ptr<_Tp, _Dp>&, const unique_ptr<_Up, _Ep>&)' (reversed)
      C:/Users/Syf/Desktop/BS4/tools/msys64/msys64/mingw64/include/c++/16.2.0/bits/unique_ptr.h:866:5:
        866 |     operator==(const unique_ptr<_Tp, _Dp>& __x,
            |     ^~~~~~~~
      • template argument deduction/substitution failed:
        •   mismatched types 'const std::unique_ptr<_Tp, _Dp>' and 'const char8_t [5]'
          ../../gcc-15.2.0/libcody/client.cc:322:19:
            322 |   if (words[0] == u8"BOOL" && words.size () == 2)
                |                   ^~~~~~~~
    • candidate 10: 'template<class _Tp, class _Dp> bool std::operator==(const unique_ptr<_Tp, _Dp>&, nullptr_t)' (reversed)
      C:/Users/Syf/Desktop/BS4/tools/msys64/msys64/mingw64/include/c++/16.2.0/bits/unique_ptr.h:874:5:
        874 |     operator==(const unique_ptr<_Tp, _Dp>& __x, nullptr_t) noexcept
            |     ^~~~~~~~
      • template argument deduction/substitution failed:
        •   mismatched types 'const std::unique_ptr<_Tp, _Dp>' and 'const char8_t [5]'
          ../../gcc-15.2.0/libcody/client.cc:322:19:
            322 |   if (words[0] == u8"BOOL" && words.size () == 2)
                |                   ^~~~~~~~
    • candidate 11: 'template<class _Tp1, class _Tp2, __gnu_cxx::_Lock_policy _Lp> bool std::operator==(const __shared_ptr<_Tp1, _Lp>&, const __shared_ptr<_Tp2, _Lp>&)' (reversed)
      C:/Users/Syf/Desktop/BS4/tools/msys64/msys64/mingw64/include/c++/16.2.0/bits/shared_ptr_base.h:1897:5:
       1897 |     operator==(const __shared_ptr<_Tp1, _Lp>& __a,
            |     ^~~~~~~~
      • template argument deduction/substitution failed:
        •   mismatched types 'const std::__shared_ptr<_Tp1, _Lp>' and 'const char8_t [5]'
          ../../gcc-15.2.0/libcody/client.cc:322:19:
            322 |   if (words[0] == u8"BOOL" && words.size () == 2)
                |                   ^~~~~~~~
    • candidate 12: 'template<class _Tp, __gnu_cxx::_Lock_policy _Lp> bool std::operator==(const __shared_ptr<_Tp, _Lp>&, nullptr_t)' (reversed)
      C:/Users/Syf/Desktop/BS4/tools/msys64/msys64/mingw64/include/c++/16.2.0/bits/shared_ptr_base.h:1903:5:
       1903 |     operator==(const __shared_ptr<_Tp, _Lp>& __a, nullptr_t) noexcept
            |     ^~~~~~~~
      • template argument deduction/substitution failed:
        •   mismatched types 'const std::__shared_ptr<_Tp, _Lp>' and 'const char8_t [5]'
          ../../gcc-15.2.0/libcody/client.cc:322:19:
            322 |   if (words[0] == u8"BOOL" && words.size () == 2)
                |                   ^~~~~~~~
    • candidate 13: 'template<class _Tp, class _Up> bool std::operator==(const shared_ptr<_Tp>&, const shared_ptr<_Tp>&)' (reversed)
      C:/Users/Syf/Desktop/BS4/tools/msys64/msys64/mingw64/include/c++/16.2.0/bits/shared_ptr.h:554:5:
        554 |     operator==(const shared_ptr<_Tp>& __a, const shared_ptr<_Up>& __b) noexcept
            |     ^~~~~~~~
      • template argument deduction/substitution failed:
        •   mismatched types 'const std::shared_ptr<_Tp>' and 'const char8_t [5]'
          ../../gcc-15.2.0/libcody/client.cc:322:19:
            322 |   if (words[0] == u8"BOOL" && words.size () == 2)
                |                   ^~~~~~~~
    • candidate 14: 'template<class _Tp> bool std::operator==(const shared_ptr<_Tp>&, nullptr_t)' (reversed)
      C:/Users/Syf/Desktop/BS4/tools/msys64/msys64/mingw64/include/c++/16.2.0/bits/shared_ptr.h:560:5:
        560 |     operator==(const shared_ptr<_Tp>& __a, nullptr_t) noexcept
            |     ^~~~~~~~
      • template argument deduction/substitution failed:
        •   mismatched types 'const std::shared_ptr<_Tp>' and 'const char8_t [5]'
          ../../gcc-15.2.0/libcody/client.cc:322:19:
            322 |   if (words[0] == u8"BOOL" && words.size () == 2)
                |                   ^~~~~~~~
    • candidate 15: 'bool std::operator==(const error_code&, const error_condition&)' (reversed)
      C:/Users/Syf/Desktop/BS4/tools/msys64/msys64/mingw64/include/c++/16.2.0/system_error:467:3:
        467 |   operator==(const error_code& __lhs, const error_condition& __rhs) noexcept
            |   ^~~~~~~~
      • no known conversion for argument 1 from 'const char8_t [5]' to 'const std::error_code&'
        C:/Users/Syf/Desktop/BS4/tools/msys64/msys64/mingw64/include/c++/16.2.0/system_error:467:32:
          467 |   operator==(const error_code& __lhs, const error_condition& __rhs) noexcept
              |              ~~~~~~~~~~~~~~~~~~^~~~~
    • candidate 16: 'template<class _Iterator> constexpr bool std::operator==(const reverse_iterator<_IteratorL>&, const reverse_iterator<_IteratorL>&) requires requires{{std::operator==::__x->base() == std::operator==::__y->base()} -> decltype(auto) [requires std::convertible_to<<placeholder>, bool>];}'
      C:/Users/Syf/Desktop/BS4/tools/msys64/msys64/mingw64/include/c++/16.2.0/bits/stl_iterator.h:588:5:
        588 |     operator==(const reverse_iterator<_Iterator>& __x,
            |     ^~~~~~~~
      • template argument deduction/substitution failed:
        •   '__gnu_cxx::__alloc_traits<std::allocator<std::__cxx11::basic_string<char> >, std::__cxx11::basic_string<char> >::value_type' {aka 'std::__cxx11::basic_string<char>'} is not derived from 'const std::reverse_iterator<_IteratorL>'
          ../../gcc-15.2.0/libcody/client.cc:322:19:
            322 |   if (words[0] == u8"BOOL" && words.size () == 2)
                |                   ^~~~~~~~
    • candidate 17: 'template<class _Iterator> constexpr bool std::operator==(const move_iterator<_IteratorL>&, const move_iterator<_IteratorL>&)'
      C:/Users/Syf/Desktop/BS4/tools/msys64/msys64/mingw64/include/c++/16.2.0/bits/stl_iterator.h:1745:5:
       1745 |     operator==(const move_iterator<_Iterator>& __x,
            |     ^~~~~~~~
      • template argument deduction/substitution failed:
        •   '__gnu_cxx::__alloc_traits<std::allocator<std::__cxx11::basic_string<char> >, std::__cxx11::basic_string<char> >::value_type' {aka 'std::__cxx11::basic_string<char>'} is not derived from 'const std::move_iterator<_IteratorL>'
          ../../gcc-15.2.0/libcody/client.cc:322:19:
            322 |   if (words[0] == u8"BOOL" && words.size () == 2)
                |                   ^~~~~~~~
    • candidate 18: 'template<class _StateT> bool std::operator==(const fpos<_StateT>&, const fpos<_StateT>&)'
      C:/Users/Syf/Desktop/BS4/tools/msys64/msys64/mingw64/include/c++/16.2.0/bits/postypes.h:197:5:
        197 |     operator==(const fpos<_StateT>& __lhs, const fpos<_StateT>& __rhs)
            |     ^~~~~~~~
      • template argument deduction/substitution failed:
        •   '__gnu_cxx::__alloc_traits<std::allocator<std::__cxx11::basic_string<char> >, std::__cxx11::basic_string<char> >::value_type' {aka 'std::__cxx11::basic_string<char>'} is not derived from 'const std::fpos<_StateT>'
          ../../gcc-15.2.0/libcody/client.cc:322:19:
            322 |   if (words[0] == u8"BOOL" && words.size () == 2)
                |                   ^~~~~~~~
    • candidate 19: 'template<class _CharT, class _Traits, class _Alloc> constexpr bool std::operator==(const __cxx11::basic_string<_CharT, _Traits, _Alloc>&, const __cxx11::basic_string<_CharT, _Traits, _Alloc>&)'
      C:/Users/Syf/Desktop/BS4/tools/msys64/msys64/mingw64/include/c++/16.2.0/bits/basic_string.h:4100:5:
       4100 |     operator==(const basic_string<_CharT, _Traits, _Alloc>& __lhs,
            |     ^~~~~~~~
      • template argument deduction/substitution failed:
        •   mismatched types 'const std::__cxx11::basic_string<_CharT, _Traits, _Alloc>' and 'const char8_t [5]'
          ../../gcc-15.2.0/libcody/client.cc:322:19:
            322 |   if (words[0] == u8"BOOL" && words.size () == 2)
                |                   ^~~~~~~~
    • candidate 20: 'template<class _CharT, class _Traits> bool std::operator==(const istreambuf_iterator<_CharT, _Traits>&, const istreambuf_iterator<_CharT, _Traits>&)'
      C:/Users/Syf/Desktop/BS4/tools/msys64/msys64/mingw64/include/c++/16.2.0/bits/streambuf_iterator.h:236:5:
        236 |     operator==(const istreambuf_iterator<_CharT, _Traits>& __a,
            |     ^~~~~~~~
      • template argument deduction/substitution failed:
        •   '__gnu_cxx::__alloc_traits<std::allocator<std::__cxx11::basic_string<char> >, std::__cxx11::basic_string<char> >::value_type' {aka 'std::__cxx11::basic_string<char>'} is not derived from 'const std::istreambuf_iterator<_CharT, _Traits>'
          ../../gcc-15.2.0/libcody/client.cc:322:19:
            322 |   if (words[0] == u8"BOOL" && words.size () == 2)
                |                   ^~~~~~~~
    • candidate 21: 'template<class _Tp, class _Alloc> constexpr bool std::operator==(const vector<_Tp, _Alloc>&, const vector<_Tp, _Alloc>&)'
      C:/Users/Syf/Desktop/BS4/tools/msys64/msys64/mingw64/include/c++/16.2.0/bits/stl_vector.h:2333:5:
       2333 |     operator==(const vector<_Tp, _Alloc>& __x, const vector<_Tp, _Alloc>& __y)
            |     ^~~~~~~~
      • template argument deduction/substitution failed:
        •   '__gnu_cxx::__alloc_traits<std::allocator<std::__cxx11::basic_string<char> >, std::__cxx11::basic_string<char> >::value_type' {aka 'std::__cxx11::basic_string<char>'} is not derived from 'const std::vector<_Tp, _Alloc>'
          ../../gcc-15.2.0/libcody/client.cc:322:19:
            322 |   if (words[0] == u8"BOOL" && words.size () == 2)
                |                   ^~~~~~~~
    • candidate 22: 'constexpr bool std::operator==(const allocator<char>&, const allocator<char>&)'
      C:/Users/Syf/Desktop/BS4/tools/msys64/msys64/mingw64/include/c++/16.2.0/bits/allocator.h:230:7:
        230 |       operator==(const allocator&, const allocator&) _GLIBCXX_NOTHROW
            |       ^~~~~~~~
      • no known conversion for argument 1 from '__gnu_cxx::__alloc_traits<std::allocator<std::__cxx11::basic_string<char> >, std::__cxx11::basic_string<char> >::value_type' {aka 'std::__cxx11::basic_string<char>'} to 'const std::allocator<char>&'
        C:/Users/Syf/Desktop/BS4/tools/msys64/msys64/mingw64/include/c++/16.2.0/bits/allocator.h:230:18:
          230 |       operator==(const allocator&, const allocator&) _GLIBCXX_NOTHROW
              |                  ^~~~~~~~~~~~~~~~
    • candidate 23: 'bool std::operator==(const error_code&, const error_code&)'
      C:/Users/Syf/Desktop/BS4/tools/msys64/msys64/mingw64/include/c++/16.2.0/system_error:451:3:
        451 |   operator==(const error_code& __lhs, const error_code& __rhs) noexcept
            |   ^~~~~~~~
      • no known conversion for argument 1 from '__gnu_cxx::__alloc_traits<std::allocator<std::__cxx11::basic_string<char> >, std::__cxx11::basic_string<char> >::value_type' {aka 'std::__cxx11::basic_string<char>'} to 'const std::error_code&'
        C:/Users/Syf/Desktop/BS4/tools/msys64/msys64/mingw64/include/c++/16.2.0/system_error:451:32:
          451 |   operator==(const error_code& __lhs, const error_code& __rhs) noexcept
              |              ~~~~~~~~~~~~~~~~~~^~~~~
    • candidate 24: 'bool std::operator==(const error_condition&, const error_condition&)'
      C:/Users/Syf/Desktop/BS4/tools/msys64/msys64/mingw64/include/c++/16.2.0/system_error:482:3:
        482 |   operator==(const error_condition& __lhs,
            |   ^~~~~~~~
      • no known conversion for argument 1 from '__gnu_cxx::__alloc_traits<std::allocator<std::__cxx11::basic_string<char> >, std::__cxx11::basic_string<char> >::value_type' {aka 'std::__cxx11::basic_string<char>'} to 'const std::error_condition&'
        C:/Users/Syf/Desktop/BS4/tools/msys64/msys64/mingw64/include/c++/16.2.0/system_error:482:37:
          482 |   operator==(const error_condition& __lhs,
              |              ~~~~~~~~~~~~~~~~~~~~~~~^~~~~
../../gcc-15.2.0/libcody/client.cc:324:20: error: no match for 'operator==' (operand types are '__gnu_cxx::__alloc_traits<std::allocator<std::__cxx11::basic_string<char> >, std::__cxx11::basic_string<char> >::value_type' {aka 'std::__cxx11::basic_string<char>'} and 'const char8_t [6]')
  324 |       if (words[1] == u8"FALSE")
  • there are 24 candidates
    • candidate 1: 'template<class _Up> constexpr bool std::operator==(const __new_allocator<char>&, const __new_allocator<_Tp>&)' (reversed)
      C:/Users/Syf/Desktop/BS4/tools/msys64/msys64/mingw64/include/c++/16.2.0/bits/new_allocator.h:227:9:
        227 |         operator==(const __new_allocator&, const __new_allocator<_Up>&)
            |         ^~~~~~~~
      • template argument deduction/substitution failed:
        •   '__gnu_cxx::__alloc_traits<std::allocator<std::__cxx11::basic_string<char> >, std::__cxx11::basic_string<char> >::value_type' {aka 'std::__cxx11::basic_string<char>'} is not derived from 'const std::__new_allocator<_Tp>'
          ../../gcc-15.2.0/libcody/client.cc:324:23:
            324 |       if (words[1] == u8"FALSE")
                |                       ^~~~~~~~~
    • candidate 2: 'template<class _T1, class _T2> constexpr bool std::operator==(const allocator<_Up>&, const allocator<_T2>&)' (reversed)
      C:/Users/Syf/Desktop/BS4/tools/msys64/msys64/mingw64/include/c++/16.2.0/bits/allocator.h:251:5:
        251 |     operator==(const allocator<_T1>&, const allocator<_T2>&)
            |     ^~~~~~~~
      • template argument deduction/substitution failed:
        •   mismatched types 'const std::allocator<_Up>' and 'const char8_t [6]'
          ../../gcc-15.2.0/libcody/client.cc:324:23:
            324 |       if (words[1] == u8"FALSE")
                |                       ^~~~~~~~~
    • candidate 3: 'template<class _T1, class _T2, class _U1, class _U2> constexpr bool std::operator==(const pair<_T1, _T2>&, const pair<_U1, _U2>&) requires requires{{std::operator==::__x->first == std::operator==::__y->first} -> decltype(auto) [requires std::__detail::__boolean_testable<<placeholder>, >];{std::operator==::__x->second == std::operator==::__y->second} -> decltype(auto) [requires std::__detail::__boolean_testable<<placeholder>, >];}' (reversed)
      C:/Users/Syf/Desktop/BS4/tools/msys64/msys64/mingw64/include/c++/16.2.0/bits/stl_pair.h:1034:5:
       1034 |     operator==(const pair<_T1, _T2>& __x, const pair<_U1, _U2>& __y)
            |     ^~~~~~~~
      • template argument deduction/substitution failed:
        •   mismatched types 'const std::pair<_T1, _T2>' and 'const char8_t [6]'
          ../../gcc-15.2.0/libcody/client.cc:324:23:
            324 |       if (words[1] == u8"FALSE")
                |                       ^~~~~~~~~
    • candidate 4: 'template<class _IteratorL, class _IteratorR> constexpr bool std::operator==(const reverse_iterator<_IteratorL>&, const reverse_iterator<_IteratorR>&) requires requires{{std::operator==::__x->base() == std::operator==::__y->base()} -> decltype(auto) [requires std::convertible_to<<placeholder>, bool>];}' (reversed)
      C:/Users/Syf/Desktop/BS4/tools/msys64/msys64/mingw64/include/c++/16.2.0/bits/stl_iterator.h:529:5:
        529 |     operator==(const reverse_iterator<_IteratorL>& __x,
            |     ^~~~~~~~
      • template argument deduction/substitution failed:
        •   mismatched types 'const std::reverse_iterator<_IteratorL>' and 'const char8_t [6]'
          ../../gcc-15.2.0/libcody/client.cc:324:23:
            324 |       if (words[1] == u8"FALSE")
                |                       ^~~~~~~~~
    • candidate 5: 'template<class _IteratorL, class _IteratorR> constexpr bool std::operator==(const move_iterator<_IteratorL>&, const move_iterator<_IteratorR>&) requires requires{{std::operator==::__x->base() == std::operator==::__y->base()} -> decltype(auto) [requires std::convertible_to<<placeholder>, bool>];}' (reversed)
      C:/Users/Syf/Desktop/BS4/tools/msys64/msys64/mingw64/include/c++/16.2.0/bits/stl_iterator.h:1675:5:
       1675 |     operator==(const move_iterator<_IteratorL>& __x,
            |     ^~~~~~~~
      • template argument deduction/substitution failed:
        •   mismatched types 'const std::move_iterator<_IteratorL>' and 'const char8_t [6]'
          ../../gcc-15.2.0/libcody/client.cc:324:23:
            324 |       if (words[1] == u8"FALSE")
                |                       ^~~~~~~~~
    • candidate 6: 'template<class ... _Tps, class ... _Ups>  requires  sizeof ... (_Tps ...) == sizeof ... (_Ups ...) && ((requires(const _Tps& __t, const _Ups& __u) {{__t == __u} -> decltype(auto) [requires std::__detail::__boolean_testable<<placeholder>, >];} && ...)) constexpr bool std::operator==(const tuple<_UTypes ...>&, const tuple<_Elements ...>&)' (reversed)
      C:/Users/Syf/Desktop/BS4/tools/msys64/msys64/mingw64/include/c++/16.2.0/tuple:2589:5:
       2589 |     operator== [[nodiscard]] (const tuple<_Tps...>& __t,
            |     ^~~~~~~~
      • template argument deduction/substitution failed:
        •   mismatched types 'const std::tuple<_UTypes ...>' and 'const char8_t [6]'
          ../../gcc-15.2.0/libcody/client.cc:324:23:
            324 |       if (words[1] == u8"FALSE")
                |                       ^~~~~~~~~
    • candidate 7: 'template<class _CharT, class _Traits> constexpr bool std::operator==(basic_string_view<_CharT, _Traits>, type_identity_t<basic_string_view<_CharT, _Traits> >)' (reversed)
      C:/Users/Syf/Desktop/BS4/tools/msys64/msys64/mingw64/include/c++/16.2.0/string_view:627:5:
        627 |     operator==(basic_string_view<_CharT, _Traits> __x,
            |     ^~~~~~~~
      • template argument deduction/substitution failed:
        •   mismatched types 'std::basic_string_view<_CharT, _Traits>' and 'const char8_t*'
          ../../gcc-15.2.0/libcody/client.cc:324:23:
            324 |       if (words[1] == u8"FALSE")
                |                       ^~~~~~~~~
    • candidate 8: 'template<class _CharT, class _Traits, class _Alloc> constexpr bool std::operator==(const __cxx11::basic_string<_CharT, _Traits, _Alloc>&, const _CharT*)' (reversed)
      C:/Users/Syf/Desktop/BS4/tools/msys64/msys64/mingw64/include/c++/16.2.0/bits/basic_string.h:4117:5:
       4117 |     operator==(const basic_string<_CharT, _Traits, _Alloc>& __lhs,
            |     ^~~~~~~~
      • template argument deduction/substitution failed:
        •   mismatched types 'const std::__cxx11::basic_string<_CharT, _Traits, _Alloc>' and 'const char8_t [6]'
          ../../gcc-15.2.0/libcody/client.cc:324:23:
            324 |       if (words[1] == u8"FALSE")
                |                       ^~~~~~~~~
    • candidate 9: 'template<class _Tp, class _Dp, class _Up, class _Ep> bool std::operator==(const unique_ptr<_Tp, _Dp>&, const unique_ptr<_Up, _Ep>&)' (reversed)
      C:/Users/Syf/Desktop/BS4/tools/msys64/msys64/mingw64/include/c++/16.2.0/bits/unique_ptr.h:866:5:
        866 |     operator==(const unique_ptr<_Tp, _Dp>& __x,
            |     ^~~~~~~~
      • template argument deduction/substitution failed:
        •   mismatched types 'const std::unique_ptr<_Tp, _Dp>' and 'const char8_t [6]'
          ../../gcc-15.2.0/libcody/client.cc:324:23:
            324 |       if (words[1] == u8"FALSE")
                |                       ^~~~~~~~~
    • candidate 10: 'template<class _Tp, class _Dp> bool std::operator==(const unique_ptr<_Tp, _Dp>&, nullptr_t)' (reversed)
      C:/Users/Syf/Desktop/BS4/tools/msys64/msys64/mingw64/include/c++/16.2.0/bits/unique_ptr.h:874:5:
        874 |     operator==(const unique_ptr<_Tp, _Dp>& __x, nullptr_t) noexcept
            |     ^~~~~~~~
      • template argument deduction/substitution failed:
        •   mismatched types 'const std::unique_ptr<_Tp, _Dp>' and 'const char8_t [6]'
          ../../gcc-15.2.0/libcody/client.cc:324:23:
            324 |       if (words[1] == u8"FALSE")
                |                       ^~~~~~~~~
    • candidate 11: 'template<class _Tp1, class _Tp2, __gnu_cxx::_Lock_policy _Lp> bool std::operator==(const __shared_ptr<_Tp1, _Lp>&, const __shared_ptr<_Tp2, _Lp>&)' (reversed)
      C:/Users/Syf/Desktop/BS4/tools/msys64/msys64/mingw64/include/c++/16.2.0/bits/shared_ptr_base.h:1897:5:
       1897 |     operator==(const __shared_ptr<_Tp1, _Lp>& __a,
            |     ^~~~~~~~
      • template argument deduction/substitution failed:
        •   mismatched types 'const std::__shared_ptr<_Tp1, _Lp>' and 'const char8_t [6]'
          ../../gcc-15.2.0/libcody/client.cc:324:23:
            324 |       if (words[1] == u8"FALSE")
                |                       ^~~~~~~~~
    • candidate 12: 'template<class _Tp, __gnu_cxx::_Lock_policy _Lp> bool std::operator==(const __shared_ptr<_Tp, _Lp>&, nullptr_t)' (reversed)
      C:/Users/Syf/Desktop/BS4/tools/msys64/msys64/mingw64/include/c++/16.2.0/bits/shared_ptr_base.h:1903:5:
       1903 |     operator==(const __shared_ptr<_Tp, _Lp>& __a, nullptr_t) noexcept
            |     ^~~~~~~~
      • template argument deduction/substitution failed:
        •   mismatched types 'const std::__shared_ptr<_Tp, _Lp>' and 'const char8_t [6]'
          ../../gcc-15.2.0/libcody/client.cc:324:23:
            324 |       if (words[1] == u8"FALSE")
                |                       ^~~~~~~~~
    • candidate 13: 'template<class _Tp, class _Up> bool std::operator==(const shared_ptr<_Tp>&, const shared_ptr<_Tp>&)' (reversed)
      C:/Users/Syf/Desktop/BS4/tools/msys64/msys64/mingw64/include/c++/16.2.0/bits/shared_ptr.h:554:5:
        554 |     operator==(const shared_ptr<_Tp>& __a, const shared_ptr<_Up>& __b) noexcept
            |     ^~~~~~~~
      • template argument deduction/substitution failed:
        •   mismatched types 'const std::shared_ptr<_Tp>' and 'const char8_t [6]'
          ../../gcc-15.2.0/libcody/client.cc:324:23:
            324 |       if (words[1] == u8"FALSE")
                |                       ^~~~~~~~~
    • candidate 14: 'template<class _Tp> bool std::operator==(const shared_ptr<_Tp>&, nullptr_t)' (reversed)
      C:/Users/Syf/Desktop/BS4/tools/msys64/msys64/mingw64/include/c++/16.2.0/bits/shared_ptr.h:560:5:
        560 |     operator==(const shared_ptr<_Tp>& __a, nullptr_t) noexcept
            |     ^~~~~~~~
      • template argument deduction/substitution failed:
        •   mismatched types 'const std::shared_ptr<_Tp>' and 'const char8_t [6]'
          ../../gcc-15.2.0/libcody/client.cc:324:23:
            324 |       if (words[1] == u8"FALSE")
                |                       ^~~~~~~~~
    • candidate 15: 'bool std::operator==(const error_code&, const error_condition&)' (reversed)
      C:/Users/Syf/Desktop/BS4/tools/msys64/msys64/mingw64/include/c++/16.2.0/system_error:467:3:
        467 |   operator==(const error_code& __lhs, const error_condition& __rhs) noexcept
            |   ^~~~~~~~
      • no known conversion for argument 1 from 'const char8_t [6]' to 'const std::error_code&'
        C:/Users/Syf/Desktop/BS4/tools/msys64/msys64/mingw64/include/c++/16.2.0/system_error:467:32:
          467 |   operator==(const error_code& __lhs, const error_condition& __rhs) noexcept
              |              ~~~~~~~~~~~~~~~~~~^~~~~
    • candidate 16: 'template<class _Iterator> constexpr bool std::operator==(const reverse_iterator<_IteratorL>&, const reverse_iterator<_IteratorL>&) requires requires{{std::operator==::__x->base() == std::operator==::__y->base()} -> decltype(auto) [requires std::convertible_to<<placeholder>, bool>];}'
      C:/Users/Syf/Desktop/BS4/tools/msys64/msys64/mingw64/include/c++/16.2.0/bits/stl_iterator.h:588:5:
        588 |     operator==(const reverse_iterator<_Iterator>& __x,
            |     ^~~~~~~~
      • template argument deduction/substitution failed:
        •   '__gnu_cxx::__alloc_traits<std::allocator<std::__cxx11::basic_string<char> >, std::__cxx11::basic_string<char> >::value_type' {aka 'std::__cxx11::basic_string<char>'} is not derived from 'const std::reverse_iterator<_IteratorL>'
          ../../gcc-15.2.0/libcody/client.cc:324:23:
            324 |       if (words[1] == u8"FALSE")
                |                       ^~~~~~~~~
    • candidate 17: 'template<class _Iterator> constexpr bool std::operator==(const move_iterator<_IteratorL>&, const move_iterator<_IteratorL>&)'
      C:/Users/Syf/Desktop/BS4/tools/msys64/msys64/mingw64/include/c++/16.2.0/bits/stl_iterator.h:1745:5:
       1745 |     operator==(const move_iterator<_Iterator>& __x,
            |     ^~~~~~~~
      • template argument deduction/substitution failed:
        •   '__gnu_cxx::__alloc_traits<std::allocator<std::__cxx11::basic_string<char> >, std::__cxx11::basic_string<char> >::value_type' {aka 'std::__cxx11::basic_string<char>'} is not derived from 'const std::move_iterator<_IteratorL>'
          ../../gcc-15.2.0/libcody/client.cc:324:23:
            324 |       if (words[1] == u8"FALSE")
                |                       ^~~~~~~~~
    • candidate 18: 'template<class _StateT> bool std::operator==(const fpos<_StateT>&, const fpos<_StateT>&)'
      C:/Users/Syf/Desktop/BS4/tools/msys64/msys64/mingw64/include/c++/16.2.0/bits/postypes.h:197:5:
        197 |     operator==(const fpos<_StateT>& __lhs, const fpos<_StateT>& __rhs)
            |     ^~~~~~~~
      • template argument deduction/substitution failed:
        •   '__gnu_cxx::__alloc_traits<std::allocator<std::__cxx11::basic_string<char> >, std::__cxx11::basic_string<char> >::value_type' {aka 'std::__cxx11::basic_string<char>'} is not derived from 'const std::fpos<_StateT>'
          ../../gcc-15.2.0/libcody/client.cc:324:23:
            324 |       if (words[1] == u8"FALSE")
                |                       ^~~~~~~~~
    • candidate 19: 'template<class _CharT, class _Traits, class _Alloc> constexpr bool std::operator==(const __cxx11::basic_string<_CharT, _Traits, _Alloc>&, const __cxx11::basic_string<_CharT, _Traits, _Alloc>&)'
      C:/Users/Syf/Desktop/BS4/tools/msys64/msys64/mingw64/include/c++/16.2.0/bits/basic_string.h:4100:5:
       4100 |     operator==(const basic_string<_CharT, _Traits, _Alloc>& __lhs,
            |     ^~~~~~~~
      • template argument deduction/substitution failed:
        •   mismatched types 'const std::__cxx11::basic_string<_CharT, _Traits, _Alloc>' and 'const char8_t [6]'
          ../../gcc-15.2.0/libcody/client.cc:324:23:
            324 |       if (words[1] == u8"FALSE")
                |                       ^~~~~~~~~
    • candidate 20: 'template<class _CharT, class _Traits> bool std::operator==(const istreambuf_iterator<_CharT, _Traits>&, const istreambuf_iterator<_CharT, _Traits>&)'
      C:/Users/Syf/Desktop/BS4/tools/msys64/msys64/mingw64/include/c++/16.2.0/bits/streambuf_iterator.h:236:5:
        236 |     operator==(const istreambuf_iterator<_CharT, _Traits>& __a,
            |     ^~~~~~~~
      • template argument deduction/substitution failed:
        •   '__gnu_cxx::__alloc_traits<std::allocator<std::__cxx11::basic_string<char> >, std::__cxx11::basic_string<char> >::value_type' {aka 'std::__cxx11::basic_string<char>'} is not derived from 'const std::istreambuf_iterator<_CharT, _Traits>'
          ../../gcc-15.2.0/libcody/client.cc:324:23:
            324 |       if (words[1] == u8"FALSE")
                |                       ^~~~~~~~~
    • candidate 21: 'template<class _Tp, class _Alloc> constexpr bool std::operator==(const vector<_Tp, _Alloc>&, const vector<_Tp, _Alloc>&)'
      C:/Users/Syf/Desktop/BS4/tools/msys64/msys64/mingw64/include/c++/16.2.0/bits/stl_vector.h:2333:5:
       2333 |     operator==(const vector<_Tp, _Alloc>& __x, const vector<_Tp, _Alloc>& __y)
            |     ^~~~~~~~
      • template argument deduction/substitution failed:
        •   '__gnu_cxx::__alloc_traits<std::allocator<std::__cxx11::basic_string<char> >, std::__cxx11::basic_string<char> >::value_type' {aka 'std::__cxx11::basic_string<char>'} is not derived from 'const std::vector<_Tp, _Alloc>'
          ../../gcc-15.2.0/libcody/client.cc:324:23:
            324 |       if (words[1] == u8"FALSE")
                |                       ^~~~~~~~~
    • candidate 22: 'constexpr bool std::operator==(const allocator<char>&, const allocator<char>&)'
      C:/Users/Syf/Desktop/BS4/tools/msys64/msys64/mingw64/include/c++/16.2.0/bits/allocator.h:230:7:
        230 |       operator==(const allocator&, const allocator&) _GLIBCXX_NOTHROW
            |       ^~~~~~~~
      • no known conversion for argument 1 from '__gnu_cxx::__alloc_traits<std::allocator<std::__cxx11::basic_string<char> >, std::__cxx11::basic_string<char> >::value_type' {aka 'std::__cxx11::basic_string<char>'} to 'const std::allocator<char>&'
        C:/Users/Syf/Desktop/BS4/tools/msys64/msys64/mingw64/include/c++/16.2.0/bits/allocator.h:230:18:
          230 |       operator==(const allocator&, const allocator&) _GLIBCXX_NOTHROW
              |                  ^~~~~~~~~~~~~~~~
    • candidate 23: 'bool std::operator==(const error_code&, const error_code&)'
      C:/Users/Syf/Desktop/BS4/tools/msys64/msys64/mingw64/include/c++/16.2.0/system_error:451:3:
        451 |   operator==(const error_code& __lhs, const error_code& __rhs) noexcept
            |   ^~~~~~~~
      • no known conversion for argument 1 from '__gnu_cxx::__alloc_traits<std::allocator<std::__cxx11::basic_string<char> >, std::__cxx11::basic_string<char> >::value_type' {aka 'std::__cxx11::basic_string<char>'} to 'const std::error_code&'
        C:/Users/Syf/Desktop/BS4/tools/msys64/msys64/mingw64/include/c++/16.2.0/system_error:451:32:
          451 |   operator==(const error_code& __lhs, const error_code& __rhs) noexcept
              |              ~~~~~~~~~~~~~~~~~~^~~~~
    • candidate 24: 'bool std::operator==(const error_condition&, const error_condition&)'
      C:/Users/Syf/Desktop/BS4/tools/msys64/msys64/mingw64/include/c++/16.2.0/system_error:482:3:
        482 |   operator==(const error_condition& __lhs,
            |   ^~~~~~~~
      • no known conversion for argument 1 from '__gnu_cxx::__alloc_traits<std::allocator<std::__cxx11::basic_string<char> >, std::__cxx11::basic_string<char> >::value_type' {aka 'std::__cxx11::basic_string<char>'} to 'const std::error_condition&'
        C:/Users/Syf/Desktop/BS4/tools/msys64/msys64/mingw64/include/c++/16.2.0/system_error:482:37:
          482 |   operator==(const error_condition& __lhs,
              |              ~~~~~~~~~~~~~~~~~~~~~~~^~~~~
../../gcc-15.2.0/libcody/client.cc:326:25: error: no match for 'operator==' (operand types are '__gnu_cxx::__alloc_traits<std::allocator<std::__cxx11::basic_string<char> >, std::__cxx11::basic_string<char> >::value_type' {aka 'std::__cxx11::basic_string<char>'} and 'const char8_t [5]')
  326 |       else if (words[1] == u8"TRUE")
  • there are 24 candidates
    • candidate 1: 'template<class _Up> constexpr bool std::operator==(const __new_allocator<char>&, const __new_allocator<_Tp>&)' (reversed)
      C:/Users/Syf/Desktop/BS4/tools/msys64/msys64/mingw64/include/c++/16.2.0/bits/new_allocator.h:227:9:
        227 |         operator==(const __new_allocator&, const __new_allocator<_Up>&)
            |         ^~~~~~~~
      • template argument deduction/substitution failed:
        •   '__gnu_cxx::__alloc_traits<std::allocator<std::__cxx11::basic_string<char> >, std::__cxx11::basic_string<char> >::value_type' {aka 'std::__cxx11::basic_string<char>'} is not derived from 'const std::__new_allocator<_Tp>'
          ../../gcc-15.2.0/libcody/client.cc:326:28:
            326 |       else if (words[1] == u8"TRUE")
                |                            ^~~~~~~~
    • candidate 2: 'template<class _T1, class _T2> constexpr bool std::operator==(const allocator<_Up>&, const allocator<_T2>&)' (reversed)
      C:/Users/Syf/Desktop/BS4/tools/msys64/msys64/mingw64/include/c++/16.2.0/bits/allocator.h:251:5:
        251 |     operator==(const allocator<_T1>&, const allocator<_T2>&)
            |     ^~~~~~~~
      • template argument deduction/substitution failed:
        •   mismatched types 'const std::allocator<_Up>' and 'const char8_t [5]'
          ../../gcc-15.2.0/libcody/client.cc:326:28:
            326 |       else if (words[1] == u8"TRUE")
                |                            ^~~~~~~~
    • candidate 3: 'template<class _T1, class _T2, class _U1, class _U2> constexpr bool std::operator==(const pair<_T1, _T2>&, const pair<_U1, _U2>&) requires requires{{std::operator==::__x->first == std::operator==::__y->first} -> decltype(auto) [requires std::__detail::__boolean_testable<<placeholder>, >];{std::operator==::__x->second == std::operator==::__y->second} -> decltype(auto) [requires std::__detail::__boolean_testable<<placeholder>, >];}' (reversed)
      C:/Users/Syf/Desktop/BS4/tools/msys64/msys64/mingw64/include/c++/16.2.0/bits/stl_pair.h:1034:5:
       1034 |     operator==(const pair<_T1, _T2>& __x, const pair<_U1, _U2>& __y)
            |     ^~~~~~~~
      • template argument deduction/substitution failed:
        •   mismatched types 'const std::pair<_T1, _T2>' and 'const char8_t [5]'
          ../../gcc-15.2.0/libcody/client.cc:326:28:
            326 |       else if (words[1] == u8"TRUE")
                |                            ^~~~~~~~
    • candidate 4: 'template<class _IteratorL, class _IteratorR> constexpr bool std::operator==(const reverse_iterator<_IteratorL>&, const reverse_iterator<_IteratorR>&) requires requires{{std::operator==::__x->base() == std::operator==::__y->base()} -> decltype(auto) [requires std::convertible_to<<placeholder>, bool>];}' (reversed)
      C:/Users/Syf/Desktop/BS4/tools/msys64/msys64/mingw64/include/c++/16.2.0/bits/stl_iterator.h:529:5:
        529 |     operator==(const reverse_iterator<_IteratorL>& __x,
            |     ^~~~~~~~
      • template argument deduction/substitution failed:
        •   mismatched types 'const std::reverse_iterator<_IteratorL>' and 'const char8_t [5]'
          ../../gcc-15.2.0/libcody/client.cc:326:28:
            326 |       else if (words[1] == u8"TRUE")
                |                            ^~~~~~~~
    • candidate 5: 'template<class _IteratorL, class _IteratorR> constexpr bool std::operator==(const move_iterator<_IteratorL>&, const move_iterator<_IteratorR>&) requires requires{{std::operator==::__x->base() == std::operator==::__y->base()} -> decltype(auto) [requires std::convertible_to<<placeholder>, bool>];}' (reversed)
      C:/Users/Syf/Desktop/BS4/tools/msys64/msys64/mingw64/include/c++/16.2.0/bits/stl_iterator.h:1675:5:
       1675 |     operator==(const move_iterator<_IteratorL>& __x,
            |     ^~~~~~~~
      • template argument deduction/substitution failed:
        •   mismatched types 'const std::move_iterator<_IteratorL>' and 'const char8_t [5]'
          ../../gcc-15.2.0/libcody/client.cc:326:28:
            326 |       else if (words[1] == u8"TRUE")
                |                            ^~~~~~~~
    • candidate 6: 'template<class ... _Tps, class ... _Ups>  requires  sizeof ... (_Tps ...) == sizeof ... (_Ups ...) && ((requires(const _Tps& __t, const _Ups& __u) {{__t == __u} -> decltype(auto) [requires std::__detail::__boolean_testable<<placeholder>, >];} && ...)) constexpr bool std::operator==(const tuple<_UTypes ...>&, const tuple<_Elements ...>&)' (reversed)
      C:/Users/Syf/Desktop/BS4/tools/msys64/msys64/mingw64/include/c++/16.2.0/tuple:2589:5:
       2589 |     operator== [[nodiscard]] (const tuple<_Tps...>& __t,
            |     ^~~~~~~~
      • template argument deduction/substitution failed:
        •   mismatched types 'const std::tuple<_UTypes ...>' and 'const char8_t [5]'
          ../../gcc-15.2.0/libcody/client.cc:326:28:
            326 |       else if (words[1] == u8"TRUE")
                |                            ^~~~~~~~
    • candidate 7: 'template<class _CharT, class _Traits> constexpr bool std::operator==(basic_string_view<_CharT, _Traits>, type_identity_t<basic_string_view<_CharT, _Traits> >)' (reversed)
      C:/Users/Syf/Desktop/BS4/tools/msys64/msys64/mingw64/include/c++/16.2.0/string_view:627:5:
        627 |     operator==(basic_string_view<_CharT, _Traits> __x,
            |     ^~~~~~~~
      • template argument deduction/substitution failed:
        •   mismatched types 'std::basic_string_view<_CharT, _Traits>' and 'const char8_t*'
          ../../gcc-15.2.0/libcody/client.cc:326:28:
            326 |       else if (words[1] == u8"TRUE")
                |                            ^~~~~~~~
    • candidate 8: 'template<class _CharT, class _Traits, class _Alloc> constexpr bool std::operator==(const __cxx11::basic_string<_CharT, _Traits, _Alloc>&, const _CharT*)' (reversed)
      C:/Users/Syf/Desktop/BS4/tools/msys64/msys64/mingw64/include/c++/16.2.0/bits/basic_string.h:4117:5:
       4117 |     operator==(const basic_string<_CharT, _Traits, _Alloc>& __lhs,
            |     ^~~~~~~~
      • template argument deduction/substitution failed:
        •   mismatched types 'const std::__cxx11::basic_string<_CharT, _Traits, _Alloc>' and 'const char8_t [5]'
          ../../gcc-15.2.0/libcody/client.cc:326:28:
            326 |       else if (words[1] == u8"TRUE")
                |                            ^~~~~~~~
    • candidate 9: 'template<class _Tp, class _Dp, class _Up, class _Ep> bool std::operator==(const unique_ptr<_Tp, _Dp>&, const unique_ptr<_Up, _Ep>&)' (reversed)
      C:/Users/Syf/Desktop/BS4/tools/msys64/msys64/mingw64/include/c++/16.2.0/bits/unique_ptr.h:866:5:
        866 |     operator==(const unique_ptr<_Tp, _Dp>& __x,
            |     ^~~~~~~~
      • template argument deduction/substitution failed:
        •   mismatched types 'const std::unique_ptr<_Tp, _Dp>' and 'const char8_t [5]'
          ../../gcc-15.2.0/libcody/client.cc:326:28:
            326 |       else if (words[1] == u8"TRUE")
                |                            ^~~~~~~~
    • candidate 10: 'template<class _Tp, class _Dp> bool std::operator==(const unique_ptr<_Tp, _Dp>&, nullptr_t)' (reversed)
      C:/Users/Syf/Desktop/BS4/tools/msys64/msys64/mingw64/include/c++/16.2.0/bits/unique_ptr.h:874:5:
        874 |     operator==(const unique_ptr<_Tp, _Dp>& __x, nullptr_t) noexcept
            |     ^~~~~~~~
      • template argument deduction/substitution failed:
        •   mismatched types 'const std::unique_ptr<_Tp, _Dp>' and 'const char8_t [5]'
          ../../gcc-15.2.0/libcody/client.cc:326:28:
            326 |       else if (words[1] == u8"TRUE")
                |                            ^~~~~~~~
    • candidate 11: 'template<class _Tp1, class _Tp2, __gnu_cxx::_Lock_policy _Lp> bool std::operator==(const __shared_ptr<_Tp1, _Lp>&, const __shared_ptr<_Tp2, _Lp>&)' (reversed)
      C:/Users/Syf/Desktop/BS4/tools/msys64/msys64/mingw64/include/c++/16.2.0/bits/shared_ptr_base.h:1897:5:
       1897 |     operator==(const __shared_ptr<_Tp1, _Lp>& __a,
            |     ^~~~~~~~
      • template argument deduction/substitution failed:
        •   mismatched types 'const std::__shared_ptr<_Tp1, _Lp>' and 'const char8_t [5]'
          ../../gcc-15.2.0/libcody/client.cc:326:28:
            326 |       else if (words[1] == u8"TRUE")
                |                            ^~~~~~~~
    • candidate 12: 'template<class _Tp, __gnu_cxx::_Lock_policy _Lp> bool std::operator==(const __shared_ptr<_Tp, _Lp>&, nullptr_t)' (reversed)
      C:/Users/Syf/Desktop/BS4/tools/msys64/msys64/mingw64/include/c++/16.2.0/bits/shared_ptr_base.h:1903:5:
       1903 |     operator==(const __shared_ptr<_Tp, _Lp>& __a, nullptr_t) noexcept
            |     ^~~~~~~~
      • template argument deduction/substitution failed:
        •   mismatched types 'const std::__shared_ptr<_Tp, _Lp>' and 'const char8_t [5]'
          ../../gcc-15.2.0/libcody/client.cc:326:28:
            326 |       else if (words[1] == u8"TRUE")
                |                            ^~~~~~~~
    • candidate 13: 'template<class _Tp, class _Up> bool std::operator==(const shared_ptr<_Tp>&, const shared_ptr<_Tp>&)' (reversed)
      C:/Users/Syf/Desktop/BS4/tools/msys64/msys64/mingw64/include/c++/16.2.0/bits/shared_ptr.h:554:5:
        554 |     operator==(const shared_ptr<_Tp>& __a, const shared_ptr<_Up>& __b) noexcept
            |     ^~~~~~~~
      • template argument deduction/substitution failed:
        •   mismatched types 'const std::shared_ptr<_Tp>' and 'const char8_t [5]'
          ../../gcc-15.2.0/libcody/client.cc:326:28:
            326 |       else if (words[1] == u8"TRUE")
                |                            ^~~~~~~~
    • candidate 14: 'template<class _Tp> bool std::operator==(const shared_ptr<_Tp>&, nullptr_t)' (reversed)
      C:/Users/Syf/Desktop/BS4/tools/msys64/msys64/mingw64/include/c++/16.2.0/bits/shared_ptr.h:560:5:
        560 |     operator==(const shared_ptr<_Tp>& __a, nullptr_t) noexcept
            |     ^~~~~~~~
      • template argument deduction/substitution failed:
        •   mismatched types 'const std::shared_ptr<_Tp>' and 'const char8_t [5]'
          ../../gcc-15.2.0/libcody/client.cc:326:28:
            326 |       else if (words[1] == u8"TRUE")
                |                            ^~~~~~~~
    • candidate 15: 'bool std::operator==(const error_code&, const error_condition&)' (reversed)
      C:/Users/Syf/Desktop/BS4/tools/msys64/msys64/mingw64/include/c++/16.2.0/system_error:467:3:
        467 |   operator==(const error_code& __lhs, const error_condition& __rhs) noexcept
            |   ^~~~~~~~
      • no known conversion for argument 1 from 'const char8_t [5]' to 'const std::error_code&'
        C:/Users/Syf/Desktop/BS4/tools/msys64/msys64/mingw64/include/c++/16.2.0/system_error:467:32:
          467 |   operator==(const error_code& __lhs, const error_condition& __rhs) noexcept
              |              ~~~~~~~~~~~~~~~~~~^~~~~
    • candidate 16: 'template<class _Iterator> constexpr bool std::operator==(const reverse_iterator<_IteratorL>&, const reverse_iterator<_IteratorL>&) requires requires{{std::operator==::__x->base() == std::operator==::__y->base()} -> decltype(auto) [requires std::convertible_to<<placeholder>, bool>];}'
      C:/Users/Syf/Desktop/BS4/tools/msys64/msys64/mingw64/include/c++/16.2.0/bits/stl_iterator.h:588:5:
        588 |     operator==(const reverse_iterator<_Iterator>& __x,
            |     ^~~~~~~~
      • template argument deduction/substitution failed:
        •   '__gnu_cxx::__alloc_traits<std::allocator<std::__cxx11::basic_string<char> >, std::__cxx11::basic_string<char> >::value_type' {aka 'std::__cxx11::basic_string<char>'} is not derived from 'const std::reverse_iterator<_IteratorL>'
          ../../gcc-15.2.0/libcody/client.cc:326:28:
            326 |       else if (words[1] == u8"TRUE")
                |                            ^~~~~~~~
    • candidate 17: 'template<class _Iterator> constexpr bool std::operator==(const move_iterator<_IteratorL>&, const move_iterator<_IteratorL>&)'
      C:/Users/Syf/Desktop/BS4/tools/msys64/msys64/mingw64/include/c++/16.2.0/bits/stl_iterator.h:1745:5:
       1745 |     operator==(const move_iterator<_Iterator>& __x,
            |     ^~~~~~~~
      • template argument deduction/substitution failed:
        •   '__gnu_cxx::__alloc_traits<std::allocator<std::__cxx11::basic_string<char> >, std::__cxx11::basic_string<char> >::value_type' {aka 'std::__cxx11::basic_string<char>'} is not derived from 'const std::move_iterator<_IteratorL>'
          ../../gcc-15.2.0/libcody/client.cc:326:28:
            326 |       else if (words[1] == u8"TRUE")
                |                            ^~~~~~~~
    • candidate 18: 'template<class _StateT> bool std::operator==(const fpos<_StateT>&, const fpos<_StateT>&)'
      C:/Users/Syf/Desktop/BS4/tools/msys64/msys64/mingw64/include/c++/16.2.0/bits/postypes.h:197:5:
        197 |     operator==(const fpos<_StateT>& __lhs, const fpos<_StateT>& __rhs)
            |     ^~~~~~~~
      • template argument deduction/substitution failed:
        •   '__gnu_cxx::__alloc_traits<std::allocator<std::__cxx11::basic_string<char> >, std::__cxx11::basic_string<char> >::value_type' {aka 'std::__cxx11::basic_string<char>'} is not derived from 'const std::fpos<_StateT>'
          ../../gcc-15.2.0/libcody/client.cc:326:28:
            326 |       else if (words[1] == u8"TRUE")
                |                            ^~~~~~~~
    • candidate 19: 'template<class _CharT, class _Traits, class _Alloc> constexpr bool std::operator==(const __cxx11::basic_string<_CharT, _Traits, _Alloc>&, const __cxx11::basic_string<_CharT, _Traits, _Alloc>&)'
      C:/Users/Syf/Desktop/BS4/tools/msys64/msys64/mingw64/include/c++/16.2.0/bits/basic_string.h:4100:5:
       4100 |     operator==(const basic_string<_CharT, _Traits, _Alloc>& __lhs,
            |     ^~~~~~~~
      • template argument deduction/substitution failed:
        •   mismatched types 'const std::__cxx11::basic_string<_CharT, _Traits, _Alloc>' and 'const char8_t [5]'
          ../../gcc-15.2.0/libcody/client.cc:326:28:
            326 |       else if (words[1] == u8"TRUE")
                |                            ^~~~~~~~
    • candidate 20: 'template<class _CharT, class _Traits> bool std::operator==(const istreambuf_iterator<_CharT, _Traits>&, const istreambuf_iterator<_CharT, _Traits>&)'
      C:/Users/Syf/Desktop/BS4/tools/msys64/msys64/mingw64/include/c++/16.2.0/bits/streambuf_iterator.h:236:5:
        236 |     operator==(const istreambuf_iterator<_CharT, _Traits>& __a,
            |     ^~~~~~~~
      • template argument deduction/substitution failed:
        •   '__gnu_cxx::__alloc_traits<std::allocator<std::__cxx11::basic_string<char> >, std::__cxx11::basic_string<char> >::value_type' {aka 'std::__cxx11::basic_string<char>'} is not derived from 'const std::istreambuf_iterator<_CharT, _Traits>'
          ../../gcc-15.2.0/libcody/client.cc:326:28:
            326 |       else if (words[1] == u8"TRUE")
                |                            ^~~~~~~~
    • candidate 21: 'template<class _Tp, class _Alloc> constexpr bool std::operator==(const vector<_Tp, _Alloc>&, const vector<_Tp, _Alloc>&)'
      C:/Users/Syf/Desktop/BS4/tools/msys64/msys64/mingw64/include/c++/16.2.0/bits/stl_vector.h:2333:5:
       2333 |     operator==(const vector<_Tp, _Alloc>& __x, const vector<_Tp, _Alloc>& __y)
            |     ^~~~~~~~
      • template argument deduction/substitution failed:
        •   '__gnu_cxx::__alloc_traits<std::allocator<std::__cxx11::basic_string<char> >, std::__cxx11::basic_string<char> >::value_type' {aka 'std::__cxx11::basic_string<char>'} is not derived from 'const std::vector<_Tp, _Alloc>'
          ../../gcc-15.2.0/libcody/client.cc:326:28:
            326 |       else if (words[1] == u8"TRUE")
                |                            ^~~~~~~~
    • candidate 22: 'constexpr bool std::operator==(const allocator<char>&, const allocator<char>&)'
      C:/Users/Syf/Desktop/BS4/tools/msys64/msys64/mingw64/include/c++/16.2.0/bits/allocator.h:230:7:
        230 |       operator==(const allocator&, const allocator&) _GLIBCXX_NOTHROW
            |       ^~~~~~~~
      • no known conversion for argument 1 from '__gnu_cxx::__alloc_traits<std::allocator<std::__cxx11::basic_string<char> >, std::__cxx11::basic_string<char> >::value_type' {aka 'std::__cxx11::basic_string<char>'} to 'const std::allocator<char>&'
        C:/Users/Syf/Desktop/BS4/tools/msys64/msys64/mingw64/include/c++/16.2.0/bits/allocator.h:230:18:
          230 |       operator==(const allocator&, const allocator&) _GLIBCXX_NOTHROW
              |                  ^~~~~~~~~~~~~~~~
    • candidate 23: 'bool std::operator==(const error_code&, const error_code&)'
      C:/Users/Syf/Desktop/BS4/tools/msys64/msys64/mingw64/include/c++/16.2.0/system_error:451:3:
        451 |   operator==(const error_code& __lhs, const error_code& __rhs) noexcept
            |   ^~~~~~~~
      • no known conversion for argument 1 from '__gnu_cxx::__alloc_traits<std::allocator<std::__cxx11::basic_string<char> >, std::__cxx11::basic_string<char> >::value_type' {aka 'std::__cxx11::basic_string<char>'} to 'const std::error_code&'
        C:/Users/Syf/Desktop/BS4/tools/msys64/msys64/mingw64/include/c++/16.2.0/system_error:451:32:
          451 |   operator==(const error_code& __lhs, const error_code& __rhs) noexcept
              |              ~~~~~~~~~~~~~~~~~~^~~~~
    • candidate 24: 'bool std::operator==(const error_condition&, const error_condition&)'
      C:/Users/Syf/Desktop/BS4/tools/msys64/msys64/mingw64/include/c++/16.2.0/system_error:482:3:
        482 |   operator==(const error_condition& __lhs,
            |   ^~~~~~~~
      • no known conversion for argument 1 from '__gnu_cxx::__alloc_traits<std::allocator<std::__cxx11::basic_string<char> >, std::__cxx11::basic_string<char> >::value_type' {aka 'std::__cxx11::basic_string<char>'} to 'const std::error_condition&'
        C:/Users/Syf/Desktop/BS4/tools/msys64/msys64/mingw64/include/c++/16.2.0/system_error:482:37:
          482 |   operator==(const error_condition& __lhs,
              |              ~~~~~~~~~~~~~~~~~~~~~~~^~~~~
../../gcc-15.2.0/libcody/client.cc:329:42: error: invalid conversion from 'const char8_t*' to 'size_t' {aka 'long long unsigned int'} [-fpermissive]
  329 |         return Packet (Client::PC_ERROR, u8"");
      |                                          ^~~~
      |                                          |
      |                                          const char8_t*
../../gcc-15.2.0/libcody/cody.hh:255:30: note: initializing argument 2 of 'Cody::Packet::Packet(unsigned int, size_t)'
  255 |   Packet (unsigned c, size_t i = 0)
      |                       ~~~~~~~^~~~~
/mingw64/bin/gcc -c -DHAVE_CONFIG_H -g -O2  -I. -I../../../gcc-15.2.0/libiberty/../include  -W -Wall -Wwrite-strings -Wc++-compat -Wstrict-prototypes -Wshadow=local -pedantic  -D_GNU_SOURCE  ../../../gcc-15.2.0/libiberty/stpncpy.c -o stpncpy.o
make[1]: Entering directory '/c/Users/Syf/Desktop/BS4/tools/gcc-build-mingw/libdecnumber'
source='../../gcc-15.2.0/libdecnumber/decNumber.c' object='decNumber.o' libtool=no /mingw64/bin/gcc  -I../../gcc-15.2.0/libdecnumber -I.  -g -O2   -W -Wall -Wwrite-strings -Wstrict-prototypes -Wmissing-prototypes -Wold-style-definition -Wmissing-format-attribute -Wcast-qual -pedantic -Wno-long-long  -fno-lto -I../../gcc-15.2.0/libdecnumber -I.    -c ../../gcc-15.2.0/libdecnumber/decNumber.c
../../gcc-15.2.0/libcody/client.cc:333:1: warning: control reaches end of non-void function [-Wreturn-type]
  333 | }
      | ^
../../gcc-15.2.0/libcody/client.cc: In function 'Cody::Packet Cody::OKResponse(std::vector<std::__cxx11::basic_string<char> >&)':
../../gcc-15.2.0/libcody/client.cc:264:1: warning: control reaches end of non-void function [-Wreturn-type]
  264 | }
      | ^
make[1]: *** [Makefile:57: client.o] Error 1
if [ x"" != x ]; then \
  /mingw64/bin/gcc -c -DHAVE_CONFIG_H -g -O2  -I. -I../../../gcc-15.2.0/libiberty/../include  -W -Wall -Wwrite-strings -Wc++-compat -Wstrict-prototypes -Wshadow=local -pedantic  -D_GNU_SOURCE   ../../../gcc-15.2.0/libiberty/strverscmp.c -o pic/strverscmp.o; \
else true; fi
if [ x"" != x ]; then \
  /mingw64/bin/gcc -c -DHAVE_CONFIG_H -g -O2  -I. -I../../../gcc-15.2.0/libiberty/../include  -W -Wall -Wwrite-strings -Wc++-compat -Wstrict-prototypes -Wshadow=local -pedantic  -D_GNU_SOURCE    ../../../gcc-15.2.0/libiberty/strverscmp.c -o noasan/strverscmp.o; \
else true; fi
/mingw64/bin/gcc -c -DHAVE_CONFIG_H -g -O2  -I. -I../../../gcc-15.2.0/libiberty/../include  -W -Wall -Wwrite-strings -Wc++-compat -Wstrict-prototypes -Wshadow=local -pedantic  -D_GNU_SOURCE  ../../../gcc-15.2.0/libiberty/strverscmp.c -o strverscmp.o
config.status: creating cxx/Makefile
if [ x"" != x ]; then \
  /mingw64/bin/gcc -c -DHAVE_CONFIG_H -g -O2  -I. -I../../../gcc-15.2.0/libiberty/../include  -W -Wall -Wwrite-strings -Wc++-compat -Wstrict-prototypes -Wshadow=local -pedantic  -D_GNU_SOURCE   ../../../gcc-15.2.0/libiberty/waitpid.c -o pic/waitpid.o; \
else true; fi
if [ x"" != x ]; then \
  /mingw64/bin/gcc -c -DHAVE_CONFIG_H -g -O2  -I. -I../../../gcc-15.2.0/libiberty/../include  -W -Wall -Wwrite-strings -Wc++-compat -Wstrict-prototypes -Wshadow=local -pedantic  -D_GNU_SOURCE    ../../../gcc-15.2.0/libiberty/waitpid.c -o noasan/waitpid.o; \
else true; fi
/mingw64/bin/gcc -c -DHAVE_CONFIG_H -g -O2  -I. -I../../../gcc-15.2.0/libiberty/../include  -W -Wall -Wwrite-strings -Wc++-compat -Wstrict-prototypes -Wshadow=local -pedantic  -D_GNU_SOURCE  ../../../gcc-15.2.0/libiberty/waitpid.c -o waitpid.o
make[1]: Entering directory '/c/Users/Syf/Desktop/BS4/tools/gcc-build-mingw/lto-plugin'
if [ x"" != x ]; then \
  /mingw64/bin/gcc -c -DHAVE_CONFIG_H -g -O2  -I. -I../../../gcc-15.2.0/libiberty/../include  -W -Wall -Wwrite-strings -Wc++-compat -Wstrict-prototypes -Wshadow=local -pedantic  -D_GNU_SOURCE   ../../../gcc-15.2.0/libiberty/setproctitle.c -o pic/setproctitle.o; \
else true; fi
if [ x"" != x ]; then \
  /mingw64/bin/gcc -c -DHAVE_CONFIG_H -g -O2  -I. -I../../../gcc-15.2.0/libiberty/../include  -W -Wall -Wwrite-strings -Wc++-compat -Wstrict-prototypes -Wshadow=local -pedantic  -D_GNU_SOURCE    ../../../gcc-15.2.0/libiberty/setproctitle.c -o noasan/setproctitle.o; \
else true; fi
/mingw64/bin/gcc -c -DHAVE_CONFIG_H -g -O2  -I. -I../../../gcc-15.2.0/libiberty/../include  -W -Wall -Wwrite-strings -Wc++-compat -Wstrict-prototypes -Wshadow=local -pedantic  -D_GNU_SOURCE  ../../../gcc-15.2.0/libiberty/setproctitle.c -o setproctitle.o
config.status: creating tests/Makefile
if [ x"" != x ]; then \
  /mingw64/bin/gcc -c -DHAVE_CONFIG_H -g -O2  -I. -I../../../gcc-15.2.0/libiberty/../include  -W -Wall -Wwrite-strings -Wc++-compat -Wstrict-prototypes -Wshadow=local -pedantic  -D_GNU_SOURCE   ../../../gcc-15.2.0/libiberty/vfork.c -o pic/vfork.o; \
else true; fi
make  all-am
if [ x"" != x ]; then \
  /mingw64/bin/gcc -c -DHAVE_CONFIG_H -g -O2  -I. -I../../../gcc-15.2.0/libiberty/../include  -W -Wall -Wwrite-strings -Wc++-compat -Wstrict-prototypes -Wshadow=local -pedantic  -D_GNU_SOURCE    ../../../gcc-15.2.0/libiberty/vfork.c -o noasan/vfork.o; \
else true; fi
make[2]: Entering directory '/c/Users/Syf/Desktop/BS4/tools/gcc-build-mingw/lto-plugin'
/mingw64/bin/gcc -c -DHAVE_CONFIG_H -g -O2  -I. -I../../../gcc-15.2.0/libiberty/../include  -W -Wall -Wwrite-strings -Wc++-compat -Wstrict-prototypes -Wshadow=local -pedantic  -D_GNU_SOURCE  ../../../gcc-15.2.0/libiberty/vfork.c -o vfork.o
/bin/sh ./libtool  --tag=CC --tag=disable-static  --mode=compile /mingw64/bin/gcc -DHAVE_CONFIG_H -I. -I../../gcc-15.2.0/lto-plugin  -I../../gcc-15.2.0/lto-plugin/../include -DHAVE_CONFIG_H  -Wall  -DBASE_VERSION='"15.2.0"' -g -O2 -c -o lto-plugin.lo ../../gcc-15.2.0/lto-plugin/lto-plugin.c
echo ./regex.o ./cplus-dem.o ./cp-demangle.o ./md5.o ./sha1.o ./alloca.o ./argv.o ./bsearch_r.o ./choose-temp.o ./concat.o ./cp-demint.o ./crc32.o ./d-demangle.o ./dwarfnames.o ./dyn-string.o ./fdmatch.o ./fibheap.o ./filedescriptor.o ./filename_cmp.o ./floatformat.o ./fnmatch.o ./fopen_unlocked.o ./getopt.o ./getopt1.o ./getpwd.o ./getruntime.o ./hashtab.o ./hex.o ./lbasename.o ./ldirname.o ./lrealpath.o ./make-relative-prefix.o ./make-temp-file.o ./objalloc.o ./obstack.o ./partition.o ./pexecute.o ./physmem.o ./pex-common.o ./pex-one.o ./pex-win32.o ./vprintf-support.o ./rust-demangle.o ./safe-ctype.o ./simple-object.o ./simple-object-coff.o ./simple-object-elf.o ./simple-object-mach-o.o ./simple-object-xcoff.o ./sort.o ./spaces.o ./splay-tree.o ./stack-limit.o ./strerror.o ./strsignal.o ./timeval-utils.o ./unlink-if-ordinary.o ./xasprintf.o ./xatexit.o ./xexit.o ./xmalloc.o ./xmemdup.o ./xstrdup.o ./xstrerror.o ./xstrndup.o ./xvasprintf.o > required-list
make[1]: Leaving directory '/c/Users/Syf/Desktop/BS4/tools/gcc-build-mingw/libcody'
make: *** [Makefile:9043: all-libcody] Error 2
make: *** Waiting for unfinished jobs....
source='../../gcc-15.2.0/libdecnumber/decContext.c' object='decContext.o' libtool=no /mingw64/bin/gcc  -I../../gcc-15.2.0/libdecnumber -I.  -g -O2   -W -Wall -Wwrite-strings -Wstrict-prototypes -Wmissing-prototypes -Wold-style-definition -Wmissing-format-attribute -Wcast-qual -pedantic -Wno-long-long  -fno-lto -I../../gcc-15.2.0/libdecnumber -I.    -c ../../gcc-15.2.0/libdecnumber/decContext.c
make[2]: Entering directory '/c/Users/Syf/Desktop/BS4/tools/gcc-build-mingw/build-x86_64-w64-mingw32/libiberty/testsuite'
make[2]: Nothing to be done for 'all'.
make[2]: Leaving directory '/c/Users/Syf/Desktop/BS4/tools/gcc-build-mingw/build-x86_64-w64-mingw32/libiberty/testsuite'
if [ x"" != x ]; then \
  /mingw64/bin/gcc -c -DHAVE_CONFIG_H -g -O2  -I. -I../../../gcc-15.2.0/libiberty/../include  -W -Wall -Wwrite-strings -Wc++-compat -Wstrict-prototypes -Wshadow=local -pedantic  -D_GNU_SOURCE   ../../../gcc-15.2.0/libiberty/regex.c -o pic/regex.o; \
else true; fi
if [ x"" != x ]; then \
  /mingw64/bin/gcc -c -DHAVE_CONFIG_H -g -O2  -I. -I../../../gcc-15.2.0/libiberty/../include  -W -Wall -Wwrite-strings -Wc++-compat -Wstrict-prototypes -Wshadow=local -pedantic  -D_GNU_SOURCE    ../../../gcc-15.2.0/libiberty/regex.c -o noasan/regex.o; \
else true; fi
config.status: creating tests/devel/Makefile
if [ x"" != x ]; then \
  /mingw64/bin/gcc -c -DHAVE_CONFIG_H -g -O2  -I. -I../../../gcc-15.2.0/libiberty/../include  -W -Wall -Wwrite-strings -Wc++-compat -Wstrict-prototypes -Wshadow=local -pedantic  -D_GNU_SOURCE   ../../../gcc-15.2.0/libiberty/cplus-dem.c -o pic/cplus-dem.o; \
else true; fi
/mingw64/bin/gcc -c -DHAVE_CONFIG_H -g -O2  -I. -I../../../gcc-15.2.0/libiberty/../include  -W -Wall -Wwrite-strings -Wc++-compat -Wstrict-prototypes -Wshadow=local -pedantic  -D_GNU_SOURCE  ../../../gcc-15.2.0/libiberty/regex.c -o regex.o
if [ x"" != x ]; then \
  /mingw64/bin/gcc -c -DHAVE_CONFIG_H -g -O2  -I. -I../../../gcc-15.2.0/libiberty/../include  -W -Wall -Wwrite-strings -Wc++-compat -Wstrict-prototypes -Wshadow=local -pedantic  -D_GNU_SOURCE    ../../../gcc-15.2.0/libiberty/cplus-dem.c -o noasan/cplus-dem.o; \
else true; fi
/mingw64/bin/gcc -c -DHAVE_CONFIG_H -g -O2  -I. -I../../../gcc-15.2.0/libiberty/../include  -W -Wall -Wwrite-strings -Wc++-compat -Wstrict-prototypes -Wshadow=local -pedantic  -D_GNU_SOURCE  ../../../gcc-15.2.0/libiberty/cplus-dem.c -o cplus-dem.o
libtool: compile:  /mingw64/bin/gcc -DHAVE_CONFIG_H -I. -I../../gcc-15.2.0/lto-plugin -I../../gcc-15.2.0/lto-plugin/../include -DHAVE_CONFIG_H -Wall -DBASE_VERSION=\"15.2.0\" -g -O2 -c ../../gcc-15.2.0/lto-plugin/lto-plugin.c  -DDLL_EXPORT -DPIC -o .libs/lto-plugin.o
../../gcc-15.2.0/lto-plugin/lto-plugin.c: In function 'dump_symtab':
../../gcc-15.2.0/lto-plugin/lto-plugin.c:503:19: warning: 'I' flag used with '%x' gnu_printf format [-Wformat=]
  503 |       fprintf (f, "%u %" PRI_LL "x %s %s\n",
      |                   ^~~~~~
../../gcc-15.2.0/lto-plugin/lto-plugin.c:503:34: note: format string is defined here
  503 |       fprintf (f, "%u %" PRI_LL "x %s %s\n",
      |                                  ^
../../gcc-15.2.0/lto-plugin/lto-plugin.c:503:19: warning: format '%x' expects argument of type 'unsigned int', but argument 4 has type 'long long unsigned int' [-Wformat=]
  503 |       fprintf (f, "%u %" PRI_LL "x %s %s\n",
      |                   ^~~~~~
  504 |                (unsigned int) slot, symtab->aux[j].id,
      |                                     ~~~~~~~~~~~~~~~~~
      |                                                   |
      |                                                   long long unsigned int
../../gcc-15.2.0/lto-plugin/lto-plugin.c:503:34: note: format string is defined here
  503 |       fprintf (f, "%u %" PRI_LL "x %s %s\n",
      |                       ~~~~~~~~~~~^
      |                                  |
      |                                  unsigned int
      |                       %" PRI_LL "llx
../../gcc-15.2.0/lto-plugin/lto-plugin.c: In function 'process_symtab':
../../gcc-15.2.0/lto-plugin/lto-plugin.c:1102:16: warning: 'I' flag used with '%x' gnu_scanf format [-Wformat=]
 1102 |     sscanf (s, ".%" PRI_LL "x", &obj->out->id);
      |                ^~~~
../../gcc-15.2.0/lto-plugin/lto-plugin.c:1102:29: note: format string is defined here
 1102 |     sscanf (s, ".%" PRI_LL "x", &obj->out->id);
      |                             ^
../../gcc-15.2.0/lto-plugin/lto-plugin.c:1102:16: warning: format '%x' expects argument of type 'unsigned int *', but argument 3 has type 'long long unsigned int *' [-Wformat=]
 1102 |     sscanf (s, ".%" PRI_LL "x", &obj->out->id);
      |                ^~~~             ~~~~~~~~~~~~~
      |                                 |
      |                                 long long unsigned int *
../../gcc-15.2.0/lto-plugin/lto-plugin.c:1102:29: note: format string is defined here
 1102 |     sscanf (s, ".%" PRI_LL "x", &obj->out->id);
      |                  ~~~~~~~~~~~^
      |                             |
      |                             unsigned int *
      |                  %" PRI_LL "llx
../../gcc-15.2.0/lto-plugin/lto-plugin.c: In function 'process_symtab_extension':
../../gcc-15.2.0/lto-plugin/lto-plugin.c:1154:16: warning: 'I' flag used with '%x' gnu_scanf format [-Wformat=]
 1154 |     sscanf (s, ".%" PRI_LL "x", &obj->out->id);
      |                ^~~~
../../gcc-15.2.0/lto-plugin/lto-plugin.c:1154:29: note: format string is defined here
 1154 |     sscanf (s, ".%" PRI_LL "x", &obj->out->id);
      |                             ^
../../gcc-15.2.0/lto-plugin/lto-plugin.c:1154:16: warning: format '%x' expects argument of type 'unsigned int *', but argument 3 has type 'long long unsigned int *' [-Wformat=]
 1154 |     sscanf (s, ".%" PRI_LL "x", &obj->out->id);
      |                ^~~~             ~~~~~~~~~~~~~
      |                                 |
      |                                 long long unsigned int *
../../gcc-15.2.0/lto-plugin/lto-plugin.c:1154:29: note: format string is defined here
 1154 |     sscanf (s, ".%" PRI_LL "x", &obj->out->id);
      |                  ~~~~~~~~~~~^
      |                             |
      |                             unsigned int *
      |                  %" PRI_LL "llx
source='../../gcc-15.2.0/libdecnumber/dpd/decimal32.c' object='decimal32.o' libtool=no /mingw64/bin/gcc  -I../../gcc-15.2.0/libdecnumber -I.  -g -O2   -W -Wall -Wwrite-strings -Wstrict-prototypes -Wmissing-prototypes -Wold-style-definition -Wmissing-format-attribute -Wcast-qual -pedantic -Wno-long-long  -fno-lto -I../../gcc-15.2.0/libdecnumber -I.    -c ../../gcc-15.2.0/libdecnumber/dpd/decimal32.c
config.status: creating tests/mpf/Makefile
source='../../gcc-15.2.0/libdecnumber/dpd/decimal64.c' object='decimal64.o' libtool=no /mingw64/bin/gcc  -I../../gcc-15.2.0/libdecnumber -I.  -g -O2   -W -Wall -Wwrite-strings -Wstrict-prototypes -Wmissing-prototypes -Wold-style-definition -Wmissing-format-attribute -Wcast-qual -pedantic -Wno-long-long  -fno-lto -I../../gcc-15.2.0/libdecnumber -I.    -c ../../gcc-15.2.0/libdecnumber/dpd/decimal64.c
/bin/sh ./libtool --tag=CC --tag=disable-static  --mode=link /mingw64/bin/gcc -Wall  -DBASE_VERSION='"15.2.0"' -g -O2 -Wc,-static-libgcc  -no-undefined -bindir "/c/Users/Syf/Desktop/BS4/tools/i686-elf/bin" -module -avoid-version -bindir /c/Users/Syf/Desktop/BS4/tools/i686-elf/libexec/gcc/i686-elf/15.2.0 -Wl,--version-script=../../gcc-15.2.0/lto-plugin/lto-plugin.map  -Wc,../libiberty/libiberty.a  -Xcompiler '-static-libstdc++' -Xcompiler '-static-libgcc' '-Wl,--stack,12582912' -o liblto_plugin.la -rpath /c/Users/Syf/Desktop/BS4/tools/i686-elf/libexec/gcc/i686-elf/15.2.0 lto-plugin.lo   
config.status: creating tests/mpn/Makefile
if [ x"" != x ]; then \
  /mingw64/bin/gcc -c -DHAVE_CONFIG_H -g -O2  -I. -I../../../gcc-15.2.0/libiberty/../include  -W -Wall -Wwrite-strings -Wc++-compat -Wstrict-prototypes -Wshadow=local -pedantic  -D_GNU_SOURCE   ../../../gcc-15.2.0/libiberty/cp-demangle.c -o pic/cp-demangle.o; \
else true; fi
if [ x"" != x ]; then \
  /mingw64/bin/gcc -c -DHAVE_CONFIG_H -g -O2  -I. -I../../../gcc-15.2.0/libiberty/../include  -W -Wall -Wwrite-strings -Wc++-compat -Wstrict-prototypes -Wshadow=local -pedantic  -D_GNU_SOURCE    ../../../gcc-15.2.0/libiberty/cp-demangle.c -o noasan/cp-demangle.o; \
else true; fi
/mingw64/bin/gcc -c -DHAVE_CONFIG_H -g -O2  -I. -I../../../gcc-15.2.0/libiberty/../include  -W -Wall -Wwrite-strings -Wc++-compat -Wstrict-prototypes -Wshadow=local -pedantic  -D_GNU_SOURCE  ../../../gcc-15.2.0/libiberty/cp-demangle.c -o cp-demangle.o
source='../../gcc-15.2.0/libdecnumber/dpd/decimal128.c' object='decimal128.o' libtool=no /mingw64/bin/gcc  -I../../gcc-15.2.0/libdecnumber -I.  -g -O2   -W -Wall -Wwrite-strings -Wstrict-prototypes -Wmissing-prototypes -Wold-style-definition -Wmissing-format-attribute -Wcast-qual -pedantic -Wno-long-long  -fno-lto -I../../gcc-15.2.0/libdecnumber -I.    -c ../../gcc-15.2.0/libdecnumber/dpd/decimal128.c
config.status: creating tests/mpq/Makefile
rm -f libdecnumber.a
ar  cru libdecnumber.a decNumber.o decContext.o decimal32.o decimal64.o decimal128.o 
libtool: link: /mingw64/bin/gcc -shared  .libs/lto-plugin.o    -g -O2 -static-libgcc -Wl,--version-script=../../gcc-15.2.0/lto-plugin/lto-plugin.map ../libiberty/libiberty.a -static-libstdc++ -static-libgcc -Wl,--stack -Wl,12582912   -o .libs/liblto_plugin.dll -Wl,--enable-auto-image-base -Xlinker --out-implib -Xlinker .libs/liblto_plugin.dll.a
C:\Users\Syf\Desktop\BS4\tools\msys64\msys64\mingw64\bin\ar.exe: `u' modifier ignored since `D' is the default (see `U')
ranlib  libdecnumber.a
make[1]: Leaving directory '/c/Users/Syf/Desktop/BS4/tools/gcc-build-mingw/libdecnumber'
if [ x"" != x ]; then \
  /mingw64/bin/gcc -c -DHAVE_CONFIG_H -g -O2  -I. -I../../../gcc-15.2.0/libiberty/../include  -W -Wall -Wwrite-strings -Wc++-compat -Wstrict-prototypes -Wshadow=local -pedantic  -D_GNU_SOURCE   ../../../gcc-15.2.0/libiberty/md5.c -o pic/md5.o; \
else true; fi
if [ x"" != x ]; then \
  /mingw64/bin/gcc -c -DHAVE_CONFIG_H -g -O2  -I. -I../../../gcc-15.2.0/libiberty/../include  -W -Wall -Wwrite-strings -Wc++-compat -Wstrict-prototypes -Wshadow=local -pedantic  -D_GNU_SOURCE    ../../../gcc-15.2.0/libiberty/md5.c -o noasan/md5.o; \
else true; fi
/mingw64/bin/gcc -c -DHAVE_CONFIG_H -g -O2  -I. -I../../../gcc-15.2.0/libiberty/../include  -W -Wall -Wwrite-strings -Wc++-compat -Wstrict-prototypes -Wshadow=local -pedantic  -D_GNU_SOURCE  ../../../gcc-15.2.0/libiberty/md5.c -o md5.o
config.status: creating tests/mpz/Makefile
libtool: link: ( cd ".libs" && rm -f "liblto_plugin.la" && cp -pR "../liblto_plugin.la" "liblto_plugin.la" )
config.status: creating csharpcomp.sh
if [ x"" != x ]; then \
  /mingw64/bin/gcc -c -DHAVE_CONFIG_H -g -O2  -I. -I../../../gcc-15.2.0/libiberty/../include  -W -Wall -Wwrite-strings -Wc++-compat -Wstrict-prototypes -Wshadow=local -pedantic  -D_GNU_SOURCE   ../../../gcc-15.2.0/libiberty/sha1.c -o pic/sha1.o; \
else true; fi
if [ x"" != x ]; then \
  /mingw64/bin/gcc -c -DHAVE_CONFIG_H -g -O2  -I. -I../../../gcc-15.2.0/libiberty/../include  -W -Wall -Wwrite-strings -Wc++-compat -Wstrict-prototypes -Wshadow=local -pedantic  -D_GNU_SOURCE    ../../../gcc-15.2.0/libiberty/sha1.c -o noasan/sha1.o; \
else true; fi
/mingw64/bin/gcc -c -DHAVE_CONFIG_H -g -O2  -I. -I../../../gcc-15.2.0/libiberty/../include  -W -Wall -Wwrite-strings -Wc++-compat -Wstrict-prototypes -Wshadow=local -pedantic  -D_GNU_SOURCE  ../../../gcc-15.2.0/libiberty/sha1.c -o sha1.o
mkdir -p -- ../gcc
config.status: creating tests/rand/Makefile
if [ x"" != x ]; then \
  /mingw64/bin/gcc -c -DHAVE_CONFIG_H -g -O2  -I. -I../../../gcc-15.2.0/libiberty/../include  -W -Wall -Wwrite-strings -Wc++-compat -Wstrict-prototypes -Wshadow=local -pedantic  -D_GNU_SOURCE   ../../../gcc-15.2.0/libiberty/alloca.c -o pic/alloca.o; \
else true; fi
if [ x"" != x ]; then \
  /mingw64/bin/gcc -c -DHAVE_CONFIG_H -g -O2  -I. -I../../../gcc-15.2.0/libiberty/../include  -W -Wall -Wwrite-strings -Wc++-compat -Wstrict-prototypes -Wshadow=local -pedantic  -D_GNU_SOURCE    ../../../gcc-15.2.0/libiberty/alloca.c -o noasan/alloca.o; \
else true; fi
/mingw64/bin/gcc -c -DHAVE_CONFIG_H -g -O2  -I. -I../../../gcc-15.2.0/libiberty/../include  -W -Wall -Wwrite-strings -Wc++-compat -Wstrict-prototypes -Wshadow=local -pedantic  -D_GNU_SOURCE  ../../../gcc-15.2.0/libiberty/alloca.c -o alloca.o
config.status: creating javacomp.sh
libtool: install: /usr/bin/install -c .libs/liblto_plugin.dll.a /c/Users/Syf/Desktop/BS4/tools/gcc-build-mingw/lto-plugin/../gcc/liblto_plugin.dll.a
if [ x"" != x ]; then \
  /mingw64/bin/gcc -c -DHAVE_CONFIG_H -g -O2  -I. -I../../../gcc-15.2.0/libiberty/../include  -W -Wall -Wwrite-strings -Wc++-compat -Wstrict-prototypes -Wshadow=local -pedantic  -D_GNU_SOURCE   ../../../gcc-15.2.0/libiberty/argv.c -o pic/argv.o; \
else true; fi
if [ x"" != x ]; then \
  /mingw64/bin/gcc -c -DHAVE_CONFIG_H -g -O2  -I. -I../../../gcc-15.2.0/libiberty/../include  -W -Wall -Wwrite-strings -Wc++-compat -Wstrict-prototypes -Wshadow=local -pedantic  -D_GNU_SOURCE    ../../../gcc-15.2.0/libiberty/argv.c -o noasan/argv.o; \
else true; fi
libtool: install: base_file=`basename liblto_plugin.la`
/mingw64/bin/gcc -c -DHAVE_CONFIG_H -g -O2  -I. -I../../../gcc-15.2.0/libiberty/../include  -W -Wall -Wwrite-strings -Wc++-compat -Wstrict-prototypes -Wshadow=local -pedantic  -D_GNU_SOURCE  ../../../gcc-15.2.0/libiberty/argv.c -o argv.o
libtool: install: 
      dlpath=`/bin/sh 2>&1 -c '. .libs/'liblto_plugin.la'i; echo liblto_plugin.dll'`
config.status: creating Makefile
config.status: creating tests/misc/Makefile
libtool: install: 
      dldir=/c/Users/Syf/Desktop/BS4/tools/gcc-build-mingw/lto-plugin/../gcc/`dirname liblto_plugin.dll`
libtool: install: 
      test -d /c/Users/Syf/Desktop/BS4/tools/gcc-build-mingw/lto-plugin/../gcc/. || mkdir -p /c/Users/Syf/Desktop/BS4/tools/gcc-build-mingw/lto-plugin/../gcc/.
libtool: install: 
      /usr/bin/install -c .libs/liblto_plugin.dll /c/Users/Syf/Desktop/BS4/tools/gcc-build-mingw/lto-plugin/../gcc/./liblto_plugin.dll
if [ x"" != x ]; then \
  /mingw64/bin/gcc -c -DHAVE_CONFIG_H -g -O2  -I. -I../../../gcc-15.2.0/libiberty/../include  -W -Wall -Wwrite-strings -Wc++-compat -Wstrict-prototypes -Wshadow=local -pedantic  -D_GNU_SOURCE   ../../../gcc-15.2.0/libiberty/bsearch_r.c -o pic/bsearch_r.o; \
else true; fi
libtool: install: 
      chmod a+x /c/Users/Syf/Desktop/BS4/tools/gcc-build-mingw/lto-plugin/../gcc/./liblto_plugin.dll
if [ x"" != x ]; then \
  /mingw64/bin/gcc -c -DHAVE_CONFIG_H -g -O2  -I. -I../../../gcc-15.2.0/libiberty/../include  -W -Wall -Wwrite-strings -Wc++-compat -Wstrict-prototypes -Wshadow=local -pedantic  -D_GNU_SOURCE    ../../../gcc-15.2.0/libiberty/bsearch_r.c -o noasan/bsearch_r.o; \
else true; fi
libtool: install: 
      if test -n '' && test -n 'strip --strip-unneeded'; then
        eval 'strip --strip-unneeded /c/Users/Syf/Desktop/BS4/tools/gcc-build-mingw/lto-plugin/../gcc/./liblto_plugin.dll' || exit 0;
      fi
libtool: install: /usr/bin/install -c .libs/liblto_plugin.lai /c/Users/Syf/Desktop/BS4/tools/gcc-build-mingw/lto-plugin/../gcc/liblto_plugin.la
libtool: install: warning: remember to run `libtool --finish /c/Users/Syf/Desktop/BS4/tools/i686-elf/libexec/gcc/i686-elf/15.2.0'
make[2]: Leaving directory '/c/Users/Syf/Desktop/BS4/tools/gcc-build-mingw/lto-plugin'
make[1]: Leaving directory '/c/Users/Syf/Desktop/BS4/tools/gcc-build-mingw/lto-plugin'
if [ x"" != x ]; then \
  /mingw64/bin/gcc -c -DHAVE_CONFIG_H -g -O2  -I. -I../../../gcc-15.2.0/libiberty/../include  -W -Wall -Wwrite-strings -Wc++-compat -Wstrict-prototypes -Wshadow=local -pedantic  -D_GNU_SOURCE   ../../../gcc-15.2.0/libiberty/choose-temp.c -o pic/choose-temp.o; \
else true; fi
/mingw64/bin/gcc -c -DHAVE_CONFIG_H -g -O2  -I. -I../../../gcc-15.2.0/libiberty/../include  -W -Wall -Wwrite-strings -Wc++-compat -Wstrict-prototypes -Wshadow=local -pedantic  -D_GNU_SOURCE  ../../../gcc-15.2.0/libiberty/bsearch_r.c -o bsearch_r.o
if [ x"" != x ]; then \
  /mingw64/bin/gcc -c -DHAVE_CONFIG_H -g -O2  -I. -I../../../gcc-15.2.0/libiberty/../include  -W -Wall -Wwrite-strings -Wc++-compat -Wstrict-prototypes -Wshadow=local -pedantic  -D_GNU_SOURCE    ../../../gcc-15.2.0/libiberty/choose-temp.c -o noasan/choose-temp.o; \
else true; fi
/mingw64/bin/gcc -c -DHAVE_CONFIG_H -g -O2  -I. -I../../../gcc-15.2.0/libiberty/../include  -W -Wall -Wwrite-strings -Wc++-compat -Wstrict-prototypes -Wshadow=local -pedantic  -D_GNU_SOURCE  ../../../gcc-15.2.0/libiberty/choose-temp.c -o choose-temp.o
config.status: creating uninstalled-config.sh
if [ x"" != x ]; then \
  /mingw64/bin/gcc -c -DHAVE_CONFIG_H -g -O2  -I. -I../../../gcc-15.2.0/libiberty/../include  -W -Wall -Wwrite-strings -Wc++-compat -Wstrict-prototypes -Wshadow=local -pedantic  -D_GNU_SOURCE   ../../../gcc-15.2.0/libiberty/concat.c -o pic/concat.o; \
else true; fi
if [ x"" != x ]; then \
  /mingw64/bin/gcc -c -DHAVE_CONFIG_H -g -O2  -I. -I../../../gcc-15.2.0/libiberty/../include  -W -Wall -Wwrite-strings -Wc++-compat -Wstrict-prototypes -Wshadow=local -pedantic  -D_GNU_SOURCE    ../../../gcc-15.2.0/libiberty/concat.c -o noasan/concat.o; \
else true; fi
if [ x"" != x ]; then \
  /mingw64/bin/gcc -c -DHAVE_CONFIG_H -g -O2  -I. -I../../../gcc-15.2.0/libiberty/../include  -W -Wall -Wwrite-strings -Wc++-compat -Wstrict-prototypes -Wshadow=local -pedantic  -D_GNU_SOURCE   ../../../gcc-15.2.0/libiberty/cp-demint.c -o pic/cp-demint.o; \
else true; fi
/mingw64/bin/gcc -c -DHAVE_CONFIG_H -g -O2  -I. -I../../../gcc-15.2.0/libiberty/../include  -W -Wall -Wwrite-strings -Wc++-compat -Wstrict-prototypes -Wshadow=local -pedantic  -D_GNU_SOURCE  ../../../gcc-15.2.0/libiberty/concat.c -o concat.o
if [ x"" != x ]; then \
  /mingw64/bin/gcc -c -DHAVE_CONFIG_H -g -O2  -I. -I../../../gcc-15.2.0/libiberty/../include  -W -Wall -Wwrite-strings -Wc++-compat -Wstrict-prototypes -Wshadow=local -pedantic  -D_GNU_SOURCE    ../../../gcc-15.2.0/libiberty/cp-demint.c -o noasan/cp-demint.o; \
else true; fi
if [ x"" != x ]; then \
  /mingw64/bin/gcc -c -DHAVE_CONFIG_H -g -O2  -I. -I../../../gcc-15.2.0/libiberty/../include  -W -Wall -Wwrite-strings -Wc++-compat -Wstrict-prototypes -Wshadow=local -pedantic  -D_GNU_SOURCE   ../../../gcc-15.2.0/libiberty/crc32.c -o pic/crc32.o; \
else true; fi
config.status: creating tests/cxx/Makefile
/mingw64/bin/gcc -c -DHAVE_CONFIG_H -g -O2  -I. -I../../../gcc-15.2.0/libiberty/../include  -W -Wall -Wwrite-strings -Wc++-compat -Wstrict-prototypes -Wshadow=local -pedantic  -D_GNU_SOURCE  ../../../gcc-15.2.0/libiberty/cp-demint.c -o cp-demint.o
if [ x"" != x ]; then \
  /mingw64/bin/gcc -c -DHAVE_CONFIG_H -g -O2  -I. -I../../../gcc-15.2.0/libiberty/../include  -W -Wall -Wwrite-strings -Wc++-compat -Wstrict-prototypes -Wshadow=local -pedantic  -D_GNU_SOURCE    ../../../gcc-15.2.0/libiberty/crc32.c -o noasan/crc32.o; \
else true; fi
/mingw64/bin/gcc -c -DHAVE_CONFIG_H -g -O2  -I. -I../../../gcc-15.2.0/libiberty/../include  -W -Wall -Wwrite-strings -Wc++-compat -Wstrict-prototypes -Wshadow=local -pedantic  -D_GNU_SOURCE  ../../../gcc-15.2.0/libiberty/crc32.c -o crc32.o
if [ x"" != x ]; then \
  /mingw64/bin/gcc -c -DHAVE_CONFIG_H -g -O2  -I. -I../../../gcc-15.2.0/libiberty/../include  -W -Wall -Wwrite-strings -Wc++-compat -Wstrict-prototypes -Wshadow=local -pedantic  -D_GNU_SOURCE   ../../../gcc-15.2.0/libiberty/d-demangle.c -o pic/d-demangle.o; \
else true; fi
if [ x"" != x ]; then \
  /mingw64/bin/gcc -c -DHAVE_CONFIG_H -g -O2  -I. -I../../../gcc-15.2.0/libiberty/../include  -W -Wall -Wwrite-strings -Wc++-compat -Wstrict-prototypes -Wshadow=local -pedantic  -D_GNU_SOURCE    ../../../gcc-15.2.0/libiberty/d-demangle.c -o noasan/d-demangle.o; \
else true; fi
config.status: creating doc/Makefile
/mingw64/bin/gcc -c -DHAVE_CONFIG_H -g -O2  -I. -I../../../gcc-15.2.0/libiberty/../include  -W -Wall -Wwrite-strings -Wc++-compat -Wstrict-prototypes -Wshadow=local -pedantic  -D_GNU_SOURCE  ../../../gcc-15.2.0/libiberty/d-demangle.c -o d-demangle.o
config.status: creating doc/Makefile
config.status: creating intl-java/Makefile
rm -f ./libiberty.a pic/./libiberty.a noasan/./libiberty.a
ar   rc ./libiberty.a \
  ./regex.o ./cplus-dem.o ./cp-demangle.o ./md5.o ./sha1.o ./alloca.o ./argv.o ./bsearch_r.o ./choose-temp.o ./concat.o ./cp-demint.o ./crc32.o ./d-demangle.o ./dwarfnames.o ./dyn-string.o ./fdmatch.o ./fibheap.o ./filedescriptor.o ./filename_cmp.o ./floatformat.o ./fnmatch.o ./fopen_unlocked.o ./getopt.o ./getopt1.o ./getpwd.o ./getruntime.o ./hashtab.o ./hex.o ./lbasename.o ./ldirname.o ./lrealpath.o ./make-relative-prefix.o ./make-temp-file.o ./objalloc.o ./obstack.o ./partition.o ./pexecute.o ./physmem.o ./pex-common.o ./pex-one.o ./pex-win32.o ./vprintf-support.o ./rust-demangle.o ./safe-ctype.o ./simple-object.o ./simple-object-coff.o ./simple-object-elf.o ./simple-object-mach-o.o ./simple-object-xcoff.o ./sort.o ./spaces.o ./splay-tree.o ./stack-limit.o ./strerror.o ./strsignal.o ./timeval-utils.o ./unlink-if-ordinary.o ./xasprintf.o ./xatexit.o ./xexit.o ./xmalloc.o ./xmemdup.o ./xstrdup.o ./xstrerror.o ./xstrndup.o ./xvasprintf.o  ./bcmp.o ./bcopy.o ./bzero.o ./ffs.o ./index.o ./insque.o ./memrchr.o ./memmem.o ./mkstemps.o ./random.o ./rindex.o ./setenv.o ./sigsetmask.o ./stpcpy.o ./stpncpy.o ./strverscmp.o ./waitpid.o ./setproctitle.o ./vfork.o
config.status: creating tune/Makefile
ranlib   ./libiberty.a
config.status: creating intl-csharp/Makefile
if [ x"" != x ]; then \
  cd pic; \
  ar   rc ./libiberty.a \
    ./regex.o ./cplus-dem.o ./cp-demangle.o ./md5.o ./sha1.o ./alloca.o ./argv.o ./bsearch_r.o ./choose-temp.o ./concat.o ./cp-demint.o ./crc32.o ./d-demangle.o ./dwarfnames.o ./dyn-string.o ./fdmatch.o ./fibheap.o ./filedescriptor.o ./filename_cmp.o ./floatformat.o ./fnmatch.o ./fopen_unlocked.o ./getopt.o ./getopt1.o ./getpwd.o ./getruntime.o ./hashtab.o ./hex.o ./lbasename.o ./ldirname.o ./lrealpath.o ./make-relative-prefix.o ./make-temp-file.o ./objalloc.o ./obstack.o ./partition.o ./pexecute.o ./physmem.o ./pex-common.o ./pex-one.o ./pex-win32.o ./vprintf-support.o ./rust-demangle.o ./safe-ctype.o ./simple-object.o ./simple-object-coff.o ./simple-object-elf.o ./simple-object-mach-o.o ./simple-object-xcoff.o ./sort.o ./spaces.o ./splay-tree.o ./stack-limit.o ./strerror.o ./strsignal.o ./timeval-utils.o ./unlink-if-ordinary.o ./xasprintf.o ./xatexit.o ./xexit.o ./xmalloc.o ./xmemdup.o ./xstrdup.o ./xstrerror.o ./xstrndup.o ./xvasprintf.o  ./bcmp.o ./bcopy.o ./bzero.o ./ffs.o ./index.o ./insque.o ./memrchr.o ./memmem.o ./mkstemps.o ./random.o ./rindex.o ./setenv.o ./sigsetmask.o ./stpcpy.o ./stpncpy.o ./strverscmp.o ./waitpid.o ./setproctitle.o ./vfork.o; \
  ranlib   ./libiberty.a; \
  cd ..; \
else true; fi; \
if [ x"" != x ]; then \
  cd noasan; \
  ar   rc ./libiberty.a \
    ./regex.o ./cplus-dem.o ./cp-demangle.o ./md5.o ./sha1.o ./alloca.o ./argv.o ./bsearch_r.o ./choose-temp.o ./concat.o ./cp-demint.o ./crc32.o ./d-demangle.o ./dwarfnames.o ./dyn-string.o ./fdmatch.o ./fibheap.o ./filedescriptor.o ./filename_cmp.o ./floatformat.o ./fnmatch.o ./fopen_unlocked.o ./getopt.o ./getopt1.o ./getpwd.o ./getruntime.o ./hashtab.o ./hex.o ./lbasename.o ./ldirname.o ./lrealpath.o ./make-relative-prefix.o ./make-temp-file.o ./objalloc.o ./obstack.o ./partition.o ./pexecute.o ./physmem.o ./pex-common.o ./pex-one.o ./pex-win32.o ./vprintf-support.o ./rust-demangle.o ./safe-ctype.o ./simple-object.o ./simple-object-coff.o ./simple-object-elf.o ./simple-object-mach-o.o ./simple-object-xcoff.o ./sort.o ./spaces.o ./splay-tree.o ./stack-limit.o ./strerror.o ./strsignal.o ./timeval-utils.o ./unlink-if-ordinary.o ./xasprintf.o ./xatexit.o ./xexit.o ./xmalloc.o ./xmemdup.o ./xstrdup.o ./xstrerror.o ./xstrndup.o ./xvasprintf.o  ./bcmp.o ./bcopy.o ./bzero.o ./ffs.o ./index.o ./insque.o ./memrchr.o ./memmem.o ./mkstemps.o ./random.o ./rindex.o ./setenv.o ./sigsetmask.o ./stpcpy.o ./stpncpy.o ./strverscmp.o ./waitpid.o ./setproctitle.o ./vfork.o; \
  ranlib   ./libiberty.a; \
  cd ..; \
else true; fi
make[1]: Leaving directory '/c/Users/Syf/Desktop/BS4/tools/gcc-build-mingw/build-x86_64-w64-mingw32/libiberty'
config.status: creating demos/Makefile
config.status: creating gnulib-lib/Makefile
config.status: creating demos/calc/Makefile
config.status: creating src/Makefile
config.status: creating demos/expr/Makefile
config.status: creating src/gettext.sh
config.status: creating gmp.h
config.status: creating gmp.pc
config.status: creating po/Makefile.in
config.status: creating gmpxx.pc
config.status: creating man/Makefile
config.status: creating config.h
config.status: creating man/x-to-1
config.status: linking ../../gcc-15.2.0/gmp/mpn/generic/add.c to mpn/add.c
config.status: linking ../../gcc-15.2.0/gmp/mpn/generic/add_1.c to mpn/add_1.c
config.status: creating m4/Makefile
config.status: linking ../../gcc-15.2.0/gmp/mpn/generic/add_n.c to mpn/add_n.c
config.status: linking ../../gcc-15.2.0/gmp/mpn/generic/sub.c to mpn/sub.c
config.status: creating tests/Makefile
config.status: linking ../../gcc-15.2.0/gmp/mpn/generic/sub_1.c to mpn/sub_1.c
config.status: linking ../../gcc-15.2.0/gmp/mpn/generic/sub_n.c to mpn/sub_n.c
config.status: creating config.h
config.status: linking ../../gcc-15.2.0/gmp/mpn/generic/cnd_add_n.c to mpn/cnd_add_n.c
config.status: linking ../../gcc-15.2.0/gmp/mpn/generic/cnd_sub_n.c to mpn/cnd_sub_n.c
config.status: executing depfiles commands
config.status: linking ../../gcc-15.2.0/gmp/mpn/generic/cnd_swap.c to mpn/cnd_swap.c
config.status: linking ../../gcc-15.2.0/gmp/mpn/generic/neg.c to mpn/neg.c
config.status: linking ../../gcc-15.2.0/gmp/mpn/generic/com.c to mpn/com.c
config.status: linking ../../gcc-15.2.0/gmp/mpn/generic/mul_1.c to mpn/mul_1.c
config.status: linking ../../gcc-15.2.0/gmp/mpn/generic/addmul_1.c to mpn/addmul_1.c
config.status: linking ../../gcc-15.2.0/gmp/mpn/generic/submul_1.c to mpn/submul_1.c
config.status: linking ../../gcc-15.2.0/gmp/mpn/generic/add_err1_n.c to mpn/add_err1_n.c
config.status: executing libtool commands
config.status: linking ../../gcc-15.2.0/gmp/mpn/generic/add_err2_n.c to mpn/add_err2_n.c
config.status: executing po-directories commands
config.status: linking ../../gcc-15.2.0/gmp/mpn/generic/add_err3_n.c to mpn/add_err3_n.c
config.status: linking ../../gcc-15.2.0/gmp/mpn/generic/sub_err1_n.c to mpn/sub_err1_n.c
config.status: creating po/POTFILES
config.status: creating po/Makefile
config.status: linking ../../gcc-15.2.0/gmp/mpn/generic/sub_err2_n.c to mpn/sub_err2_n.c
=== configuring in intl (/c/Users/Syf/Desktop/BS4/tools/gcc-build-mingw/gettext/intl)
config.status: linking ../../gcc-15.2.0/gmp/mpn/generic/sub_err3_n.c to mpn/sub_err3_n.c
configure: running /bin/sh ../../../gcc-15.2.0/gettext/gettext-runtime/intl/configure --disable-option-checking '--prefix=/c/Users/Syf/Desktop/BS4/tools/i686-elf'  '--disable-nls' '--disable-libssp' '--disable-libquadmath' '--disable-libgomp' '--disable-libatomic' '--without-headers' '--with-newlib' '--with-as=/c/Users/Syf/Desktop/BS4/tools/binutils-build/gas/as-new.exe' '--with-ld=/c/Users/Syf/Desktop/BS4/tools/binutils-build/ld/ld-new.exe' '--enable-languages=c,lto' '--program-transform-name=s&^&i686-elf-&' '--disable-year2038' '--build=x86_64-w64-mingw32' '--host=x86_64-w64-mingw32' '--target=i686-elf' '--disable-shared' '--disable-threads' '--disable-java' '--disable-csharp' '--with-pic' '--disable-libasprintf' 'build_alias=x86_64-w64-mingw32' 'host_alias=x86_64-w64-mingw32' 'target_alias=i686-elf' 'CC=/mingw64/bin/gcc' 'CFLAGS=-g -O2  ' 'LDFLAGS=-static-libstdc++ -static-libgcc -Wl,--stack,12582912' 'CXX=/mingw64/bin/g++' 'CXXFLAGS=-g -O2  ' --cache-file=.././config.cache --srcdir=../../../gcc-15.2.0/gettext/gettext-runtime/intl
config.status: linking ../../gcc-15.2.0/gmp/mpn/generic/lshift.c to mpn/lshift.c
config.status: linking ../../gcc-15.2.0/gmp/mpn/generic/rshift.c to mpn/rshift.c
config.status: linking ../../gcc-15.2.0/gmp/mpn/generic/dive_1.c to mpn/dive_1.c
config.status: linking ../../gcc-15.2.0/gmp/mpn/generic/diveby3.c to mpn/diveby3.c
config.status: linking ../../gcc-15.2.0/gmp/mpn/generic/divis.c to mpn/divis.c
config.status: linking ../../gcc-15.2.0/gmp/mpn/generic/divrem.c to mpn/divrem.c
config.status: linking ../../gcc-15.2.0/gmp/mpn/generic/divrem_1.c to mpn/divrem_1.c
config.status: linking ../../gcc-15.2.0/gmp/mpn/generic/divrem_2.c to mpn/divrem_2.c
config.status: linking ../../gcc-15.2.0/gmp/mpn/generic/fib2_ui.c to mpn/fib2_ui.c
config.status: linking ../../gcc-15.2.0/gmp/mpn/generic/fib2m.c to mpn/fib2m.c
config.status: linking ../../gcc-15.2.0/gmp/mpn/generic/mod_1.c to mpn/mod_1.c
config.status: linking ../../gcc-15.2.0/gmp/mpn/generic/mod_34lsub1.c to mpn/mod_34lsub1.c
config.status: linking ../../gcc-15.2.0/gmp/mpn/generic/mode1o.c to mpn/mode1o.c
config.status: linking ../../gcc-15.2.0/gmp/mpn/generic/pre_divrem_1.c to mpn/pre_divrem_1.c
config.status: linking ../../gcc-15.2.0/gmp/mpn/generic/pre_mod_1.c to mpn/pre_mod_1.c
config.status: linking ../../gcc-15.2.0/gmp/mpn/generic/dump.c to mpn/dump.c
config.status: linking ../../gcc-15.2.0/gmp/mpn/generic/mod_1_1.c to mpn/mod_1_1.c
config.status: linking ../../gcc-15.2.0/gmp/mpn/generic/mod_1_2.c to mpn/mod_1_2.c
config.status: linking ../../gcc-15.2.0/gmp/mpn/generic/mod_1_3.c to mpn/mod_1_3.c
config.status: linking ../../gcc-15.2.0/gmp/mpn/generic/mod_1_4.c to mpn/mod_1_4.c
configure: loading site script /etc/config.site
configure: loading cache .././config.cache
config.status: linking ../../gcc-15.2.0/gmp/mpn/generic/lshiftc.c to mpn/lshiftc.c
checking for a BSD-compatible install... (cached) /usr/bin/install -c
checking whether build environment is sane... yes
config.status: linking ../../gcc-15.2.0/gmp/mpn/generic/mul.c to mpn/mul.c
checking for a race-free mkdir -p... (cached) /usr/bin/mkdir -p
checking for gawk... (cached) gawk
checking whether make sets $(MAKE)... (cached) yes
checking whether make supports nested variables... (cached) yes
config.status: linking ../../gcc-15.2.0/gmp/mpn/generic/mul_fft.c to mpn/mul_fft.c
checking for x86_64-w64-mingw32-gcc... (cached) /mingw64/bin/gcc
config.status: linking ../../gcc-15.2.0/gmp/mpn/generic/mul_n.c to mpn/mul_n.c
config.status: linking ../../gcc-15.2.0/gmp/mpn/generic/sqr.c to mpn/sqr.c
config.status: linking ../../gcc-15.2.0/gmp/mpn/generic/mul_basecase.c to mpn/mul_basecase.c
checking whether the C compiler works... config.status: linking ../../gcc-15.2.0/gmp/mpn/generic/sqr_basecase.c to mpn/sqr_basecase.c
config.status: linking ../../gcc-15.2.0/gmp/mpn/generic/nussbaumer_mul.c to mpn/nussbaumer_mul.c
yes
checking for C compiler default output file name... a.exe
checking for suffix of executables... config.status: linking ../../gcc-15.2.0/gmp/mpn/generic/mulmid_basecase.c to mpn/mulmid_basecase.c
.exe
checking whether we are cross compiling... config.status: linking ../../gcc-15.2.0/gmp/mpn/generic/toom42_mulmid.c to mpn/toom42_mulmid.c
no
checking for suffix of object files... (cached) o
checking whether the compiler supports GNU C... (cached) yes
checking whether /mingw64/bin/gcc accepts -g... (cached) yes
checking for /mingw64/bin/gcc option to enable C11 features... (cached) none needed
checking whether /mingw64/bin/gcc understands -c and -o together... (cached) yes
checking whether the compiler is clang... (cached) no
checking for compiler option needed when checking for declarations... (cached) none
checking whether make supports the include directive... config.status: linking ../../gcc-15.2.0/gmp/mpn/generic/mulmid_n.c to mpn/mulmid_n.c
config.status: linking ../../gcc-15.2.0/gmp/mpn/generic/mulmid.c to mpn/mulmid.c
yes (GNU style)
checking dependency style of /mingw64/bin/gcc... (cached) gcc3
checking build system type... (cached) x86_64-w64-mingw32
checking host system type... (cached) x86_64-w64-mingw32
checking how to run the C preprocessor... (cached) /mingw64/bin/gcc -E
config.status: linking ../../gcc-15.2.0/gmp/mpn/generic/random.c to mpn/random.c
config.status: linking ../../gcc-15.2.0/gmp/mpn/generic/random2.c to mpn/random2.c
checking for grep that handles long lines and -e... (cached) /usr/bin/grep
checking for egrep... (cached) /usr/bin/grep -E
checking for Minix Amsterdam compiler... (cached) no
checking for x86_64-w64-mingw32-ar... (cached) ar 
checking for stdio.h... (cached) yes
checking for stdlib.h... (cached) yes
checking for string.h... (cached) yes
checking for inttypes.h... (cached) yes
checking for stdint.h... (cached) yes
checking for strings.h... (cached) yes
checking for sys/stat.h... (cached) yes
checking for sys/types.h... (cached) yes
checking for unistd.h... (cached) yes
checking for wchar.h... (cached) yes
checking for minix/config.h... (cached) no
checking for xlocale.h... (cached) no
checking for threads.h... (cached) no
checking for limits.h... (cached) yes
checking for langinfo.h... (cached) no
checking for math.h... config.status: linking ../../gcc-15.2.0/gmp/mpn/generic/pow_1.c to mpn/pow_1.c
yes
checking for sys/mman.h... (cached) no
checking for search.h... (cached) yes
checking for stdbool.h... (cached) yes
checking for features.h... (cached) no
checking for crtdefs.h... (cached) yes
checking for sys/param.h... (cached) yes
checking whether it is safe to define __EXTENSIONS__... (cached) yes
checking whether _XOPEN_SOURCE should be defined... (cached) no
checking whether C compiler handles -Werror -Wunknown-warning-option... (cached) no
checking for auto-import of symbols... (cached) no
checking how to print strings... config.status: linking ../../gcc-15.2.0/gmp/mpn/generic/rootrem.c to mpn/rootrem.c
printf
checking for a sed that does not truncate output... (cached) /usr/bin/sed
checking for fgrep... (cached) /usr/bin/grep -F
checking for ld used by /mingw64/bin/gcc... config.status: linking ../../gcc-15.2.0/gmp/mpn/generic/sqrtrem.c to mpn/sqrtrem.c
config.status: linking ../../gcc-15.2.0/gmp/mpn/generic/sizeinbase.c to mpn/sizeinbase.c
config.status: linking ../../gcc-15.2.0/gmp/mpn/generic/get_str.c to mpn/get_str.c
(cached) C:/Users/Syf/Desktop/BS4/tools/msys64/msys64/mingw64/bin/../lib/gcc/x86_64-w64-mingw32/16.2.0/../../../../x86_64-w64-mingw32/bin/ld.exe
checking if the linker (C:/Users/Syf/Desktop/BS4/tools/msys64/msys64/mingw64/bin/../lib/gcc/x86_64-w64-mingw32/16.2.0/../../../../x86_64-w64-mingw32/bin/ld.exe) is GNU ld... (cached) yes
checking for BSD- or MS-compatible name lister (nm)... (cached) nm
checking the name lister (nm) interface... (cached) BSD nm
checking whether ln -s works... no, using cp -pR
checking the maximum length of command line arguments... (cached) 8192
checking how to convert x86_64-w64-mingw32 file names to x86_64-w64-mingw32 format... (cached) func_convert_file_msys_to_w32
checking how to convert x86_64-w64-mingw32 file names to toolchain format... (cached) func_convert_file_msys_to_w32
checking for C:/Users/Syf/Desktop/BS4/tools/msys64/msys64/mingw64/bin/../lib/gcc/x86_64-w64-mingw32/16.2.0/../../../../x86_64-w64-mingw32/bin/ld.exe option to reload object files... (cached) -r
checking for x86_64-w64-mingw32-file... no
checking for file... (cached) file
checking for x86_64-w64-mingw32-objdump... (cached) objdump
checking how to recognize dependent libraries... (cached) file_magic ^x86 archive import|^x86 DLL
config.status: linking ../../gcc-15.2.0/gmp/mpn/generic/set_str.c to mpn/set_str.c
checking for x86_64-w64-mingw32-dlltool... (cached) dlltool
checking how to associate runtime and link libraries... (cached) func_cygming_dll_for_implib
checking for x86_64-w64-mingw32-ar... (cached) ar 
checking for archiver @FILE support... (cached) @
checking for x86_64-w64-mingw32-strip... no
checking for strip... (cached) strip
checking for x86_64-w64-mingw32-ranlib... (cached) ranlib 
checking command to parse nm output from /mingw64/bin/gcc object... (cached) ok
checking for sysroot... no
checking for a working dd... (cached) /usr/bin/dd
checking how to truncate binary pipes... (cached) /usr/bin/dd bs=4096 count=1
checking for x86_64-w64-mingw32-mt... no
checking for mt... no
checking if : is a manifest tool... (cached) no
checking for dlfcn.h... (cached) no
checking for x86_64-w64-mingw32-as... (cached) as
checking for x86_64-w64-mingw32-dlltool... (cached) dlltool
checking for x86_64-w64-mingw32-objdump... (cached) objdump
checking for objdir... (cached) .libs
config.status: linking ../../gcc-15.2.0/gmp/mpn/generic/compute_powtab.c to mpn/compute_powtab.c
config.status: linking ../../gcc-15.2.0/gmp/mpn/generic/scan0.c to mpn/scan0.c
checking if /mingw64/bin/gcc supports -fno-rtti -fno-exceptions... (cached) no
checking for /mingw64/bin/gcc option to produce PIC... (cached) -DDLL_EXPORT -DPIC
checking if /mingw64/bin/gcc PIC flag -DDLL_EXPORT -DPIC works... (cached) yes
checking if /mingw64/bin/gcc static flag -static works... (cached) yes
checking if /mingw64/bin/gcc supports -c -o file.o... (cached) yes
checking if /mingw64/bin/gcc supports -c -o file.o... (cached) yes
checking whether the /mingw64/bin/gcc linker (C:/Users/Syf/Desktop/BS4/tools/msys64/msys64/mingw64/bin/../lib/gcc/x86_64-w64-mingw32/16.2.0/../../../../x86_64-w64-mingw32/bin/ld.exe) supports shared libraries... config.status: linking ../../gcc-15.2.0/gmp/mpn/generic/scan1.c to mpn/scan1.c
yes
checking dynamic linker characteristics... config.status: linking ../../gcc-15.2.0/gmp/mpn/generic/popham.c to mpn/popcount.c
config.status: linking ../../gcc-15.2.0/gmp/mpn/generic/popham.c to mpn/hamdist.c
Win32 ld.exe
checking how to hardcode library paths into programs... immediate
checking whether stripping libraries is possible... yes
checking if libtool supports shared libraries... yes
checking whether to build shared libraries... no
checking whether to build static libraries... yes
checking for x86_64-w64-mingw32-windres... no
checking for windres... (cached) windres
config.status: linking ../../gcc-15.2.0/gmp/mpn/generic/cmp.c to mpn/cmp.c
config.status: linking ../../gcc-15.2.0/gmp/mpn/generic/zero_p.c to mpn/zero_p.c
checking for x86_64-w64-mingw32-windres... (cached) windres
checking whether NLS is requested... no
config.status: linking ../../gcc-15.2.0/gmp/mpn/generic/perfsqr.c to mpn/perfsqr.c
checking for msgfmt... (cached) /usr/bin/msgfmt
checking for gmsgfmt... (cached) /usr/bin/msgfmt
checking for xgettext... (cached) /usr/bin/xgettext
config.status: linking ../../gcc-15.2.0/gmp/mpn/generic/perfpow.c to mpn/perfpow.c
checking for msgmerge... (cached) /usr/bin/msgmerge
config.status: linking ../../gcc-15.2.0/gmp/mpn/generic/strongfibo.c to mpn/strongfibo.c
checking for ld... C:/Users/Syf/Desktop/BS4/tools/msys64/msys64/mingw64/bin/../lib/gcc/x86_64-w64-mingw32/16.2.0/../../../../x86_64-w64-mingw32/bin/ld.exe
checking if the linker (C:/Users/Syf/Desktop/BS4/tools/msys64/msys64/mingw64/bin/../lib/gcc/x86_64-w64-mingw32/16.2.0/../../../../x86_64-w64-mingw32/bin/ld.exe) is GNU ld... (cached) yes
checking for shared library run path origin... (cached) done
checking 32-bit host C ABI... (cached) no
checking for ELF binary format... (cached) no
checking for the common suffixes of directories in the library search path... (cached) lib,lib,lib
checking for CFPreferencesCopyAppValue... (cached) no
checking for CFLocaleCopyPreferredLanguages... (cached) no
checking whether to use NLS... no
config.status: linking ../../gcc-15.2.0/gmp/mpn/generic/gcd_11.c to mpn/gcd_11.c
checking whether we are using the GNU C Library 2 or newer... no
checking for size_t... (cached) yes
checking for working alloca.h... (cached) no
checking for alloca... (cached) checking whether the preprocessor supports include_next... (cached) yes
checking whether source code line length is unlimited... (cached) yes
checking for complete errno.h... (cached) no
checking for EMULTIHOP value... (cached) no
checking for ENOLINK value... (cached) yes
checking for EOVERFLOW value... (cached) yes
checking whether ctype.h defines __header_inline... (cached) no
checking whether frexp() can be used without linking with libm... config.status: linking ../../gcc-15.2.0/gmp/mpn/generic/gcd_22.c to mpn/gcd_22.c
config.status: linking ../../gcc-15.2.0/gmp/mpn/generic/gcd_1.c to mpn/gcd_1.c
yes
checking for /mingw64/bin/gcc options needed to detect all undeclared functions... (cached) none needed
checking whether alarm is declared... config.status: linking ../../gcc-15.2.0/gmp/mpn/generic/gcd.c to mpn/gcd.c
config.status: linking ../../gcc-15.2.0/gmp/mpn/generic/gcdext_1.c to mpn/gcdext_1.c
no
checking whether long double and double are the same... config.status: linking ../../gcc-15.2.0/gmp/mpn/generic/gcdext.c to mpn/gcdext.c
no
checking for uselocale... (cached) no
checking for pthread.h... (cached) yes
config.status: linking ../../gcc-15.2.0/gmp/mpn/generic/gcd_subdiv_step.c to mpn/gcd_subdiv_step.c
config.status: linking ../../gcc-15.2.0/gmp/mpn/generic/gcdext_lehmer.c to mpn/gcdext_lehmer.c
checking for pthread_kill in -lpthread... (cached) yes
checking whether POSIX threads API is available... yes
config.status: linking ../../gcc-15.2.0/gmp/mpn/generic/div_q.c to mpn/div_q.c
checking whether setlocale (LC_ALL, NULL) is multithread-safe... (cached) yes
checking whether setlocale (category, NULL) is multithread-safe... (cached) yes
checking whether limits.h has WORD_BIT, BOOL_WIDTH etc.... (cached) no
checking for wint_t... (cached) yes
checking whether wint_t is large enough... (cached) no
checking whether the compiler produces multi-arch binaries... (cached) no
checking whether stdint.h conforms to C99... (cached) yes
checking whether stdint.h works without ISO C predefines... (cached) yes
checking whether stdint.h has UINTMAX_WIDTH etc.... (cached) no
checking for C/C++ restrict keyword... (cached) __restrict__
checking where to find the exponent in a 'double'... config.status: linking ../../gcc-15.2.0/gmp/mpn/generic/tdiv_qr.c to mpn/tdiv_qr.c
config.status: linking ../../gcc-15.2.0/gmp/mpn/generic/jacbase.c to mpn/jacbase.c
config.status: linking ../../gcc-15.2.0/gmp/mpn/generic/jacobi_2.c to mpn/jacobi_2.c
word 1 bit 20
checking where to find the exponent in a 'float'... config.status: linking ../../gcc-15.2.0/gmp/mpn/generic/jacobi.c to mpn/jacobi.c
config.status: linking ../../gcc-15.2.0/gmp/mpn/generic/get_d.c to mpn/get_d.c
word 0 bit 23
config.status: linking ../../gcc-15.2.0/gmp/mpn/generic/matrix22_mul.c to mpn/matrix22_mul.c
checking whether byte ordering is bigendian... config.status: linking ../../gcc-15.2.0/gmp/mpn/generic/matrix22_mul1_inverse_vector.c to mpn/matrix22_mul1_inverse_vector.c
config.status: linking ../../gcc-15.2.0/gmp/mpn/generic/hgcd_matrix.c to mpn/hgcd_matrix.c
config.status: linking ../../gcc-15.2.0/gmp/mpn/generic/hgcd2.c to mpn/hgcd2.c
no
checking where to find the exponent in a 'long double'... config.status: linking ../../gcc-15.2.0/gmp/mpn/generic/hgcd_step.c to mpn/hgcd_step.c
config.status: linking ../../gcc-15.2.0/gmp/mpn/generic/hgcd_reduce.c to mpn/hgcd_reduce.c
word 2 bit 0
config.status: linking ../../gcc-15.2.0/gmp/mpn/generic/hgcd.c to mpn/hgcd.c
checking for nl_langinfo and CODESET... (cached) no
checking for wchar_t... (cached) yes
checking for good max_align_t... (cached) yes
checking whether NULL can be used in arbitrary expressions... (cached) yes
checking for unreachable... (cached) no
checking whether locale.h defines locale_t... (cached) no
checking whether locale.h conforms to POSIX:2001... (cached) no
checking whether struct lconv is properly defined... (cached) no
config.status: linking ../../gcc-15.2.0/gmp/mpn/generic/hgcd_appr.c to mpn/hgcd_appr.c
checking for LC_MESSAGES... (cached) no
checking for multithread API to use... none
checking whether NAN macro works... config.status: linking ../../gcc-15.2.0/gmp/mpn/generic/hgcd2_jacobi.c to mpn/hgcd2_jacobi.c
yes
checking whether HUGE_VAL works... yes
checking for mbstate_t... (cached) yes
checking for mbsinit... (cached) yes
checking for mbrtowc... (cached) yes
checking for mprotect... (cached) yes
checking for vasnprintf... config.status: linking ../../gcc-15.2.0/gmp/mpn/generic/hgcd_jacobi.c to mpn/hgcd_jacobi.c
config.status: linking ../../gcc-15.2.0/gmp/mpn/generic/mullo_n.c to mpn/mullo_n.c
config.status: linking ../../gcc-15.2.0/gmp/mpn/generic/mullo_basecase.c to mpn/mullo_basecase.c
no
checking for snprintf... config.status: linking ../../gcc-15.2.0/gmp/mpn/generic/sqrlo.c to mpn/sqrlo.c
config.status: linking ../../gcc-15.2.0/gmp/mpn/generic/sqrlo_basecase.c to mpn/sqrlo_basecase.c
yes
checking for swprintf... config.status: linking ../../gcc-15.2.0/gmp/mpn/generic/toom22_mul.c to mpn/toom22_mul.c
yes
checking for wcsnlen... config.status: linking ../../gcc-15.2.0/gmp/mpn/generic/toom32_mul.c to mpn/toom32_mul.c
yes
checking for getpagesize... config.status: linking ../../gcc-15.2.0/gmp/mpn/generic/toom42_mul.c to mpn/toom42_mul.c
config.status: linking ../../gcc-15.2.0/gmp/mpn/generic/toom52_mul.c to mpn/toom52_mul.c
yes
checking for asprintf... config.status: linking ../../gcc-15.2.0/gmp/mpn/generic/toom62_mul.c to mpn/toom62_mul.c
config.status: linking ../../gcc-15.2.0/gmp/mpn/generic/toom33_mul.c to mpn/toom33_mul.c
yes
checking for wprintf... config.status: linking ../../gcc-15.2.0/gmp/mpn/generic/toom43_mul.c to mpn/toom43_mul.c
yes
checking for newlocale... config.status: linking ../../gcc-15.2.0/gmp/mpn/generic/toom53_mul.c to mpn/toom53_mul.c
config.status: linking ../../gcc-15.2.0/gmp/mpn/generic/toom54_mul.c to mpn/toom54_mul.c
no
checking for a traditional japanese locale... (cached) none
checking for a french Unicode locale... (cached) none
checking for a transitional chinese locale... (cached) none
checking whether mbrtowc handles incomplete characters... (cached) guessing yes
checking whether mbrtowc works as well as mbtowc... (cached) guessing yes
checking for inline... (cached) inline
checking for mmap... (cached) no
checking whether memchr works... (cached) yes
checking whether to activate relocatable installation... yes
checking for type VISIT... config.status: linking ../../gcc-15.2.0/gmp/mpn/generic/toom63_mul.c to mpn/toom63_mul.c
yes
checking whether fcloseall is declared... (cached) yes
checking whether getw is declared... (cached) yes
config.status: linking ../../gcc-15.2.0/gmp/mpn/generic/toom44_mul.c to mpn/toom44_mul.c
checking whether putw is declared... (cached) yes
checking which flavor of printf attribute matches inttypes macros... (cached) gnu
checking whether ecvt is declared... (cached) yes
checking whether fcvt is declared... (cached) yes
config.status: linking ../../gcc-15.2.0/gmp/mpn/generic/toom6h_mul.c to mpn/toom6h_mul.c
checking whether gcvt is declared... (cached) yes
checking whether MB_CUR_MAX is correct... (cached) guessing yes
checking for pid_t... (cached) yes
checking for mode_t... (cached) yes
checking whether execvpe is declared... (cached) yes
checking for inttypes.h... config.status: linking ../../gcc-15.2.0/gmp/mpn/generic/toom6_sqr.c to mpn/toom6_sqr.c
yes
checking for stdint.h... config.status: linking ../../gcc-15.2.0/gmp/mpn/generic/toom8h_mul.c to mpn/toom8h_mul.c
yes
checking for intmax_t... config.status: linking ../../gcc-15.2.0/gmp/mpn/generic/toom8_sqr.c to mpn/toom8_sqr.c
yes
checking whether snprintf returns a byte count as in C99... config.status: linking ../../gcc-15.2.0/gmp/mpn/generic/toom_couple_handling.c to mpn/toom_couple_handling.c
config.status: linking ../../gcc-15.2.0/gmp/mpn/generic/toom2_sqr.c to mpn/toom2_sqr.c
yes
checking whether snprintf truncates the result as in C99... config.status: linking ../../gcc-15.2.0/gmp/mpn/generic/toom3_sqr.c to mpn/toom3_sqr.c
yes
checking for wcslen... config.status: linking ../../gcc-15.2.0/gmp/mpn/generic/toom4_sqr.c to mpn/toom4_sqr.c
config.status: linking ../../gcc-15.2.0/gmp/mpn/generic/toom_eval_dgr3_pm1.c to mpn/toom_eval_dgr3_pm1.c
yes
checking for snprintf... (cached) yes
checking for strnlen... config.status: linking ../../gcc-15.2.0/gmp/mpn/generic/toom_eval_dgr3_pm2.c to mpn/toom_eval_dgr3_pm2.c
yes
checking for wcrtomb... config.status: linking ../../gcc-15.2.0/gmp/mpn/generic/toom_eval_pm1.c to mpn/toom_eval_pm1.c
config.status: linking ../../gcc-15.2.0/gmp/mpn/generic/toom_eval_pm2.c to mpn/toom_eval_pm2.c
yes
checking whether _snprintf is declared... config.status: linking ../../gcc-15.2.0/gmp/mpn/generic/toom_eval_pm2exp.c to mpn/toom_eval_pm2exp.c
yes
checking whether printf supports size specifiers as in C99... config.status: linking ../../gcc-15.2.0/gmp/mpn/generic/toom_eval_pm2rexp.c to mpn/toom_eval_pm2rexp.c
config.status: linking ../../gcc-15.2.0/gmp/mpn/generic/toom_interpolate_5pts.c to mpn/toom_interpolate_5pts.c
yes
checking whether printf supports size specifiers as in C23... config.status: linking ../../gcc-15.2.0/gmp/mpn/generic/toom_interpolate_6pts.c to mpn/toom_interpolate_6pts.c
config.status: linking ../../gcc-15.2.0/gmp/mpn/generic/toom_interpolate_7pts.c to mpn/toom_interpolate_7pts.c
no
checking whether printf supports 'long double' arguments... config.status: linking ../../gcc-15.2.0/gmp/mpn/generic/toom_interpolate_8pts.c to mpn/toom_interpolate_8pts.c
config.status: linking ../../gcc-15.2.0/gmp/mpn/generic/toom_interpolate_12pts.c to mpn/toom_interpolate_12pts.c
yes
checking whether printf supports infinite 'double' arguments... config.status: linking ../../gcc-15.2.0/gmp/mpn/generic/toom_interpolate_16pts.c to mpn/toom_interpolate_16pts.c
config.status: linking ../../gcc-15.2.0/gmp/mpn/generic/invertappr.c to mpn/invertappr.c
yes
checking whether printf supports infinite 'long double' arguments... config.status: linking ../../gcc-15.2.0/gmp/mpn/generic/invert.c to mpn/invert.c
config.status: linking ../../gcc-15.2.0/gmp/mpn/generic/binvert.c to mpn/binvert.c
config.status: linking ../../gcc-15.2.0/gmp/mpn/generic/mulmod_bnm1.c to mpn/mulmod_bnm1.c
config.status: linking ../../gcc-15.2.0/gmp/mpn/generic/sqrmod_bnm1.c to mpn/sqrmod_bnm1.c
yes
checking whether printf supports the 'a' and 'A' directives... config.status: linking ../../gcc-15.2.0/gmp/mpn/generic/div_qr_1.c to mpn/div_qr_1.c
config.status: linking ../../gcc-15.2.0/gmp/mpn/generic/div_qr_1n_pi1.c to mpn/div_qr_1n_pi1.c
yes
checking whether printf supports the 'b' directive... config.status: linking ../../gcc-15.2.0/gmp/mpn/generic/div_qr_2.c to mpn/div_qr_2.c
config.status: linking ../../gcc-15.2.0/gmp/mpn/generic/div_qr_2n_pi1.c to mpn/div_qr_2n_pi1.c
yes
checking whether printf supports the 'F' directive... config.status: linking ../../gcc-15.2.0/gmp/mpn/generic/div_qr_2u_pi1.c to mpn/div_qr_2u_pi1.c
config.status: linking ../../gcc-15.2.0/gmp/mpn/generic/sbpi1_div_q.c to mpn/sbpi1_div_q.c
yes
checking whether printf supports the 'n' directive... config.status: linking ../../gcc-15.2.0/gmp/mpn/generic/sbpi1_div_qr.c to mpn/sbpi1_div_qr.c
config.status: linking ../../gcc-15.2.0/gmp/mpn/generic/sbpi1_divappr_q.c to mpn/sbpi1_divappr_q.c
yes
checking whether printf supports the 'ls' directive... config.status: linking ../../gcc-15.2.0/gmp/mpn/generic/dcpi1_div_q.c to mpn/dcpi1_div_q.c
config.status: linking ../../gcc-15.2.0/gmp/mpn/generic/dcpi1_div_qr.c to mpn/dcpi1_div_qr.c
yes
checking whether printf supports the 'lc' directive correctly... config.status: linking ../../gcc-15.2.0/gmp/mpn/generic/dcpi1_divappr_q.c to mpn/dcpi1_divappr_q.c
no
checking whether printf supports POSIX/XSI format strings with positions... config.status: linking ../../gcc-15.2.0/gmp/mpn/generic/mu_div_qr.c to mpn/mu_div_qr.c
config.status: linking ../../gcc-15.2.0/gmp/mpn/generic/mu_divappr_q.c to mpn/mu_divappr_q.c
no
checking whether printf supports the grouping flag... config.status: linking ../../gcc-15.2.0/gmp/mpn/generic/mu_div_q.c to mpn/mu_div_q.c
config.status: linking ../../gcc-15.2.0/gmp/mpn/generic/bdiv_q_1.c to mpn/bdiv_q_1.c
yes
checking whether printf supports the left-adjust flag correctly... config.status: linking ../../gcc-15.2.0/gmp/mpn/generic/sbpi1_bdiv_q.c to mpn/sbpi1_bdiv_q.c
config.status: linking ../../gcc-15.2.0/gmp/mpn/generic/sbpi1_bdiv_qr.c to mpn/sbpi1_bdiv_qr.c
yes
checking whether printf supports the zero flag correctly... config.status: linking ../../gcc-15.2.0/gmp/mpn/generic/sbpi1_bdiv_r.c to mpn/sbpi1_bdiv_r.c
config.status: linking ../../gcc-15.2.0/gmp/mpn/generic/dcpi1_bdiv_q.c to mpn/dcpi1_bdiv_q.c
yes
checking whether printf supports large precisions... config.status: linking ../../gcc-15.2.0/gmp/mpn/generic/dcpi1_bdiv_qr.c to mpn/dcpi1_bdiv_qr.c
config.status: linking ../../gcc-15.2.0/gmp/mpn/generic/mu_bdiv_q.c to mpn/mu_bdiv_q.c
yes
checking whether printf survives out-of-memory conditions... config.status: linking ../../gcc-15.2.0/gmp/mpn/generic/mu_bdiv_qr.c to mpn/mu_bdiv_qr.c
config.status: linking ../../gcc-15.2.0/gmp/mpn/generic/bdiv_q.c to mpn/bdiv_q.c
config.status: linking ../../gcc-15.2.0/gmp/mpn/generic/bdiv_qr.c to mpn/bdiv_qr.c
guessing no
checking whether _snwprintf is declared... config.status: linking ../../gcc-15.2.0/gmp/mpn/generic/broot.c to mpn/broot.c
yes
checking whether wcsnlen is declared... config.status: linking ../../gcc-15.2.0/gmp/mpn/generic/brootinv.c to mpn/brootinv.c
config.status: linking ../../gcc-15.2.0/gmp/mpn/generic/bsqrt.c to mpn/bsqrt.c
yes
checking whether swprintf works... config.status: linking ../../gcc-15.2.0/gmp/mpn/generic/bsqrtinv.c to mpn/bsqrtinv.c
yes
checking whether the C locale is free of encoding errors... (cached) yes
checking whether swprintf in the C locale is free of encoding errors... config.status: linking ../../gcc-15.2.0/gmp/mpn/generic/divexact.c to mpn/divexact.c
config.status: linking ../../gcc-15.2.0/gmp/mpn/generic/bdiv_dbm1c.c to mpn/bdiv_dbm1c.c
yes
checking whether swprintf supports the 'La' and 'LA' directives... config.status: linking ../../gcc-15.2.0/gmp/mpn/generic/redc_1.c to mpn/redc_1.c
config.status: linking ../../gcc-15.2.0/gmp/mpn/generic/redc_2.c to mpn/redc_2.c
yes
checking whether swprintf supports the 'lc' directive... config.status: linking ../../gcc-15.2.0/gmp/mpn/generic/redc_n.c to mpn/redc_n.c
config.status: linking ../../gcc-15.2.0/gmp/mpn/generic/powm.c to mpn/powm.c
yes
checking whether <wchar.h> uses 'inline' correctly... (cached) yes
checking whether wcsdup is declared... (cached) yes
checking for C compiler option to allow warnings... (cached) -Wno-error
config.status: linking ../../gcc-15.2.0/gmp/mpn/generic/powlo.c to mpn/powlo.c
checking for static_assert... (cached) yes, a keyword
checking for flexible array member... (cached) yes
checking whether conversion from 'int' to 'long double' works... config.status: linking ../../gcc-15.2.0/gmp/mpn/generic/sec_powm.c to mpn/sec_powm.c
config.status: linking ../../gcc-15.2.0/gmp/mpn/generic/sec_mul.c to mpn/sec_mul.c
yes
checking whether free is known to preserve errno... (cached) no
checking whether frexp works... config.status: linking ../../gcc-15.2.0/gmp/mpn/generic/sec_sqr.c to mpn/sec_sqr.c
config.status: linking ../../gcc-15.2.0/gmp/mpn/generic/sec_div.c to mpn/sec_div_qr.c
yes
checking whether frexpl is declared... config.status: linking ../../gcc-15.2.0/gmp/mpn/generic/sec_div.c to mpn/sec_div_r.c
yes
checking whether frexpl() can be used without linking with libm... config.status: linking ../../gcc-15.2.0/gmp/mpn/generic/sec_pi1_div.c to mpn/sec_pi1_div_qr.c
config.status: linking ../../gcc-15.2.0/gmp/mpn/generic/sec_pi1_div.c to mpn/sec_pi1_div_r.c
yes
checking whether frexpl works... config.status: linking ../../gcc-15.2.0/gmp/mpn/generic/sec_aors_1.c to mpn/sec_add_1.c
config.status: linking ../../gcc-15.2.0/gmp/mpn/generic/sec_aors_1.c to mpn/sec_sub_1.c
yes
checking whether isnan(double) can be used without linking with libm... config.status: linking ../../gcc-15.2.0/gmp/mpn/generic/sec_invert.c to mpn/sec_invert.c
yes
checking whether isnan(float) can be used without linking with libm... config.status: linking ../../gcc-15.2.0/gmp/mpn/generic/trialdiv.c to mpn/trialdiv.c
yes
checking whether isnan(float) works... config.status: linking ../../gcc-15.2.0/gmp/mpn/generic/remove.c to mpn/remove.c
config.status: linking ../../gcc-15.2.0/gmp/mpn/generic/logops_n.c to mpn/and_n.c
yes
checking whether isnan(long double) can be used without linking with libm... config.status: linking ../../gcc-15.2.0/gmp/mpn/generic/logops_n.c to mpn/andn_n.c
config.status: linking ../../gcc-15.2.0/gmp/mpn/generic/logops_n.c to mpn/nand_n.c
yes
checking whether isnanl works... config.status: linking ../../gcc-15.2.0/gmp/mpn/generic/logops_n.c to mpn/ior_n.c
config.status: linking ../../gcc-15.2.0/gmp/mpn/generic/logops_n.c to mpn/iorn_n.c
yes
checking whether the -Werror option is usable... config.status: linking ../../gcc-15.2.0/gmp/mpn/generic/logops_n.c to mpn/nior_n.c
yes
checking for simple visibility declarations... config.status: linking ../../gcc-15.2.0/gmp/mpn/generic/logops_n.c to mpn/xor_n.c
yes
checking whether mbrtowc handles a NULL pwc argument... (cached) guessing yes
checking whether mbrtowc handles a NULL string argument... (cached) guessing yes
checking whether mbrtowc has a correct return value... (cached) yes
checking whether mbrtowc returns 0 when parsing a NUL character... (cached) guessing yes
checking whether mbrtowc stores incomplete characters... (cached) no
checking whether mbrtowc works on empty input... (cached) yes
checking whether the C locale is free of encoding errors... (cached) yes
checking whether frexp works... (cached) yes
checking whether ldexp can be used without linking with libm... config.status: linking ../../gcc-15.2.0/gmp/mpn/generic/logops_n.c to mpn/xnor_n.c
yes
checking whether frexpl() can be used without linking with libm... (cached) yes
checking whether frexpl works... (cached) yes
checking whether frexpl is declared... (cached) yes
checking whether ldexpl() can be used without linking with libm... config.status: linking ../../gcc-15.2.0/gmp/mpn/generic/copyi.c to mpn/copyi.c
config.status: linking ../../gcc-15.2.0/gmp/mpn/generic/copyd.c to mpn/copyd.c
yes
checking whether ldexpl works... config.status: linking ../../gcc-15.2.0/gmp/mpn/generic/zero.c to mpn/zero.c
yes
config.status: linking ../../gcc-15.2.0/gmp/mpn/generic/sec_tabselect.c to mpn/sec_tabselect.c
checking whether ldexpl is declared... config.status: linking ../../gcc-15.2.0/gmp/mpn/generic/comb_tables.c to mpn/comb_tables.c
yes
checking whether setlocale (LC_ALL, NULL) is multithread-safe... (cached) yes
checking whether setlocale (category, NULL) is multithread-safe... (cached) yes
checking for signbit macro... config.status: linking ../../gcc-15.2.0/gmp/mpn/generic/add_n_sub_n.c to mpn/add_n_sub_n.c
config.status: linking ../../gcc-15.2.0/gmp/mpn/generic/gmp-mparam.h to gmp-mparam.h
config.status: executing libtool commands
yes
checking for signbit compiler built-ins... configure: summary of build options:

  Version:           GNU MP 6.2.1
  Host type:         none-w64-mingw32
  ABI:               
  Install prefix:    /c/Users/Syf/Desktop/BS4/tools/i686-elf
  Compiler:          /mingw64/bin/gcc
  Static libraries:  yes
  Shared libraries:  no

yes
checking for stdint.h... (cached) yes
checking for SIZE_MAX... yes
checking for ssize_t... (cached) yes
checking for bool, true, false... (cached) yes
checking for sys/single_threaded.h... (cached) no
checking for tsearch... (cached) yes
checking for twalk... yes
checking whether tdelete works... yes
checking for ptrdiff_t... yes
checking for ptrdiff_t... (cached) yes
checking for ptrdiff_t... (cached) yes
checking for ptrdiff_t... (cached) yes
checking for wmemcpy... yes
checking for wmemset... yes
checking for stdint.h... (cached) yes
checking for working mmap... no
checking whether integer division by zero raises SIGFPE... no
checking for unsigned long long int... yes
checking for iconv... (cached) yes
checking for working iconv... (cached) yes
checking how to link with libiconv... -liconv
checking whether iconv is compatible with its POSIX signature... (cached) yes
checking for inttypes.h... (cached) yes
checking for unistd.h... (cached) yes
checking for sys/param.h... (cached) yes
checking for getcwd... yes
checking for getegid... no
checking for geteuid... no
checking for getgid... no
checking for getuid... no
checking for mempcpy... (cached) yes
checking for munmap... no
checking for stpcpy... no
checking for strcasecmp... yes
checking for uselocale... (cached) no
checking for __fsetlocking... no
checking whether feof_unlocked is declared... (cached) no
checking whether fgets_unlocked is declared... (cached) no
checking for bison... bison
checking for bison 3.0 or newer... 3.8.2, ok
checking whether printf() supports POSIX/XSI format strings... no
checking for features.h... (cached) no
checking whether _snprintf is declared... (cached) yes
checking whether _snwprintf is declared... (cached) yes
configure: updating cache .././config.cache
checking that generated files are newer than configure... done
configure: creating ./config.status
configure: error: write failure creating ./config.status
configure: error: ../../../gcc-15.2.0/gettext/gettext-runtime/intl/configure failed for intl
make: *** [Makefile:7368: configure-gettext] Error 1
