mkdir -p -- ./gettext
mkdir -p -- ./gmp
mkdir -p -- ./libiberty
mkdir -p -- ./lto-plugin
mkdir -p -- build-x86_64-w64-mingw32/libiberty
mkdir -p -- build-x86_64-w64-mingw32/fixincludes
Configuring in ./gettext
Configuring in ./gmp
Configuring in build-x86_64-w64-mingw32/fixincludes
Configuring in build-x86_64-w64-mingw32/libiberty
Configuring in ./libiberty
Configuring in ./lto-plugin
configure: creating cache ./config.cache
checking whether to enable maintainer-specific portions of Makefiles... no
checking for makeinfo... /c/Users/Syf/Desktop/BS4/tools/gcc-15.2.0/missing makeinfo
configure: WARNING:
*** Makeinfo is missing. Info documentation will not be built.
checking for perl... perl
configure: creating cache ./config.cache
configure: loading site script /etc/config.site
configure: creating cache ./config.cache
checking build system type... checking build system type... configure: loading site script /etc/config.site
configure: creating cache ./config.cache
checking whether to enable maintainer-specific portions of Makefiles... no
checking for makeinfo... /c/Users/Syf/Desktop/BS4/tools/gcc-15.2.0/missing makeinfo
configure: WARNING:
*** Makeinfo is missing. Info documentation will not be built.
checking for perl... perl
configure: loading site script /etc/config.site
x86_64-w64-mingw32
checking host system type... checking build system type... x86_64-w64-mingw32
checking host system type... configure: creating cache ./config.cache
checking build system type... x86_64-w64-mingw32
checking for x86_64-w64-mingw32-ar... ar 
checking for x86_64-w64-mingw32-ranlib... ranlib 
checking for -plugin option... x86_64-w64-mingw32
checking target system type... x86_64-w64-mingw32
checking host system type... x86_64-w64-mingw32
checking host system type... x86_64-w64-mingw32
checking target system type... i686-pc-elf
checking for x86_64-w64-mingw32-gcc... gcc
x86_64-w64-mingw32
checking for x86_64-w64-mingw32-ar... ar 
checking for x86_64-w64-mingw32-ranlib... ranlib 
checking for -plugin option... checking for x86_64-w64-mingw32-ar... (cached) ar 
i686-pc-elf
checking for a BSD-compatible install... no
checking whether to install libiberty headers and static library... no
configure: target_header_dir = 
checking for x86_64-w64-mingw32-gcc... gcc
checking build system type... configure: loading site script /etc/config.site
checking for x86_64-w64-mingw32-ar... (cached) ar 
configure: creating cache ./config.cache
/usr/bin/install -c
checking whether build environment is sane... no
checking whether to install libiberty headers and static library... no
configure: target_header_dir = 
checking for x86_64-w64-mingw32-gcc... gcc
checking for a BSD-compatible install... yes
x86_64-w64-mingw32
checking host system type... checking whether the C compiler works... checking for a thread-safe mkdir -p... /usr/bin/install -c
checking whether build environment is sane... /usr/bin/mkdir -p
checking for gawk... gawk
checking whether make sets $(MAKE)... yes
checking for a race-free mkdir -p... yes
none-w64-mingw32
checking for a BSD-compatible install... /usr/bin/mkdir -p
checking for gawk... gawk
checking whether make sets $(MAKE)... checking whether make supports nested variables... yes
/usr/bin/install -c
checking whether build environment is sane... yes
checking whether the C compiler works... yes
checking whether make supports nested variables... yes
checking for C compiler default output file name... a.exe
yes
checking for suffix of executables... checking whether to enable maintainer-specific portions of Makefiles... no
checking for style of include used by make... checking for none-w64-mingw32-strip... no
checking for strip... strip
configure: WARNING: using cross tools not prefixed with host triplet
checking for a thread-safe mkdir -p... GNU
checking for x86_64-w64-mingw32-gcc... gcc
checking whether the C compiler works... /usr/bin/mkdir -p
checking for gawk... gawk
checking whether make sets $(MAKE)... checking for x86_64-w64-mingw32-gcc... gcc
yes
yes
checking for C compiler default output file name... a.exe
checking for suffix of executables... .exe
checking whether make supports nested variables... checking whether we are cross compiling... yes
yes
checking for C compiler default output file name... a.exe
checking for suffix of executables... checking whether to enable maintainer-specific portions of Makefiles... no
checking whether the C compiler works... configure: WARNING: the "none" host is obsolete, use --disable-assembly
.exe
checking ABI=standard
checking whether we are cross compiling... checking whether the C compiler works... checking compiler gcc -g -O2   ... .exe
yes
checking for C compiler default output file name... a.exe
checking for suffix of executables... checking whether we are cross compiling... yes
checking for C compiler default output file name... a.exe
checking for suffix of executables... .exe
checking whether we are cross compiling... no
checking for suffix of object files... o
checking whether we are using the GNU C compiler... no
checking for suffix of object files... .exe
checking whether we are cross compiling... yes
checking whether gcc accepts -g... o
checking whether we are using the GNU C compiler... no
yes
checking for gcc option to accept ISO C89... checking for suffix of object files... no
checking for suffix of object files... yes
checking whether gcc accepts -g... o
checking whether we are using the GNU C compiler... o
checking whether we are using the GNU C compiler... yes
checking for gcc option to accept ISO C89... none needed
checking how to run the C preprocessor... yes
checking whether gcc accepts -g... no
checking for suffix of object files... yes
checking whether gcc accepts -g... yes
checking for gcc option to accept ISO C89... none needed
checking how to run the C preprocessor... o
checking whether the compiler supports GNU C... yes
checking for gcc option to accept ISO C89... gcc -E
yes
checking whether gcc accepts -g... none needed
checking how to run the C preprocessor... none needed
checking whether gcc understands -c and -o together... gcc -E
yes
checking for gcc option to enable C11 features... checking for grep that handles long lines and -e... /usr/bin/grep
checking for egrep... /usr/bin/grep -E
checking for ANSI C header files... yes
checking dependency style of gcc... gcc -E
none needed
checking whether gcc understands -c and -o together... checking for grep that handles long lines and -e... /usr/bin/grep
checking for egrep... /usr/bin/grep -E
checking for ANSI C header files... checking for grep that handles long lines and -e... yes
checking whether the compiler is clang... /usr/bin/grep
checking for egrep... /usr/bin/grep -E
checking for ANSI C header files... no
checking for compiler option needed when checking for declarations... none
checking whether make supports the include directive... gcc3
checking how to run the C preprocessor... yes (GNU style)
checking dependency style of gcc... gcc -E
yes
checking for sys/types.h... gcc3
checking whether to use Java... no
checking how to run the C preprocessor... checking for grep that handles long lines and -e... /usr/bin/grep
checking for egrep... /usr/bin/grep -E
checking for ANSI C header files... yes
yes
checking for sys/types.h... gcc -E
checking for sys/stat.h... yes
checking for sys/stat.h... yes
checking for grep that handles long lines and -e... /usr/bin/grep
checking for egrep... /usr/bin/grep -E
checking for preferred C# implementation... no
checking for C# compiler... no
checking for stdlib.h... yes
yes
checking build system type... checking for sys/types.h... x86_64-w64-mingw32
checking host system type... checking for stdlib.h... yes
x86_64-w64-mingw32
checking for Minix Amsterdam compiler... yes
no
checking for x86_64-w64-mingw32-ar... ar 
checking for stdio.h... checking for string.h... yes
checking for sys/stat.h... yes
checking for stdlib.h... yes
yes
checking for string.h... checking for sys/types.h... yes
yes
checking for string.h... checking for memory.h... checking for stdlib.h... yes
yes
yes
checking for inttypes.h... checking for sys/stat.h... yes
checking for memory.h... yes
checking for strings.h... checking for string.h... yes
checking for stdint.h... yes
yes
yes
checking for stdlib.h... yes
yes
checking for strings.h... checking for strings.h... checking for inttypes.h... checking for memory.h... yes
checking for sys/stat.h... yes
yes
yes
yes
checking for string.h... yes
checking for sys/types.h... checking for inttypes.h... checking for stdint.h... checking for strings.h... yes
yes
checking for unistd.h... yes
yes
yes
checking for memory.h... checking for stdint.h... checking for unistd.h... checking for inttypes.h... yes
checking for wchar.h... no, long long reliability test 1
checking for none-w64-mingw32-gcc... gcc
yes
yes
yes
yes
checking for strings.h... yes
checking for minix/config.h... checking minix/config.h usability... checking for unistd.h... checking for stdint.h... yes
yes
checking whether the C compiler works... yes
no
checking for sys/param.h... no
checking minix/config.h presence... checking minix/config.h usability... checking for inttypes.h... checking for unistd.h... no
checking for minix/config.h... no
checking whether it is safe to define __EXTENSIONS__... yes
checking for sys/socket.h... yes
no
checking minix/config.h presence... yes
yes
checking for C compiler default output file name... a.exe
checking for suffix of executables... checking minix/config.h usability... checking for stdint.h... yes
checking for special C compiler options needed for large files... no
checking for _FILE_OFFSET_BITS value needed for large files... yes
checking for error.h... no
checking for minix/config.h... no
checking whether it is safe to define __EXTENSIONS__... no
yes
yes
checking for getopt.h... checking whether gcc supports -W... .exe
no
checking minix/config.h presence... checking whether we are cross compiling... yes
yes
checking for special C compiler options needed for large files... no
checking for _FILE_OFFSET_BITS value needed for large files... checking for suffix of object files... checking for unistd.h... yes
yes
checking for sys/cdefs.h... checking whether gcc supports -Wall... no
no
checking for minix/config.h... no
checking whether it is safe to define __EXTENSIONS__... o
checking whether we are using the GNU C compiler... yes
checking whether gcc supports -W... checking minix/config.h usability... yes
yes
checking whether gcc accepts -g... yes
checking for threads.h... checking whether gcc supports -Wwrite-strings... yes
yes
checking for a sed that does not truncate output... /usr/bin/sed
checking whether gcc supports -Wall... yes
checking for gcc option to accept ISO C89... checking whether gcc supports -W... yes
yes
checking for iconv.h... checking whether gcc supports -Wc++-compat... no
checking minix/config.h presence... yes
yes
checking whether gcc supports -Wwrite-strings... yes
checking whether gcc supports -Wall... checking whether gcc supports -Wstrict-prototypes... none needed
checking whether gcc understands -c and -o together... yes
checking for limits.h... no
checking for minix/config.h... no
checking whether it is safe to define __EXTENSIONS__... yes
yes
checking whether gcc supports -Wc++-compat... checking whether gcc supports -Wwrite-strings... yes
checking for gcc option to accept ISO C99... yes
checking for crtdefs.h... yes
checking for x86_64-w64-mingw32-gcc... (cached) gcc
yes
yes
yes
checking whether gcc supports -Wshadow=local... checking whether gcc supports -Wstrict-prototypes... checking whether gcc supports -Wstrict-prototypes... none needed
checking how to run the C preprocessor... yes
checking for wctype.h... yes
checking whether gcc supports -pedantic ... yes
yes
checking whether gcc and cc understand -c and -o together... yes
checking whether we are using the GNU C compiler... (cached) yes
checking whether gcc accepts -g... (cached) yes
checking for gcc option to accept ISO C89... (cached) none needed
checking whether gcc understands -c and -o together... (cached) yes
checking dependency style of gcc... (cached) gcc3
checking for special C compiler options needed for large files... no
checking for _FILE_OFFSET_BITS value needed for large files... yes
checking for langinfo.h... checking whether gcc supports -Wshadow=local... checking whether gcc supports -Wmissing-prototypes... gcc -E
no
yes
checking whether gcc supports -pedantic ... yes
yes
checking for xlocale.h... checking whether gcc supports -Wall... checking whether gcc supports -Wold-style-definition... yes
checking whether gcc and cc understand -c and -o together... yes
checking for -static-libgcc... yes
checking build system compiler gcc... checking whether gcc supports -Wmissing-format-attribute... yes
no
checking for sys/mman.h... checking for an ANSI C-conforming const... yes
yes
checking for inline... checking whether gcc supports -Woverlength-strings... yes
checking for sys/time.h... yes
checking for CET support... no
checking whether symbol versioning is supported... inline
checking whether byte ordering is bigendian... yes
checking whether gcc supports -pedantic -Wlong-long... yes
checking for build system preprocessor... yes
checking for an ANSI C-conforming const... gcc -E
checking for build system executable suffix... yes
checking for stdbool.h... yes
checking for ANSI C header files... (cached) yes
checking stddef.h usability... yes
checking for inline... gnu
checking how to print strings... yes
checking for stdckdint.h... printf
checking for a sed that does not truncate output... /usr/bin/sed
checking for fgrep... inline
checking whether byte ordering is bigendian... /usr/bin/grep -F
checking for ld used by gcc... yes
checking stddef.h presence... yes
checking for stddef.h... yes
yes
checking for features.h... no
checking for a BSD-compatible install... checking for stdlib.h... (cached) yes
yes
checking whether it is safe to define __EXTENSIONS__... /usr/bin/install -c
checking for CET support... no
checking target system type... checking for strings.h... (cached) yes
i686-pc-elf
/usr/lib/gcc/x86_64-pc-cygwin/15.3.0/../../../../x86_64-pc-cygwin/bin/ld.exe
checking if the linker (/usr/lib/gcc/x86_64-pc-cygwin/15.3.0/../../../../x86_64-pc-cygwin/bin/ld.exe) is GNU ld... yes
checking for BSD- or MS-compatible name lister (nm)... checking for unistd.h... (cached) yes
yes
checking whether _XOPEN_SOURCE should be defined... checking for sys/file.h... checking fcntl.h usability... no
checking for a BSD-compatible install... no
checking whether to use C++... yes
checking whether the C++ compiler (g++ -g -O2   -static-libstdc++ -static-libgcc -Wl,--stack,12582912) works... yes
.exe
checking whether build system compiler is ANSI... /usr/bin/install -c
checking for CET support... no
checking target system type... yes
checking fcntl.h presence... checking for sys/param.h... i686-pc-elf
yes
yes
checking for fcntl.h... yes
checking for sys/file.h... yes
checking for build system compiler math library... checking for limits.h... checking sys/file.h usability... yes
yes
checking for sys/param.h... yes
checking sys/file.h presence... yes
checking whether the C++ compiler supports namespaces... checking for stdlib.h... (cached) yes
yes
yes
checking for sys/file.h... yes
-lm
checking for grep that handles long lines and -e... /usr/bin/grep
checking for egrep... checking for malloc.h... /usr/bin/grep -E
using ABI=""
      CC="gcc"
      CFLAGS="-g -O2  "
      CPPFLAGS=""
      MPN_PATH="generic"
checking whether assembler supports --noexecstack option... checking for limits.h... checking for sys/stat.h... (cached) yes
yes
yes
no
checking for none-w64-mingw32-ar... ar 
checking for BSD- or MS-compatible name lister (nm)... nm
checking the name lister (nm) interface... checking for clearerr_unlocked... checking for string.h... (cached) yes
checking for stdlib.h... (cached) yes
checking for unistd.h... (cached) yes
checking for malloc.h... BSD nm
checking for none-w64-mingw32-as... as
checking for none-w64-mingw32-dlltool... dlltool
checking for none-w64-mingw32-objdump... objdump
checking how to print strings... checking for strings.h... (cached) yes
printf
checking for a sed that does not truncate output... yes
/usr/bin/sed
checking for fgrep... yes
/usr/bin/grep -F
checking for ld used by gcc... checking for sys/time.h... checking for string.h... (cached) yes
checking for feof_unlocked... yes
checking for unistd.h... (cached) yes
checking for time.h... checking for strings.h... (cached) yes
/usr/lib/gcc/x86_64-pc-cygwin/15.3.0/../../../../x86_64-pc-cygwin/bin/ld.exe
checking if the linker (/usr/lib/gcc/x86_64-pc-cygwin/15.3.0/../../../../x86_64-pc-cygwin/bin/ld.exe) is GNU ld... yes
yes
checking whether ln -s works... no, using cp -pR
checking the maximum length of command line arguments... 8192
checking for sys/time.h... yes
checking how to convert x86_64-w64-mingw32 file names to none-w64-mingw32 format... func_convert_file_msys_to_w32
checking how to convert x86_64-w64-mingw32 file names to toolchain format... func_convert_file_msys_to_w32
checking for /usr/lib/gcc/x86_64-pc-cygwin/15.3.0/../../../../x86_64-pc-cygwin/bin/ld.exe option to reload object files... -r
checking for none-w64-mingw32-objdump... (cached) objdump
checking how to recognize dependent libraries... yes
checking dependency style of g++... checking for sys/resource.h... file_magic ^x86 archive import|^x86 DLL
checking for none-w64-mingw32-dlltool... (cached) dlltool
checking how to associate runtime and link libraries... checking for ferror_unlocked... yes
func_cygming_dll_for_implib
checking for none-w64-mingw32-ar... (cached) ar 
checking for archiver @FILE support... yes
/usr/bin/nm
checking the name lister (/usr/bin/nm) interface... checking for time.h... checking for sys/stat.h... (cached) yes
yes
@
checking for none-w64-mingw32-strip... strip
checking for none-w64-mingw32-ranlib... ranlib 
checking command to parse nm output from gcc object... yes
BSD nm
checking whether ln -s works... no, using cp -pR
checking the maximum length of command line arguments... 8192
checking whether the shell understands some XSI constructs... yes
checking whether the shell understands "+="... checking for sys/mman.h... gcc3
checking whether the compiler supports GNU C++... yes
checking for sys/resource.h... checking for /usr/lib/gcc/x86_64-pc-cygwin/15.3.0/../../../../x86_64-pc-cygwin/bin/ld.exe option to reload object files... -r
checking for x86_64-w64-mingw32-objdump... objdump
checking how to recognize dependent libraries... file_magic ^x86 archive import|^x86 DLL
checking for fflush_unlocked... yes
yes
checking whether g++ accepts -g... yes
checking for fcntl.h... checking for x86_64-w64-mingw32-ar... ar 
checking for x86_64-w64-mingw32-strip... no
checking for strip... strip
checking for x86_64-w64-mingw32-ranlib... ranlib 
checking command to parse /usr/bin/nm output from gcc object... yes
checking for gcc option to enable large file support... checking for sys/stat.h... (cached) yes
yes
checking for sys/mman.h... yes
none needed
checking whether C compiler handles -Werror -Wunknown-warning-option... checking for alloca.h... yes
checking for fgetc_unlocked... yes
no
checking for auto-import of symbols... checking for fcntl.h... checking for sys/pstat.h... ok
checking for sysroot... no
checking for a working dd... yes
yes
no
/usr/bin/dd
checking how to truncate binary pipes... checking for sys/sysmp.h... checking for alloca.h... checking for fgets_unlocked... yes
/usr/bin/dd bs=4096 count=1
checking for none-w64-mingw32-mt... no
checking for mt... no
checking if : is a manifest tool... no
no
checking for ANSI C header files... no
checking for sys/pstat.h... checking how to print strings... checking for sys/sysinfo.h... printf
checking for a sed that does not truncate output... /usr/bin/sed
checking for fgrep... yes
/usr/bin/grep -F
checking for ld used by gcc... yes
no
checking for machine/hal_sysinfo.h... checking for sys/sysmp.h... checking for fileno_unlocked... yes
checking for sys/types.h... ok
checking for dlfcn.h... no
no
checking for sys/table.h... checking for sys/sysinfo.h... /usr/lib/gcc/x86_64-pc-cygwin/15.3.0/../../../../x86_64-pc-cygwin/bin/ld.exe
checking if the linker (/usr/lib/gcc/x86_64-pc-cygwin/15.3.0/../../../../x86_64-pc-cygwin/bin/ld.exe) is GNU ld... yes
checking for BSD- or MS-compatible name lister (nm)... nm
checking the name lister (nm) interface... yes
yes
yes
checking for objdir... no
.libs
checking for sys/sysctl.h... checking for sys/stat.h... checking for machine/hal_sysinfo.h... yes
BSD nm
checking whether ln -s works... no, using cp -pR
checking the maximum length of command line arguments... 8192
checking for fprintf_unlocked... checking how to convert x86_64-w64-mingw32 file names to x86_64-w64-mingw32 format... func_convert_file_msys_to_w32
checking how to convert x86_64-w64-mingw32 file names to toolchain format... func_convert_file_msys_to_w32
checking for /usr/lib/gcc/x86_64-pc-cygwin/15.3.0/../../../../x86_64-pc-cygwin/bin/ld.exe option to reload object files... -r
checking for x86_64-w64-mingw32-file... no
no
no
checking for file... file
checking for x86_64-w64-mingw32-objdump... objdump
checking how to recognize dependent libraries... yes
file_magic ^x86 archive import|^x86 DLL
checking for sys/table.h... checking for sys/systemcfg.h... checking for x86_64-w64-mingw32-dlltool... dlltool
checking how to associate runtime and link libraries... func_cygming_dll_for_implib
checking for x86_64-w64-mingw32-ar... (cached) ar 
checking for archiver @FILE support... checking for stdlib.h... no
no
checking for stdint.h... (cached) yes
checking if gcc supports -fno-rtti -fno-exceptions... checking for sys/sysctl.h... yes
@
checking for x86_64-w64-mingw32-strip... no
checking for strip... strip
checking for x86_64-w64-mingw32-ranlib... ranlib 
checking command to parse nm output from gcc object... no
checking for stdio_ext.h... checking for fputc_unlocked... checking for string.h... no
yes
checking for sys/systemcfg.h... no
checking for gcc option to produce PIC... -DDLL_EXPORT -DPIC
checking if gcc PIC flag -DDLL_EXPORT -DPIC works... yes
checking for process.h... no
yes
checking for stdint.h... (cached) yes
checking for memory.h... yes
checking if gcc static flag -static works... checking for sys/prctl.h... yes
checking for stdio_ext.h... yes
checking for fputs_unlocked... yes
no
checking for strings.h... checking for spawn.h... yes
checking if gcc supports -c -o file.o... ok
checking for process.h... checking for sysroot... no
checking for a working dd... yes
yes
yes
/usr/bin/dd
checking how to truncate binary pipes... checking for sys/prctl.h... checking for libgen.h... checking for inttypes.h... /usr/bin/dd bs=4096 count=1
checking for x86_64-w64-mingw32-mt... no
checking for mt... no
checking if : is a manifest tool... yes
yes
no
checking for dlfcn.h... yes
checking if gcc supports -c -o file.o... (cached) yes
checking whether the gcc linker (/usr/lib/gcc/x86_64-pc-cygwin/15.3.0/../../../../x86_64-pc-cygwin/bin/ld.exe) supports shared libraries... checking for sys/wait.h that is POSIX.1 compatible... no
checking for fread_unlocked... yes
checking for spawn.h... yes
checking whether -lc should be explicitly linked in... yes
checking for x86_64-w64-mingw32-as... as
checking for x86_64-w64-mingw32-dlltool... (cached) dlltool
checking for x86_64-w64-mingw32-objdump... (cached) objdump
checking for objdir... yes
checking whether time.h and sys/time.h may both be included... checking for stdint.h... yes
.libs
checking for libgen.h... yes
yes
checking dynamic linker characteristics... yes
yes
checking whether errno must be declared... yes
checking for fwrite_unlocked... checking for unistd.h... checking for sys/wait.h that is POSIX.1 compatible... no
checking size of int... Win32 ld.exe
checking how to hardcode library paths into programs... immediate
checking whether stripping libraries is possible... yes
checking whether time.h and sys/time.h may both be included... yes
checking if libtool supports shared libraries... yes
checking whether to build shared libraries... yes
checking whether to build static libraries... yes
yes
checking for int64_t... checking if gcc supports -fno-rtti -fno-exceptions... checking for dlfcn.h... yes
checking whether errno must be declared... yes
yes
checking for objdir... checking for getchar_unlocked... no
checking for gcc option to produce PIC... -DDLL_EXPORT -DPIC
checking if gcc PIC flag -DDLL_EXPORT -DPIC works... no
checking size of int... .libs
4
checking size of long... yes
checking for uint64_t... yes
checking if gcc static flag -static works... yes
yes
checking for sys/wait.h that is POSIX.1 compatible... checking for getc_unlocked... yes
checking if gcc supports -c -o file.o... checking if gcc supports -fno-rtti -fno-exceptions... yes
4
checking size of long... 8
checking size of size_t... configure: updating cache ./config.cache
checking that generated files are newer than configure... done
configure: creating ./config.status
no
checking for gcc option to produce PIC... -DDLL_EXPORT -DPIC
checking if gcc PIC flag -DDLL_EXPORT -DPIC works... yes
checking if gcc supports -c -o file.o... (cached) yes
checking whether the gcc linker (/usr/lib/gcc/x86_64-pc-cygwin/15.3.0/../../../../x86_64-pc-cygwin/bin/ld.exe) supports shared libraries... yes
checking dynamic linker characteristics... yes
checking if gcc static flag -static works... 8
checking for long long... 8
checking size of size_t... yes
Win32 ld.exe
checking how to hardcode library paths into programs... immediate
checking whether stripping libraries is possible... yes
checking if libtool supports shared libraries... yes
checking whether to build shared libraries... no
checking whether to build static libraries... yes
checking for putchar_unlocked... checking how to run the C++ preprocessor... yes
checking size of long long... 8
g++ -E
checking for long long... yes
checking if gcc supports -c -o file.o... yes
checking for putc_unlocked... 8
checking for a 64-bit type... yes
checking if gcc supports -c -o file.o... (cached) yes
checking whether the gcc linker (/usr/lib/gcc/x86_64-pc-cygwin/15.3.0/../../../../x86_64-pc-cygwin/bin/ld.exe) supports shared libraries... uint64_t
yes
checking size of long long... checking for intptr_t... yes
checking dynamic linker characteristics... Win32 ld.exe
checking for ld used by g++... checking how to hardcode library paths into programs... immediate
checking whether stripping libraries is possible... yes
checking if libtool supports shared libraries... yes
checking whether to build shared libraries... no
checking whether to build static libraries... yes
checking how to run the C++ preprocessor... yes
checking for uintptr_t... 8
checking for a 64-bit type... uint64_t
checking for intptr_t... /usr/lib/gcc/x86_64-pc-cygwin/15.3.0/../../../../x86_64-pc-cygwin/bin/ld.exe
checking if the linker (/usr/lib/gcc/x86_64-pc-cygwin/15.3.0/../../../../x86_64-pc-cygwin/bin/ld.exe) is GNU ld... g++ -E
yes
checking whether the g++ linker (/usr/lib/gcc/x86_64-pc-cygwin/15.3.0/../../../../x86_64-pc-cygwin/bin/ld.exe) supports shared libraries... yes
yes
yes
checking for ssize_t... checking whether abort is declared... yes
checking for uintptr_t... yes
checking whether asprintf is declared... yes
checking for pid_t... yes
checking whether the g++ linker (/usr/lib/gcc/x86_64-pc-cygwin/15.3.0/../../../../x86_64-pc-cygwin/bin/ld.exe) supports shared libraries... yes
checking for ssize_t... yes
checking whether basename is declared... checking for g++ option to produce PIC... -DDLL_EXPORT -DPIC
checking if g++ PIC flag -DDLL_EXPORT -DPIC works... checking for g++ option to produce PIC... -DDLL_EXPORT -DPIC
checking if g++ PIC flag -DDLL_EXPORT -DPIC works... yes
checking for library containing strerror... yes
checking whether errno is declared... yes
checking if g++ static flag  works... yes
checking if g++ static flag -static works... yes
checking for pid_t... none required
no
checking for asprintf... checking whether vasprintf is declared... yes
checking if g++ supports -c -o file.o... yes
checking if g++ supports -c -o file.o... yes
yes
checking for library containing strerror... yes
checking whether memmem is declared... checking for atexit... yes
checking if g++ supports -c -o file.o... (cached) yes
checking whether the g++ linker (/usr/lib/gcc/x86_64-pc-cygwin/15.3.0/../../../../x86_64-pc-cygwin/bin/ld.exe) supports shared libraries... yes
checking dynamic linker characteristics... Win32 ld.exe
checking how to hardcode library paths into programs... immediate
checking for ANSI C header files... (cached) yes
checking whether time.h and sys/time.h may both be included... yes
yes
checking if g++ supports -c -o file.o... (cached) yes
checking whether the g++ linker (/usr/lib/gcc/x86_64-pc-cygwin/15.3.0/../../../../x86_64-pc-cygwin/bin/ld.exe) supports shared libraries... yes
checking dynamic linker characteristics... Win32 ld.exe
checking how to hardcode library paths into programs... immediate
checking for x86_64-w64-mingw32-windres... no
checking for windres... windres
checking whether clearerr_unlocked is declared... yes
none required
checking fcntl.h usability... checking for asprintf... yes
yes
checking whether feof_unlocked is declared... yes
checking fcntl.h presence... checking for x86_64-w64-mingw32-windres... windres
checking whether NLS is requested... no
checking for basename... checking for msgfmt... yes
checking for fcntl.h... yes
/usr/bin/msgfmt
checking for gmsgfmt... yes
/usr/bin/msgfmt
checking float.h usability... checking whether ferror_unlocked is declared... checking for xgettext... /usr/bin/xgettext
yes
checking float.h presence... yes
yes
yes
checking for msgmerge... yes
checking for float.h... yes
checking whether fflush_unlocked is declared... /usr/bin/msgmerge
checking for ld... /usr/lib/gcc/x86_64-pc-cygwin/15.3.0/../../../../x86_64-pc-cygwin/bin/ld.exe
checking if the linker (/usr/lib/gcc/x86_64-pc-cygwin/15.3.0/../../../../x86_64-pc-cygwin/bin/ld.exe) is GNU ld... checking for bcmp... checking for atexit... yes
checking for shared library run path origin... checking invent.h usability... yes
checking whether fgetc_unlocked is declared... no
checking invent.h presence... yes
done
checking 32-bit host C ABI... no
checking for invent.h... no
checking whether fgets_unlocked is declared... yes
checking langinfo.h usability... no
checking for ELF binary format... checking for basename... yes
yes
no
checking for the common suffixes of directories in the library search path... yes
checking langinfo.h presence... checking whether fileno_unlocked is declared... lib,lib,lib
checking for bcopy... yes
checking for langinfo.h... yes
checking for CFPreferencesCopyAppValue... yes
checking locale.h usability... checking whether fprintf_unlocked is declared... yes
checking locale.h presence... no
checking for CFLocaleCopyPreferredLanguages... yes
checking for locale.h... yes
yes
no
yes
checking nl_types.h usability... no
checking whether to use NLS... no
checking for bcmp... checking whether fputc_unlocked is declared... checking for bsearch... checking for size_t... yes
checking nl_types.h presence... yes
yes
checking for nl_types.h... yes
checking whether fputs_unlocked is declared... checking sys/attributes.h usability... yes
yes
yes
checking for working alloca.h... checking for bcopy... checking whether fread_unlocked is declared... yes
no
checking sys/attributes.h presence... yes
checking for bzero... no
checking for sys/attributes.h... no
checking whether fwrite_unlocked is declared... yes
checking for alloca... yes
checking whether the preprocessor supports include_next... checking sys/iograph.h usability... yes
yes
checking whether getchar_unlocked is declared... no
checking sys/iograph.h presence... yes
checking whether source code line length is unlimited... checking for bsearch... yes
checking whether malloc is ptrdiff_t safe... yes
no
checking for sys/iograph.h... no
checking sys/mman.h usability... checking whether getc_unlocked is declared... yes
checking whether malloc, realloc, calloc set errno on failure... no
checking whether lstat correctly handles trailing slash... config.status: creating Makefile
yes
checking sys/mman.h presence... yes
config.status: creating config.h
checking whether putchar_unlocked is declared... yes
checking for sys/mman.h... yes
yes
checking sys/param.h usability... yes
checking for bzero... yes
config.status: executing depfiles commands
checking whether putc_unlocked is declared... checking for calloc... yes
checking sys/param.h presence... yes
checking for sys/param.h... yes
yes
config.status: executing libtool commands
checking for an ANSI C-conforming const... yes
checking for canonicalize_file_name... checking sys/processor.h usability... yes
checking sys/mman.h usability... yes
yes
checking for calloc... yes
checking sys/mman.h presence... no
checking sys/processor.h presence... checking for clock... yes
checking for realpath... yes
checking for sys/mman.h... yes
checking for mmap... no
checking for sys/processor.h... no
checking sys/pstat.h usability... mkdir -p -- build-x86_64-w64-mingw32/libcpp
Configuring in build-x86_64-w64-mingw32/libcpp
yes
yes
checking whether read-only mmap of a plain file works... yes
checking whether mmap from /dev/zero works... no
checking for MAP_ANON(YMOUS)... yes
checking for lstat... yes
checking for clock... no
checking sys/pstat.h presence... yes
checking whether mmap with MAP_ANON(YMOUS) works... no
checking whether to enable maintainer-specific portions of Makefiles... no
checking for ffs... no
checking for sys/pstat.h... no
checking sys/sysinfo.h usability... configure: updating cache ./config.cache
yes
checking for _set_invalid_parameter_handler... yes
configure: creating ./config.status
yes
checking sys/sysinfo.h presence... checking for ffs... yes
checking for sys/sysinfo.h... yes
yes
checking sys/syssgi.h usability... checking for getcwd... no
checking for fcntl... yes
no
checking sys/syssgi.h presence... checking for getcwd... yes
no
checking for sys/syssgi.h... no
checking sys/systemcfg.h usability... yes
checking for symlink... checking for getpagesize... yes
no
checking sys/systemcfg.h presence... checking for getpagesize... yes
yes
checking for getdtablesize... no
checking for sys/systemcfg.h... no
checking sys/time.h usability... checking for gettimeofday... config.status: creating Makefile
yes
checking sys/time.h presence... config.status: creating mkheaders.almost
yes
checking for getexecname... yes
checking for sys/time.h... yes
yes
checking sys/times.h usability... config.status: creating config.h
checking for index... yes
checking sys/times.h presence... yes
yes
checking for sys/times.h... yes
no
checking for iswcntrl... checking for sys/resource.h... checking for gettimeofday... configure: creating cache ./config.cache
checking build system type... yes
mkdir -p -- ./zlib
checking for sys/sysctl.h... x86_64-w64-mingw32
checking host system type... Configuring in ./zlib
x86_64-w64-mingw32
checking target system type... i686-pc-elf
checking whether make sets $(MAKE)... yes
no
checking for machine/hal_sysinfo.h... yes
checking for mbsinit... yes
checking for a BSD-compatible install... checking for index... /usr/bin/install -c
checking for x86_64-w64-mingw32-gcc... gcc
no
checking whether fgetc is declared... yes
yes
checking for mbrtowc... checking for insque... yes
checking whether the C compiler works... checking whether fscanf is declared... yes
yes
checking for mbslen... checking for insque... yes
yes
checking whether optarg is declared... yes
checking for C compiler default output file name... a.exe
checking for suffix of executables... checking for memchr... yes
yes
checking whether ungetc is declared... checking for memchr... .exe
checking whether we are cross compiling... yes
yes
checking whether vfprintf is declared... checking for memrchr... yes
checking whether sys_errlist is declared... no
checking for suffix of object files... yes
o
checking whether we are using the GNU C compiler... checking whether sys_nerr is declared... yes
checking whether gcc accepts -g... yes
yes
checking for gcc option to accept ISO C89... checking return type of signal handlers... no
checking for mprotect... yes
configure: loading site script /etc/config.site
void
none needed
checking for memcmp... checking for intmax_t... configure: creating cache ./config.cache
checking build system type... x86_64-w64-mingw32
checking host system type... x86_64-w64-mingw32
checking target system type... yes
checking for readlink... yes
i686-pc-elf
checking for a BSD-compatible install... checking whether we are using the GNU C++ compiler... checking for memrchr... /usr/bin/install -c
checking whether build environment is sane... yes
yes
yes
checking whether g++ accepts -g... checking for long double... yes
checking for memcpy... yes
checking for x86_64-w64-mingw32-ranlib... ranlib 
checking for x86_64-w64-mingw32-ar... ar 
checking how to run the C preprocessor... yes
checking for setenv... checking for a thread-safe mkdir -p... /usr/bin/mkdir -p
checking for gawk... gawk
checking whether make sets $(MAKE)... yes
yes
checking whether make supports nested variables... gcc -E
yes
yes
checking for long long... checking for memcmp... yes
checking for wcwidth... yes
checking whether to enable maintainer-specific portions of Makefiles... no
checking for x86_64-w64-mingw32-gcc... gcc
checking for grep that handles long lines and -e... checking for memmem... /usr/bin/grep
checking for egrep... /usr/bin/grep -E
checking for ANSI C header files... yes
checking for ptrdiff_t... yes
yes
checking for gcc options needed to detect all undeclared functions... checking for memcpy... yes
checking whether the C compiler works... checking for memmove... yes
checking for quad_t... none needed
checking whether // is distinct from /... yes
checking whether realpath works... no
checking for uint_least32_t... yes
checking for C compiler default output file name... a.exe
checking for suffix of executables... yes
checking for mempcpy... yes
checking for sys/types.h... .exe
checking whether we are cross compiling... yes
checking for intptr_t... yes
checking for sys/stat.h... yes
yes
yes
checking for memset... yes
checking for faccessat... checking for stdlib.h... checking for memmem... yes
checking for working volatile... yes
yes
checking for C/C++ restrict keyword... checking for string.h... __restrict
checking whether gcc __attribute__ ((const)) works... yes
yes
checking for C/C++ restrict keyword... yes
no
checking for mkstemps... checking for suffix of object files... yes
yes
checking whether gcc __attribute__ ((malloc)) works... __restrict__
checking if environ is properly declared... checking for memmove... checking for memory.h... o
checking whether we are using the GNU C compiler... yes
checking whether gcc __attribute__ ((mode (XX))) works... yes
checking whether gcc accepts -g... yes
checking whether gcc __attribute__ ((noreturn)) works... yes
yes
yes
checking for complete errno.h... yes
checking for gcc option to accept ISO C89... yes
checking whether gcc hidden aliases work... checking for strings.h... checking for putenv... yes
checking for error... yes
yes
yes
checking for inline... none needed
checking whether gcc understands -c and -o together... checking for mempcpy... checking for inttypes.h... inline
yes
yes
checking for style of include used by make... checking for cos in -lm... yes
yes
GNU
checking dependency style of gcc... checking whether error_at_line is declared... checking for random... checking for stdint.h... yes
checking for error_at_line... yes
yes
checking for memset... gcc3
checking for CET support... no
yes
checking how to print strings... checking for unistd.h... yes
checking for working alloca.h... printf
checking for a sed that does not truncate output... /usr/bin/sed
checking for grep that handles long lines and -e... checking for rename... /usr/bin/grep
checking for egrep... yes
/usr/bin/grep -E
checking for fgrep... /usr/bin/grep -F
checking for ld used by gcc... checking minix/config.h usability... no
checking minix/config.h presence... yes
yes
checking for alloca (via gmp-impl.h)... /usr/lib/gcc/x86_64-pc-cygwin/15.3.0/../../../../x86_64-pc-cygwin/bin/ld.exe
checking if the linker (/usr/lib/gcc/x86_64-pc-cygwin/15.3.0/../../../../x86_64-pc-cygwin/bin/ld.exe) is GNU ld... yes
checking for BSD- or MS-compatible name lister (nm)... checking for rindex... no
checking for minix/config.h... no
checking whether it is safe to define __EXTENSIONS__... yes
checking for special C compiler options needed for large files... no
checking for _FILE_OFFSET_BITS value needed for large files... yes
checking how to allocate temporary memory... alloca
no
checking for aclocal... aclocal
checking for autoconf... autoconf
checking for autoheader... autoheader
yes
checking for working error function... checking whether gcc supports -W... yes
checking whether byte ordering is bigendian... checking for setenv... yes
yes
checking whether gcc supports -Wall... checking for mkstemps... yes
checking whether gcc supports -Wnarrowing... yes
yes
yes
checking whether strerror_r is declared... checking for snprintf... checking whether gcc supports -Wwrite-strings... no
checking format of `double' floating point... yes
yes
checking for putenv... checking whether gcc supports -Wmissing-format-attribute... yes
checking whether strerror_r returns char *... yes
yes
checking whether ctype.h defines __header_inline... checking whether gcc supports -Wstrict-prototypes... yes
yes
checking for sigsetmask... no
checking for working fcntl.h... yes
checking for random... checking whether gcc supports -Wmissing-prototypes... IEEE little endian
checking for alarm... yes
checking whether gcc supports -Wold-style-definition... yes
yes
no
checking whether gcc supports -Wc++-compat... /usr/bin/nm
checking the name lister (/usr/bin/nm) interface... checking for stpcpy... yes
checking for rename... yes
checking whether gcc supports -pedantic -Wlong-long... checking for attr_get... yes
BSD nm
checking whether ln -s works... no, using cp -pR
checking the maximum length of command line arguments... 8192
checking whether the shell understands some XSI constructs... yes
checking whether the shell understands "+="... checking whether gcc supports -fno-exceptions... yes
checking for /usr/lib/gcc/x86_64-pc-cygwin/15.3.0/../../../../x86_64-pc-cygwin/bin/ld.exe option to reload object files... -r
checking for x86_64-w64-mingw32-objdump... objdump
checking how to recognize dependent libraries... file_magic ^x86 archive import|^x86 DLL
yes
yes
checking whether gcc supports -fno-rtti... yes
checking for rindex... checking for x86_64-w64-mingw32-ar... ar 
checking for x86_64-w64-mingw32-strip... no
checking for strip... strip
checking for x86_64-w64-mingw32-ranlib... ranlib 
checking command to parse /usr/bin/nm output from gcc object... checking for stpncpy... no
yes
checking for clock... checking dependency style of g++... no
checking for pid_t... yes
yes
yes
checking for setenv... checking for strcasecmp... checking for cputime... gcc3
checking whether time.h and sys/time.h may both be included... ok
checking how to run the C preprocessor... yes
checking for mode_t... yes
checking whether string.h and strings.h may both be included... yes
yes
yes
no
checking for strchr... checking locale.h usability... checking for snprintf... gcc -E
checking for getpagesize... yes
checking locale.h presence... yes
checking for locale.h... yes
checking for ANSI C header files... yes
checking whether stat file-mode macros are broken... checking fcntl.h usability... yes
no
checking for 64-bit off_t... yes
checking fcntl.h presence... checking for sigsetmask... yes
checking for 64-bit st_size... yes
checking for fcntl.h... yes
checking limits.h usability... no
checking for nlink_t... yes
checking limits.h presence... yes
checking for limits.h... yes
checking stddef.h usability... no
yes
yes
checking stddef.h presence... yes
checking for stpcpy... yes
checking for sdkddkver.h... yes
checking for stddef.h... yes
checking for getrusage... checking for strdup... checking for stdlib.h... (cached) yes
yes
yes
checking for sys/types.h... checking whether getdtablesize is declared... checking for strings.h... (cached) yes
yes
yes
checking for string.h... (cached) yes
yes
yes
yes
checking for getopt.h... (cached) yes
checking for getopt_long_only... checking for stpncpy... checking sys/file.h usability... checking for sys/stat.h... checking for strncasecmp... checking for gettimeofday... yes
checking sys/file.h presence... yes
yes
checking for sys/file.h... yes
checking for stdlib.h... yes
checking for unistd.h... (cached) yes
yes
checking whether getopt is POSIX compatible... yes
yes
checking whether byte ordering is bigendian... yes
checking for strcasecmp... checking for getsysinfo... checking for string.h... checking for strndup... yes
checking for memory.h... yes
no
checking for an ANSI C-conforming const... yes
no
yes
checking for strchr... checking for localeconv... yes
checking for inline... checking for strnlen... checking for strings.h... inline
checking for obstacks... yes
checking for inttypes.h... yes
no
checking for off_t... yes
yes
checking for memset... yes
checking for strrchr... checking for strdup... checking for stdint.h... yes
yes
checking for size_t... yes
checking for unistd.h... yes
checking for mmap... yes
checking for strstr... yes
checking for strncasecmp... checking for dlfcn.h... yes
checking for working GNU getopt function... yes
checking for ssize_t... yes
yes
checking for objdir... .libs
checking for mprotect... yes
yes
checking for strtod... yes
checking for uintptr_t... checking for strndup... yes
yes
checking for working GNU getopt_long function... checking for nl_langinfo... checking if gcc supports -fno-rtti -fno-exceptions... yes
checking for ptrdiff_t... yes
checking for strtol... yes
no
checking for gcc option to produce PIC... -DDLL_EXPORT -DPIC
checking if gcc PIC flag -DDLL_EXPORT -DPIC works... yes
checking for strnlen... checking for obstack_vprintf... yes
checking for uint64_t... yes
checking if gcc static flag -static works... yes
yes
checking for pthread.h... yes
checking whether struct tm is in sys/time.h or time.h... checking for strtoul... yes
yes
no
time.h
checking size of int... checking for popen... checking for strrchr... yes
checking for strtoll... checking for pthread_kill in -lpthread... yes
yes
checking if gcc supports -c -o file.o... yes
checking for processor_info... yes
checking for strstr... yes
checking whether POSIX threads API is available... yes
checking for strtoull... yes
checking if gcc supports -c -o file.o... (cached) yes
checking whether the gcc linker (/usr/lib/gcc/x86_64-pc-cygwin/15.3.0/../../../../x86_64-pc-cygwin/bin/ld.exe) supports shared libraries... yes
checking dynamic linker characteristics... no
checking for pstat_getprocessor... yes
yes
checking whether setlocale (LC_ALL, NULL) is multithread-safe... yes
checking whether setlocale (category, NULL) is multithread-safe... yes
checking for iconv... checking for strtod... checking for strverscmp... Win32 ld.exe
checking how to hardcode library paths into programs... immediate
checking whether stripping libraries is possible... yes
checking if libtool supports shared libraries... yes
checking whether to build shared libraries... no
checking whether to build static libraries... yes
checking how to run the C preprocessor... gcc -E
checking for stdlib.h... (cached) yes
yes
yes
no
checking for raise... checking for unistd.h... (cached) yes
checking for tmpnam... checking for strtol... checking for sys/param.h... yes
yes
yes
checking for getpagesize... yes
checking for working iconv... yes
checking for vasprintf... checking for read_real_time... checking for strtoul... yes
checking for working mmap... yes
yes
checking for vfprintf... no
checking for strtoll... checking for sigaction... yes
yes
yes
checking for sigaltstack... checking for strtoull... checking for vprintf... yes
checking for sigstack... yes
checking how to link with libiconv... -liconv
checking whether iconv is compatible with its POSIX signature... yes
yes
checking for inline... checking for vsnprintf... inline
checking whether limits.h has WORD_BIT, BOOL_WIDTH etc.... no
checking for syssgi... no
checking for wint_t... yes
checking for vsprintf... yes
checking whether wint_t is large enough... yes
yes
checking whether the compiler produces multi-arch binaries... checking for strverscmp... no
checking for strchr... 4
checking size of long... yes
no
checking whether stdint.h conforms to C99... checking for waitpid... yes
checking for tmpnam... yes
8
checking for strerror... yes
checking for clearerr_unlocked... checking for setproctitle... yes
checking for vasprintf... yes
checking whether stdint.h works without ISO C predefines... yes
yes
checking for feof_unlocked... checking for strnlen... yes
checking whether stdint.h has UINTMAX_WIDTH etc.... yes
checking for vfprintf... no
checking whether iswcntrl works... yes
yes
checking for ferror_unlocked... checking for strtol... yes
yes
yes
checking for vprintf... checking whether alloca needs Cray hooks... yes
checking for fflush_unlocked... yes
checking for towlower... no
checking stack direction for C alloca... checking for strtoul... yes
yes
yes
checking for vsnprintf... checking for fgetc_unlocked... yes
checking for wctype_t... checking for sysconf... yes
checking for wctrans_t... yes
checking for nl_langinfo and CODESET... yes
yes
checking for fgets_unlocked... checking for sysctl... yes
checking for a traditional french locale... yes
checking for fileno_unlocked... no
checking for sysctlbyname... yes
checking for memcpy... yes
yes
checking for vsprintf... checking for fprintf_unlocked... yes
checking for strerror... no
checking for fputc_unlocked... yes
checking for unistd.h... (cached) yes
no
checking for times... yes
configure: updating cache ./config.cache
checking that generated files are newer than configure... done
configure: creating ./config.status
checking for fputs_unlocked... yes
yes
checking for library containing clock_gettime... checking for waitpid... yes
checking for fread_unlocked... none required
checking for vsnprintf... yes
checking for setproctitle... yes
yes
checking whether vsnprintf works... probably
configure: WARNING: cannot check for properly working vsnprintf when cross compiling, will assume it's ok
checking whether sscanf needs writable input... no
checking for struct pst_processor.psp_iticksperclktick... checking for fwrite_unlocked... yes
checking whether alloca needs Cray hooks... no
checking stack direction for C alloca... no
yes
checking for getchar_unlocked... 1
checking for vfork.h... no
checking for fork... 1
checking for vfork.h... no
checking for fork... yes
yes
checking for vfork... checking for getc_unlocked... yes
yes
checking for working fork... checking for putchar_unlocked... yes
yes
checking for vfork... checking for putc_unlocked... none
checking for a traditional japanese locale... yes
checking for working vfork... (cached) yes
checking for _doprnt... yes
none
checking for a french Unicode locale... yes
checking for working fork... checking for setlocale... no
checking for sys_errlist... (cached) yes
checking for sys_nerr... (cached) yes
yes
checking for sys_siglist... checking whether abort is declared... none
checking for a transitional chinese locale... yes
checking for working vfork... (cached) yes
checking for _doprnt... yes
checking whether asprintf is declared... yes
checking for external symbol _system_configuration... yes
no
checking for sys_errlist... (cached) yes
no
checking for sys_nerr... (cached) yes
checking whether basename is declared... checking for __fsetlocking... checking for sys_siglist... none
checking whether langinfo.h defines CODESET... yes
yes
checking whether langinfo.h defines T_FMT_AMPM... checking whether errno is declared... yes
yes
checking whether langinfo.h defines ALTMON_1... checking for canonicalize_file_name... no
checking whether getopt is declared... no
checking whether langinfo.h defines ERA... yes
checking whether vasprintf is declared... yes
checking whether langinfo.h defines YESEXPR... yes
checking for wchar_t... yes
yes
checking for good max_align_t... checking whether clearerr_unlocked is declared... yes
checking for external symbol _system_configuration... yes
checking whether NULL can be used in arbitrary expressions... yes
no
yes
checking for unreachable... checking whether feof_unlocked is declared... checking for __fsetlocking... yes
checking whether ferror_unlocked is declared... yes
yes
config.status: creating Makefile
checking for dup3... yes
checking for canonicalize_file_name... checking whether fflush_unlocked is declared... config.status: executing depfiles commands
yes
checking whether fgetc_unlocked is declared... yes
checking for dup3... yes
checking whether fgets_unlocked is declared... yes
checking whether locale.h defines locale_t... yes
yes
checking whether locale.h conforms to POSIX:2001... yes
checking whether fileno_unlocked is declared... yes
checking whether struct lconv is properly defined... checking for getrlimit... yes
yes
checking for LC_MESSAGES... checking whether fprintf_unlocked is declared... yes
checking for getrlimit... config.status: executing libtool commands
no
checking whether fputc_unlocked is declared... yes
checking for uselocale... yes
yes
checking whether fputs_unlocked is declared... checking for getrusage... yes
checking whether uselocale works... mkdir -p -- ./libbacktrace
yes
Configuring in ./libbacktrace
checking whether fread_unlocked is declared... yes
checking for getrusage... yes
checking whether fwrite_unlocked is declared... yes
yes
checking whether getchar_unlocked is declared... checking for getsysinfo... yes
checking for fake locale system (OpenBSD)... yes
checking whether getc_unlocked is declared... yes
checking for getsysinfo... yes
no
checking whether putchar_unlocked is declared... checking for gettimeofday... (cached) yes
checking for on_exit... yes
no
checking for Solaris 11.4 locale system... no
checking for getlocalename_l... checking whether putc_unlocked is declared... yes
checking for working alloca.h... no
checking for gettimeofday... (cached) yes
yes
checking for multithread API to use... none
checking whether malloc (0) returns nonnull... checking for on_exit... yes
checking for alloca... yes
checking for ANSI C header files... (cached) yes
checking for nl_langinfo and CODESET... yes
yes
checking for mbstate_t... configure: loading site script /etc/config.site
checking for pipe2... configure: creating cache ./config.cache
checking build system type... yes
checking whether mbrtowc handles incomplete characters... guessing yes
checking whether mbrtowc works as well as mbtowc... guessing yes
checking for mmap... yes
yes
checking whether NLS is requested... no
x86_64-w64-mingw32
checking host system type... checking for msgfmt... x86_64-w64-mingw32
checking target system type... /usr/bin/msgfmt
checking for pipe2... checking for gmsgfmt... /usr/bin/msgfmt
checking for xgettext... i686-pc-elf
checking for x86_64-w64-mingw32-gcc... gcc
yes
/usr/bin/xgettext
checking for msgmerge... /usr/bin/msgmerge
checking for posix_spawn... checking for ld used by GCC... yes
checking whether the C compiler works... checking for posix_spawn... yes
/usr/lib/gcc/x86_64-pc-cygwin/15.3.0/../../../../x86_64-pc-cygwin/bin/ld.exe
checking if the linker (/usr/lib/gcc/x86_64-pc-cygwin/15.3.0/../../../../x86_64-pc-cygwin/bin/ld.exe) is GNU ld... yes
checking for shared library run path origin... checking for posix_spawnp... yes
yes
checking for C compiler default output file name... a.exe
checking for suffix of executables... checking for posix_spawnp... done
checking for CFPreferencesCopyAppValue... yes
checking for MAP_ANONYMOUS... yes
yes
checking whether memchr works... checking for psignal... .exe
no
checking for CFLocaleCopyPreferredLanguages... checking whether we are cross compiling... yes
no
checking whether to use NLS... no
checking whether NLS is requested... no
checking for uchar... checking for psignal... yes
checking for pstat_getdynamic... 
checking size of ino_t... yes
checking whether <limits.h> defines MIN and MAX... no
checking for suffix of object files... yes
o
checking whether we are using the GNU C compiler... checking for pstat_getdynamic... yes
checking whether gcc accepts -g... no
checking whether <sys/param.h> defines MIN and MAX... yes
checking for gcc option to accept ISO C89... yes
checking for O_CLOEXEC... yes
checking for promoted mode_t type... none needed
checking whether gcc understands -c and -o together... 8
checking size of dev_t... yes
checking how to run the C preprocessor... mode_t
checking for sigset_t... gcc -E
no
checking for pstat_getstatic... checking for grep that handles long lines and -e... /usr/bin/grep
checking for egrep... /usr/bin/grep -E
checking for ANSI C header files... no
yes
checking for SIGPIPE... checking for pstat_getstatic... yes
checking for shared library path variable... 4
checking for iconv... (cached) no
no
checking for realpath... PATH
checking whether to activate relocatable installation... no
checking for CET support... no
checking whether setenv is declared... no
checking for realpath... configure: updating cache ./config.cache
yes
checking for uid_t in sys/types.h... configure: creating ./config.status
yes
checking for volatile sig_atomic_t... yes
yes
checking for sys/types.h... checking for setrlimit... yes
yes
checking for sighandler_t... yes
checking for sys/stat.h... checking for setrlimit... yes
yes
checking for stdlib.h... checking for spawnve... yes
yes
yes
checking whether C symbols are prefixed with underscore at the linker level... checking for spawnve... checking for string.h... no
checking whether fcloseall is declared... yes
yes
config.status: creating Makefile
checking for spawnvpe... checking for memory.h... yes
checking whether getw is declared... config.status: creating config.h
yes
yes
config.status: executing depdir commands
checking for strings.h... checking whether putw is declared... mkdir -p -- .deps
config.status: executing default-1 commands
yes
yes
checking which flavor of printf attribute matches inttypes macros... checking for inttypes.h... system
mkdir -p -- ./libcody
checking whether ecvt is declared... Configuring in ./libcody
yes
yes
checking for spawnvpe... checking for stdint.h... yes
yes
no
checking whether fcvt is declared... checking for unistd.h... checking for strerror... yes
yes
checking for strerror... checking minix/config.h usability... no
checking whether gcvt is declared... no
checking minix/config.h presence... yes
yes
checking for strsignal... checking for strsignal... no
checking for minix/config.h... no
checking whether it is safe to define __EXTENSIONS__... yes
checking for a BSD-compatible install... no
checking whether MB_CUR_MAX is correct... guessing yes
checking whether strerror(0) succeeds... /usr/bin/install -c
checking whether build environment is sane... yes
yes
yes
checking for a thread-safe mkdir -p... checking for sysconf... checking for sysconf... /usr/bin/mkdir -p
checking for gawk... gawk
checking whether make sets $(MAKE)... yes
checking whether make supports nested variables... yes
yes
yes
checking whether to enable maintainer-specific portions of Makefiles... no
checking for x86_64-w64-mingw32-gcc... (cached) gcc
checking for sysctl... checking for sysctl... checking whether we are using the GNU C compiler... (cached) yes
checking whether gcc accepts -g... (cached) yes
checking for gcc option to accept ISO C89... (cached) none needed
checking whether gcc understands -c and -o together... (cached) yes
checking for x86_64-w64-mingw32-ranlib... ranlib 
checking for gawk... (cached) gawk
checking for dwz... no
checking how to print strings... printf
checking for a sed that does not truncate output... /usr/bin/sed
checking for fgrep... /usr/bin/grep -F
checking for ld used by gcc... configure: loading site script /etc/config.site
no
configure: creating cache ./config.cache
checking for sysmp... checking build system type... x86_64-w64-mingw32
checking host system type... x86_64-w64-mingw32
checking maintainer-mode... 
/usr/lib/gcc/x86_64-pc-cygwin/15.3.0/../../../../x86_64-pc-cygwin/bin/ld.exe
checking if the linker (/usr/lib/gcc/x86_64-pc-cygwin/15.3.0/../../../../x86_64-pc-cygwin/bin/ld.exe) is GNU ld... yes
checking for BSD- or MS-compatible name lister (nm)... yes
checking whether strnlen is declared... checking whether the C++ compiler works... no
checking for table... yes
checking for struct timespec in <time.h>... no
checking for sysmp... yes
checking for C++ compiler default output file name... a.exe
checking for suffix of executables... yes
checking for TIME_UTC in <time.h>... yes
checking whether execvpe is declared... .exe
checking whether we are cross compiling... no
yes
checking for table... checking whether clearerr_unlocked is declared... yes
checking whether feof_unlocked is declared... no
no
checking for times... yes
checking for times... checking whether ferror_unlocked is declared... yes
checking whether fflush_unlocked is declared... yes
yes
checking for wait3... /usr/bin/nm
checking the name lister (/usr/bin/nm) interface... checking for wait3... yes
checking whether fgets_unlocked is declared... BSD nm
checking whether ln -s works... no, using cp -pR
checking the maximum length of command line arguments... 8192
checking whether the shell understands some XSI constructs... yes
checking whether the shell understands "+="... yes
checking for /usr/lib/gcc/x86_64-pc-cygwin/15.3.0/../../../../x86_64-pc-cygwin/bin/ld.exe option to reload object files... -r
checking for x86_64-w64-mingw32-objdump... objdump
checking how to recognize dependent libraries... yes
file_magic ^x86 archive import|^x86 DLL
checking whether fputc_unlocked is declared... yes
yes
checking for x86_64-w64-mingw32-ar... ar 
checking for x86_64-w64-mingw32-strip... no
checking for strip... strip
checking for x86_64-w64-mingw32-ranlib... (cached) ranlib 
checking command to parse /usr/bin/nm output from gcc object... checking for wait4... checking for wait4... yes
checking whether fputs_unlocked is declared... yes
checking whether fread_unlocked is declared... yes
yes
yes
checking for sbrk... checking whether fwrite_unlocked is declared... checking for sbrk... yes
checking whether getc_unlocked is declared... yes
yes
yes
checking whether basename is declared... checking whether getchar_unlocked is declared... checking whether basename is declared... yes
yes
yes
checking whether putc_unlocked is declared... ok
checking for dlfcn.h... checking whether ffs is declared... checking whether ffs is declared... yes
yes
checking for objdir... yes
yes
checking whether putchar_unlocked is declared... .libs
checking whether asprintf is declared... checking whether asprintf is declared... yes
yes
checking whether <wchar.h> uses 'inline' correctly... yes
yes
checking whether wcsdup is declared... checking whether vasprintf is declared... checking whether vasprintf is declared... yes
checking for C compiler option to allow warnings... yes
yes
checking if gcc supports -fno-rtti -fno-exceptions... checking whether snprintf is declared... checking whether snprintf is declared... -Wno-error
yes
yes
no
checking for gcc option to produce PIC... -DDLL_EXPORT -DPIC
checking if gcc PIC flag -DDLL_EXPORT -DPIC works... checking for alignas and alignof... checking whether vsnprintf is declared... checking whether vsnprintf is declared... yes, keywords
checking for alloca as a compiler built-in... yes
checking if gcc static flag -static works... yes
yes
yes
checking for static_assert... checking whether calloc is declared... checking whether calloc is declared... yes, a keyword
checking for atexit... yes
yes
checking whether getenv is declared... yes
checking if gcc supports -c -o file.o... checking whether getenv is declared... yes
yes
yes
checking for __builtin_expect... checking whether getopt is declared... checking whether getopt is declared... yes
checking if gcc supports -c -o file.o... (cached) yes
checking whether the gcc linker (/usr/lib/gcc/x86_64-pc-cygwin/15.3.0/../../../../x86_64-pc-cygwin/bin/ld.exe) supports shared libraries... no
checking for suffix of object files... yes
yes
checking dynamic linker characteristics... yes
checking whether malloc is declared... o
checking whether we are using the GNU C++ compiler... checking whether malloc is declared... checking size of void *... yes
checking for readlinkat... yes
checking whether g++ accepts -g... Win32 ld.exe
checking how to hardcode library paths into programs... immediate
checking whether stripping libraries is possible... yes
yes
checking if libtool supports shared libraries... yes
checking whether to build shared libraries... no
checking whether to build static libraries... yes
checking for special C compiler options needed for large files... no
checking for _FILE_OFFSET_BITS value needed for large files... yes
checking whether realloc is declared... yes
checking whether g++ is for C++11... checking whether realloc is declared... no
checking unwind.h usability... yes
checking whether // is distinct from /... (cached) yes
checking whether dup2 works... yes
yes
checking whether sbrk is declared... adding -std=c++11
checking whether sbrk is declared... checking adding -Wl,--no-undefined to linker... yes
yes
checking whether strtol is declared... yes
checking whether fcntl handles F_DUPFD correctly... checking whether strtol is declared... ok
checking exceptions... no
checking for x86_64-w64-mingw32-ranlib... ranlib 
checking for x86_64-w64-mingw32-ar... ar 
yes
yes
checking whether strtoul is declared... checking whether strtoul is declared... configure: updating cache ./config.cache
configure: creating ./config.status
yes
checking whether fcntl understands F_DUPFD_CLOEXEC... yes
yes
checking whether strtoll is declared... checking whether strtoll is declared... yes
yes
checking whether strtoull is declared... checking whether strtoull is declared... yes
checking unwind.h presence... yes
yes
yes
checking for flexible array member... checking whether strverscmp is declared... checking whether strverscmp is declared... 8
checking size of unsigned short... yes
checking whether free is known to preserve errno... yes
yes
checking for unwind.h... yes
checking for _Unwind_Backtrace... yes
checking whether strnlen is declared... checking whether strnlen is declared... yes
no
checking whether getdtablesize works... checking whether canonicalize_file_name must be declared... yes
checking whether canonicalize_file_name must be declared... yes
checking for -funwind-tables option... no
checking for SHA1 HW acceleration support... yes
checking for -frandom-seed=string option... no
checking for SHA1 HW acceleration support... config.status: creating Makefile
yes
checking whether gcc supports -W... config.status: creating config.h
yes
checking whether gcc supports -Wall... x86 SHA1
2
checking size of unsigned... yes
checking for getprogname... x86 SHA1
checking for stdlib.h... (cached) yes
yes
checking for stdlib.h... (cached) yes
checking whether gcc supports -Wwrite-strings... checking for unistd.h... (cached) yes
checking for unistd.h... (cached) yes
yes
checking for sys/param.h... (cached) yes
checking whether gcc supports -Wstrict-prototypes... checking for sys/param.h... (cached) yes
checking for getpagesize... (cached) yes
checking for working mmap... yes
checking for getpagesize... (cached) yes
checking for working mmap... mkdir -p -- ./libdecnumber
checking whether program_invocation_name is declared... Configuring in ./libdecnumber
yes
checking whether gcc supports -Wmissing-prototypes... yes
yes
checking whether the compiler generally respects inline... checking whether gcc supports -Wold-style-definition... yes
checking for iswblank... yes
checking whether gcc supports -Wmissing-format-attribute... yes
checking for working strncmp... yes
yes
checking for working strncmp... checking whether gcc supports -Wcast-qual... yes
checking whether gcc supports -Wattributes... yes
checking whether iswblank is declared... 4
checking size of unsigned long... yes
checking whether gcc supports -Wunknown-attributes... yes
checking whether iswdigit is ISO C compliant... guessing no
checking whether iswxdigit is ISO C compliant... guessing no
checking whether to use Java... no
checking whether the compiler supports the __inline keyword... yes
checking for newlocale... yes
no
checking whether gcc supports -Wpointer-arith... configure: updating cache ./config.cache
yes
checking for _Unwind_GetIPInfo... configure: creating ./config.status
yes
checking for duplocale... yes
checking for freelocale... yes
checking for CET support... no
checking __sync extensions... yes
checking whether mbrtowc handles a NULL pwc argument... guessing yes
checking whether mbrtowc handles a NULL string argument... guessing yes
checking whether mbrtowc has a correct return value... configure: loading site script /etc/config.site
configure: creating cache ./config.cache
checking whether make sets $(MAKE)... yes
checking for x86_64-w64-mingw32-gcc... gcc
yes
checking __atomic extensions... 8
checking size of mp_limb_t... checking whether the C compiler works... config.status: creating Makefile
yes
checking output filetype... pecoff
config.status: creating testsuite/Makefile
looking for a compliant stdint.h in stdint.h, checking for uintmax_t... yes
checking for C compiler default output file name... a.exe
checking for suffix of executables... config.status: creating config.h
.exe
yes
checking for uintptr_t... checking whether we are cross compiling... config.status: executing default commands
guessing no
checking whether mbrtowc returns 0 when parsing a NUL character... guessing yes
checking whether mbrtowc stores incomplete characters... yes
checking for int_least32_t... mkdir -p -- ./fixincludes
Configuring in ./fixincludes
8
no
checking for suffix of object files... checking for stack_t... o
checking whether we are using the GNU C compiler... yes
checking for int_fast32_t... no
checking whether mbrtowc works on empty input... yes
checking whether gcc accepts -g... yes
checking for gcc option to accept ISO C89... yes
checking for tputs in -lncurses... yes
checking for uint64_t... none needed
checking for x86_64-w64-mingw32-ranlib... ranlib 
checking for x86_64-w64-mingw32-ar... ar 
checking for aclocal... aclocal
checking for autoconf... autoconf
checking for autoheader... autoheader
checking whether gcc supports -W... yes
yes
checking whether the C locale is free of encoding errors... checking whether gcc supports -Wall... no
checking for tputs in -lcurses... yes
yes
checking what to include in gstdint.h... stdint.h (already complete)
checking sys/mman.h usability... yes
checking whether gcc supports -Wwrite-strings... configure: updating cache ./config.cache
yes
checking sys/mman.h presence... configure: creating ./config.status
yes
checking whether gcc supports -Wstrict-prototypes... yes
checking for sys/mman.h... yes
checking for mmap... no
checking for readline in -lreadline... yes
checking for memmove... yes
checking whether gcc supports -Wmissing-prototypes... yes
yes
checking whether gcc supports -Wold-style-definition... checking link.h usability... yes
no
checking readline detected... no
checking for bison... bison -y
checking for flex... touch lex.yy.c
checking whether gcc supports -Wmissing-format-attribute... checking lex output file root... lex.yy
checking lex library... yes
checking for mempcpy... yes
checking whether gcc supports -Wcast-qual... no
checking link.h presence... yes
checking whether gcc supports -pedantic -Wlong-long... no
checking for link.h... no
configure: loading site script /etc/config.site
yes
checking sys/link.h usability... configure: creating cache ./config.cache
checking whether gcc supports -fno-lto... checking build system type... yes
checking whether program_invocation_name is declared... (cached) yes
x86_64-w64-mingw32
checking host system type... checking whether program_invocation_short_name is declared... yes
checking how to run the C preprocessor... x86_64-w64-mingw32
checking target system type... no
checking sys/link.h presence... config.status: creating Makefile
i686-pc-elf
checking for x86_64-w64-mingw32-gcc... gcc
yes
checking for raise... gcc -E
config.status: creating testsuite/Makefile
no
checking for sys/link.h... no
checking mach-o/dyld.h usability... checking whether the C compiler works... yes
checking for sigprocmask... checking for grep that handles long lines and -e... /usr/bin/grep
checking for egrep... config.status: creating config.h
no
checking mach-o/dyld.h presence... /usr/bin/grep -E
checking for ANSI C header files... none needed
checking whether yytext is a pointer... config.status: executing default commands
no
checking for mach-o/dyld.h... no
checking sys/ldr.h usability... yes
checking for C compiler default output file name... a.exe
checking for suffix of executables... yes
checking for rawmemchr... no
checking sys/ldr.h presence... .exe
checking whether we are cross compiling... yes
checking whether readlink signature is correct... no
checking for sys/ldr.h... no
checking windows.h usability... make[1]: Entering directory '/c/Users/Syf/Desktop/BS4/tools/gcc-build/libiberty'
if [ x"" != x ] && [ ! -d pic ]; then \
  mkdir pic; \
else true; fi
touch stamp-picdir
if [ x"" != x ] && [ ! -d noasan ]; then \
  mkdir noasan; \
else true; fi
touch stamp-noasandir
yes
checking whether readlink handles trailing slash correctly... ln: failed to create symbolic link 'conftest.link': No such file or directory
ln: failed to create symbolic link 'conftest.lnk2': No such file or directory
if [ x"" != x ]; then \
  gcc -c -DHAVE_CONFIG_H -g -O2    -I. -I../../gcc-15.2.0/libiberty/../include  -W -Wall -Wwrite-strings -Wc++-compat -Wstrict-prototypes -Wshadow=local -pedantic  -D_GNU_SOURCE   ../../gcc-15.2.0/libiberty/dwarfnames.c -o pic/dwarfnames.o; \
else true; fi
if [ x"" != x ]; then \
  gcc -c -DHAVE_CONFIG_H -g -O2    -I. -I../../gcc-15.2.0/libiberty/../include  -W -Wall -Wwrite-strings -Wc++-compat -Wstrict-prototypes -Wshadow=local -pedantic  -D_GNU_SOURCE    ../../gcc-15.2.0/libiberty/dwarfnames.c -o noasan/dwarfnames.o; \
else true; fi
gcc -c -DHAVE_CONFIG_H -g -O2    -I. -I../../gcc-15.2.0/libiberty/../include  -W -Wall -Wwrite-strings -Wc++-compat -Wstrict-prototypes -Wshadow=local -pedantic  -D_GNU_SOURCE  ../../gcc-15.2.0/libiberty/dwarfnames.c -o dwarfnames.o
no
checking for suffix of object files... if [ x"" != x ]; then \
  gcc -c -DHAVE_CONFIG_H -g -O2    -I. -I../../gcc-15.2.0/libiberty/../include  -W -Wall -Wwrite-strings -Wc++-compat -Wstrict-prototypes -Wshadow=local -pedantic  -D_GNU_SOURCE   ../../gcc-15.2.0/libiberty/dyn-string.c -o pic/dyn-string.o; \
else true; fi
if [ x"" != x ]; then \
  gcc -c -DHAVE_CONFIG_H -g -O2    -I. -I../../gcc-15.2.0/libiberty/../include  -W -Wall -Wwrite-strings -Wc++-compat -Wstrict-prototypes -Wshadow=local -pedantic  -D_GNU_SOURCE    ../../gcc-15.2.0/libiberty/dyn-string.c -o noasan/dyn-string.o; \
else true; fi
gcc -c -DHAVE_CONFIG_H -g -O2    -I. -I../../gcc-15.2.0/libiberty/../include  -W -Wall -Wwrite-strings -Wc++-compat -Wstrict-prototypes -Wshadow=local -pedantic  -D_GNU_SOURCE  ../../gcc-15.2.0/libiberty/dyn-string.c -o dyn-string.o
o
checking whether we are using the GNU C compiler... no
creating config.m4
yes
checking whether gcc accepts -g... yes
checking for gcc option to accept ISO C89... if [ x"" != x ]; then \
  gcc -c -DHAVE_CONFIG_H -g -O2    -I. -I../../gcc-15.2.0/libiberty/../include  -W -Wall -Wwrite-strings -Wc++-compat -Wstrict-prototypes -Wshadow=local -pedantic  -D_GNU_SOURCE   ../../gcc-15.2.0/libiberty/fdmatch.c -o pic/fdmatch.o; \
else true; fi
if [ x"" != x ]; then \
  gcc -c -DHAVE_CONFIG_H -g -O2    -I. -I../../gcc-15.2.0/libiberty/../include  -W -Wall -Wwrite-strings -Wc++-compat -Wstrict-prototypes -Wshadow=local -pedantic  -D_GNU_SOURCE    ../../gcc-15.2.0/libiberty/fdmatch.c -o noasan/fdmatch.o; \
else true; fi
yes
checking whether readlink truncates results correctly... gcc -c -DHAVE_CONFIG_H -g -O2    -I. -I../../gcc-15.2.0/libiberty/../include  -W -Wall -Wwrite-strings -Wc++-compat -Wstrict-prototypes -Wshadow=local -pedantic  -D_GNU_SOURCE  ../../gcc-15.2.0/libiberty/fdmatch.c -o fdmatch.o
yes
checking windows.h presence... ln: failed to create symbolic link 'conftest.link': No such file or directory
configure: updating cache ./config.cache
checking that generated files are newer than configure... done
configure: creating ./config.status
none needed
checking how to run the C preprocessor... yes
checking for sys/types.h... if [ x"" != x ]; then \
  gcc -c -DHAVE_CONFIG_H -g -O2    -I. -I../../gcc-15.2.0/libiberty/../include  -W -Wall -Wwrite-strings -Wc++-compat -Wstrict-prototypes -Wshadow=local -pedantic  -D_GNU_SOURCE   ../../gcc-15.2.0/libiberty/fibheap.c -o pic/fibheap.o; \
else true; fi
gcc -E
if [ x"" != x ]; then \
  gcc -c -DHAVE_CONFIG_H -g -O2    -I. -I../../gcc-15.2.0/libiberty/../include  -W -Wall -Wwrite-strings -Wc++-compat -Wstrict-prototypes -Wshadow=local -pedantic  -D_GNU_SOURCE    ../../gcc-15.2.0/libiberty/fibheap.c -o noasan/fibheap.o; \
else true; fi
yes
checking for windows.h... yes
checking for tlhelp32.h... gcc -c -DHAVE_CONFIG_H -g -O2    -I. -I../../gcc-15.2.0/libiberty/../include  -W -Wall -Wwrite-strings -Wc++-compat -Wstrict-prototypes -Wshadow=local -pedantic  -D_GNU_SOURCE  ../../gcc-15.2.0/libiberty/fibheap.c -o fibheap.o
yes
checking for sys/stat.h... checking for grep that handles long lines and -e... /usr/bin/grep
checking for egrep... no
checking whether realloc (0, 0) returns nonnull... yes
/usr/bin/grep -E
checking for ANSI C header files... if [ x"" != x ]; then \
  gcc -c -DHAVE_CONFIG_H -g -O2    -I. -I../../gcc-15.2.0/libiberty/../include  -W -Wall -Wwrite-strings -Wc++-compat -Wstrict-prototypes -Wshadow=local -pedantic  -D_GNU_SOURCE   ../../gcc-15.2.0/libiberty/filedescriptor.c -o pic/filedescriptor.o; \
else true; fi
if [ x"" != x ]; then \
  gcc -c -DHAVE_CONFIG_H -g -O2    -I. -I../../gcc-15.2.0/libiberty/../include  -W -Wall -Wwrite-strings -Wc++-compat -Wstrict-prototypes -Wshadow=local -pedantic  -D_GNU_SOURCE    ../../gcc-15.2.0/libiberty/filedescriptor.c -o noasan/filedescriptor.o; \
else true; fi
gcc -c -DHAVE_CONFIG_H -g -O2    -I. -I../../gcc-15.2.0/libiberty/../include  -W -Wall -Wwrite-strings -Wc++-compat -Wstrict-prototypes -Wshadow=local -pedantic  -D_GNU_SOURCE  ../../gcc-15.2.0/libiberty/filedescriptor.c -o filedescriptor.o
checking for stdlib.h... yes
if [ x"" != x ]; then \
  gcc -c -DHAVE_CONFIG_H -g -O2    -I. -I../../gcc-15.2.0/libiberty/../include  -W -Wall -Wwrite-strings -Wc++-compat -Wstrict-prototypes -Wshadow=local -pedantic  -D_GNU_SOURCE   ../../gcc-15.2.0/libiberty/filename_cmp.c -o pic/filename_cmp.o; \
else true; fi
if [ x"" != x ]; then \
  gcc -c -DHAVE_CONFIG_H -g -O2    -I. -I../../gcc-15.2.0/libiberty/../include  -W -Wall -Wwrite-strings -Wc++-compat -Wstrict-prototypes -Wshadow=local -pedantic  -D_GNU_SOURCE    ../../gcc-15.2.0/libiberty/filename_cmp.c -o noasan/filename_cmp.o; \
else true; fi
checking for string.h... gcc -c -DHAVE_CONFIG_H -g -O2    -I. -I../../gcc-15.2.0/libiberty/../include  -W -Wall -Wwrite-strings -Wc++-compat -Wstrict-prototypes -Wshadow=local -pedantic  -D_GNU_SOURCE  ../../gcc-15.2.0/libiberty/filename_cmp.c -o filename_cmp.o
yes
yes
checking for reallocarray... checking for fcntl... yes
if [ x"" != x ]; then \
  gcc -c -DHAVE_CONFIG_H -g -O2    -I. -I../../gcc-15.2.0/libiberty/../include  -W -Wall -Wwrite-strings -Wc++-compat -Wstrict-prototypes -Wshadow=local -pedantic  -D_GNU_SOURCE   ../../gcc-15.2.0/libiberty/floatformat.c -o pic/floatformat.o; \
else true; fi
if [ x"" != x ]; then \
  gcc -c -DHAVE_CONFIG_H -g -O2    -I. -I../../gcc-15.2.0/libiberty/../include  -W -Wall -Wwrite-strings -Wc++-compat -Wstrict-prototypes -Wshadow=local -pedantic  -D_GNU_SOURCE    ../../gcc-15.2.0/libiberty/floatformat.c -o noasan/floatformat.o; \
else true; fi
gcc -c -DHAVE_CONFIG_H -g -O2    -I. -I../../gcc-15.2.0/libiberty/../include  -W -Wall -Wwrite-strings -Wc++-compat -Wstrict-prototypes -Wshadow=local -pedantic  -D_GNU_SOURCE  ../../gcc-15.2.0/libiberty/floatformat.c -o floatformat.o
checking for memory.h... yes
yes
checking for faccessat... (cached) yes
checking whether free is known to preserve errno... (cached) no
checking for mempcpy... (cached) yes
checking for rawmemchr... (cached) yes
checking for search.h... yes
checking whether strnlen is declared... if [ x"" != x ]; then \
  gcc -c -DHAVE_CONFIG_H -g -O2    -I. -I../../gcc-15.2.0/libiberty/../include  -W -Wall -Wwrite-strings -Wc++-compat -Wstrict-prototypes -Wshadow=local -pedantic  -D_GNU_SOURCE   ../../gcc-15.2.0/libiberty/fnmatch.c -o pic/fnmatch.o; \
else true; fi
checking for strings.h... if [ x"" != x ]; then \
  gcc -c -DHAVE_CONFIG_H -g -O2    -I. -I../../gcc-15.2.0/libiberty/../include  -W -Wall -Wwrite-strings -Wc++-compat -Wstrict-prototypes -Wshadow=local -pedantic  -D_GNU_SOURCE    ../../gcc-15.2.0/libiberty/fnmatch.c -o noasan/fnmatch.o; \
else true; fi
gcc -c -DHAVE_CONFIG_H -g -O2    -I. -I../../gcc-15.2.0/libiberty/../include  -W -Wall -Wwrite-strings -Wc++-compat -Wstrict-prototypes -Wshadow=local -pedantic  -D_GNU_SOURCE  ../../gcc-15.2.0/libiberty/fnmatch.c -o fnmatch.o
yes
checking for tsearch... yes
yes
checking whether getpagesize is declared... checking for inttypes.h... yes
checking for lstat... yes
if [ x"" != x ]; then \
  gcc -c -DHAVE_CONFIG_H -g -O2    -I. -I../../gcc-15.2.0/libiberty/../include  -W -Wall -Wwrite-strings -Wc++-compat -Wstrict-prototypes -Wshadow=local -pedantic  -D_GNU_SOURCE   ../../gcc-15.2.0/libiberty/fopen_unlocked.c -o pic/fopen_unlocked.o; \
else true; fi
if [ x"" != x ]; then \
  gcc -c -DHAVE_CONFIG_H -g -O2    -I. -I../../gcc-15.2.0/libiberty/../include  -W -Wall -Wwrite-strings -Wc++-compat -Wstrict-prototypes -Wshadow=local -pedantic  -D_GNU_SOURCE    ../../gcc-15.2.0/libiberty/fopen_unlocked.c -o noasan/fopen_unlocked.o; \
else true; fi
gcc -c -DHAVE_CONFIG_H -g -O2    -I. -I../../gcc-15.2.0/libiberty/../include  -W -Wall -Wwrite-strings -Wc++-compat -Wstrict-prototypes -Wshadow=local -pedantic  -D_GNU_SOURCE  ../../gcc-15.2.0/libiberty/fopen_unlocked.c -o fopen_unlocked.o
yes
checking whether setlocale (LC_ALL, NULL) is multithread-safe... (cached) yes
checking whether setlocale (category, NULL) is multithread-safe... (cached) yes
checking for sigprocmask... (cached) yes
checking for ssize_t... checking for stdint.h... yes
checking for struct stat.st_atim.tv_nsec... yes
yes
yes
checking for unistd.h... yes
checking whether struct stat.st_atim is of type struct timespec... checking for sys/types.h... checking for readlink... yes
yes
checking for struct stat.st_birthtimespec.tv_nsec... yes
checking ctype.h usability... checking for sys/stat.h... yes
checking ctype.h presence... yes
yes
checking for ctype.h... yes
checking for stdlib.h... if [ x"" != x ]; then \
  gcc -c -DHAVE_CONFIG_H -g -O2    -I. -I../../gcc-15.2.0/libiberty/../include  -W -Wall -Wwrite-strings -Wc++-compat -Wstrict-prototypes -Wshadow=local -pedantic  -D_GNU_SOURCE   ../../gcc-15.2.0/libiberty/getopt.c -o pic/getopt.o; \
else true; fi
checking stddef.h usability... if [ x"" != x ]; then \
  gcc -c -DHAVE_CONFIG_H -g -O2    -I. -I../../gcc-15.2.0/libiberty/../include  -W -Wall -Wwrite-strings -Wc++-compat -Wstrict-prototypes -Wshadow=local -pedantic  -D_GNU_SOURCE    ../../gcc-15.2.0/libiberty/getopt.c -o noasan/getopt.o; \
else true; fi
gcc -c -DHAVE_CONFIG_H -g -O2    -I. -I../../gcc-15.2.0/libiberty/../include  -W -Wall -Wwrite-strings -Wc++-compat -Wstrict-prototypes -Wshadow=local -pedantic  -D_GNU_SOURCE  ../../gcc-15.2.0/libiberty/getopt.c -o getopt.o
yes
yes
checking stddef.h presence... checking for string.h... yes
checking for stddef.h... yes
no
checking for struct stat.st_birthtimensec... if [ x"" != x ]; then \
  gcc -c -DHAVE_CONFIG_H -g -O2    -I. -I../../gcc-15.2.0/libiberty/../include  -W -Wall -Wwrite-strings -Wc++-compat -Wstrict-prototypes -Wshadow=local -pedantic  -D_GNU_SOURCE   ../../gcc-15.2.0/libiberty/getopt1.c -o pic/getopt1.o; \
else true; fi
if [ x"" != x ]; then \
  gcc -c -DHAVE_CONFIG_H -g -O2    -I. -I../../gcc-15.2.0/libiberty/../include  -W -Wall -Wwrite-strings -Wc++-compat -Wstrict-prototypes -Wshadow=local -pedantic  -D_GNU_SOURCE    ../../gcc-15.2.0/libiberty/getopt1.c -o noasan/getopt1.o; \
else true; fi
gcc -c -DHAVE_CONFIG_H -g -O2    -I. -I../../gcc-15.2.0/libiberty/../include  -W -Wall -Wwrite-strings -Wc++-compat -Wstrict-prototypes -Wshadow=local -pedantic  -D_GNU_SOURCE  ../../gcc-15.2.0/libiberty/getopt1.c -o getopt1.o
checking for string.h... (cached) yes
yes
yes
checking stdio.h usability... checking for memory.h... checking for getexecname... if [ x"" != x ]; then \
  gcc -c -DHAVE_CONFIG_H -g -O2    -I. -I../../gcc-15.2.0/libiberty/../include  -W -Wall -Wwrite-strings -Wc++-compat -Wstrict-prototypes -Wshadow=local -pedantic  -D_GNU_SOURCE   ../../gcc-15.2.0/libiberty/getpwd.c -o pic/getpwd.o; \
else true; fi
if [ x"" != x ]; then \
  gcc -c -DHAVE_CONFIG_H -g -O2    -I. -I../../gcc-15.2.0/libiberty/../include  -W -Wall -Wwrite-strings -Wc++-compat -Wstrict-prototypes -Wshadow=local -pedantic  -D_GNU_SOURCE    ../../gcc-15.2.0/libiberty/getpwd.c -o noasan/getpwd.o; \
else true; fi
gcc -c -DHAVE_CONFIG_H -g -O2    -I. -I../../gcc-15.2.0/libiberty/../include  -W -Wall -Wwrite-strings -Wc++-compat -Wstrict-prototypes -Wshadow=local -pedantic  -D_GNU_SOURCE  ../../gcc-15.2.0/libiberty/getpwd.c -o getpwd.o
yes
checking stdio.h presence... yes
yes
checking for stdio.h... yes
checking for strings.h... if [ x"" != x ]; then \
  gcc -c -DHAVE_CONFIG_H -g -O2    -I. -I../../gcc-15.2.0/libiberty/../include  -W -Wall -Wwrite-strings -Wc++-compat -Wstrict-prototypes -Wshadow=local -pedantic  -D_GNU_SOURCE   ../../gcc-15.2.0/libiberty/getruntime.c -o pic/getruntime.o; \
else true; fi
if [ x"" != x ]; then \
  gcc -c -DHAVE_CONFIG_H -g -O2    -I. -I../../gcc-15.2.0/libiberty/../include  -W -Wall -Wwrite-strings -Wc++-compat -Wstrict-prototypes -Wshadow=local -pedantic  -D_GNU_SOURCE    ../../gcc-15.2.0/libiberty/getruntime.c -o noasan/getruntime.o; \
else true; fi
looking for a compliant stdint.h in stdint.h, checking for uintmax_t... gcc -c -DHAVE_CONFIG_H -g -O2    -I. -I../../gcc-15.2.0/libiberty/../include  -W -Wall -Wwrite-strings -Wc++-compat -Wstrict-prototypes -Wshadow=local -pedantic  -D_GNU_SOURCE  ../../gcc-15.2.0/libiberty/getruntime.c -o getruntime.o
yes
no
no
checking for struct stat.st_birthtim.tv_nsec... checking whether _pgmptr is declared... checking for inttypes.h... if [ x"" != x ]; then \
  gcc -c -DHAVE_CONFIG_H -g -O2    -I. -I../../gcc-15.2.0/libiberty/../include  -W -Wall -Wwrite-strings -Wc++-compat -Wstrict-prototypes -Wshadow=local -pedantic  -D_GNU_SOURCE   ../../gcc-15.2.0/libiberty/hashtab.c -o pic/hashtab.o; \
else true; fi
if [ x"" != x ]; then \
  gcc -c -DHAVE_CONFIG_H -g -O2    -I. -I../../gcc-15.2.0/libiberty/../include  -W -Wall -Wwrite-strings -Wc++-compat -Wstrict-prototypes -Wshadow=local -pedantic  -D_GNU_SOURCE    ../../gcc-15.2.0/libiberty/hashtab.c -o noasan/hashtab.o; \
else true; fi
gcc -c -DHAVE_CONFIG_H -g -O2    -I. -I../../gcc-15.2.0/libiberty/../include  -W -Wall -Wwrite-strings -Wc++-compat -Wstrict-prototypes -Wshadow=local -pedantic  -D_GNU_SOURCE  ../../gcc-15.2.0/libiberty/hashtab.c -o hashtab.o
yes
checking for bool, true, false... yes
checking for uintptr_t... yes
yes
checking for working strerror function... no
checking for stdint.h... checking for KERN_PROC... yes
yes
checking for int_least32_t... no
checking for KERN_PROG_ARGS... checking for unistd.h... yes
checking minix/config.h usability... yes
checking for working strnlen... no
checking for clock_gettime... yes
checking for int_fast32_t... no
checking minix/config.h presence... if [ x"" != x ]; then \
  gcc -c -DHAVE_CONFIG_H -g -O2    -I. -I../../gcc-15.2.0/libiberty/../include  -W -Wall -Wwrite-strings -Wc++-compat -Wstrict-prototypes -Wshadow=local -pedantic  -D_GNU_SOURCE   ../../gcc-15.2.0/libiberty/hex.c -o pic/hex.o; \
else true; fi
if [ x"" != x ]; then \
  gcc -c -DHAVE_CONFIG_H -g -O2    -I. -I../../gcc-15.2.0/libiberty/../include  -W -Wall -Wwrite-strings -Wc++-compat -Wstrict-prototypes -Wshadow=local -pedantic  -D_GNU_SOURCE    ../../gcc-15.2.0/libiberty/hex.c -o noasan/hex.o; \
else true; fi
gcc -c -DHAVE_CONFIG_H -g -O2    -I. -I../../gcc-15.2.0/libiberty/../include  -W -Wall -Wwrite-strings -Wc++-compat -Wstrict-prototypes -Wshadow=local -pedantic  -D_GNU_SOURCE  ../../gcc-15.2.0/libiberty/hex.c -o hex.o
yes
yes
checking for uint64_t... no
checking for minix/config.h... no
checking whether it is safe to define __EXTENSIONS__... checking whether -pthread is supported... yes
checking whether -gdwarf-5 is supported... yes
checking for a sed that does not truncate output... if [ x"" != x ]; then \
  gcc -c -DHAVE_CONFIG_H -g -O2    -I. -I../../gcc-15.2.0/libiberty/../include  -W -Wall -Wwrite-strings -Wc++-compat -Wstrict-prototypes -Wshadow=local -pedantic  -D_GNU_SOURCE   ../../gcc-15.2.0/libiberty/lbasename.c -o pic/lbasename.o; \
else true; fi
/usr/bin/sed
if [ x"" != x ]; then \
  gcc -c -DHAVE_CONFIG_H -g -O2    -I. -I../../gcc-15.2.0/libiberty/../include  -W -Wall -Wwrite-strings -Wc++-compat -Wstrict-prototypes -Wshadow=local -pedantic  -D_GNU_SOURCE    ../../gcc-15.2.0/libiberty/lbasename.c -o noasan/lbasename.o; \
else true; fi
gcc -c -DHAVE_CONFIG_H -g -O2    -I. -I../../gcc-15.2.0/libiberty/../include  -W -Wall -Wwrite-strings -Wc++-compat -Wstrict-prototypes -Wshadow=local -pedantic  -D_GNU_SOURCE  ../../gcc-15.2.0/libiberty/lbasename.c -o lbasename.o
yes
checking for strtoul... checking whether gcc supports -W... yes
checking what to include in gstdint.h... stdint.h (already complete)
checking for an ANSI C-conforming const... yes
if [ x"" != x ]; then \
  gcc -c -DHAVE_CONFIG_H -g -O2    -I. -I../../gcc-15.2.0/libiberty/../include  -W -Wall -Wwrite-strings -Wc++-compat -Wstrict-prototypes -Wshadow=local -pedantic  -D_GNU_SOURCE   ../../gcc-15.2.0/libiberty/ldirname.c -o pic/ldirname.o; \
else true; fi
checking whether gcc supports -Wall... if [ x"" != x ]; then \
  gcc -c -DHAVE_CONFIG_H -g -O2    -I. -I../../gcc-15.2.0/libiberty/../include  -W -Wall -Wwrite-strings -Wc++-compat -Wstrict-prototypes -Wshadow=local -pedantic  -D_GNU_SOURCE    ../../gcc-15.2.0/libiberty/ldirname.c -o noasan/ldirname.o; \
else true; fi
yes
checking for compress in -lz... gcc -c -DHAVE_CONFIG_H -g -O2    -I. -I../../gcc-15.2.0/libiberty/../include  -W -Wall -Wwrite-strings -Wc++-compat -Wstrict-prototypes -Wshadow=local -pedantic  -D_GNU_SOURCE  ../../gcc-15.2.0/libiberty/ldirname.c -o ldirname.o
yes
checking for off_t... yes
yes
checking whether strtoul works... checking whether gcc supports -Wwrite-strings... yes
checking whether gcc supports -Wstrict-prototypes... if [ x"" != x ]; then \
  gcc -c -DHAVE_CONFIG_H -g -O2    -I. -I../../gcc-15.2.0/libiberty/../include  -W -Wall -Wwrite-strings -Wc++-compat -Wstrict-prototypes -Wshadow=local -pedantic  -D_GNU_SOURCE   ../../gcc-15.2.0/libiberty/lrealpath.c -o pic/lrealpath.o; \
else true; fi
if [ x"" != x ]; then \
  gcc -c -DHAVE_CONFIG_H -g -O2    -I. -I../../gcc-15.2.0/libiberty/../include  -W -Wall -Wwrite-strings -Wc++-compat -Wstrict-prototypes -Wshadow=local -pedantic  -D_GNU_SOURCE    ../../gcc-15.2.0/libiberty/lrealpath.c -o noasan/lrealpath.o; \
else true; fi
gcc -c -DHAVE_CONFIG_H -g -O2    -I. -I../../gcc-15.2.0/libiberty/../include  -W -Wall -Wwrite-strings -Wc++-compat -Wstrict-prototypes -Wshadow=local -pedantic  -D_GNU_SOURCE  ../../gcc-15.2.0/libiberty/lrealpath.c -o lrealpath.o
yes
checking size of int... no
checking whether --build-id is supported... if [ x"" != x ]; then \
  gcc -c -DHAVE_CONFIG_H -g -O2    -I. -I../../gcc-15.2.0/libiberty/../include  -W -Wall -Wwrite-strings -Wc++-compat -Wstrict-prototypes -Wshadow=local -pedantic  -D_GNU_SOURCE   ../../gcc-15.2.0/libiberty/make-relative-prefix.c -o pic/make-relative-prefix.o; \
else true; fi
if [ x"" != x ]; then \
  gcc -c -DHAVE_CONFIG_H -g -O2    -I. -I../../gcc-15.2.0/libiberty/../include  -W -Wall -Wwrite-strings -Wc++-compat -Wstrict-prototypes -Wshadow=local -pedantic  -D_GNU_SOURCE    ../../gcc-15.2.0/libiberty/make-relative-prefix.c -o noasan/make-relative-prefix.o; \
else true; fi
gcc -c -DHAVE_CONFIG_H -g -O2    -I. -I../../gcc-15.2.0/libiberty/../include  -W -Wall -Wwrite-strings -Wc++-compat -Wstrict-prototypes -Wshadow=local -pedantic  -D_GNU_SOURCE  ../../gcc-15.2.0/libiberty/make-relative-prefix.c -o make-relative-prefix.o
if [ x"" != x ]; then \
  gcc -c -DHAVE_CONFIG_H -g -O2    -I. -I../../gcc-15.2.0/libiberty/../include  -W -Wall -Wwrite-strings -Wc++-compat -Wstrict-prototypes -Wshadow=local -pedantic  -D_GNU_SOURCE   ../../gcc-15.2.0/libiberty/make-temp-file.c -o pic/make-temp-file.o; \
else true; fi
yes
checking whether --compress-debug-sections=zlib-gnu is supported... if [ x"" != x ]; then \
  gcc -c -DHAVE_CONFIG_H -g -O2    -I. -I../../gcc-15.2.0/libiberty/../include  -W -Wall -Wwrite-strings -Wc++-compat -Wstrict-prototypes -Wshadow=local -pedantic  -D_GNU_SOURCE    ../../gcc-15.2.0/libiberty/make-temp-file.c -o noasan/make-temp-file.o; \
else true; fi
gcc -c -DHAVE_CONFIG_H -g -O2    -I. -I../../gcc-15.2.0/libiberty/../include  -W -Wall -Wwrite-strings -Wc++-compat -Wstrict-prototypes -Wshadow=local -pedantic  -D_GNU_SOURCE  ../../gcc-15.2.0/libiberty/make-temp-file.c -o make-temp-file.o
4
checking size of long... if [ x"" != x ]; then \
  gcc -c -DHAVE_CONFIG_H -g -O2    -I. -I../../gcc-15.2.0/libiberty/../include  -W -Wall -Wwrite-strings -Wc++-compat -Wstrict-prototypes -Wshadow=local -pedantic  -D_GNU_SOURCE   ../../gcc-15.2.0/libiberty/objalloc.c -o pic/objalloc.o; \
else true; fi
if [ x"" != x ]; then \
  gcc -c -DHAVE_CONFIG_H -g -O2    -I. -I../../gcc-15.2.0/libiberty/../include  -W -Wall -Wwrite-strings -Wc++-compat -Wstrict-prototypes -Wshadow=local -pedantic  -D_GNU_SOURCE    ../../gcc-15.2.0/libiberty/objalloc.c -o noasan/objalloc.o; \
else true; fi
gcc -c -DHAVE_CONFIG_H -g -O2    -I. -I../../gcc-15.2.0/libiberty/../include  -W -Wall -Wwrite-strings -Wc++-compat -Wstrict-prototypes -Wshadow=local -pedantic  -D_GNU_SOURCE  ../../gcc-15.2.0/libiberty/objalloc.c -o objalloc.o
no
checking whether --compress-debug-sections=zlib-gabi is supported... yes
checking whether gcc supports -Wmissing-prototypes... yes
checking whether gcc supports -Wold-style-definition... yes
no
checking for ZSTD_compress in -lzstd... checking whether gcc supports -Wmissing-format-attribute... yes
checking whether gcc supports -Woverlength-strings... yes
checking whether gcc supports -pedantic -Wlong-long... yes
checking for ANSI C header files... (cached) yes
checking stddef.h usability... no
checking whether --compress-debug-sections=zstd is supported... if [ x"" != x ]; then \
  gcc -c -DHAVE_CONFIG_H -g -O2    -I. -I../../gcc-15.2.0/libiberty/../include  -W -Wall -Wwrite-strings -Wc++-compat -Wstrict-prototypes -Wshadow=local -pedantic  -D_GNU_SOURCE   ../../gcc-15.2.0/libiberty/obstack.c -o pic/obstack.o; \
else true; fi
if [ x"" != x ]; then \
  gcc -c -DHAVE_CONFIG_H -g -O2    -I. -I../../gcc-15.2.0/libiberty/../include  -W -Wall -Wwrite-strings -Wc++-compat -Wstrict-prototypes -Wshadow=local -pedantic  -D_GNU_SOURCE    ../../gcc-15.2.0/libiberty/obstack.c -o noasan/obstack.o; \
else true; fi
gcc -c -DHAVE_CONFIG_H -g -O2    -I. -I../../gcc-15.2.0/libiberty/../include  -W -Wall -Wwrite-strings -Wc++-compat -Wstrict-prototypes -Wshadow=local -pedantic  -D_GNU_SOURCE  ../../gcc-15.2.0/libiberty/obstack.c -o obstack.o
8
checking for ANSI C header files... (cached) yes
yes
checking stddef.h presence... checking build system type... x86_64-w64-mingw32
checking host system type... yes
checking for stddef.h... yes
if [ x"" != x ]; then \
  gcc -c -DHAVE_CONFIG_H -g -O2    -I. -I../../gcc-15.2.0/libiberty/../include  -W -Wall -Wwrite-strings -Wc++-compat -Wstrict-prototypes -Wshadow=local -pedantic  -D_GNU_SOURCE   ../../gcc-15.2.0/libiberty/partition.c -o pic/partition.o; \
else true; fi
x86_64-w64-mingw32
checking target system type... if [ x"" != x ]; then \
  gcc -c -DHAVE_CONFIG_H -g -O2    -I. -I../../gcc-15.2.0/libiberty/../include  -W -Wall -Wwrite-strings -Wc++-compat -Wstrict-prototypes -Wshadow=local -pedantic  -D_GNU_SOURCE    ../../gcc-15.2.0/libiberty/partition.c -o noasan/partition.o; \
else true; fi
gcc -c -DHAVE_CONFIG_H -g -O2    -I. -I../../gcc-15.2.0/libiberty/../include  -W -Wall -Wwrite-strings -Wc++-compat -Wstrict-prototypes -Wshadow=local -pedantic  -D_GNU_SOURCE  ../../gcc-15.2.0/libiberty/partition.c -o partition.o
checking for stdlib.h... (cached) yes
i686-pc-elf
checking for decimal floating point... configure: WARNING: decimal float is not supported for this target, ignored
dpd
checking whether byte ordering is bigendian... checking for strings.h... (cached) yes
no
checking for objcopy... objcopy
checking for readelf... readelf
checking whether objcopy supports debuglink... yes
checking for dsymutil... dsymutil
checking for nm... /usr/bin/nm
checking for xz... xz
checking for comm... comm
checking for lzma_auto_decoder in -llzma... if [ x"" != x ]; then \
  gcc -c -DHAVE_CONFIG_H -g -O2    -I. -I../../gcc-15.2.0/libiberty/../include  -W -Wall -Wwrite-strings -Wc++-compat -Wstrict-prototypes -Wshadow=local -pedantic  -D_GNU_SOURCE   ../../gcc-15.2.0/libiberty/pexecute.c -o pic/pexecute.o; \
else true; fi
checking for unistd.h... (cached) yes
if [ x"" != x ]; then \
  gcc -c -DHAVE_CONFIG_H -g -O2    -I. -I../../gcc-15.2.0/libiberty/../include  -W -Wall -Wwrite-strings -Wc++-compat -Wstrict-prototypes -Wshadow=local -pedantic  -D_GNU_SOURCE    ../../gcc-15.2.0/libiberty/pexecute.c -o noasan/pexecute.o; \
else true; fi
gcc -c -DHAVE_CONFIG_H -g -O2    -I. -I../../gcc-15.2.0/libiberty/../include  -W -Wall -Wwrite-strings -Wc++-compat -Wstrict-prototypes -Wshadow=local -pedantic  -D_GNU_SOURCE  ../../gcc-15.2.0/libiberty/pexecute.c -o pexecute.o
checking fcntl.h usability... yes
checking fcntl.h presence... no
checking for CET support... no
yes
checking for fcntl.h... yes
no
checking whether tests can run... checking sys/file.h usability... configure: updating cache ./config.cache
configure: creating ./config.status
yes
checking sys/file.h presence... yes
checking for sys/file.h... yes
checking for sys/stat.h... (cached) yes
if [ x"" != x ]; then \
  gcc -c -DHAVE_CONFIG_H -g -O2    -I. -I../../gcc-15.2.0/libiberty/../include  -W -Wall -Wwrite-strings -Wc++-compat -Wstrict-prototypes -Wshadow=local -pedantic  -D_GNU_SOURCE   ../../gcc-15.2.0/libiberty/physmem.c -o pic/physmem.o; \
else true; fi
checking for clearerr_unlocked... if [ x"" != x ]; then \
  gcc -c -DHAVE_CONFIG_H -g -O2    -I. -I../../gcc-15.2.0/libiberty/../include  -W -Wall -Wwrite-strings -Wc++-compat -Wstrict-prototypes -Wshadow=local -pedantic  -D_GNU_SOURCE    ../../gcc-15.2.0/libiberty/physmem.c -o noasan/physmem.o; \
else true; fi
gcc -c -DHAVE_CONFIG_H -g -O2    -I. -I../../gcc-15.2.0/libiberty/../include  -W -Wall -Wwrite-strings -Wc++-compat -Wstrict-prototypes -Wshadow=local -pedantic  -D_GNU_SOURCE  ../../gcc-15.2.0/libiberty/physmem.c -o physmem.o
yes
if [ x"" != x ]; then \
  gcc -c -DHAVE_CONFIG_H -g -O2    -I. -I../../gcc-15.2.0/libiberty/../include  -W -Wall -Wwrite-strings -Wc++-compat -Wstrict-prototypes -Wshadow=local -pedantic  -D_GNU_SOURCE   ../../gcc-15.2.0/libiberty/pex-common.c -o pic/pex-common.o; \
else true; fi
if [ x"" != x ]; then \
  gcc -c -DHAVE_CONFIG_H -g -O2    -I. -I../../gcc-15.2.0/libiberty/../include  -W -Wall -Wwrite-strings -Wc++-compat -Wstrict-prototypes -Wshadow=local -pedantic  -D_GNU_SOURCE    ../../gcc-15.2.0/libiberty/pex-common.c -o noasan/pex-common.o; \
else true; fi
gcc -c -DHAVE_CONFIG_H -g -O2    -I. -I../../gcc-15.2.0/libiberty/../include  -W -Wall -Wwrite-strings -Wc++-compat -Wstrict-prototypes -Wshadow=local -pedantic  -D_GNU_SOURCE  ../../gcc-15.2.0/libiberty/pex-common.c -o pex-common.o
configure: updating cache ./config.cache
yes
checking that generated files are newer than configure... done
configure: creating ./config.status
checking for feof_unlocked... if [ x"" != x ]; then \
  gcc -c -DHAVE_CONFIG_H -g -O2    -I. -I../../gcc-15.2.0/libiberty/../include  -W -Wall -Wwrite-strings -Wc++-compat -Wstrict-prototypes -Wshadow=local -pedantic  -D_GNU_SOURCE   ../../gcc-15.2.0/libiberty/pex-one.c -o pic/pex-one.o; \
else true; fi
if [ x"" != x ]; then \
  gcc -c -DHAVE_CONFIG_H -g -O2    -I. -I../../gcc-15.2.0/libiberty/../include  -W -Wall -Wwrite-strings -Wc++-compat -Wstrict-prototypes -Wshadow=local -pedantic  -D_GNU_SOURCE    ../../gcc-15.2.0/libiberty/pex-one.c -o noasan/pex-one.o; \
else true; fi
gcc -c -DHAVE_CONFIG_H -g -O2    -I. -I../../gcc-15.2.0/libiberty/../include  -W -Wall -Wwrite-strings -Wc++-compat -Wstrict-prototypes -Wshadow=local -pedantic  -D_GNU_SOURCE  ../../gcc-15.2.0/libiberty/pex-one.c -o pex-one.o
config.status: creating demos/pexpr-config.h
yes
if [ x"" != x ]; then \
  gcc -c -DHAVE_CONFIG_H -g -O2    -I. -I../../gcc-15.2.0/libiberty/../include  -W -Wall -Wwrite-strings -Wc++-compat -Wstrict-prototypes -Wshadow=local -pedantic  -D_GNU_SOURCE   ../../gcc-15.2.0/libiberty/pex-win32.c -o pic/pex-win32.o; \
else true; fi
config.status: creating Makefile
if [ x"" != x ]; then \
  gcc -c -DHAVE_CONFIG_H -g -O2    -I. -I../../gcc-15.2.0/libiberty/../include  -W -Wall -Wwrite-strings -Wc++-compat -Wstrict-prototypes -Wshadow=local -pedantic  -D_GNU_SOURCE    ../../gcc-15.2.0/libiberty/pex-win32.c -o noasan/pex-win32.o; \
else true; fi
gcc -c -DHAVE_CONFIG_H -g -O2    -I. -I../../gcc-15.2.0/libiberty/../include  -W -Wall -Wwrite-strings -Wc++-compat -Wstrict-prototypes -Wshadow=local -pedantic  -D_GNU_SOURCE  ../../gcc-15.2.0/libiberty/pex-win32.c -o pex-win32.o
checking for ferror_unlocked... config.status: creating demos/calc/calc-config.h
config.status: creating config.h
no
checking for sys/single_threaded.h... config.status: executing gstdint.h commands
yes
config.status: creating Makefile
checking for fflush_unlocked... config.status: creating mpf/Makefile
no
checking for variable-length arrays... yes
../../gcc-15.2.0/libiberty/pex-win32.c: In function 'pex_win32_open_read':
../../gcc-15.2.0/libiberty/pex-win32.c:122:10: error: implicit declaration of function '_open'; did you mean 'open'? [-Wimplicit-function-declaration]
  122 |   return _open (name, _O_RDONLY | (binary ? _O_BINARY : _O_TEXT));
      |          ^~~~~
      |          open
make[1]: Entering directory '/c/Users/Syf/Desktop/BS4/tools/gcc-build/build-x86_64-w64-mingw32/libiberty'
if [ x"" != x ] && [ ! -d pic ]; then \
  mkdir pic; \
else true; fi
../../gcc-15.2.0/libiberty/pex-win32.c:122:23: error: '_O_RDONLY' undeclared (first use in this function); did you mean 'O_RDONLY'?
  122 |   return _open (name, _O_RDONLY | (binary ? _O_BINARY : _O_TEXT));
      |                       ^~~~~~~~~
      |                       O_RDONLY
../../gcc-15.2.0/libiberty/pex-win32.c:122:23: note: each undeclared identifier is reported only once for each function it appears in
config.status: creating mpn/Makefile
../../gcc-15.2.0/libiberty/pex-win32.c:122:45: error: '_O_BINARY' undeclared (first use in this function); did you mean 'O_BINARY'?
  122 |   return _open (name, _O_RDONLY | (binary ? _O_BINARY : _O_TEXT));
      |                                             ^~~~~~~~~
      |                                             O_BINARY
../../gcc-15.2.0/libiberty/pex-win32.c:122:57: error: '_O_TEXT' undeclared (first use in this function); did you mean 'O_TEXT'?
  122 |   return _open (name, _O_RDONLY | (binary ? _O_BINARY : _O_TEXT));
      |                                                         ^~~~~~~
      |                                                         O_TEXT
yes
../../gcc-15.2.0/libiberty/pex-win32.c: In function 'pex_win32_open_write':
../../gcc-15.2.0/libiberty/pex-win32.c:136:18: error: '_O_WRONLY' undeclared (first use in this function); did you mean 'O_WRONLY'?
  136 |                 (_O_WRONLY | _O_CREAT | _O_TRUNC
      |                  ^~~~~~~~~
      |                  O_WRONLY
../../gcc-15.2.0/libiberty/pex-win32.c:136:30: error: '_O_CREAT' undeclared (first use in this function); did you mean 'O_CREAT'?
  136 |                 (_O_WRONLY | _O_CREAT | _O_TRUNC
      |                              ^~~~~~~~
      |                              O_CREAT
touch stamp-picdir
../../gcc-15.2.0/libiberty/pex-win32.c:136:41: error: '_O_TRUNC' undeclared (first use in this function); did you mean 'O_TRUNC'?
  136 |                 (_O_WRONLY | _O_CREAT | _O_TRUNC
      |                                         ^~~~~~~~
      |                                         O_TRUNC
checking for fgetc_unlocked... ../../gcc-15.2.0/libiberty/pex-win32.c:137:30: error: '_O_BINARY' undeclared (first use in this function); did you mean 'O_BINARY'?
  137 |                  | (binary ? _O_BINARY : _O_TEXT)),
      |                              ^~~~~~~~~
      |                              O_BINARY
../../gcc-15.2.0/libiberty/pex-win32.c:137:42: error: '_O_TEXT' undeclared (first use in this function); did you mean 'O_TEXT'?
  137 |                  | (binary ? _O_BINARY : _O_TEXT)),
      |                                          ^~~~~~~
      |                                          O_TEXT
if [ x"" != x ] && [ ! -d noasan ]; then \
  mkdir noasan; \
else true; fi
../../gcc-15.2.0/libiberty/pex-win32.c:138:17: error: '_S_IREAD' undeclared (first use in this function); did you mean 'S_IREAD'?
  138 |                 _S_IREAD | _S_IWRITE);
      |                 ^~~~~~~~
      |                 S_IREAD
../../gcc-15.2.0/libiberty/pex-win32.c:138:28: error: '_S_IWRITE' undeclared (first use in this function); did you mean 'S_IWRITE'?
  138 |                 _S_IREAD | _S_IWRITE);
      |                            ^~~~~~~~~
      |                            S_IWRITE
../../gcc-15.2.0/libiberty/pex-win32.c: In function 'pex_win32_close':
../../gcc-15.2.0/libiberty/pex-win32.c:146:10: error: implicit declaration of function '_close'; did you mean 'close'? [-Wimplicit-function-declaration]
  146 |   return _close (fd);
      |          ^~~~~~
      |          close
checking whether wcwidth is declared... ../../gcc-15.2.0/libiberty/pex-win32.c: In function 'win32_spawn':
../../gcc-15.2.0/libiberty/pex-win32.c:670:13: warning: cast from pointer to integer of different size [-Wpointer-to-int-cast]
  670 |       pid = (pid_t) pi->hProcess;
      |             ^
../../gcc-15.2.0/libiberty/pex-win32.c: In function 'spawn_script':
../../gcc-15.2.0/libiberty/pex-win32.c:695:31: error: '_O_RDONLY' undeclared (first use in this function); did you mean 'O_RDONLY'?
  695 |   int fd = _open (executable, _O_RDONLY);
      |                               ^~~~~~~~~
      |                               O_RDONLY
../../gcc-15.2.0/libiberty/pex-win32.c:702:17: error: implicit declaration of function '_read'; did you mean 'read'? [-Wimplicit-function-declaration]
  702 |       int len = _read (fd, buf, sizeof (buf) - 1);
      |                 ^~~~~
      |                 read
../../gcc-15.2.0/libiberty/pex-win32.c: In function 'pex_win32_exec_child':
../../gcc-15.2.0/libiberty/pex-win32.c:800:8: error: implicit declaration of function '_dup'; did you mean 'dup'? [-Wimplicit-function-declaration]
  800 |   in = _dup (orig_in);
      |        ^~~~
      |        dup
../../gcc-15.2.0/libiberty/pex-win32.c: In function 'pex_win32_wait':
../../gcc-15.2.0/libiberty/pex-win32.c:932:7: warning: cast to pointer from integer of different size [-Wint-to-pointer-cast]
  932 |   h = (HANDLE) pid;
      |       ^
../../gcc-15.2.0/libiberty/pex-win32.c: In function 'pex_win32_pipe':
../../gcc-15.2.0/libiberty/pex-win32.c:964:10: error: implicit declaration of function '_pipe'; did you mean 'pipe'? [-Wimplicit-function-declaration]
  964 |   return _pipe (p, 256, (binary ? _O_BINARY : _O_TEXT) | _O_NOINHERIT);
      |          ^~~~~
      |          pipe
../../gcc-15.2.0/libiberty/pex-win32.c:964:35: error: '_O_BINARY' undeclared (first use in this function); did you mean 'O_BINARY'?
  964 |   return _pipe (p, 256, (binary ? _O_BINARY : _O_TEXT) | _O_NOINHERIT);
      |                                   ^~~~~~~~~
      |                                   O_BINARY
../../gcc-15.2.0/libiberty/pex-win32.c:964:47: error: '_O_TEXT' undeclared (first use in this function); did you mean 'O_TEXT'?
  964 |   return _pipe (p, 256, (binary ? _O_BINARY : _O_TEXT) | _O_NOINHERIT);
      |                                               ^~~~~~~
      |                                               O_TEXT
touch stamp-noasandir
../../gcc-15.2.0/libiberty/pex-win32.c:964:58: error: '_O_NOINHERIT' undeclared (first use in this function)
  964 |   return _pipe (p, 256, (binary ? _O_BINARY : _O_TEXT) | _O_NOINHERIT);
      |                                                          ^~~~~~~~~~~~
make[1]: *** [Makefile:1194: pex-win32.o] Error 1
make[1]: Leaving directory '/c/Users/Syf/Desktop/BS4/tools/gcc-build/libiberty'
make: *** [Makefile:9931: all-libiberty] Error 2
make: *** Waiting for unfinished jobs....
if [ x"" != x ]; then \
  gcc -c -DHAVE_CONFIG_H -g -O2  -I. -I../../../gcc-15.2.0/libiberty/../include  -W -Wall -Wwrite-strings -Wc++-compat -Wstrict-prototypes -Wshadow=local -pedantic  -D_GNU_SOURCE   ../../../gcc-15.2.0/libiberty/dwarfnames.c -o pic/dwarfnames.o; \
else true; fi
if [ x"" != x ]; then \
  gcc -c -DHAVE_CONFIG_H -g -O2  -I. -I../../../gcc-15.2.0/libiberty/../include  -W -Wall -Wwrite-strings -Wc++-compat -Wstrict-prototypes -Wshadow=local -pedantic  -D_GNU_SOURCE    ../../../gcc-15.2.0/libiberty/dwarfnames.c -o noasan/dwarfnames.o; \
else true; fi
if [ x"" != x ]; then \
  gcc -c -DHAVE_CONFIG_H -g -O2  -I. -I../../../gcc-15.2.0/libiberty/../include  -W -Wall -Wwrite-strings -Wc++-compat -Wstrict-prototypes -Wshadow=local -pedantic  -D_GNU_SOURCE   ../../../gcc-15.2.0/libiberty/safe-ctype.c -o pic/safe-ctype.o; \
else true; fi
gcc -c -DHAVE_CONFIG_H -g -O2  -I. -I../../../gcc-15.2.0/libiberty/../include  -W -Wall -Wwrite-strings -Wc++-compat -Wstrict-prototypes -Wshadow=local -pedantic  -D_GNU_SOURCE  ../../../gcc-15.2.0/libiberty/dwarfnames.c -o dwarfnames.o
if [ x"" != x ]; then \
  gcc -c -DHAVE_CONFIG_H -g -O2  -I. -I../../../gcc-15.2.0/libiberty/../include  -W -Wall -Wwrite-strings -Wc++-compat -Wstrict-prototypes -Wshadow=local -pedantic  -D_GNU_SOURCE    ../../../gcc-15.2.0/libiberty/safe-ctype.c -o noasan/safe-ctype.o; \
else true; fi
gcc -c -DHAVE_CONFIG_H -g -O2  -I. -I../../../gcc-15.2.0/libiberty/../include  -W -Wall -Wwrite-strings -Wc++-compat -Wstrict-prototypes -Wshadow=local -pedantic  -D_GNU_SOURCE  ../../../gcc-15.2.0/libiberty/safe-ctype.c -o safe-ctype.o
yes
checking whether wcwidth works reasonably in UTF-8 locales... config.status: creating mpq/Makefile
yes
if [ x"" != x ]; then \
  gcc -c -DHAVE_CONFIG_H -g -O2  -I. -I../../../gcc-15.2.0/libiberty/../include  -W -Wall -Wwrite-strings -Wc++-compat -Wstrict-prototypes -Wshadow=local -pedantic  -D_GNU_SOURCE   ../../../gcc-15.2.0/libiberty/simple-object.c -o pic/simple-object.o; \
else true; fi
if [ x"" != x ]; then \
  gcc -c -DHAVE_CONFIG_H -g -O2  -I. -I../../../gcc-15.2.0/libiberty/../include  -W -Wall -Wwrite-strings -Wc++-compat -Wstrict-prototypes -Wshadow=local -pedantic  -D_GNU_SOURCE    ../../../gcc-15.2.0/libiberty/simple-object.c -o noasan/simple-object.o; \
else true; fi
gcc -c -DHAVE_CONFIG_H -g -O2  -I. -I../../../gcc-15.2.0/libiberty/../include  -W -Wall -Wwrite-strings -Wc++-compat -Wstrict-prototypes -Wshadow=local -pedantic  -D_GNU_SOURCE  ../../../gcc-15.2.0/libiberty/simple-object.c -o simple-object.o
if [ x"" != x ]; then \
  gcc -c -DHAVE_CONFIG_H -g -O2  -I. -I../../../gcc-15.2.0/libiberty/../include  -W -Wall -Wwrite-strings -Wc++-compat -Wstrict-prototypes -Wshadow=local -pedantic  -D_GNU_SOURCE   ../../../gcc-15.2.0/libiberty/simple-object-coff.c -o pic/simple-object-coff.o; \
else true; fi
checking for fgets_unlocked... if [ x"" != x ]; then \
  gcc -c -DHAVE_CONFIG_H -g -O2  -I. -I../../../gcc-15.2.0/libiberty/../include  -W -Wall -Wwrite-strings -Wc++-compat -Wstrict-prototypes -Wshadow=local -pedantic  -D_GNU_SOURCE    ../../../gcc-15.2.0/libiberty/simple-object-coff.c -o noasan/simple-object-coff.o; \
else true; fi
gcc -c -DHAVE_CONFIG_H -g -O2  -I. -I../../../gcc-15.2.0/libiberty/../include  -W -Wall -Wwrite-strings -Wc++-compat -Wstrict-prototypes -Wshadow=local -pedantic  -D_GNU_SOURCE  ../../../gcc-15.2.0/libiberty/simple-object-coff.c -o simple-object-coff.o
config.status: creating mpz/Makefile
if [ x"" != x ]; then \
  gcc -c -DHAVE_CONFIG_H -g -O2  -I. -I../../../gcc-15.2.0/libiberty/../include  -W -Wall -Wwrite-strings -Wc++-compat -Wstrict-prototypes -Wshadow=local -pedantic  -D_GNU_SOURCE   ../../../gcc-15.2.0/libiberty/simple-object-elf.c -o pic/simple-object-elf.o; \
else true; fi
if [ x"" != x ]; then \
  gcc -c -DHAVE_CONFIG_H -g -O2  -I. -I../../../gcc-15.2.0/libiberty/../include  -W -Wall -Wwrite-strings -Wc++-compat -Wstrict-prototypes -Wshadow=local -pedantic  -D_GNU_SOURCE    ../../../gcc-15.2.0/libiberty/simple-object-elf.c -o noasan/simple-object-elf.o; \
else true; fi
gcc -c -DHAVE_CONFIG_H -g -O2  -I. -I../../../gcc-15.2.0/libiberty/../include  -W -Wall -Wwrite-strings -Wc++-compat -Wstrict-prototypes -Wshadow=local -pedantic  -D_GNU_SOURCE  ../../../gcc-15.2.0/libiberty/simple-object-elf.c -o simple-object-elf.o
if [ x"" != x ]; then \
  gcc -c -DHAVE_CONFIG_H -g -O2  -I. -I../../../gcc-15.2.0/libiberty/../include  -W -Wall -Wwrite-strings -Wc++-compat -Wstrict-prototypes -Wshadow=local -pedantic  -D_GNU_SOURCE   ../../../gcc-15.2.0/libiberty/simple-object-mach-o.c -o pic/simple-object-mach-o.o; \
else true; fi
yes
if [ x"" != x ]; then \
  gcc -c -DHAVE_CONFIG_H -g -O2  -I. -I../../../gcc-15.2.0/libiberty/../include  -W -Wall -Wwrite-strings -Wc++-compat -Wstrict-prototypes -Wshadow=local -pedantic  -D_GNU_SOURCE    ../../../gcc-15.2.0/libiberty/simple-object-mach-o.c -o noasan/simple-object-mach-o.o; \
else true; fi
config.status: creating printf/Makefile
yes
gcc -c -DHAVE_CONFIG_H -g -O2  -I. -I../../../gcc-15.2.0/libiberty/../include  -W -Wall -Wwrite-strings -Wc++-compat -Wstrict-prototypes -Wshadow=local -pedantic  -D_GNU_SOURCE  ../../../gcc-15.2.0/libiberty/simple-object-mach-o.c -o simple-object-mach-o.o
checking for size_t... (cached) yes
checking for setlocale... checking for fileno_unlocked... config.status: creating scanf/Makefile
if [ x"" != x ]; then \
  gcc -c -DHAVE_CONFIG_H -g -O2  -I. -I../../../gcc-15.2.0/libiberty/../include  -W -Wall -Wwrite-strings -Wc++-compat -Wstrict-prototypes -Wshadow=local -pedantic  -D_GNU_SOURCE   ../../../gcc-15.2.0/libiberty/simple-object-xcoff.c -o pic/simple-object-xcoff.o; \
else true; fi
yes
if [ x"" != x ]; then \
  gcc -c -DHAVE_CONFIG_H -g -O2  -I. -I../../../gcc-15.2.0/libiberty/../include  -W -Wall -Wwrite-strings -Wc++-compat -Wstrict-prototypes -Wshadow=local -pedantic  -D_GNU_SOURCE    ../../../gcc-15.2.0/libiberty/simple-object-xcoff.c -o noasan/simple-object-xcoff.o; \
else true; fi
checking for perl... /usr/bin/perl
checking whether the C++ compiler (g++ -g -O2   -static-libstdc++ -static-libgcc -Wl,--stack,12582912) works... gcc -c -DHAVE_CONFIG_H -g -O2  -I. -I../../../gcc-15.2.0/libiberty/../include  -W -Wall -Wwrite-strings -Wc++-compat -Wstrict-prototypes -Wshadow=local -pedantic  -D_GNU_SOURCE  ../../../gcc-15.2.0/libiberty/simple-object-xcoff.c -o simple-object-xcoff.o
config.status: creating rand/Makefile
if [ x"" != x ]; then \
  gcc -c -DHAVE_CONFIG_H -g -O2  -I. -I../../../gcc-15.2.0/libiberty/../include  -W -Wall -Wwrite-strings -Wc++-compat -Wstrict-prototypes -Wshadow=local -pedantic  -D_GNU_SOURCE   ../../../gcc-15.2.0/libiberty/sort.c -o pic/sort.o; \
else true; fi
if [ x"" != x ]; then \
  gcc -c -DHAVE_CONFIG_H -g -O2  -I. -I../../../gcc-15.2.0/libiberty/../include  -W -Wall -Wwrite-strings -Wc++-compat -Wstrict-prototypes -Wshadow=local -pedantic  -D_GNU_SOURCE    ../../../gcc-15.2.0/libiberty/sort.c -o noasan/sort.o; \
else true; fi
gcc -c -DHAVE_CONFIG_H -g -O2  -I. -I../../../gcc-15.2.0/libiberty/../include  -W -Wall -Wwrite-strings -Wc++-compat -Wstrict-prototypes -Wshadow=local -pedantic  -D_GNU_SOURCE  ../../../gcc-15.2.0/libiberty/sort.c -o sort.o
config.status: creating cxx/Makefile
yes
checking whether the C++ compiler supports namespaces... config.status: creating tests/Makefile
if [ x"" != x ]; then \
  gcc -c -DHAVE_CONFIG_H -g -O2  -I. -I../../../gcc-15.2.0/libiberty/../include  -W -Wall -Wwrite-strings -Wc++-compat -Wstrict-prototypes -Wshadow=local -pedantic  -D_GNU_SOURCE   ../../../gcc-15.2.0/libiberty/spaces.c -o pic/spaces.o; \
else true; fi
if [ x"" != x ]; then \
  gcc -c -DHAVE_CONFIG_H -g -O2  -I. -I../../../gcc-15.2.0/libiberty/../include  -W -Wall -Wwrite-strings -Wc++-compat -Wstrict-prototypes -Wshadow=local -pedantic  -D_GNU_SOURCE    ../../../gcc-15.2.0/libiberty/spaces.c -o noasan/spaces.o; \
else true; fi
gcc -c -DHAVE_CONFIG_H -g -O2  -I. -I../../../gcc-15.2.0/libiberty/../include  -W -Wall -Wwrite-strings -Wc++-compat -Wstrict-prototypes -Wshadow=local -pedantic  -D_GNU_SOURCE  ../../../gcc-15.2.0/libiberty/spaces.c -o spaces.o
yes
config.status: creating tests/devel/Makefile
checking for fprintf_unlocked... if [ x"" != x ]; then \
  gcc -c -DHAVE_CONFIG_H -g -O2  -I. -I../../../gcc-15.2.0/libiberty/../include  -W -Wall -Wwrite-strings -Wc++-compat -Wstrict-prototypes -Wshadow=local -pedantic  -D_GNU_SOURCE   ../../../gcc-15.2.0/libiberty/splay-tree.c -o pic/splay-tree.o; \
else true; fi
if [ x"" != x ]; then \
  gcc -c -DHAVE_CONFIG_H -g -O2  -I. -I../../../gcc-15.2.0/libiberty/../include  -W -Wall -Wwrite-strings -Wc++-compat -Wstrict-prototypes -Wshadow=local -pedantic  -D_GNU_SOURCE    ../../../gcc-15.2.0/libiberty/splay-tree.c -o noasan/splay-tree.o; \
else true; fi
gcc -c -DHAVE_CONFIG_H -g -O2  -I. -I../../../gcc-15.2.0/libiberty/../include  -W -Wall -Wwrite-strings -Wc++-compat -Wstrict-prototypes -Wshadow=local -pedantic  -D_GNU_SOURCE  ../../../gcc-15.2.0/libiberty/splay-tree.c -o splay-tree.o
yes
checking dependency style of g++... (cached) gcc3
checking whether the compiler supports GNU C++... (cached) yes
checking whether g++ accepts -g... (cached) yes
config.status: creating tests/mpf/Makefile
if [ x"" != x ]; then \
  gcc -c -DHAVE_CONFIG_H -g -O2  -I. -I../../../gcc-15.2.0/libiberty/../include  -W -Wall -Wwrite-strings -Wc++-compat -Wstrict-prototypes -Wshadow=local -pedantic  -D_GNU_SOURCE   ../../../gcc-15.2.0/libiberty/stack-limit.c -o pic/stack-limit.o; \
else true; fi
if [ x"" != x ]; then \
  gcc -c -DHAVE_CONFIG_H -g -O2  -I. -I../../../gcc-15.2.0/libiberty/../include  -W -Wall -Wwrite-strings -Wc++-compat -Wstrict-prototypes -Wshadow=local -pedantic  -D_GNU_SOURCE    ../../../gcc-15.2.0/libiberty/stack-limit.c -o noasan/stack-limit.o; \
else true; fi
gcc -c -DHAVE_CONFIG_H -g -O2  -I. -I../../../gcc-15.2.0/libiberty/../include  -W -Wall -Wwrite-strings -Wc++-compat -Wstrict-prototypes -Wshadow=local -pedantic  -D_GNU_SOURCE  ../../../gcc-15.2.0/libiberty/stack-limit.c -o stack-limit.o
configure: updating cache ./config.cache
checking that generated files are newer than configure... done
config.status: creating tests/mpn/Makefile
no
if [ x"" != x ]; then \
  gcc -c -DHAVE_CONFIG_H -g -O2  -I. -I../../../gcc-15.2.0/libiberty/../include  -W -Wall -Wwrite-strings -Wc++-compat -Wstrict-prototypes -Wshadow=local -pedantic  -D_GNU_SOURCE   ../../../gcc-15.2.0/libiberty/strerror.c -o pic/strerror.o; \
else true; fi
if [ x"" != x ]; then \
  gcc -c -DHAVE_CONFIG_H -g -O2  -I. -I../../../gcc-15.2.0/libiberty/../include  -W -Wall -Wwrite-strings -Wc++-compat -Wstrict-prototypes -Wshadow=local -pedantic  -D_GNU_SOURCE   ../../../gcc-15.2.0/libiberty/strsignal.c -o pic/strsignal.o; \
else true; fi
checking for fputc_unlocked... if [ x"" != x ]; then \
  gcc -c -DHAVE_CONFIG_H -g -O2  -I. -I../../../gcc-15.2.0/libiberty/../include  -W -Wall -Wwrite-strings -Wc++-compat -Wstrict-prototypes -Wshadow=local -pedantic  -D_GNU_SOURCE    ../../../gcc-15.2.0/libiberty/strerror.c -o noasan/strerror.o; \
else true; fi
if [ x"" != x ]; then \
  gcc -c -DHAVE_CONFIG_H -g -O2  -I. -I../../../gcc-15.2.0/libiberty/../include  -W -Wall -Wwrite-strings -Wc++-compat -Wstrict-prototypes -Wshadow=local -pedantic  -D_GNU_SOURCE    ../../../gcc-15.2.0/libiberty/strsignal.c -o noasan/strsignal.o; \
else true; fi
gcc -c -DHAVE_CONFIG_H -g -O2  -I. -I../../../gcc-15.2.0/libiberty/../include  -W -Wall -Wwrite-strings -Wc++-compat -Wstrict-prototypes -Wshadow=local -pedantic  -D_GNU_SOURCE  ../../../gcc-15.2.0/libiberty/strerror.c -o strerror.o
gcc -c -DHAVE_CONFIG_H -g -O2  -I. -I../../../gcc-15.2.0/libiberty/../include  -W -Wall -Wwrite-strings -Wc++-compat -Wstrict-prototypes -Wshadow=local -pedantic  -D_GNU_SOURCE  ../../../gcc-15.2.0/libiberty/strsignal.c -o strsignal.o
configure: creating ./config.status
config.status: creating tests/mpq/Makefile
if [ x"" != x ]; then \
  gcc -c -DHAVE_CONFIG_H -g -O2  -I. -I../../../gcc-15.2.0/libiberty/../include  -W -Wall -Wwrite-strings -Wc++-compat -Wstrict-prototypes -Wshadow=local -pedantic  -D_GNU_SOURCE   ../../../gcc-15.2.0/libiberty/timeval-utils.c -o pic/timeval-utils.o; \
else true; fi
if [ x"" != x ]; then \
  gcc -c -DHAVE_CONFIG_H -g -O2  -I. -I../../../gcc-15.2.0/libiberty/../include  -W -Wall -Wwrite-strings -Wc++-compat -Wstrict-prototypes -Wshadow=local -pedantic  -D_GNU_SOURCE    ../../../gcc-15.2.0/libiberty/timeval-utils.c -o noasan/timeval-utils.o; \
else true; fi
gcc -c -DHAVE_CONFIG_H -g -O2  -I. -I../../../gcc-15.2.0/libiberty/../include  -W -Wall -Wwrite-strings -Wc++-compat -Wstrict-prototypes -Wshadow=local -pedantic  -D_GNU_SOURCE  ../../../gcc-15.2.0/libiberty/timeval-utils.c -o timeval-utils.o
config.status: creating tests/mpz/Makefile
if [ x"" != x ]; then \
  gcc -c -DHAVE_CONFIG_H -g -O2  -I. -I../../../gcc-15.2.0/libiberty/../include  -W -Wall -Wwrite-strings -Wc++-compat -Wstrict-prototypes -Wshadow=local -pedantic  -D_GNU_SOURCE   ../../../gcc-15.2.0/libiberty/unlink-if-ordinary.c -o pic/unlink-if-ordinary.o; \
else true; fi
if [ x"" != x ]; then \
  gcc -c -DHAVE_CONFIG_H -g -O2  -I. -I../../../gcc-15.2.0/libiberty/../include  -W -Wall -Wwrite-strings -Wc++-compat -Wstrict-prototypes -Wshadow=local -pedantic  -D_GNU_SOURCE    ../../../gcc-15.2.0/libiberty/unlink-if-ordinary.c -o noasan/unlink-if-ordinary.o; \
else true; fi
gcc -c -DHAVE_CONFIG_H -g -O2  -I. -I../../../gcc-15.2.0/libiberty/../include  -W -Wall -Wwrite-strings -Wc++-compat -Wstrict-prototypes -Wshadow=local -pedantic  -D_GNU_SOURCE  ../../../gcc-15.2.0/libiberty/unlink-if-ordinary.c -o unlink-if-ordinary.o
if [ x"" != x ]; then \
  gcc -c -DHAVE_CONFIG_H -g -O2  -I. -I../../../gcc-15.2.0/libiberty/../include  -W -Wall -Wwrite-strings -Wc++-compat -Wstrict-prototypes -Wshadow=local -pedantic  -D_GNU_SOURCE   ../../../gcc-15.2.0/libiberty/xasprintf.c -o pic/xasprintf.o; \
else true; fi
config.status: creating tests/rand/Makefile
if [ x"" != x ]; then \
  gcc -c -DHAVE_CONFIG_H -g -O2  -I. -I../../../gcc-15.2.0/libiberty/../include  -W -Wall -Wwrite-strings -Wc++-compat -Wstrict-prototypes -Wshadow=local -pedantic  -D_GNU_SOURCE    ../../../gcc-15.2.0/libiberty/xasprintf.c -o noasan/xasprintf.o; \
else true; fi
gcc -c -DHAVE_CONFIG_H -g -O2  -I. -I../../../gcc-15.2.0/libiberty/../include  -W -Wall -Wwrite-strings -Wc++-compat -Wstrict-prototypes -Wshadow=local -pedantic  -D_GNU_SOURCE  ../../../gcc-15.2.0/libiberty/xasprintf.c -o xasprintf.o
if [ x"" != x ]; then \
  gcc -c -DHAVE_CONFIG_H -g -O2  -I. -I../../../gcc-15.2.0/libiberty/../include  -W -Wall -Wwrite-strings -Wc++-compat -Wstrict-prototypes -Wshadow=local -pedantic  -D_GNU_SOURCE   ../../../gcc-15.2.0/libiberty/xatexit.c -o pic/xatexit.o; \
else true; fi
if [ x"" != x ]; then \
  gcc -c -DHAVE_CONFIG_H -g -O2  -I. -I../../../gcc-15.2.0/libiberty/../include  -W -Wall -Wwrite-strings -Wc++-compat -Wstrict-prototypes -Wshadow=local -pedantic  -D_GNU_SOURCE    ../../../gcc-15.2.0/libiberty/xatexit.c -o noasan/xatexit.o; \
else true; fi
gcc -c -DHAVE_CONFIG_H -g -O2  -I. -I../../../gcc-15.2.0/libiberty/../include  -W -Wall -Wwrite-strings -Wc++-compat -Wstrict-prototypes -Wshadow=local -pedantic  -D_GNU_SOURCE  ../../../gcc-15.2.0/libiberty/xatexit.c -o xatexit.o
if [ x"" != x ]; then \
  gcc -c -DHAVE_CONFIG_H -g -O2  -I. -I../../../gcc-15.2.0/libiberty/../include  -W -Wall -Wwrite-strings -Wc++-compat -Wstrict-prototypes -Wshadow=local -pedantic  -D_GNU_SOURCE   ../../../gcc-15.2.0/libiberty/xexit.c -o pic/xexit.o; \
else true; fi
yes
if [ x"" != x ]; then \
  gcc -c -DHAVE_CONFIG_H -g -O2  -I. -I../../../gcc-15.2.0/libiberty/../include  -W -Wall -Wwrite-strings -Wc++-compat -Wstrict-prototypes -Wshadow=local -pedantic  -D_GNU_SOURCE    ../../../gcc-15.2.0/libiberty/xexit.c -o noasan/xexit.o; \
else true; fi
config.status: creating tests/misc/Makefile
gcc -c -DHAVE_CONFIG_H -g -O2  -I. -I../../../gcc-15.2.0/libiberty/../include  -W -Wall -Wwrite-strings -Wc++-compat -Wstrict-prototypes -Wshadow=local -pedantic  -D_GNU_SOURCE  ../../../gcc-15.2.0/libiberty/xexit.c -o xexit.o
if [ x"" != x ]; then \
  gcc -c -DHAVE_CONFIG_H -g -O2  -I. -I../../../gcc-15.2.0/libiberty/../include  -W -Wall -Wwrite-strings -Wc++-compat -Wstrict-prototypes -Wshadow=local -pedantic  -D_GNU_SOURCE   ../../../gcc-15.2.0/libiberty/xmalloc.c -o pic/xmalloc.o; \
else true; fi
if [ x"" != x ]; then \
  gcc -c -DHAVE_CONFIG_H -g -O2  -I. -I../../../gcc-15.2.0/libiberty/../include  -W -Wall -Wwrite-strings -Wc++-compat -Wstrict-prototypes -Wshadow=local -pedantic  -D_GNU_SOURCE    ../../../gcc-15.2.0/libiberty/xmalloc.c -o noasan/xmalloc.o; \
else true; fi
checking for fputs_unlocked... gcc -c -DHAVE_CONFIG_H -g -O2  -I. -I../../../gcc-15.2.0/libiberty/../include  -W -Wall -Wwrite-strings -Wc++-compat -Wstrict-prototypes -Wshadow=local -pedantic  -D_GNU_SOURCE  ../../../gcc-15.2.0/libiberty/xmalloc.c -o xmalloc.o
if [ x"" != x ]; then \
  gcc -c -DHAVE_CONFIG_H -g -O2  -I. -I../../../gcc-15.2.0/libiberty/../include  -W -Wall -Wwrite-strings -Wc++-compat -Wstrict-prototypes -Wshadow=local -pedantic  -D_GNU_SOURCE   ../../../gcc-15.2.0/libiberty/xmemdup.c -o pic/xmemdup.o; \
else true; fi
if [ x"" != x ]; then \
  gcc -c -DHAVE_CONFIG_H -g -O2  -I. -I../../../gcc-15.2.0/libiberty/../include  -W -Wall -Wwrite-strings -Wc++-compat -Wstrict-prototypes -Wshadow=local -pedantic  -D_GNU_SOURCE    ../../../gcc-15.2.0/libiberty/xmemdup.c -o noasan/xmemdup.o; \
else true; fi
gcc -c -DHAVE_CONFIG_H -g -O2  -I. -I../../../gcc-15.2.0/libiberty/../include  -W -Wall -Wwrite-strings -Wc++-compat -Wstrict-prototypes -Wshadow=local -pedantic  -D_GNU_SOURCE  ../../../gcc-15.2.0/libiberty/xmemdup.c -o xmemdup.o
config.status: creating tests/cxx/Makefile
if [ x"" != x ]; then \
  gcc -c -DHAVE_CONFIG_H -g -O2  -I. -I../../../gcc-15.2.0/libiberty/../include  -W -Wall -Wwrite-strings -Wc++-compat -Wstrict-prototypes -Wshadow=local -pedantic  -D_GNU_SOURCE   ../../../gcc-15.2.0/libiberty/xstrdup.c -o pic/xstrdup.o; \
else true; fi
if [ x"" != x ]; then \
  gcc -c -DHAVE_CONFIG_H -g -O2  -I. -I../../../gcc-15.2.0/libiberty/../include  -W -Wall -Wwrite-strings -Wc++-compat -Wstrict-prototypes -Wshadow=local -pedantic  -D_GNU_SOURCE    ../../../gcc-15.2.0/libiberty/xstrdup.c -o noasan/xstrdup.o; \
else true; fi
gcc -c -DHAVE_CONFIG_H -g -O2  -I. -I../../../gcc-15.2.0/libiberty/../include  -W -Wall -Wwrite-strings -Wc++-compat -Wstrict-prototypes -Wshadow=local -pedantic  -D_GNU_SOURCE  ../../../gcc-15.2.0/libiberty/xstrdup.c -o xstrdup.o
if [ x"" != x ]; then \
  gcc -c -DHAVE_CONFIG_H -g -O2  -I. -I../../../gcc-15.2.0/libiberty/../include  -W -Wall -Wwrite-strings -Wc++-compat -Wstrict-prototypes -Wshadow=local -pedantic  -D_GNU_SOURCE   ../../../gcc-15.2.0/libiberty/xstrerror.c -o pic/xstrerror.o; \
else true; fi
if [ x"" != x ]; then \
  gcc -c -DHAVE_CONFIG_H -g -O2  -I. -I../../../gcc-15.2.0/libiberty/../include  -W -Wall -Wwrite-strings -Wc++-compat -Wstrict-prototypes -Wshadow=local -pedantic  -D_GNU_SOURCE    ../../../gcc-15.2.0/libiberty/xstrerror.c -o noasan/xstrerror.o; \
else true; fi
gcc -c -DHAVE_CONFIG_H -g -O2  -I. -I../../../gcc-15.2.0/libiberty/../include  -W -Wall -Wwrite-strings -Wc++-compat -Wstrict-prototypes -Wshadow=local -pedantic  -D_GNU_SOURCE  ../../../gcc-15.2.0/libiberty/xstrerror.c -o xstrerror.o
yes
config.status: creating doc/Makefile
if [ x"" != x ]; then \
  gcc -c -DHAVE_CONFIG_H -g -O2  -I. -I../../../gcc-15.2.0/libiberty/../include  -W -Wall -Wwrite-strings -Wc++-compat -Wstrict-prototypes -Wshadow=local -pedantic  -D_GNU_SOURCE   ../../../gcc-15.2.0/libiberty/xstrndup.c -o pic/xstrndup.o; \
else true; fi
checking for fread_unlocked... if [ x"" != x ]; then \
  gcc -c -DHAVE_CONFIG_H -g -O2  -I. -I../../../gcc-15.2.0/libiberty/../include  -W -Wall -Wwrite-strings -Wc++-compat -Wstrict-prototypes -Wshadow=local -pedantic  -D_GNU_SOURCE    ../../../gcc-15.2.0/libiberty/xstrndup.c -o noasan/xstrndup.o; \
else true; fi
gcc -c -DHAVE_CONFIG_H -g -O2  -I. -I../../../gcc-15.2.0/libiberty/../include  -W -Wall -Wwrite-strings -Wc++-compat -Wstrict-prototypes -Wshadow=local -pedantic  -D_GNU_SOURCE  ../../../gcc-15.2.0/libiberty/xstrndup.c -o xstrndup.o
if [ x"" != x ]; then \
  gcc -c -DHAVE_CONFIG_H -g -O2  -I. -I../../../gcc-15.2.0/libiberty/../include  -W -Wall -Wwrite-strings -Wc++-compat -Wstrict-prototypes -Wshadow=local -pedantic  -D_GNU_SOURCE   ../../../gcc-15.2.0/libiberty/xvasprintf.c -o pic/xvasprintf.o; \
else true; fi
if [ x"" != x ]; then \
  gcc -c -DHAVE_CONFIG_H -g -O2  -I. -I../../../gcc-15.2.0/libiberty/../include  -W -Wall -Wwrite-strings -Wc++-compat -Wstrict-prototypes -Wshadow=local -pedantic  -D_GNU_SOURCE    ../../../gcc-15.2.0/libiberty/xvasprintf.c -o noasan/xvasprintf.o; \
else true; fi
gcc -c -DHAVE_CONFIG_H -g -O2  -I. -I../../../gcc-15.2.0/libiberty/../include  -W -Wall -Wwrite-strings -Wc++-compat -Wstrict-prototypes -Wshadow=local -pedantic  -D_GNU_SOURCE  ../../../gcc-15.2.0/libiberty/xvasprintf.c -o xvasprintf.o
config.status: creating tune/Makefile
if [ x"" != x ]; then \
  gcc -c -DHAVE_CONFIG_H -g -O2  -I. -I../../../gcc-15.2.0/libiberty/../include  -W -Wall -Wwrite-strings -Wc++-compat -Wstrict-prototypes -Wshadow=local -pedantic  -D_GNU_SOURCE   ../../../gcc-15.2.0/libiberty/sigsetmask.c -o pic/sigsetmask.o; \
else true; fi
if [ x"" != x ]; then \
  gcc -c -DHAVE_CONFIG_H -g -O2  -I. -I../../../gcc-15.2.0/libiberty/../include  -W -Wall -Wwrite-strings -Wc++-compat -Wstrict-prototypes -Wshadow=local -pedantic  -D_GNU_SOURCE    ../../../gcc-15.2.0/libiberty/sigsetmask.c -o noasan/sigsetmask.o; \
else true; fi
gcc -c -DHAVE_CONFIG_H -g -O2  -I. -I../../../gcc-15.2.0/libiberty/../include  -W -Wall -Wwrite-strings -Wc++-compat -Wstrict-prototypes -Wshadow=local -pedantic  -D_GNU_SOURCE  ../../../gcc-15.2.0/libiberty/sigsetmask.c -o sigsetmask.o
yes
config.status: creating demos/Makefile
checking for fwrite_unlocked... echo ./regex.o ./cplus-dem.o ./cp-demangle.o ./md5.o ./sha1.o ./alloca.o ./argv.o ./bsearch_r.o ./choose-temp.o ./concat.o ./cp-demint.o ./crc32.o ./d-demangle.o ./dwarfnames.o ./dyn-string.o ./fdmatch.o ./fibheap.o ./filedescriptor.o ./filename_cmp.o ./floatformat.o ./fnmatch.o ./fopen_unlocked.o ./getopt.o ./getopt1.o ./getpwd.o ./getruntime.o ./hashtab.o ./hex.o ./lbasename.o ./ldirname.o ./lrealpath.o ./make-relative-prefix.o ./make-temp-file.o ./objalloc.o ./obstack.o ./partition.o ./pexecute.o ./physmem.o ./pex-common.o ./pex-one.o ./pex-win32.o ./vprintf-support.o ./rust-demangle.o ./safe-ctype.o ./simple-object.o ./simple-object-coff.o ./simple-object-elf.o ./simple-object-mach-o.o ./simple-object-xcoff.o ./sort.o ./spaces.o ./splay-tree.o ./stack-limit.o ./strerror.o ./strsignal.o ./timeval-utils.o ./unlink-if-ordinary.o ./xasprintf.o ./xatexit.o ./xexit.o ./xmalloc.o ./xmemdup.o ./xstrdup.o ./xstrerror.o ./xstrndup.o ./xvasprintf.o > required-list
make[2]: Entering directory '/c/Users/Syf/Desktop/BS4/tools/gcc-build/build-x86_64-w64-mingw32/libiberty/testsuite'
make[2]: Nothing to be done for 'all'.
make[2]: Leaving directory '/c/Users/Syf/Desktop/BS4/tools/gcc-build/build-x86_64-w64-mingw32/libiberty/testsuite'
if [ x"" != x ]; then \
  gcc -c -DHAVE_CONFIG_H -g -O2  -I. -I../../../gcc-15.2.0/libiberty/../include  -W -Wall -Wwrite-strings -Wc++-compat -Wstrict-prototypes -Wshadow=local -pedantic  -D_GNU_SOURCE   ../../../gcc-15.2.0/libiberty/regex.c -o pic/regex.o; \
else true; fi
if [ x"" != x ]; then \
  gcc -c -DHAVE_CONFIG_H -g -O2  -I. -I../../../gcc-15.2.0/libiberty/../include  -W -Wall -Wwrite-strings -Wc++-compat -Wstrict-prototypes -Wshadow=local -pedantic  -D_GNU_SOURCE   ../../../gcc-15.2.0/libiberty/cplus-dem.c -o pic/cplus-dem.o; \
else true; fi
if [ x"" != x ]; then \
  gcc -c -DHAVE_CONFIG_H -g -O2  -I. -I../../../gcc-15.2.0/libiberty/../include  -W -Wall -Wwrite-strings -Wc++-compat -Wstrict-prototypes -Wshadow=local -pedantic  -D_GNU_SOURCE    ../../../gcc-15.2.0/libiberty/regex.c -o noasan/regex.o; \
else true; fi
if [ x"" != x ]; then \
  gcc -c -DHAVE_CONFIG_H -g -O2  -I. -I../../../gcc-15.2.0/libiberty/../include  -W -Wall -Wwrite-strings -Wc++-compat -Wstrict-prototypes -Wshadow=local -pedantic  -D_GNU_SOURCE    ../../../gcc-15.2.0/libiberty/cplus-dem.c -o noasan/cplus-dem.o; \
else true; fi
gcc -c -DHAVE_CONFIG_H -g -O2  -I. -I../../../gcc-15.2.0/libiberty/../include  -W -Wall -Wwrite-strings -Wc++-compat -Wstrict-prototypes -Wshadow=local -pedantic  -D_GNU_SOURCE  ../../../gcc-15.2.0/libiberty/regex.c -o regex.o
gcc -c -DHAVE_CONFIG_H -g -O2  -I. -I../../../gcc-15.2.0/libiberty/../include  -W -Wall -Wwrite-strings -Wc++-compat -Wstrict-prototypes -Wshadow=local -pedantic  -D_GNU_SOURCE  ../../../gcc-15.2.0/libiberty/cplus-dem.c -o cplus-dem.o
config.status: creating demos/calc/Makefile
yes
if [ x"" != x ]; then \
  gcc -c -DHAVE_CONFIG_H -g -O2  -I. -I../../../gcc-15.2.0/libiberty/../include  -W -Wall -Wwrite-strings -Wc++-compat -Wstrict-prototypes -Wshadow=local -pedantic  -D_GNU_SOURCE   ../../../gcc-15.2.0/libiberty/cp-demangle.c -o pic/cp-demangle.o; \
else true; fi
if [ x"" != x ]; then \
  gcc -c -DHAVE_CONFIG_H -g -O2  -I. -I../../../gcc-15.2.0/libiberty/../include  -W -Wall -Wwrite-strings -Wc++-compat -Wstrict-prototypes -Wshadow=local -pedantic  -D_GNU_SOURCE    ../../../gcc-15.2.0/libiberty/cp-demangle.c -o noasan/cp-demangle.o; \
else true; fi
gcc -c -DHAVE_CONFIG_H -g -O2  -I. -I../../../gcc-15.2.0/libiberty/../include  -W -Wall -Wwrite-strings -Wc++-compat -Wstrict-prototypes -Wshadow=local -pedantic  -D_GNU_SOURCE  ../../../gcc-15.2.0/libiberty/cp-demangle.c -o cp-demangle.o
checking for getchar_unlocked... config.status: creating demos/expr/Makefile
config.status: creating gmp.h
yes
checking for getc_unlocked... config.status: creating gmp.pc
config.status: creating Makefile
config.status: creating gmpxx.pc
yes
config.status: creating backtrace-supported.h
config.status: creating config.h
checking for putchar_unlocked... config.status: creating install-debuginfo-for-buildid.sh
if [ x"" != x ]; then \
  gcc -c -DHAVE_CONFIG_H -g -O2  -I. -I../../../gcc-15.2.0/libiberty/../include  -W -Wall -Wwrite-strings -Wc++-compat -Wstrict-prototypes -Wshadow=local -pedantic  -D_GNU_SOURCE   ../../../gcc-15.2.0/libiberty/md5.c -o pic/md5.o; \
else true; fi
if [ x"" != x ]; then \
  gcc -c -DHAVE_CONFIG_H -g -O2  -I. -I../../../gcc-15.2.0/libiberty/../include  -W -Wall -Wwrite-strings -Wc++-compat -Wstrict-prototypes -Wshadow=local -pedantic  -D_GNU_SOURCE    ../../../gcc-15.2.0/libiberty/md5.c -o noasan/md5.o; \
else true; fi
gcc -c -DHAVE_CONFIG_H -g -O2  -I. -I../../../gcc-15.2.0/libiberty/../include  -W -Wall -Wwrite-strings -Wc++-compat -Wstrict-prototypes -Wshadow=local -pedantic  -D_GNU_SOURCE  ../../../gcc-15.2.0/libiberty/md5.c -o md5.o
config.status: linking ../../gcc-15.2.0/gmp/mpn/generic/add.c to mpn/add.c
config.status: creating config.h
config.status: linking ../../gcc-15.2.0/gmp/mpn/generic/add_1.c to mpn/add_1.c
if [ x"" != x ]; then \
  gcc -c -DHAVE_CONFIG_H -g -O2  -I. -I../../../gcc-15.2.0/libiberty/../include  -W -Wall -Wwrite-strings -Wc++-compat -Wstrict-prototypes -Wshadow=local -pedantic  -D_GNU_SOURCE   ../../../gcc-15.2.0/libiberty/sha1.c -o pic/sha1.o; \
else true; fi
config.status: linking ../../gcc-15.2.0/gmp/mpn/generic/add_n.c to mpn/add_n.c
config.status: executing libtool commands
if [ x"" != x ]; then \
  gcc -c -DHAVE_CONFIG_H -g -O2  -I. -I../../../gcc-15.2.0/libiberty/../include  -W -Wall -Wwrite-strings -Wc++-compat -Wstrict-prototypes -Wshadow=local -pedantic  -D_GNU_SOURCE    ../../../gcc-15.2.0/libiberty/sha1.c -o noasan/sha1.o; \
else true; fi
if [ x"" != x ]; then \
  gcc -c -DHAVE_CONFIG_H -g -O2  -I. -I../../../gcc-15.2.0/libiberty/../include  -W -Wall -Wwrite-strings -Wc++-compat -Wstrict-prototypes -Wshadow=local -pedantic  -D_GNU_SOURCE   ../../../gcc-15.2.0/libiberty/alloca.c -o pic/alloca.o; \
else true; fi
gcc -c -DHAVE_CONFIG_H -g -O2  -I. -I../../../gcc-15.2.0/libiberty/../include  -W -Wall -Wwrite-strings -Wc++-compat -Wstrict-prototypes -Wshadow=local -pedantic  -D_GNU_SOURCE  ../../../gcc-15.2.0/libiberty/sha1.c -o sha1.o
if [ x"" != x ]; then \
  gcc -c -DHAVE_CONFIG_H -g -O2  -I. -I../../../gcc-15.2.0/libiberty/../include  -W -Wall -Wwrite-strings -Wc++-compat -Wstrict-prototypes -Wshadow=local -pedantic  -D_GNU_SOURCE    ../../../gcc-15.2.0/libiberty/alloca.c -o noasan/alloca.o; \
else true; fi
gcc -c -DHAVE_CONFIG_H -g -O2  -I. -I../../../gcc-15.2.0/libiberty/../include  -W -Wall -Wwrite-strings -Wc++-compat -Wstrict-prototypes -Wshadow=local -pedantic  -D_GNU_SOURCE  ../../../gcc-15.2.0/libiberty/alloca.c -o alloca.o
config.status: linking ../../gcc-15.2.0/gmp/mpn/generic/sub.c to mpn/sub.c
config.status: executing gstdint.h commands
config.status: linking ../../gcc-15.2.0/gmp/mpn/generic/sub_1.c to mpn/sub_1.c
if [ x"" != x ]; then \
  gcc -c -DHAVE_CONFIG_H -g -O2  -I. -I../../../gcc-15.2.0/libiberty/../include  -W -Wall -Wwrite-strings -Wc++-compat -Wstrict-prototypes -Wshadow=local -pedantic  -D_GNU_SOURCE   ../../../gcc-15.2.0/libiberty/argv.c -o pic/argv.o; \
else true; fi
if [ x"" != x ]; then \
  gcc -c -DHAVE_CONFIG_H -g -O2  -I. -I../../../gcc-15.2.0/libiberty/../include  -W -Wall -Wwrite-strings -Wc++-compat -Wstrict-prototypes -Wshadow=local -pedantic  -D_GNU_SOURCE    ../../../gcc-15.2.0/libiberty/argv.c -o noasan/argv.o; \
else true; fi
gcc -c -DHAVE_CONFIG_H -g -O2  -I. -I../../../gcc-15.2.0/libiberty/../include  -W -Wall -Wwrite-strings -Wc++-compat -Wstrict-prototypes -Wshadow=local -pedantic  -D_GNU_SOURCE  ../../../gcc-15.2.0/libiberty/argv.c -o argv.o
config.status: executing default commands
config.status: linking ../../gcc-15.2.0/gmp/mpn/generic/sub_n.c to mpn/sub_n.c
config.status: linking ../../gcc-15.2.0/gmp/mpn/generic/cnd_add_n.c to mpn/cnd_add_n.c
config.status: linking ../../gcc-15.2.0/gmp/mpn/generic/cnd_sub_n.c to mpn/cnd_sub_n.c
yes
if [ x"" != x ]; then \
  gcc -c -DHAVE_CONFIG_H -g -O2  -I. -I../../../gcc-15.2.0/libiberty/../include  -W -Wall -Wwrite-strings -Wc++-compat -Wstrict-prototypes -Wshadow=local -pedantic  -D_GNU_SOURCE   ../../../gcc-15.2.0/libiberty/bsearch_r.c -o pic/bsearch_r.o; \
else true; fi
if [ x"" != x ]; then \
  gcc -c -DHAVE_CONFIG_H -g -O2  -I. -I../../../gcc-15.2.0/libiberty/../include  -W -Wall -Wwrite-strings -Wc++-compat -Wstrict-prototypes -Wshadow=local -pedantic  -D_GNU_SOURCE   ../../../gcc-15.2.0/libiberty/choose-temp.c -o pic/choose-temp.o; \
else true; fi
if [ x"" != x ]; then \
  gcc -c -DHAVE_CONFIG_H -g -O2  -I. -I../../../gcc-15.2.0/libiberty/../include  -W -Wall -Wwrite-strings -Wc++-compat -Wstrict-prototypes -Wshadow=local -pedantic  -D_GNU_SOURCE    ../../../gcc-15.2.0/libiberty/bsearch_r.c -o noasan/bsearch_r.o; \
else true; fi
if [ x"" != x ]; then \
  gcc -c -DHAVE_CONFIG_H -g -O2  -I. -I../../../gcc-15.2.0/libiberty/../include  -W -Wall -Wwrite-strings -Wc++-compat -Wstrict-prototypes -Wshadow=local -pedantic  -D_GNU_SOURCE    ../../../gcc-15.2.0/libiberty/choose-temp.c -o noasan/choose-temp.o; \
else true; fi
checking for putc_unlocked... gcc -c -DHAVE_CONFIG_H -g -O2  -I. -I../../../gcc-15.2.0/libiberty/../include  -W -Wall -Wwrite-strings -Wc++-compat -Wstrict-prototypes -Wshadow=local -pedantic  -D_GNU_SOURCE  ../../../gcc-15.2.0/libiberty/bsearch_r.c -o bsearch_r.o
gcc -c -DHAVE_CONFIG_H -g -O2  -I. -I../../../gcc-15.2.0/libiberty/../include  -W -Wall -Wwrite-strings -Wc++-compat -Wstrict-prototypes -Wshadow=local -pedantic  -D_GNU_SOURCE  ../../../gcc-15.2.0/libiberty/choose-temp.c -o choose-temp.o
config.status: linking ../../gcc-15.2.0/gmp/mpn/generic/cnd_swap.c to mpn/cnd_swap.c
if [ x"" != x ]; then \
  gcc -c -DHAVE_CONFIG_H -g -O2  -I. -I../../../gcc-15.2.0/libiberty/../include  -W -Wall -Wwrite-strings -Wc++-compat -Wstrict-prototypes -Wshadow=local -pedantic  -D_GNU_SOURCE   ../../../gcc-15.2.0/libiberty/concat.c -o pic/concat.o; \
else true; fi
if [ x"" != x ]; then \
  gcc -c -DHAVE_CONFIG_H -g -O2  -I. -I../../../gcc-15.2.0/libiberty/../include  -W -Wall -Wwrite-strings -Wc++-compat -Wstrict-prototypes -Wshadow=local -pedantic  -D_GNU_SOURCE    ../../../gcc-15.2.0/libiberty/concat.c -o noasan/concat.o; \
else true; fi
gcc -c -DHAVE_CONFIG_H -g -O2  -I. -I../../../gcc-15.2.0/libiberty/../include  -W -Wall -Wwrite-strings -Wc++-compat -Wstrict-prototypes -Wshadow=local -pedantic  -D_GNU_SOURCE  ../../../gcc-15.2.0/libiberty/concat.c -o concat.o
config.status: linking ../../gcc-15.2.0/gmp/mpn/generic/neg.c to mpn/neg.c
../../../gcc-15.2.0/libiberty/choose-temp.c: In function 'choose_temp_base':
../../../gcc-15.2.0/libiberty/choose-temp.c:71:3: warning: 'mktemp' is deprecated: the use of `mktemp' is dangerous; use `mkstemp' instead [-Wdeprecated-declarations]
   71 |   if (mktemp (temp_filename) == 0)
      |   ^~
In file included from ../../../gcc-15.2.0/libiberty/choose-temp.c:30:
/usr/include/stdlib.h:134:9: note: declared here
  134 | char *  mktemp (char *) _ATTRIBUTE ((__deprecated__("the use of `mktemp' is dangerous; use `mkstemp' instead")));
      |         ^~~~~~
if [ x"" != x ]; then \
  gcc -c -DHAVE_CONFIG_H -g -O2  -I. -I../../../gcc-15.2.0/libiberty/../include  -W -Wall -Wwrite-strings -Wc++-compat -Wstrict-prototypes -Wshadow=local -pedantic  -D_GNU_SOURCE   ../../../gcc-15.2.0/libiberty/cp-demint.c -o pic/cp-demint.o; \
else true; fi
if [ x"" != x ]; then \
  gcc -c -DHAVE_CONFIG_H -g -O2  -I. -I../../../gcc-15.2.0/libiberty/../include  -W -Wall -Wwrite-strings -Wc++-compat -Wstrict-prototypes -Wshadow=local -pedantic  -D_GNU_SOURCE   ../../../gcc-15.2.0/libiberty/crc32.c -o pic/crc32.o; \
else true; fi
if [ x"" != x ]; then \
  gcc -c -DHAVE_CONFIG_H -g -O2  -I. -I../../../gcc-15.2.0/libiberty/../include  -W -Wall -Wwrite-strings -Wc++-compat -Wstrict-prototypes -Wshadow=local -pedantic  -D_GNU_SOURCE    ../../../gcc-15.2.0/libiberty/cp-demint.c -o noasan/cp-demint.o; \
else true; fi
if [ x"" != x ]; then \
  gcc -c -DHAVE_CONFIG_H -g -O2  -I. -I../../../gcc-15.2.0/libiberty/../include  -W -Wall -Wwrite-strings -Wc++-compat -Wstrict-prototypes -Wshadow=local -pedantic  -D_GNU_SOURCE    ../../../gcc-15.2.0/libiberty/crc32.c -o noasan/crc32.o; \
else true; fi
gcc -c -DHAVE_CONFIG_H -g -O2  -I. -I../../../gcc-15.2.0/libiberty/../include  -W -Wall -Wwrite-strings -Wc++-compat -Wstrict-prototypes -Wshadow=local -pedantic  -D_GNU_SOURCE  ../../../gcc-15.2.0/libiberty/cp-demint.c -o cp-demint.o
config.status: linking ../../gcc-15.2.0/gmp/mpn/generic/com.c to mpn/com.c
gcc -c -DHAVE_CONFIG_H -g -O2  -I. -I../../../gcc-15.2.0/libiberty/../include  -W -Wall -Wwrite-strings -Wc++-compat -Wstrict-prototypes -Wshadow=local -pedantic  -D_GNU_SOURCE  ../../../gcc-15.2.0/libiberty/crc32.c -o crc32.o
yes
config.status: linking ../../gcc-15.2.0/gmp/mpn/generic/mul_1.c to mpn/mul_1.c
if [ x"" != x ]; then \
  gcc -c -DHAVE_CONFIG_H -g -O2  -I. -I../../../gcc-15.2.0/libiberty/../include  -W -Wall -Wwrite-strings -Wc++-compat -Wstrict-prototypes -Wshadow=local -pedantic  -D_GNU_SOURCE   ../../../gcc-15.2.0/libiberty/d-demangle.c -o pic/d-demangle.o; \
else true; fi
if [ x"" != x ]; then \
  gcc -c -DHAVE_CONFIG_H -g -O2  -I. -I../../../gcc-15.2.0/libiberty/../include  -W -Wall -Wwrite-strings -Wc++-compat -Wstrict-prototypes -Wshadow=local -pedantic  -D_GNU_SOURCE   ../../../gcc-15.2.0/libiberty/dyn-string.c -o pic/dyn-string.o; \
else true; fi
checking whether abort is declared... if [ x"" != x ]; then \
  gcc -c -DHAVE_CONFIG_H -g -O2  -I. -I../../../gcc-15.2.0/libiberty/../include  -W -Wall -Wwrite-strings -Wc++-compat -Wstrict-prototypes -Wshadow=local -pedantic  -D_GNU_SOURCE    ../../../gcc-15.2.0/libiberty/d-demangle.c -o noasan/d-demangle.o; \
else true; fi
if [ x"" != x ]; then \
  gcc -c -DHAVE_CONFIG_H -g -O2  -I. -I../../../gcc-15.2.0/libiberty/../include  -W -Wall -Wwrite-strings -Wc++-compat -Wstrict-prototypes -Wshadow=local -pedantic  -D_GNU_SOURCE    ../../../gcc-15.2.0/libiberty/dyn-string.c -o noasan/dyn-string.o; \
else true; fi
if [ x"" != x ]; then \
  gcc -c -DHAVE_CONFIG_H -g -O2  -I. -I../../../gcc-15.2.0/libiberty/../include  -W -Wall -Wwrite-strings -Wc++-compat -Wstrict-prototypes -Wshadow=local -pedantic  -D_GNU_SOURCE   ../../../gcc-15.2.0/libiberty/fdmatch.c -o pic/fdmatch.o; \
else true; fi
config.status: linking ../../gcc-15.2.0/gmp/mpn/generic/addmul_1.c to mpn/addmul_1.c
gcc -c -DHAVE_CONFIG_H -g -O2  -I. -I../../../gcc-15.2.0/libiberty/../include  -W -Wall -Wwrite-strings -Wc++-compat -Wstrict-prototypes -Wshadow=local -pedantic  -D_GNU_SOURCE  ../../../gcc-15.2.0/libiberty/d-demangle.c -o d-demangle.o
gcc -c -DHAVE_CONFIG_H -g -O2  -I. -I../../../gcc-15.2.0/libiberty/../include  -W -Wall -Wwrite-strings -Wc++-compat -Wstrict-prototypes -Wshadow=local -pedantic  -D_GNU_SOURCE  ../../../gcc-15.2.0/libiberty/dyn-string.c -o dyn-string.o
if [ x"" != x ]; then \
  gcc -c -DHAVE_CONFIG_H -g -O2  -I. -I../../../gcc-15.2.0/libiberty/../include  -W -Wall -Wwrite-strings -Wc++-compat -Wstrict-prototypes -Wshadow=local -pedantic  -D_GNU_SOURCE    ../../../gcc-15.2.0/libiberty/fdmatch.c -o noasan/fdmatch.o; \
else true; fi
gcc -c -DHAVE_CONFIG_H -g -O2  -I. -I../../../gcc-15.2.0/libiberty/../include  -W -Wall -Wwrite-strings -Wc++-compat -Wstrict-prototypes -Wshadow=local -pedantic  -D_GNU_SOURCE  ../../../gcc-15.2.0/libiberty/fdmatch.c -o fdmatch.o
yes
config.status: linking ../../gcc-15.2.0/gmp/mpn/generic/submul_1.c to mpn/submul_1.c
checking whether asprintf is declared... config.status: linking ../../gcc-15.2.0/gmp/mpn/generic/add_err1_n.c to mpn/add_err1_n.c
if [ x"" != x ]; then \
  gcc -c -DHAVE_CONFIG_H -g -O2  -I. -I../../../gcc-15.2.0/libiberty/../include  -W -Wall -Wwrite-strings -Wc++-compat -Wstrict-prototypes -Wshadow=local -pedantic  -D_GNU_SOURCE   ../../../gcc-15.2.0/libiberty/fibheap.c -o pic/fibheap.o; \
else true; fi
if [ x"" != x ]; then \
  gcc -c -DHAVE_CONFIG_H -g -O2  -I. -I../../../gcc-15.2.0/libiberty/../include  -W -Wall -Wwrite-strings -Wc++-compat -Wstrict-prototypes -Wshadow=local -pedantic  -D_GNU_SOURCE    ../../../gcc-15.2.0/libiberty/fibheap.c -o noasan/fibheap.o; \
else true; fi
gcc -c -DHAVE_CONFIG_H -g -O2  -I. -I../../../gcc-15.2.0/libiberty/../include  -W -Wall -Wwrite-strings -Wc++-compat -Wstrict-prototypes -Wshadow=local -pedantic  -D_GNU_SOURCE  ../../../gcc-15.2.0/libiberty/fibheap.c -o fibheap.o
if [ x"" != x ]; then \
  gcc -c -DHAVE_CONFIG_H -g -O2  -I. -I../../../gcc-15.2.0/libiberty/../include  -W -Wall -Wwrite-strings -Wc++-compat -Wstrict-prototypes -Wshadow=local -pedantic  -D_GNU_SOURCE   ../../../gcc-15.2.0/libiberty/filedescriptor.c -o pic/filedescriptor.o; \
else true; fi
if [ x"" != x ]; then \
  gcc -c -DHAVE_CONFIG_H -g -O2  -I. -I../../../gcc-15.2.0/libiberty/../include  -W -Wall -Wwrite-strings -Wc++-compat -Wstrict-prototypes -Wshadow=local -pedantic  -D_GNU_SOURCE    ../../../gcc-15.2.0/libiberty/filedescriptor.c -o noasan/filedescriptor.o; \
else true; fi
gcc -c -DHAVE_CONFIG_H -g -O2  -I. -I../../../gcc-15.2.0/libiberty/../include  -W -Wall -Wwrite-strings -Wc++-compat -Wstrict-prototypes -Wshadow=local -pedantic  -D_GNU_SOURCE  ../../../gcc-15.2.0/libiberty/filedescriptor.c -o filedescriptor.o
yes
config.status: linking ../../gcc-15.2.0/gmp/mpn/generic/add_err2_n.c to mpn/add_err2_n.c
checking whether basename is declared... if [ x"" != x ]; then \
  gcc -c -DHAVE_CONFIG_H -g -O2  -I. -I../../../gcc-15.2.0/libiberty/../include  -W -Wall -Wwrite-strings -Wc++-compat -Wstrict-prototypes -Wshadow=local -pedantic  -D_GNU_SOURCE   ../../../gcc-15.2.0/libiberty/filename_cmp.c -o pic/filename_cmp.o; \
else true; fi
config.status: linking ../../gcc-15.2.0/gmp/mpn/generic/add_err3_n.c to mpn/add_err3_n.c
if [ x"" != x ]; then \
  gcc -c -DHAVE_CONFIG_H -g -O2  -I. -I../../../gcc-15.2.0/libiberty/../include  -W -Wall -Wwrite-strings -Wc++-compat -Wstrict-prototypes -Wshadow=local -pedantic  -D_GNU_SOURCE    ../../../gcc-15.2.0/libiberty/filename_cmp.c -o noasan/filename_cmp.o; \
else true; fi
gcc -c -DHAVE_CONFIG_H -g -O2  -I. -I../../../gcc-15.2.0/libiberty/../include  -W -Wall -Wwrite-strings -Wc++-compat -Wstrict-prototypes -Wshadow=local -pedantic  -D_GNU_SOURCE  ../../../gcc-15.2.0/libiberty/filename_cmp.c -o filename_cmp.o
if [ x"" != x ]; then \
  gcc -c -DHAVE_CONFIG_H -g -O2  -I. -I../../../gcc-15.2.0/libiberty/../include  -W -Wall -Wwrite-strings -Wc++-compat -Wstrict-prototypes -Wshadow=local -pedantic  -D_GNU_SOURCE   ../../../gcc-15.2.0/libiberty/floatformat.c -o pic/floatformat.o; \
else true; fi
if [ x"" != x ]; then \
  gcc -c -DHAVE_CONFIG_H -g -O2  -I. -I../../../gcc-15.2.0/libiberty/../include  -W -Wall -Wwrite-strings -Wc++-compat -Wstrict-prototypes -Wshadow=local -pedantic  -D_GNU_SOURCE    ../../../gcc-15.2.0/libiberty/floatformat.c -o noasan/floatformat.o; \
else true; fi
gcc -c -DHAVE_CONFIG_H -g -O2  -I. -I../../../gcc-15.2.0/libiberty/../include  -W -Wall -Wwrite-strings -Wc++-compat -Wstrict-prototypes -Wshadow=local -pedantic  -D_GNU_SOURCE  ../../../gcc-15.2.0/libiberty/floatformat.c -o floatformat.o
config.status: linking ../../gcc-15.2.0/gmp/mpn/generic/sub_err1_n.c to mpn/sub_err1_n.c
yes
checking whether errno is declared... config.status: linking ../../gcc-15.2.0/gmp/mpn/generic/sub_err2_n.c to mpn/sub_err2_n.c
if [ x"" != x ]; then \
  gcc -c -DHAVE_CONFIG_H -g -O2  -I. -I../../../gcc-15.2.0/libiberty/../include  -W -Wall -Wwrite-strings -Wc++-compat -Wstrict-prototypes -Wshadow=local -pedantic  -D_GNU_SOURCE   ../../../gcc-15.2.0/libiberty/fnmatch.c -o pic/fnmatch.o; \
else true; fi
if [ x"" != x ]; then \
  gcc -c -DHAVE_CONFIG_H -g -O2  -I. -I../../../gcc-15.2.0/libiberty/../include  -W -Wall -Wwrite-strings -Wc++-compat -Wstrict-prototypes -Wshadow=local -pedantic  -D_GNU_SOURCE    ../../../gcc-15.2.0/libiberty/fnmatch.c -o noasan/fnmatch.o; \
else true; fi
gcc -c -DHAVE_CONFIG_H -g -O2  -I. -I../../../gcc-15.2.0/libiberty/../include  -W -Wall -Wwrite-strings -Wc++-compat -Wstrict-prototypes -Wshadow=local -pedantic  -D_GNU_SOURCE  ../../../gcc-15.2.0/libiberty/fnmatch.c -o fnmatch.o
config.status: linking ../../gcc-15.2.0/gmp/mpn/generic/sub_err3_n.c to mpn/sub_err3_n.c
if [ x"" != x ]; then \
  gcc -c -DHAVE_CONFIG_H -g -O2  -I. -I../../../gcc-15.2.0/libiberty/../include  -W -Wall -Wwrite-strings -Wc++-compat -Wstrict-prototypes -Wshadow=local -pedantic  -D_GNU_SOURCE   ../../../gcc-15.2.0/libiberty/fopen_unlocked.c -o pic/fopen_unlocked.o; \
else true; fi
no
if [ x"" != x ]; then \
  gcc -c -DHAVE_CONFIG_H -g -O2  -I. -I../../../gcc-15.2.0/libiberty/../include  -W -Wall -Wwrite-strings -Wc++-compat -Wstrict-prototypes -Wshadow=local -pedantic  -D_GNU_SOURCE    ../../../gcc-15.2.0/libiberty/fopen_unlocked.c -o noasan/fopen_unlocked.o; \
else true; fi
gcc -c -DHAVE_CONFIG_H -g -O2  -I. -I../../../gcc-15.2.0/libiberty/../include  -W -Wall -Wwrite-strings -Wc++-compat -Wstrict-prototypes -Wshadow=local -pedantic  -D_GNU_SOURCE  ../../../gcc-15.2.0/libiberty/fopen_unlocked.c -o fopen_unlocked.o
config.status: linking ../../gcc-15.2.0/gmp/mpn/generic/lshift.c to mpn/lshift.c
checking whether vasprintf is declared... config.status: linking ../../gcc-15.2.0/gmp/mpn/generic/rshift.c to mpn/rshift.c
if [ x"" != x ]; then \
  gcc -c -DHAVE_CONFIG_H -g -O2  -I. -I../../../gcc-15.2.0/libiberty/../include  -W -Wall -Wwrite-strings -Wc++-compat -Wstrict-prototypes -Wshadow=local -pedantic  -D_GNU_SOURCE   ../../../gcc-15.2.0/libiberty/getopt.c -o pic/getopt.o; \
else true; fi
if [ x"" != x ]; then \
  gcc -c -DHAVE_CONFIG_H -g -O2  -I. -I../../../gcc-15.2.0/libiberty/../include  -W -Wall -Wwrite-strings -Wc++-compat -Wstrict-prototypes -Wshadow=local -pedantic  -D_GNU_SOURCE    ../../../gcc-15.2.0/libiberty/getopt.c -o noasan/getopt.o; \
else true; fi
yes
gcc -c -DHAVE_CONFIG_H -g -O2  -I. -I../../../gcc-15.2.0/libiberty/../include  -W -Wall -Wwrite-strings -Wc++-compat -Wstrict-prototypes -Wshadow=local -pedantic  -D_GNU_SOURCE  ../../../gcc-15.2.0/libiberty/getopt.c -o getopt.o
config.status: linking ../../gcc-15.2.0/gmp/mpn/generic/dive_1.c to mpn/dive_1.c
if [ x"" != x ]; then \
  gcc -c -DHAVE_CONFIG_H -g -O2  -I. -I../../../gcc-15.2.0/libiberty/../include  -W -Wall -Wwrite-strings -Wc++-compat -Wstrict-prototypes -Wshadow=local -pedantic  -D_GNU_SOURCE   ../../../gcc-15.2.0/libiberty/getopt1.c -o pic/getopt1.o; \
else true; fi
checking whether memmem is declared... if [ x"" != x ]; then \
  gcc -c -DHAVE_CONFIG_H -g -O2  -I. -I../../../gcc-15.2.0/libiberty/../include  -W -Wall -Wwrite-strings -Wc++-compat -Wstrict-prototypes -Wshadow=local -pedantic  -D_GNU_SOURCE    ../../../gcc-15.2.0/libiberty/getopt1.c -o noasan/getopt1.o; \
else true; fi
gcc -c -DHAVE_CONFIG_H -g -O2  -I. -I../../../gcc-15.2.0/libiberty/../include  -W -Wall -Wwrite-strings -Wc++-compat -Wstrict-prototypes -Wshadow=local -pedantic  -D_GNU_SOURCE  ../../../gcc-15.2.0/libiberty/getopt1.c -o getopt1.o
if [ x"" != x ]; then \
  gcc -c -DHAVE_CONFIG_H -g -O2  -I. -I../../../gcc-15.2.0/libiberty/../include  -W -Wall -Wwrite-strings -Wc++-compat -Wstrict-prototypes -Wshadow=local -pedantic  -D_GNU_SOURCE   ../../../gcc-15.2.0/libiberty/getpwd.c -o pic/getpwd.o; \
else true; fi
if [ x"" != x ]; then \
  gcc -c -DHAVE_CONFIG_H -g -O2  -I. -I../../../gcc-15.2.0/libiberty/../include  -W -Wall -Wwrite-strings -Wc++-compat -Wstrict-prototypes -Wshadow=local -pedantic  -D_GNU_SOURCE    ../../../gcc-15.2.0/libiberty/getpwd.c -o noasan/getpwd.o; \
else true; fi
config.status: linking ../../gcc-15.2.0/gmp/mpn/generic/diveby3.c to mpn/diveby3.c
gcc -c -DHAVE_CONFIG_H -g -O2  -I. -I../../../gcc-15.2.0/libiberty/../include  -W -Wall -Wwrite-strings -Wc++-compat -Wstrict-prototypes -Wshadow=local -pedantic  -D_GNU_SOURCE  ../../../gcc-15.2.0/libiberty/getpwd.c -o getpwd.o
yes
config.status: linking ../../gcc-15.2.0/gmp/mpn/generic/divis.c to mpn/divis.c
if [ x"" != x ]; then \
  gcc -c -DHAVE_CONFIG_H -g -O2  -I. -I../../../gcc-15.2.0/libiberty/../include  -W -Wall -Wwrite-strings -Wc++-compat -Wstrict-prototypes -Wshadow=local -pedantic  -D_GNU_SOURCE   ../../../gcc-15.2.0/libiberty/getruntime.c -o pic/getruntime.o; \
else true; fi
checking whether clearerr_unlocked is declared... if [ x"" != x ]; then \
  gcc -c -DHAVE_CONFIG_H -g -O2  -I. -I../../../gcc-15.2.0/libiberty/../include  -W -Wall -Wwrite-strings -Wc++-compat -Wstrict-prototypes -Wshadow=local -pedantic  -D_GNU_SOURCE    ../../../gcc-15.2.0/libiberty/getruntime.c -o noasan/getruntime.o; \
else true; fi
gcc -c -DHAVE_CONFIG_H -g -O2  -I. -I../../../gcc-15.2.0/libiberty/../include  -W -Wall -Wwrite-strings -Wc++-compat -Wstrict-prototypes -Wshadow=local -pedantic  -D_GNU_SOURCE  ../../../gcc-15.2.0/libiberty/getruntime.c -o getruntime.o
config.status: linking ../../gcc-15.2.0/gmp/mpn/generic/divrem.c to mpn/divrem.c
yes
if [ x"" != x ]; then \
  gcc -c -DHAVE_CONFIG_H -g -O2  -I. -I../../../gcc-15.2.0/libiberty/../include  -W -Wall -Wwrite-strings -Wc++-compat -Wstrict-prototypes -Wshadow=local -pedantic  -D_GNU_SOURCE   ../../../gcc-15.2.0/libiberty/hashtab.c -o pic/hashtab.o; \
else true; fi
if [ x"" != x ]; then \
  gcc -c -DHAVE_CONFIG_H -g -O2  -I. -I../../../gcc-15.2.0/libiberty/../include  -W -Wall -Wwrite-strings -Wc++-compat -Wstrict-prototypes -Wshadow=local -pedantic  -D_GNU_SOURCE    ../../../gcc-15.2.0/libiberty/hashtab.c -o noasan/hashtab.o; \
else true; fi
gcc -c -DHAVE_CONFIG_H -g -O2  -I. -I../../../gcc-15.2.0/libiberty/../include  -W -Wall -Wwrite-strings -Wc++-compat -Wstrict-prototypes -Wshadow=local -pedantic  -D_GNU_SOURCE  ../../../gcc-15.2.0/libiberty/hashtab.c -o hashtab.o
if [ x"" != x ]; then \
  gcc -c -DHAVE_CONFIG_H -g -O2  -I. -I../../../gcc-15.2.0/libiberty/../include  -W -Wall -Wwrite-strings -Wc++-compat -Wstrict-prototypes -Wshadow=local -pedantic  -D_GNU_SOURCE   ../../../gcc-15.2.0/libiberty/hex.c -o pic/hex.o; \
else true; fi
config.status: linking ../../gcc-15.2.0/gmp/mpn/generic/divrem_1.c to mpn/divrem_1.c
checking whether feof_unlocked is declared... if [ x"" != x ]; then \
  gcc -c -DHAVE_CONFIG_H -g -O2  -I. -I../../../gcc-15.2.0/libiberty/../include  -W -Wall -Wwrite-strings -Wc++-compat -Wstrict-prototypes -Wshadow=local -pedantic  -D_GNU_SOURCE    ../../../gcc-15.2.0/libiberty/hex.c -o noasan/hex.o; \
else true; fi
gcc -c -DHAVE_CONFIG_H -g -O2  -I. -I../../../gcc-15.2.0/libiberty/../include  -W -Wall -Wwrite-strings -Wc++-compat -Wstrict-prototypes -Wshadow=local -pedantic  -D_GNU_SOURCE  ../../../gcc-15.2.0/libiberty/hex.c -o hex.o
if [ x"" != x ]; then \
  gcc -c -DHAVE_CONFIG_H -g -O2  -I. -I../../../gcc-15.2.0/libiberty/../include  -W -Wall -Wwrite-strings -Wc++-compat -Wstrict-prototypes -Wshadow=local -pedantic  -D_GNU_SOURCE   ../../../gcc-15.2.0/libiberty/lbasename.c -o pic/lbasename.o; \
else true; fi
if [ x"" != x ]; then \
  gcc -c -DHAVE_CONFIG_H -g -O2  -I. -I../../../gcc-15.2.0/libiberty/../include  -W -Wall -Wwrite-strings -Wc++-compat -Wstrict-prototypes -Wshadow=local -pedantic  -D_GNU_SOURCE    ../../../gcc-15.2.0/libiberty/lbasename.c -o noasan/lbasename.o; \
else true; fi
config.status: linking ../../gcc-15.2.0/gmp/mpn/generic/divrem_2.c to mpn/divrem_2.c
gcc -c -DHAVE_CONFIG_H -g -O2  -I. -I../../../gcc-15.2.0/libiberty/../include  -W -Wall -Wwrite-strings -Wc++-compat -Wstrict-prototypes -Wshadow=local -pedantic  -D_GNU_SOURCE  ../../../gcc-15.2.0/libiberty/lbasename.c -o lbasename.o
yes
checking whether ferror_unlocked is declared... config.status: linking ../../gcc-15.2.0/gmp/mpn/generic/fib2_ui.c to mpn/fib2_ui.c
if [ x"" != x ]; then \
  gcc -c -DHAVE_CONFIG_H -g -O2  -I. -I../../../gcc-15.2.0/libiberty/../include  -W -Wall -Wwrite-strings -Wc++-compat -Wstrict-prototypes -Wshadow=local -pedantic  -D_GNU_SOURCE   ../../../gcc-15.2.0/libiberty/ldirname.c -o pic/ldirname.o; \
else true; fi
config.status: linking ../../gcc-15.2.0/gmp/mpn/generic/fib2m.c to mpn/fib2m.c
if [ x"" != x ]; then \
  gcc -c -DHAVE_CONFIG_H -g -O2  -I. -I../../../gcc-15.2.0/libiberty/../include  -W -Wall -Wwrite-strings -Wc++-compat -Wstrict-prototypes -Wshadow=local -pedantic  -D_GNU_SOURCE    ../../../gcc-15.2.0/libiberty/ldirname.c -o noasan/ldirname.o; \
else true; fi
gcc -c -DHAVE_CONFIG_H -g -O2  -I. -I../../../gcc-15.2.0/libiberty/../include  -W -Wall -Wwrite-strings -Wc++-compat -Wstrict-prototypes -Wshadow=local -pedantic  -D_GNU_SOURCE  ../../../gcc-15.2.0/libiberty/ldirname.c -o ldirname.o
yes
checking whether fflush_unlocked is declared... config.status: linking ../../gcc-15.2.0/gmp/mpn/generic/mod_1.c to mpn/mod_1.c
if [ x"" != x ]; then \
  gcc -c -DHAVE_CONFIG_H -g -O2  -I. -I../../../gcc-15.2.0/libiberty/../include  -W -Wall -Wwrite-strings -Wc++-compat -Wstrict-prototypes -Wshadow=local -pedantic  -D_GNU_SOURCE   ../../../gcc-15.2.0/libiberty/lrealpath.c -o pic/lrealpath.o; \
else true; fi
if [ x"" != x ]; then \
  gcc -c -DHAVE_CONFIG_H -g -O2  -I. -I../../../gcc-15.2.0/libiberty/../include  -W -Wall -Wwrite-strings -Wc++-compat -Wstrict-prototypes -Wshadow=local -pedantic  -D_GNU_SOURCE    ../../../gcc-15.2.0/libiberty/lrealpath.c -o noasan/lrealpath.o; \
else true; fi
gcc -c -DHAVE_CONFIG_H -g -O2  -I. -I../../../gcc-15.2.0/libiberty/../include  -W -Wall -Wwrite-strings -Wc++-compat -Wstrict-prototypes -Wshadow=local -pedantic  -D_GNU_SOURCE  ../../../gcc-15.2.0/libiberty/lrealpath.c -o lrealpath.o
if [ x"" != x ]; then \
  gcc -c -DHAVE_CONFIG_H -g -O2  -I. -I../../../gcc-15.2.0/libiberty/../include  -W -Wall -Wwrite-strings -Wc++-compat -Wstrict-prototypes -Wshadow=local -pedantic  -D_GNU_SOURCE   ../../../gcc-15.2.0/libiberty/make-relative-prefix.c -o pic/make-relative-prefix.o; \
else true; fi
if [ x"" != x ]; then \
  gcc -c -DHAVE_CONFIG_H -g -O2  -I. -I../../../gcc-15.2.0/libiberty/../include  -W -Wall -Wwrite-strings -Wc++-compat -Wstrict-prototypes -Wshadow=local -pedantic  -D_GNU_SOURCE    ../../../gcc-15.2.0/libiberty/make-relative-prefix.c -o noasan/make-relative-prefix.o; \
else true; fi
if [ x"" != x ]; then \
  gcc -c -DHAVE_CONFIG_H -g -O2  -I. -I../../../gcc-15.2.0/libiberty/../include  -W -Wall -Wwrite-strings -Wc++-compat -Wstrict-prototypes -Wshadow=local -pedantic  -D_GNU_SOURCE   ../../../gcc-15.2.0/libiberty/make-temp-file.c -o pic/make-temp-file.o; \
else true; fi
gcc -c -DHAVE_CONFIG_H -g -O2  -I. -I../../../gcc-15.2.0/libiberty/../include  -W -Wall -Wwrite-strings -Wc++-compat -Wstrict-prototypes -Wshadow=local -pedantic  -D_GNU_SOURCE  ../../../gcc-15.2.0/libiberty/make-relative-prefix.c -o make-relative-prefix.o
config.status: linking ../../gcc-15.2.0/gmp/mpn/generic/mod_34lsub1.c to mpn/mod_34lsub1.c
if [ x"" != x ]; then \
  gcc -c -DHAVE_CONFIG_H -g -O2  -I. -I../../../gcc-15.2.0/libiberty/../include  -W -Wall -Wwrite-strings -Wc++-compat -Wstrict-prototypes -Wshadow=local -pedantic  -D_GNU_SOURCE    ../../../gcc-15.2.0/libiberty/make-temp-file.c -o noasan/make-temp-file.o; \
else true; fi
yes
gcc -c -DHAVE_CONFIG_H -g -O2  -I. -I../../../gcc-15.2.0/libiberty/../include  -W -Wall -Wwrite-strings -Wc++-compat -Wstrict-prototypes -Wshadow=local -pedantic  -D_GNU_SOURCE  ../../../gcc-15.2.0/libiberty/make-temp-file.c -o make-temp-file.o
checking whether fgetc_unlocked is declared... config.status: linking ../../gcc-15.2.0/gmp/mpn/generic/mode1o.c to mpn/mode1o.c
if [ x"" != x ]; then \
  gcc -c -DHAVE_CONFIG_H -g -O2  -I. -I../../../gcc-15.2.0/libiberty/../include  -W -Wall -Wwrite-strings -Wc++-compat -Wstrict-prototypes -Wshadow=local -pedantic  -D_GNU_SOURCE   ../../../gcc-15.2.0/libiberty/objalloc.c -o pic/objalloc.o; \
else true; fi
config.status: linking ../../gcc-15.2.0/gmp/mpn/generic/pre_divrem_1.c to mpn/pre_divrem_1.c
yes
if [ x"" != x ]; then \
  gcc -c -DHAVE_CONFIG_H -g -O2  -I. -I../../../gcc-15.2.0/libiberty/../include  -W -Wall -Wwrite-strings -Wc++-compat -Wstrict-prototypes -Wshadow=local -pedantic  -D_GNU_SOURCE    ../../../gcc-15.2.0/libiberty/objalloc.c -o noasan/objalloc.o; \
else true; fi
gcc -c -DHAVE_CONFIG_H -g -O2  -I. -I../../../gcc-15.2.0/libiberty/../include  -W -Wall -Wwrite-strings -Wc++-compat -Wstrict-prototypes -Wshadow=local -pedantic  -D_GNU_SOURCE  ../../../gcc-15.2.0/libiberty/objalloc.c -o objalloc.o
checking whether fgets_unlocked is declared... if [ x"" != x ]; then \
  gcc -c -DHAVE_CONFIG_H -g -O2  -I. -I../../../gcc-15.2.0/libiberty/../include  -W -Wall -Wwrite-strings -Wc++-compat -Wstrict-prototypes -Wshadow=local -pedantic  -D_GNU_SOURCE   ../../../gcc-15.2.0/libiberty/obstack.c -o pic/obstack.o; \
else true; fi
config.status: linking ../../gcc-15.2.0/gmp/mpn/generic/pre_mod_1.c to mpn/pre_mod_1.c
if [ x"" != x ]; then \
  gcc -c -DHAVE_CONFIG_H -g -O2  -I. -I../../../gcc-15.2.0/libiberty/../include  -W -Wall -Wwrite-strings -Wc++-compat -Wstrict-prototypes -Wshadow=local -pedantic  -D_GNU_SOURCE    ../../../gcc-15.2.0/libiberty/obstack.c -o noasan/obstack.o; \
else true; fi
gcc -c -DHAVE_CONFIG_H -g -O2  -I. -I../../../gcc-15.2.0/libiberty/../include  -W -Wall -Wwrite-strings -Wc++-compat -Wstrict-prototypes -Wshadow=local -pedantic  -D_GNU_SOURCE  ../../../gcc-15.2.0/libiberty/obstack.c -o obstack.o
if [ x"" != x ]; then \
  gcc -c -DHAVE_CONFIG_H -g -O2  -I. -I../../../gcc-15.2.0/libiberty/../include  -W -Wall -Wwrite-strings -Wc++-compat -Wstrict-prototypes -Wshadow=local -pedantic  -D_GNU_SOURCE   ../../../gcc-15.2.0/libiberty/partition.c -o pic/partition.o; \
else true; fi
config.status: linking ../../gcc-15.2.0/gmp/mpn/generic/dump.c to mpn/dump.c
yes
if [ x"" != x ]; then \
  gcc -c -DHAVE_CONFIG_H -g -O2  -I. -I../../../gcc-15.2.0/libiberty/../include  -W -Wall -Wwrite-strings -Wc++-compat -Wstrict-prototypes -Wshadow=local -pedantic  -D_GNU_SOURCE    ../../../gcc-15.2.0/libiberty/partition.c -o noasan/partition.o; \
else true; fi
gcc -c -DHAVE_CONFIG_H -g -O2  -I. -I../../../gcc-15.2.0/libiberty/../include  -W -Wall -Wwrite-strings -Wc++-compat -Wstrict-prototypes -Wshadow=local -pedantic  -D_GNU_SOURCE  ../../../gcc-15.2.0/libiberty/partition.c -o partition.o
checking whether fileno_unlocked is declared... config.status: linking ../../gcc-15.2.0/gmp/mpn/generic/mod_1_1.c to mpn/mod_1_1.c
yes
config.status: linking ../../gcc-15.2.0/gmp/mpn/generic/mod_1_2.c to mpn/mod_1_2.c
if [ x"" != x ]; then \
  gcc -c -DHAVE_CONFIG_H -g -O2  -I. -I../../../gcc-15.2.0/libiberty/../include  -W -Wall -Wwrite-strings -Wc++-compat -Wstrict-prototypes -Wshadow=local -pedantic  -D_GNU_SOURCE   ../../../gcc-15.2.0/libiberty/pexecute.c -o pic/pexecute.o; \
else true; fi
checking whether fprintf_unlocked is declared... if [ x"" != x ]; then \
  gcc -c -DHAVE_CONFIG_H -g -O2  -I. -I../../../gcc-15.2.0/libiberty/../include  -W -Wall -Wwrite-strings -Wc++-compat -Wstrict-prototypes -Wshadow=local -pedantic  -D_GNU_SOURCE    ../../../gcc-15.2.0/libiberty/pexecute.c -o noasan/pexecute.o; \
else true; fi
gcc -c -DHAVE_CONFIG_H -g -O2  -I. -I../../../gcc-15.2.0/libiberty/../include  -W -Wall -Wwrite-strings -Wc++-compat -Wstrict-prototypes -Wshadow=local -pedantic  -D_GNU_SOURCE  ../../../gcc-15.2.0/libiberty/pexecute.c -o pexecute.o
config.status: linking ../../gcc-15.2.0/gmp/mpn/generic/mod_1_3.c to mpn/mod_1_3.c
if [ x"" != x ]; then \
  gcc -c -DHAVE_CONFIG_H -g -O2  -I. -I../../../gcc-15.2.0/libiberty/../include  -W -Wall -Wwrite-strings -Wc++-compat -Wstrict-prototypes -Wshadow=local -pedantic  -D_GNU_SOURCE   ../../../gcc-15.2.0/libiberty/physmem.c -o pic/physmem.o; \
else true; fi
if [ x"" != x ]; then \
  gcc -c -DHAVE_CONFIG_H -g -O2  -I. -I../../../gcc-15.2.0/libiberty/../include  -W -Wall -Wwrite-strings -Wc++-compat -Wstrict-prototypes -Wshadow=local -pedantic  -D_GNU_SOURCE    ../../../gcc-15.2.0/libiberty/physmem.c -o noasan/physmem.o; \
else true; fi
config.status: linking ../../gcc-15.2.0/gmp/mpn/generic/mod_1_4.c to mpn/mod_1_4.c
if [ x"" != x ]; then \
  gcc -c -DHAVE_CONFIG_H -g -O2  -I. -I../../../gcc-15.2.0/libiberty/../include  -W -Wall -Wwrite-strings -Wc++-compat -Wstrict-prototypes -Wshadow=local -pedantic  -D_GNU_SOURCE   ../../../gcc-15.2.0/libiberty/pex-common.c -o pic/pex-common.o; \
else true; fi
gcc -c -DHAVE_CONFIG_H -g -O2  -I. -I../../../gcc-15.2.0/libiberty/../include  -W -Wall -Wwrite-strings -Wc++-compat -Wstrict-prototypes -Wshadow=local -pedantic  -D_GNU_SOURCE  ../../../gcc-15.2.0/libiberty/physmem.c -o physmem.o
if [ x"" != x ]; then \
  gcc -c -DHAVE_CONFIG_H -g -O2  -I. -I../../../gcc-15.2.0/libiberty/../include  -W -Wall -Wwrite-strings -Wc++-compat -Wstrict-prototypes -Wshadow=local -pedantic  -D_GNU_SOURCE    ../../../gcc-15.2.0/libiberty/pex-common.c -o noasan/pex-common.o; \
else true; fi
no
gcc -c -DHAVE_CONFIG_H -g -O2  -I. -I../../../gcc-15.2.0/libiberty/../include  -W -Wall -Wwrite-strings -Wc++-compat -Wstrict-prototypes -Wshadow=local -pedantic  -D_GNU_SOURCE  ../../../gcc-15.2.0/libiberty/pex-common.c -o pex-common.o
config.status: linking ../../gcc-15.2.0/gmp/mpn/generic/lshiftc.c to mpn/lshiftc.c
checking whether fputc_unlocked is declared... config.status: linking ../../gcc-15.2.0/gmp/mpn/generic/mul.c to mpn/mul.c
if [ x"" != x ]; then \
  gcc -c -DHAVE_CONFIG_H -g -O2  -I. -I../../../gcc-15.2.0/libiberty/../include  -W -Wall -Wwrite-strings -Wc++-compat -Wstrict-prototypes -Wshadow=local -pedantic  -D_GNU_SOURCE   ../../../gcc-15.2.0/libiberty/pex-one.c -o pic/pex-one.o; \
else true; fi
yes
if [ x"" != x ]; then \
  gcc -c -DHAVE_CONFIG_H -g -O2  -I. -I../../../gcc-15.2.0/libiberty/../include  -W -Wall -Wwrite-strings -Wc++-compat -Wstrict-prototypes -Wshadow=local -pedantic  -D_GNU_SOURCE    ../../../gcc-15.2.0/libiberty/pex-one.c -o noasan/pex-one.o; \
else true; fi
gcc -c -DHAVE_CONFIG_H -g -O2  -I. -I../../../gcc-15.2.0/libiberty/../include  -W -Wall -Wwrite-strings -Wc++-compat -Wstrict-prototypes -Wshadow=local -pedantic  -D_GNU_SOURCE  ../../../gcc-15.2.0/libiberty/pex-one.c -o pex-one.o
if [ x"" != x ]; then \
  gcc -c -DHAVE_CONFIG_H -g -O2  -I. -I../../../gcc-15.2.0/libiberty/../include  -W -Wall -Wwrite-strings -Wc++-compat -Wstrict-prototypes -Wshadow=local -pedantic  -D_GNU_SOURCE   ../../../gcc-15.2.0/libiberty/pex-win32.c -o pic/pex-win32.o; \
else true; fi
if [ x"" != x ]; then \
  gcc -c -DHAVE_CONFIG_H -g -O2  -I. -I../../../gcc-15.2.0/libiberty/../include  -W -Wall -Wwrite-strings -Wc++-compat -Wstrict-prototypes -Wshadow=local -pedantic  -D_GNU_SOURCE    ../../../gcc-15.2.0/libiberty/pex-win32.c -o noasan/pex-win32.o; \
else true; fi
checking whether fputs_unlocked is declared... config.status: linking ../../gcc-15.2.0/gmp/mpn/generic/mul_fft.c to mpn/mul_fft.c
gcc -c -DHAVE_CONFIG_H -g -O2  -I. -I../../../gcc-15.2.0/libiberty/../include  -W -Wall -Wwrite-strings -Wc++-compat -Wstrict-prototypes -Wshadow=local -pedantic  -D_GNU_SOURCE  ../../../gcc-15.2.0/libiberty/pex-win32.c -o pex-win32.o
config.status: linking ../../gcc-15.2.0/gmp/mpn/generic/mul_n.c to mpn/mul_n.c
yes
if [ x"" != x ]; then \
  gcc -c -DHAVE_CONFIG_H -g -O2  -I. -I../../../gcc-15.2.0/libiberty/../include  -W -Wall -Wwrite-strings -Wc++-compat -Wstrict-prototypes -Wshadow=local -pedantic  -D_GNU_SOURCE   ../../../gcc-15.2.0/libiberty/vprintf-support.c -o pic/vprintf-support.o; \
else true; fi
if [ x"" != x ]; then \
  gcc -c -DHAVE_CONFIG_H -g -O2  -I. -I../../../gcc-15.2.0/libiberty/../include  -W -Wall -Wwrite-strings -Wc++-compat -Wstrict-prototypes -Wshadow=local -pedantic  -D_GNU_SOURCE    ../../../gcc-15.2.0/libiberty/vprintf-support.c -o noasan/vprintf-support.o; \
else true; fi
if [ x"" != x ]; then \
  gcc -c -DHAVE_CONFIG_H -g -O2  -I. -I../../../gcc-15.2.0/libiberty/../include  -W -Wall -Wwrite-strings -Wc++-compat -Wstrict-prototypes -Wshadow=local -pedantic  -D_GNU_SOURCE   ../../../gcc-15.2.0/libiberty/rust-demangle.c -o pic/rust-demangle.o; \
else true; fi
gcc -c -DHAVE_CONFIG_H -g -O2  -I. -I../../../gcc-15.2.0/libiberty/../include  -W -Wall -Wwrite-strings -Wc++-compat -Wstrict-prototypes -Wshadow=local -pedantic  -D_GNU_SOURCE  ../../../gcc-15.2.0/libiberty/vprintf-support.c -o vprintf-support.o
checking whether fread_unlocked is declared... if [ x"" != x ]; then \
  gcc -c -DHAVE_CONFIG_H -g -O2  -I. -I../../../gcc-15.2.0/libiberty/../include  -W -Wall -Wwrite-strings -Wc++-compat -Wstrict-prototypes -Wshadow=local -pedantic  -D_GNU_SOURCE    ../../../gcc-15.2.0/libiberty/rust-demangle.c -o noasan/rust-demangle.o; \
else true; fi
config.status: linking ../../gcc-15.2.0/gmp/mpn/generic/sqr.c to mpn/sqr.c
gcc -c -DHAVE_CONFIG_H -g -O2  -I. -I../../../gcc-15.2.0/libiberty/../include  -W -Wall -Wwrite-strings -Wc++-compat -Wstrict-prototypes -Wshadow=local -pedantic  -D_GNU_SOURCE  ../../../gcc-15.2.0/libiberty/rust-demangle.c -o rust-demangle.o
config.status: linking ../../gcc-15.2.0/gmp/mpn/generic/mul_basecase.c to mpn/mul_basecase.c
yes
checking whether fwrite_unlocked is declared... config.status: linking ../../gcc-15.2.0/gmp/mpn/generic/sqr_basecase.c to mpn/sqr_basecase.c
yes
config.status: linking ../../gcc-15.2.0/gmp/mpn/generic/nussbaumer_mul.c to mpn/nussbaumer_mul.c
checking whether getchar_unlocked is declared... config.status: linking ../../gcc-15.2.0/gmp/mpn/generic/mulmid_basecase.c to mpn/mulmid_basecase.c
../../../gcc-15.2.0/libiberty/pex-win32.c: In function 'pex_win32_open_read':
../../../gcc-15.2.0/libiberty/pex-win32.c:122:10: error: implicit declaration of function '_open'; did you mean 'open'? [-Wimplicit-function-declaration]
  122 |   return _open (name, _O_RDONLY | (binary ? _O_BINARY : _O_TEXT));
      |          ^~~~~
      |          open
../../../gcc-15.2.0/libiberty/pex-win32.c:122:23: error: '_O_RDONLY' undeclared (first use in this function); did you mean 'O_RDONLY'?
  122 |   return _open (name, _O_RDONLY | (binary ? _O_BINARY : _O_TEXT));
      |                       ^~~~~~~~~
      |                       O_RDONLY
../../../gcc-15.2.0/libiberty/pex-win32.c:122:23: note: each undeclared identifier is reported only once for each function it appears in
../../../gcc-15.2.0/libiberty/pex-win32.c:122:45: error: '_O_BINARY' undeclared (first use in this function); did you mean 'O_BINARY'?
  122 |   return _open (name, _O_RDONLY | (binary ? _O_BINARY : _O_TEXT));
      |                                             ^~~~~~~~~
      |                                             O_BINARY
../../../gcc-15.2.0/libiberty/pex-win32.c:122:57: error: '_O_TEXT' undeclared (first use in this function); did you mean 'O_TEXT'?
  122 |   return _open (name, _O_RDONLY | (binary ? _O_BINARY : _O_TEXT));
      |                                                         ^~~~~~~
      |                                                         O_TEXT
../../../gcc-15.2.0/libiberty/pex-win32.c: In function 'pex_win32_open_write':
../../../gcc-15.2.0/libiberty/pex-win32.c:136:18: error: '_O_WRONLY' undeclared (first use in this function); did you mean 'O_WRONLY'?
  136 |                 (_O_WRONLY | _O_CREAT | _O_TRUNC
      |                  ^~~~~~~~~
      |                  O_WRONLY
../../../gcc-15.2.0/libiberty/pex-win32.c:136:30: error: '_O_CREAT' undeclared (first use in this function); did you mean 'O_CREAT'?
  136 |                 (_O_WRONLY | _O_CREAT | _O_TRUNC
      |                              ^~~~~~~~
      |                              O_CREAT
../../../gcc-15.2.0/libiberty/pex-win32.c:136:41: error: '_O_TRUNC' undeclared (first use in this function); did you mean 'O_TRUNC'?
  136 |                 (_O_WRONLY | _O_CREAT | _O_TRUNC
      |                                         ^~~~~~~~
      |                                         O_TRUNC
../../../gcc-15.2.0/libiberty/pex-win32.c:137:30: error: '_O_BINARY' undeclared (first use in this function); did you mean 'O_BINARY'?
  137 |                  | (binary ? _O_BINARY : _O_TEXT)),
      |                              ^~~~~~~~~
      |                              O_BINARY
../../../gcc-15.2.0/libiberty/pex-win32.c:137:42: error: '_O_TEXT' undeclared (first use in this function); did you mean 'O_TEXT'?
  137 |                  | (binary ? _O_BINARY : _O_TEXT)),
      |                                          ^~~~~~~
      |                                          O_TEXT
../../../gcc-15.2.0/libiberty/pex-win32.c:138:17: error: '_S_IREAD' undeclared (first use in this function); did you mean 'S_IREAD'?
  138 |                 _S_IREAD | _S_IWRITE);
      |                 ^~~~~~~~
      |                 S_IREAD
../../../gcc-15.2.0/libiberty/pex-win32.c:138:28: error: '_S_IWRITE' undeclared (first use in this function); did you mean 'S_IWRITE'?
  138 |                 _S_IREAD | _S_IWRITE);
      |                            ^~~~~~~~~
      |                            S_IWRITE
../../../gcc-15.2.0/libiberty/pex-win32.c: In function 'pex_win32_close':
../../../gcc-15.2.0/libiberty/pex-win32.c:146:10: error: implicit declaration of function '_close'; did you mean 'close'? [-Wimplicit-function-declaration]
  146 |   return _close (fd);
      |          ^~~~~~
      |          close
../../../gcc-15.2.0/libiberty/pex-win32.c: In function 'win32_spawn':
../../../gcc-15.2.0/libiberty/pex-win32.c:670:13: warning: cast from pointer to integer of different size [-Wpointer-to-int-cast]
  670 |       pid = (pid_t) pi->hProcess;
      |             ^
../../../gcc-15.2.0/libiberty/pex-win32.c: In function 'spawn_script':
../../../gcc-15.2.0/libiberty/pex-win32.c:695:31: error: '_O_RDONLY' undeclared (first use in this function); did you mean 'O_RDONLY'?
  695 |   int fd = _open (executable, _O_RDONLY);
      |                               ^~~~~~~~~
      |                               O_RDONLY
yes
../../../gcc-15.2.0/libiberty/pex-win32.c:702:17: error: implicit declaration of function '_read'; did you mean 'read'? [-Wimplicit-function-declaration]
  702 |       int len = _read (fd, buf, sizeof (buf) - 1);
      |                 ^~~~~
      |                 read
../../../gcc-15.2.0/libiberty/pex-win32.c: In function 'pex_win32_exec_child':
../../../gcc-15.2.0/libiberty/pex-win32.c:800:8: error: implicit declaration of function '_dup'; did you mean 'dup'? [-Wimplicit-function-declaration]
  800 |   in = _dup (orig_in);
      |        ^~~~
      |        dup
../../../gcc-15.2.0/libiberty/pex-win32.c: In function 'pex_win32_wait':
../../../gcc-15.2.0/libiberty/pex-win32.c:932:7: warning: cast to pointer from integer of different size [-Wint-to-pointer-cast]
  932 |   h = (HANDLE) pid;
      |       ^
../../../gcc-15.2.0/libiberty/pex-win32.c: In function 'pex_win32_pipe':
../../../gcc-15.2.0/libiberty/pex-win32.c:964:10: error: implicit declaration of function '_pipe'; did you mean 'pipe'? [-Wimplicit-function-declaration]
  964 |   return _pipe (p, 256, (binary ? _O_BINARY : _O_TEXT) | _O_NOINHERIT);
      |          ^~~~~
      |          pipe
../../../gcc-15.2.0/libiberty/pex-win32.c:964:35: error: '_O_BINARY' undeclared (first use in this function); did you mean 'O_BINARY'?
  964 |   return _pipe (p, 256, (binary ? _O_BINARY : _O_TEXT) | _O_NOINHERIT);
      |                                   ^~~~~~~~~
      |                                   O_BINARY
../../../gcc-15.2.0/libiberty/pex-win32.c:964:47: error: '_O_TEXT' undeclared (first use in this function); did you mean 'O_TEXT'?
  964 |   return _pipe (p, 256, (binary ? _O_BINARY : _O_TEXT) | _O_NOINHERIT);
      |                                               ^~~~~~~
      |                                               O_TEXT
config.status: linking ../../gcc-15.2.0/gmp/mpn/generic/toom42_mulmid.c to mpn/toom42_mulmid.c
../../../gcc-15.2.0/libiberty/pex-win32.c:964:58: error: '_O_NOINHERIT' undeclared (first use in this function)
  964 |   return _pipe (p, 256, (binary ? _O_BINARY : _O_TEXT) | _O_NOINHERIT);
      |                                                          ^~~~~~~~~~~~
make[1]: *** [Makefile:1194: pex-win32.o] Error 1
make[1]: Leaving directory '/c/Users/Syf/Desktop/BS4/tools/gcc-build/build-x86_64-w64-mingw32/libiberty'
make: *** [Makefile:3010: all-build-libiberty] Error 2
checking whether getc_unlocked is declared... config.status: linking ../../gcc-15.2.0/gmp/mpn/generic/mulmid_n.c to mpn/mulmid_n.c
yes
config.status: linking ../../gcc-15.2.0/gmp/mpn/generic/mulmid.c to mpn/mulmid.c
checking whether putchar_unlocked is declared... config.status: linking ../../gcc-15.2.0/gmp/mpn/generic/random.c to mpn/random.c
yes
config.status: linking ../../gcc-15.2.0/gmp/mpn/generic/random2.c to mpn/random2.c
checking whether putc_unlocked is declared... config.status: linking ../../gcc-15.2.0/gmp/mpn/generic/pow_1.c to mpn/pow_1.c
yes
checking for an ANSI C-conforming const... config.status: linking ../../gcc-15.2.0/gmp/mpn/generic/rootrem.c to mpn/rootrem.c
yes
checking sys/mman.h usability... config.status: linking ../../gcc-15.2.0/gmp/mpn/generic/sqrtrem.c to mpn/sqrtrem.c
yes
checking sys/mman.h presence... config.status: linking ../../gcc-15.2.0/gmp/mpn/generic/sizeinbase.c to mpn/sizeinbase.c
yes
checking for sys/mman.h... yes
checking for mmap... config.status: linking ../../gcc-15.2.0/gmp/mpn/generic/get_str.c to mpn/get_str.c
config.status: linking ../../gcc-15.2.0/gmp/mpn/generic/set_str.c to mpn/set_str.c
config.status: linking ../../gcc-15.2.0/gmp/mpn/generic/compute_powtab.c to mpn/compute_powtab.c
config.status: linking ../../gcc-15.2.0/gmp/mpn/generic/scan0.c to mpn/scan0.c
config.status: linking ../../gcc-15.2.0/gmp/mpn/generic/scan1.c to mpn/scan1.c
config.status: linking ../../gcc-15.2.0/gmp/mpn/generic/popham.c to mpn/popcount.c
config.status: linking ../../gcc-15.2.0/gmp/mpn/generic/popham.c to mpn/hamdist.c
config.status: linking ../../gcc-15.2.0/gmp/mpn/generic/cmp.c to mpn/cmp.c
config.status: linking ../../gcc-15.2.0/gmp/mpn/generic/zero_p.c to mpn/zero_p.c
config.status: linking ../../gcc-15.2.0/gmp/mpn/generic/perfsqr.c to mpn/perfsqr.c
yes
checking whether read-only mmap of a plain file works... yes
checking whether mmap from /dev/zero works... no
checking for MAP_ANON(YMOUS)... config.status: linking ../../gcc-15.2.0/gmp/mpn/generic/perfpow.c to mpn/perfpow.c
yes
checking whether mmap with MAP_ANON(YMOUS) works... no
checking whether to enable maintainer-specific portions of Makefiles... no
config.status: linking ../../gcc-15.2.0/gmp/mpn/generic/strongfibo.c to mpn/strongfibo.c
config.status: creating csharpcomp.sh
config.status: linking ../../gcc-15.2.0/gmp/mpn/generic/gcd_11.c to mpn/gcd_11.c
configure: updating cache ./config.cache
configure: creating ./config.status
config.status: creating javacomp.sh
config.status: linking ../../gcc-15.2.0/gmp/mpn/generic/gcd_22.c to mpn/gcd_22.c
config.status: linking ../../gcc-15.2.0/gmp/mpn/generic/gcd_1.c to mpn/gcd_1.c
config.status: creating Makefile
config.status: linking ../../gcc-15.2.0/gmp/mpn/generic/gcd.c to mpn/gcd.c
config.status: creating uninstalled-config.sh
config.status: linking ../../gcc-15.2.0/gmp/mpn/generic/gcdext_1.c to mpn/gcdext_1.c
config.status: linking ../../gcc-15.2.0/gmp/mpn/generic/gcdext.c to mpn/gcdext.c
config.status: creating doc/Makefile
config.status: linking ../../gcc-15.2.0/gmp/mpn/generic/gcd_subdiv_step.c to mpn/gcd_subdiv_step.c
config.status: linking ../../gcc-15.2.0/gmp/mpn/generic/gcdext_lehmer.c to mpn/gcdext_lehmer.c
config.status: creating intl-java/Makefile
config.status: linking ../../gcc-15.2.0/gmp/mpn/generic/div_q.c to mpn/div_q.c
config.status: linking ../../gcc-15.2.0/gmp/mpn/generic/tdiv_qr.c to mpn/tdiv_qr.c
config.status: creating intl-csharp/Makefile
config.status: linking ../../gcc-15.2.0/gmp/mpn/generic/jacbase.c to mpn/jacbase.c
config.status: creating Makefile
config.status: linking ../../gcc-15.2.0/gmp/mpn/generic/jacobi_2.c to mpn/jacobi_2.c
config.status: creating gnulib-lib/Makefile
config.status: creating mkheaders.almost
config.status: linking ../../gcc-15.2.0/gmp/mpn/generic/jacobi.c to mpn/jacobi.c
config.status: creating config.h
config.status: linking ../../gcc-15.2.0/gmp/mpn/generic/get_d.c to mpn/get_d.c
config.status: creating src/Makefile
config.status: linking ../../gcc-15.2.0/gmp/mpn/generic/matrix22_mul.c to mpn/matrix22_mul.c
config.status: linking ../../gcc-15.2.0/gmp/mpn/generic/matrix22_mul1_inverse_vector.c to mpn/matrix22_mul1_inverse_vector.c
config.status: creating src/gettext.sh
config.status: linking ../../gcc-15.2.0/gmp/mpn/generic/hgcd_matrix.c to mpn/hgcd_matrix.c
config.status: linking ../../gcc-15.2.0/gmp/mpn/generic/hgcd2.c to mpn/hgcd2.c
config.status: creating po/Makefile.in
config.status: linking ../../gcc-15.2.0/gmp/mpn/generic/hgcd_step.c to mpn/hgcd_step.c
config.status: linking ../../gcc-15.2.0/gmp/mpn/generic/hgcd_reduce.c to mpn/hgcd_reduce.c
config.status: creating man/Makefile
config.status: linking ../../gcc-15.2.0/gmp/mpn/generic/hgcd.c to mpn/hgcd.c
config.status: linking ../../gcc-15.2.0/gmp/mpn/generic/hgcd_appr.c to mpn/hgcd_appr.c
config.status: linking ../../gcc-15.2.0/gmp/mpn/generic/hgcd2_jacobi.c to mpn/hgcd2_jacobi.c
config.status: creating man/x-to-1
config.status: linking ../../gcc-15.2.0/gmp/mpn/generic/hgcd_jacobi.c to mpn/hgcd_jacobi.c
config.status: linking ../../gcc-15.2.0/gmp/mpn/generic/mullo_n.c to mpn/mullo_n.c
config.status: creating m4/Makefile
config.status: linking ../../gcc-15.2.0/gmp/mpn/generic/mullo_basecase.c to mpn/mullo_basecase.c
config.status: linking ../../gcc-15.2.0/gmp/mpn/generic/sqrlo.c to mpn/sqrlo.c
config.status: creating tests/Makefile
config.status: linking ../../gcc-15.2.0/gmp/mpn/generic/sqrlo_basecase.c to mpn/sqrlo_basecase.c
config.status: linking ../../gcc-15.2.0/gmp/mpn/generic/toom22_mul.c to mpn/toom22_mul.c
config.status: creating config.h
config.status: linking ../../gcc-15.2.0/gmp/mpn/generic/toom32_mul.c to mpn/toom32_mul.c
config.status: executing depfiles commands
config.status: linking ../../gcc-15.2.0/gmp/mpn/generic/toom42_mul.c to mpn/toom42_mul.c
config.status: linking ../../gcc-15.2.0/gmp/mpn/generic/toom52_mul.c to mpn/toom52_mul.c
config.status: linking ../../gcc-15.2.0/gmp/mpn/generic/toom62_mul.c to mpn/toom62_mul.c
config.status: linking ../../gcc-15.2.0/gmp/mpn/generic/toom33_mul.c to mpn/toom33_mul.c
config.status: linking ../../gcc-15.2.0/gmp/mpn/generic/toom43_mul.c to mpn/toom43_mul.c
config.status: linking ../../gcc-15.2.0/gmp/mpn/generic/toom53_mul.c to mpn/toom53_mul.c
config.status: linking ../../gcc-15.2.0/gmp/mpn/generic/toom54_mul.c to mpn/toom54_mul.c
config.status: executing libtool commands
config.status: linking ../../gcc-15.2.0/gmp/mpn/generic/toom63_mul.c to mpn/toom63_mul.c
config.status: linking ../../gcc-15.2.0/gmp/mpn/generic/toom44_mul.c to mpn/toom44_mul.c
config.status: executing po-directories commands
config.status: linking ../../gcc-15.2.0/gmp/mpn/generic/toom6h_mul.c to mpn/toom6h_mul.c
config.status: creating po/POTFILES
config.status: linking ../../gcc-15.2.0/gmp/mpn/generic/toom6_sqr.c to mpn/toom6_sqr.c
config.status: creating po/Makefile
=== configuring in intl (/c/Users/Syf/Desktop/BS4/tools/gcc-build/gettext/intl)
config.status: linking ../../gcc-15.2.0/gmp/mpn/generic/toom8h_mul.c to mpn/toom8h_mul.c
configure: running /bin/sh ../../../gcc-15.2.0/gettext/gettext-runtime/intl/configure --disable-option-checking '--prefix=/c/Users/Syf/Desktop/BS4/tools/i686-elf'  '--disable-nls' '--disable-libssp' '--disable-libquadmath' '--disable-libgomp' '--disable-libatomic' '--without-headers' '--with-newlib' '--with-as=/c/Users/Syf/Desktop/BS4/tools/binutils-build/gas/as-new.exe' '--with-ld=/c/Users/Syf/Desktop/BS4/tools/binutils-build/ld/ld-new.exe' '--enable-languages=c,lto' '--program-transform-name=s&^&i686-elf-&' '--disable-year2038' '--build=x86_64-w64-mingw32' '--host=x86_64-w64-mingw32' '--target=i686-elf' '--disable-shared' '--disable-threads' '--disable-java' '--disable-csharp' '--with-pic' '--disable-libasprintf' 'build_alias=x86_64-w64-mingw32' 'host_alias=x86_64-w64-mingw32' 'target_alias=i686-elf' 'CC=gcc' 'CFLAGS=-g -O2  ' 'LDFLAGS=-static-libstdc++ -static-libgcc -Wl,--stack,12582912' 'CXX=g++' 'CXXFLAGS=-g -O2  ' --cache-file=.././config.cache --srcdir=../../../gcc-15.2.0/gettext/gettext-runtime/intl
config.status: linking ../../gcc-15.2.0/gmp/mpn/generic/toom8_sqr.c to mpn/toom8_sqr.c
config.status: linking ../../gcc-15.2.0/gmp/mpn/generic/toom_couple_handling.c to mpn/toom_couple_handling.c
config.status: linking ../../gcc-15.2.0/gmp/mpn/generic/toom2_sqr.c to mpn/toom2_sqr.c
config.status: linking ../../gcc-15.2.0/gmp/mpn/generic/toom3_sqr.c to mpn/toom3_sqr.c
config.status: linking ../../gcc-15.2.0/gmp/mpn/generic/toom4_sqr.c to mpn/toom4_sqr.c
config.status: linking ../../gcc-15.2.0/gmp/mpn/generic/toom_eval_dgr3_pm1.c to mpn/toom_eval_dgr3_pm1.c
config.status: linking ../../gcc-15.2.0/gmp/mpn/generic/toom_eval_dgr3_pm2.c to mpn/toom_eval_dgr3_pm2.c
config.status: linking ../../gcc-15.2.0/gmp/mpn/generic/toom_eval_pm1.c to mpn/toom_eval_pm1.c
config.status: linking ../../gcc-15.2.0/gmp/mpn/generic/toom_eval_pm2.c to mpn/toom_eval_pm2.c
config.status: linking ../../gcc-15.2.0/gmp/mpn/generic/toom_eval_pm2exp.c to mpn/toom_eval_pm2exp.c
config.status: linking ../../gcc-15.2.0/gmp/mpn/generic/toom_eval_pm2rexp.c to mpn/toom_eval_pm2rexp.c
config.status: linking ../../gcc-15.2.0/gmp/mpn/generic/toom_interpolate_5pts.c to mpn/toom_interpolate_5pts.c
config.status: linking ../../gcc-15.2.0/gmp/mpn/generic/toom_interpolate_6pts.c to mpn/toom_interpolate_6pts.c
config.status: linking ../../gcc-15.2.0/gmp/mpn/generic/toom_interpolate_7pts.c to mpn/toom_interpolate_7pts.c
config.status: linking ../../gcc-15.2.0/gmp/mpn/generic/toom_interpolate_8pts.c to mpn/toom_interpolate_8pts.c
config.status: linking ../../gcc-15.2.0/gmp/mpn/generic/toom_interpolate_12pts.c to mpn/toom_interpolate_12pts.c
config.status: linking ../../gcc-15.2.0/gmp/mpn/generic/toom_interpolate_16pts.c to mpn/toom_interpolate_16pts.c
config.status: linking ../../gcc-15.2.0/gmp/mpn/generic/invertappr.c to mpn/invertappr.c
config.status: linking ../../gcc-15.2.0/gmp/mpn/generic/invert.c to mpn/invert.c
config.status: linking ../../gcc-15.2.0/gmp/mpn/generic/binvert.c to mpn/binvert.c
config.status: linking ../../gcc-15.2.0/gmp/mpn/generic/mulmod_bnm1.c to mpn/mulmod_bnm1.c
configure: loading site script /etc/config.site
configure: loading cache .././config.cache
checking for a BSD-compatible install... (cached) /usr/bin/install -c
checking whether build environment is sane... yes
config.status: linking ../../gcc-15.2.0/gmp/mpn/generic/sqrmod_bnm1.c to mpn/sqrmod_bnm1.c
checking for a race-free mkdir -p... (cached) /usr/bin/mkdir -p
checking for gawk... (cached) gawk
checking whether make sets $(MAKE)... config.status: linking ../../gcc-15.2.0/gmp/mpn/generic/div_qr_1.c to mpn/div_qr_1.c
(cached) yes
checking whether make supports nested variables... (cached) yes
config.status: linking ../../gcc-15.2.0/gmp/mpn/generic/div_qr_1n_pi1.c to mpn/div_qr_1n_pi1.c
checking for x86_64-w64-mingw32-gcc... (cached) gcc
config.status: linking ../../gcc-15.2.0/gmp/mpn/generic/div_qr_2.c to mpn/div_qr_2.c
config.status: linking ../../gcc-15.2.0/gmp/mpn/generic/div_qr_2n_pi1.c to mpn/div_qr_2n_pi1.c
config.status: linking ../../gcc-15.2.0/gmp/mpn/generic/div_qr_2u_pi1.c to mpn/div_qr_2u_pi1.c
checking whether the C compiler works... config.status: linking ../../gcc-15.2.0/gmp/mpn/generic/sbpi1_div_q.c to mpn/sbpi1_div_q.c
config.status: linking ../../gcc-15.2.0/gmp/mpn/generic/sbpi1_div_qr.c to mpn/sbpi1_div_qr.c
config.status: linking ../../gcc-15.2.0/gmp/mpn/generic/sbpi1_divappr_q.c to mpn/sbpi1_divappr_q.c
yes
checking for C compiler default output file name... a.exe
checking for suffix of executables... config.status: linking ../../gcc-15.2.0/gmp/mpn/generic/dcpi1_div_q.c to mpn/dcpi1_div_q.c
config.status: linking ../../gcc-15.2.0/gmp/mpn/generic/dcpi1_div_qr.c to mpn/dcpi1_div_qr.c
config.status: linking ../../gcc-15.2.0/gmp/mpn/generic/dcpi1_divappr_q.c to mpn/dcpi1_divappr_q.c
config.status: linking ../../gcc-15.2.0/gmp/mpn/generic/mu_div_qr.c to mpn/mu_div_qr.c
config.status: linking ../../gcc-15.2.0/gmp/mpn/generic/mu_divappr_q.c to mpn/mu_divappr_q.c
config.status: linking ../../gcc-15.2.0/gmp/mpn/generic/mu_div_q.c to mpn/mu_div_q.c
config.status: linking ../../gcc-15.2.0/gmp/mpn/generic/bdiv_q_1.c to mpn/bdiv_q_1.c
config.status: linking ../../gcc-15.2.0/gmp/mpn/generic/sbpi1_bdiv_q.c to mpn/sbpi1_bdiv_q.c
config.status: linking ../../gcc-15.2.0/gmp/mpn/generic/sbpi1_bdiv_qr.c to mpn/sbpi1_bdiv_qr.c
config.status: linking ../../gcc-15.2.0/gmp/mpn/generic/sbpi1_bdiv_r.c to mpn/sbpi1_bdiv_r.c
.exe
checking whether we are cross compiling... config.status: linking ../../gcc-15.2.0/gmp/mpn/generic/dcpi1_bdiv_q.c to mpn/dcpi1_bdiv_q.c
config.status: linking ../../gcc-15.2.0/gmp/mpn/generic/dcpi1_bdiv_qr.c to mpn/dcpi1_bdiv_qr.c
config.status: linking ../../gcc-15.2.0/gmp/mpn/generic/mu_bdiv_q.c to mpn/mu_bdiv_q.c
no
checking for suffix of object files... (cached) o
checking whether the compiler supports GNU C... (cached) yes
checking whether gcc accepts -g... (cached) yes
checking for gcc option to enable C11 features... (cached) none needed
checking whether gcc understands -c and -o together... (cached) yes
checking whether the compiler is clang... (cached) no
checking for compiler option needed when checking for declarations... (cached) none
checking whether make supports the include directive... config.status: linking ../../gcc-15.2.0/gmp/mpn/generic/mu_bdiv_qr.c to mpn/mu_bdiv_qr.c
yes (GNU style)
checking dependency style of gcc... (cached) gcc3
config.status: linking ../../gcc-15.2.0/gmp/mpn/generic/bdiv_q.c to mpn/bdiv_q.c
checking build system type... (cached) x86_64-w64-mingw32
checking host system type... (cached) x86_64-w64-mingw32
checking how to run the C preprocessor... (cached) gcc -E
config.status: linking ../../gcc-15.2.0/gmp/mpn/generic/bdiv_qr.c to mpn/bdiv_qr.c
config.status: linking ../../gcc-15.2.0/gmp/mpn/generic/broot.c to mpn/broot.c
checking for grep that handles long lines and -e... (cached) /usr/bin/grep
checking for egrep... (cached) /usr/bin/grep -E
checking for Minix Amsterdam compiler... (cached) no
checking for x86_64-w64-mingw32-ar... (cached) ar 
checking for stdio.h... (cached) yes
checking for stdlib.h... (cached) yes
checking for string.h... (cached) yes
checking for inttypes.h... (cached) yes
checking for stdint.h... (cached) yes
checking for strings.h... (cached) yes
checking for sys/stat.h... (cached) yes
checking for sys/types.h... (cached) yes
checking for unistd.h... (cached) yes
checking for wchar.h... (cached) yes
checking for minix/config.h... (cached) no
checking for xlocale.h... (cached) no
checking for threads.h... (cached) yes
checking for limits.h... (cached) yes
checking for langinfo.h... (cached) yes
checking for math.h... config.status: linking ../../gcc-15.2.0/gmp/mpn/generic/brootinv.c to mpn/brootinv.c
yes
checking for sys/mman.h... (cached) yes
checking for search.h... (cached) yes
checking for stdbool.h... (cached) yes
checking for features.h... (cached) yes
checking for crtdefs.h... (cached) yes
checking for sys/param.h... (cached) yes
checking whether it is safe to define __EXTENSIONS__... (cached) yes
checking whether _XOPEN_SOURCE should be defined... (cached) no
checking whether C compiler handles -Werror -Wunknown-warning-option... (cached) no
checking for auto-import of symbols... (cached) no
checking how to print strings... printf
checking for a sed that does not truncate output... (cached) /usr/bin/sed
checking for fgrep... (cached) /usr/bin/grep -F
checking for ld used by gcc... config.status: linking ../../gcc-15.2.0/gmp/mpn/generic/bsqrt.c to mpn/bsqrt.c
config.status: linking ../../gcc-15.2.0/gmp/mpn/generic/bsqrtinv.c to mpn/bsqrtinv.c
config.status: linking ../../gcc-15.2.0/gmp/mpn/generic/divexact.c to mpn/divexact.c
(cached) /usr/lib/gcc/x86_64-pc-cygwin/15.3.0/../../../../x86_64-pc-cygwin/bin/ld.exe
checking if the linker (/usr/lib/gcc/x86_64-pc-cygwin/15.3.0/../../../../x86_64-pc-cygwin/bin/ld.exe) is GNU ld... (cached) yes
checking for BSD- or MS-compatible name lister (nm)... (cached) nm
checking the name lister (nm) interface... (cached) BSD nm
checking whether ln -s works... no, using cp -pR
checking the maximum length of command line arguments... (cached) 8192
checking how to convert x86_64-w64-mingw32 file names to x86_64-w64-mingw32 format... (cached) func_convert_file_msys_to_w32
checking how to convert x86_64-w64-mingw32 file names to toolchain format... (cached) func_convert_file_msys_to_w32
checking for /usr/lib/gcc/x86_64-pc-cygwin/15.3.0/../../../../x86_64-pc-cygwin/bin/ld.exe option to reload object files... (cached) -r
checking for x86_64-w64-mingw32-file... no
checking for file... (cached) file
checking for x86_64-w64-mingw32-objdump... (cached) objdump
checking how to recognize dependent libraries... (cached) file_magic ^x86 archive import|^x86 DLL
config.status: linking ../../gcc-15.2.0/gmp/mpn/generic/bdiv_dbm1c.c to mpn/bdiv_dbm1c.c
checking for x86_64-w64-mingw32-dlltool... (cached) dlltool
checking how to associate runtime and link libraries... (cached) func_cygming_dll_for_implib
checking for x86_64-w64-mingw32-ar... (cached) ar 
checking for archiver @FILE support... (cached) @
checking for x86_64-w64-mingw32-strip... no
checking for strip... (cached) strip
checking for x86_64-w64-mingw32-ranlib... (cached) ranlib 
checking command to parse nm output from gcc object... (cached) ok
checking for sysroot... no
checking for a working dd... (cached) /usr/bin/dd
checking how to truncate binary pipes... (cached) /usr/bin/dd bs=4096 count=1
checking for x86_64-w64-mingw32-mt... no
checking for mt... no
checking if : is a manifest tool... (cached) no
checking for dlfcn.h... (cached) yes
checking for x86_64-w64-mingw32-as... (cached) as
checking for x86_64-w64-mingw32-dlltool... (cached) dlltool
checking for x86_64-w64-mingw32-objdump... (cached) objdump
checking for objdir... (cached) .libs
config.status: linking ../../gcc-15.2.0/gmp/mpn/generic/redc_1.c to mpn/redc_1.c
config.status: linking ../../gcc-15.2.0/gmp/mpn/generic/redc_2.c to mpn/redc_2.c
config.status: linking ../../gcc-15.2.0/gmp/mpn/generic/redc_n.c to mpn/redc_n.c
config.status: linking ../../gcc-15.2.0/gmp/mpn/generic/powm.c to mpn/powm.c
config.status: linking ../../gcc-15.2.0/gmp/mpn/generic/powlo.c to mpn/powlo.c
config.status: linking ../../gcc-15.2.0/gmp/mpn/generic/sec_powm.c to mpn/sec_powm.c
checking if gcc supports -fno-rtti -fno-exceptions... (cached) no
checking for gcc option to produce PIC... (cached) -DDLL_EXPORT -DPIC
checking if gcc PIC flag -DDLL_EXPORT -DPIC works... (cached) yes
checking if gcc static flag -static works... (cached) yes
checking if gcc supports -c -o file.o... (cached) yes
checking if gcc supports -c -o file.o... (cached) yes
checking whether the gcc linker (/usr/lib/gcc/x86_64-pc-cygwin/15.3.0/../../../../x86_64-pc-cygwin/bin/ld.exe) supports shared libraries... config.status: linking ../../gcc-15.2.0/gmp/mpn/generic/sec_mul.c to mpn/sec_mul.c
yes
checking dynamic linker characteristics... config.status: linking ../../gcc-15.2.0/gmp/mpn/generic/sec_sqr.c to mpn/sec_sqr.c
Win32 ld.exe
checking how to hardcode library paths into programs... immediate
checking whether stripping libraries is possible... config.status: linking ../../gcc-15.2.0/gmp/mpn/generic/sec_div.c to mpn/sec_div_qr.c
yes
checking if libtool supports shared libraries... yes
checking whether to build shared libraries... no
checking whether to build static libraries... yes
checking for x86_64-w64-mingw32-windres... no
checking for windres... (cached) windres
config.status: linking ../../gcc-15.2.0/gmp/mpn/generic/sec_div.c to mpn/sec_div_r.c
config.status: linking ../../gcc-15.2.0/gmp/mpn/generic/sec_pi1_div.c to mpn/sec_pi1_div_qr.c
config.status: linking ../../gcc-15.2.0/gmp/mpn/generic/sec_pi1_div.c to mpn/sec_pi1_div_r.c
config.status: linking ../../gcc-15.2.0/gmp/mpn/generic/sec_aors_1.c to mpn/sec_add_1.c
config.status: linking ../../gcc-15.2.0/gmp/mpn/generic/sec_aors_1.c to mpn/sec_sub_1.c
config.status: linking ../../gcc-15.2.0/gmp/mpn/generic/sec_invert.c to mpn/sec_invert.c
config.status: linking ../../gcc-15.2.0/gmp/mpn/generic/trialdiv.c to mpn/trialdiv.c
config.status: linking ../../gcc-15.2.0/gmp/mpn/generic/remove.c to mpn/remove.c
config.status: linking ../../gcc-15.2.0/gmp/mpn/generic/logops_n.c to mpn/and_n.c
config.status: linking ../../gcc-15.2.0/gmp/mpn/generic/logops_n.c to mpn/andn_n.c
checking for x86_64-w64-mingw32-windres... (cached) windres
checking whether NLS is requested... no
checking for msgfmt... (cached) /usr/bin/msgfmt
checking for gmsgfmt... (cached) /usr/bin/msgfmt
config.status: linking ../../gcc-15.2.0/gmp/mpn/generic/logops_n.c to mpn/nand_n.c
checking for xgettext... (cached) /usr/bin/xgettext
config.status: linking ../../gcc-15.2.0/gmp/mpn/generic/logops_n.c to mpn/ior_n.c
checking for msgmerge... (cached) /usr/bin/msgmerge
checking for ld... /usr/lib/gcc/x86_64-pc-cygwin/15.3.0/../../../../x86_64-pc-cygwin/bin/ld.exe
checking if the linker (/usr/lib/gcc/x86_64-pc-cygwin/15.3.0/../../../../x86_64-pc-cygwin/bin/ld.exe) is GNU ld... (cached) yes
checking for shared library run path origin... (cached) done
checking 32-bit host C ABI... (cached) no
checking for ELF binary format... (cached) no
checking for the common suffixes of directories in the library search path... (cached) lib,lib,lib
config.status: linking ../../gcc-15.2.0/gmp/mpn/generic/logops_n.c to mpn/iorn_n.c
checking for CFPreferencesCopyAppValue... (cached) no
checking for CFLocaleCopyPreferredLanguages... (cached) no
checking whether to use NLS... no
checking whether we are using the GNU C Library 2 or newer... config.status: linking ../../gcc-15.2.0/gmp/mpn/generic/logops_n.c to mpn/nior_n.c
no
checking for size_t... (cached) yes
checking for working alloca.h... (cached) yes
checking for alloca... (cached) checking whether the preprocessor supports include_next... (cached) yes
checking whether source code line length is unlimited... (cached) yes
checking for complete errno.h... (cached) yes
checking whether ctype.h defines __header_inline... (cached) no
checking whether frexp() can be used without linking with libm... config.status: linking ../../gcc-15.2.0/gmp/mpn/generic/logops_n.c to mpn/xor_n.c
config.status: linking ../../gcc-15.2.0/gmp/mpn/generic/logops_n.c to mpn/xnor_n.c
config.status: linking ../../gcc-15.2.0/gmp/mpn/generic/copyi.c to mpn/copyi.c
yes
checking for gcc options needed to detect all undeclared functions... (cached) none needed
checking whether alarm is declared... config.status: linking ../../gcc-15.2.0/gmp/mpn/generic/copyd.c to mpn/copyd.c
yes
checking whether long double and double are the same... config.status: linking ../../gcc-15.2.0/gmp/mpn/generic/zero.c to mpn/zero.c
config.status: linking ../../gcc-15.2.0/gmp/mpn/generic/sec_tabselect.c to mpn/sec_tabselect.c
no
checking for uselocale... (cached) yes
checking whether uselocale works... (cached) yes
checking for fake locale system (OpenBSD)... (cached) no
checking for Solaris 11.4 locale system... (cached) no
checking for getlocalename_l... (cached) yes
checking for pthread.h... (cached) yes
config.status: linking ../../gcc-15.2.0/gmp/mpn/generic/comb_tables.c to mpn/comb_tables.c
config.status: linking ../../gcc-15.2.0/gmp/mpn/generic/add_n_sub_n.c to mpn/add_n_sub_n.c
config.status: linking ../../gcc-15.2.0/gmp/mpn/generic/gmp-mparam.h to gmp-mparam.h
config.status: executing libtool commands
checking for pthread_kill in -lpthread... (cached) yes
checking whether POSIX threads API is available... yes
configure: summary of build options:

  Version:           GNU MP 6.2.1
  Host type:         none-w64-mingw32
  ABI:               
  Install prefix:    /c/Users/Syf/Desktop/BS4/tools/i686-elf
  Compiler:          gcc
  Static libraries:  yes
  Shared libraries:  no

checking whether setlocale (LC_ALL, NULL) is multithread-safe... (cached) yes
checking whether setlocale (category, NULL) is multithread-safe... (cached) yes
checking whether limits.h has WORD_BIT, BOOL_WIDTH etc.... (cached) no
checking for wint_t... (cached) yes
checking whether wint_t is large enough... (cached) yes
checking whether the compiler produces multi-arch binaries... (cached) no
checking whether stdint.h conforms to C99... (cached) yes
checking whether stdint.h works without ISO C predefines... (cached) yes
checking whether stdint.h has UINTMAX_WIDTH etc.... (cached) no
checking for C/C++ restrict keyword... (cached) __restrict__
checking where to find the exponent in a 'double'... word 1 bit 20
checking where to find the exponent in a 'float'... word 0 bit 23
checking whether byte ordering is bigendian... no
checking where to find the exponent in a 'long double'... word 2 bit 0
checking whether langinfo.h defines CODESET... (cached) yes
checking whether langinfo.h defines T_FMT_AMPM... (cached) yes
checking whether langinfo.h defines ALTMON_1... (cached) no
checking whether langinfo.h defines ERA... (cached) yes
checking whether langinfo.h defines YESEXPR... (cached) yes
checking for nl_langinfo and CODESET... (cached) yes
checking for wchar_t... (cached) yes
checking for good max_align_t... (cached) yes
checking whether NULL can be used in arbitrary expressions... (cached) yes
checking for unreachable... (cached) yes
checking whether locale.h defines locale_t... (cached) yes
checking whether locale.h conforms to POSIX:2001... (cached) yes
checking whether struct lconv is properly defined... (cached) yes
checking for LC_MESSAGES... (cached) yes
checking for multithread API to use... none
checking whether NAN macro works... yes
checking whether HUGE_VAL works... yes
checking for mbstate_t... (cached) yes
checking for mbsinit... (cached) yes
checking for mbrtowc... (cached) yes
checking for mprotect... (cached) yes
checking for vasnprintf... yes
checking for snprintf... yes
checking for swprintf... yes
checking for wcsnlen... yes
checking for getpagesize... yes
checking for asprintf... yes
checking for wprintf... yes
checking for newlocale... (cached) yes
checking for a traditional japanese locale... (cached) none
checking for a french Unicode locale... (cached) none
checking for a transitional chinese locale... (cached) none
checking whether mbrtowc handles incomplete characters... (cached) guessing yes
checking whether mbrtowc works as well as mbtowc... (cached) guessing yes
checking for inline... (cached) inline
checking for mmap... (cached) yes
checking for MAP_ANONYMOUS... yes
checking whether memchr works... (cached) yes
checking whether to activate relocatable installation... yes
checking for type VISIT... yes
checking whether fcloseall is declared... (cached) yes
checking whether getw is declared... (cached) yes
checking whether putw is declared... (cached) yes
checking which flavor of printf attribute matches inttypes macros... (cached) system
checking whether ecvt is declared... (cached) no
checking whether fcvt is declared... (cached) no
checking whether gcvt is declared... (cached) no
checking whether MB_CUR_MAX is correct... (cached) guessing yes
checking for pid_t... (cached) yes
checking for mode_t... (cached) yes
checking whether execvpe is declared... (cached) yes
checking for inttypes.h... yes
checking for stdint.h... yes
checking for intmax_t... yes
checking whether snprintf returns a byte count as in C99... yes
checking whether snprintf truncates the result as in C99... yes
checking for wcslen... yes
checking for snprintf... (cached) yes
checking for strnlen... yes
checking for wcrtomb... yes
checking whether _snprintf is declared... no
checking whether printf supports size specifiers as in C99... yes
checking whether printf supports size specifiers as in C23... no
checking whether printf supports 'long double' arguments... yes
checking whether printf supports infinite 'double' arguments... yes
checking whether printf supports infinite 'long double' arguments... yes
checking whether printf supports the 'a' and 'A' directives... yes
checking whether printf supports the 'b' directive... no
checking whether printf supports the 'F' directive... yes
checking whether printf supports the 'n' directive... yes
checking whether printf supports the 'ls' directive... yes
checking whether printf supports the 'lc' directive correctly... no
checking whether printf supports POSIX/XSI format strings with positions... yes
checking whether printf supports the grouping flag... yes
checking whether printf supports the left-adjust flag correctly... yes
checking whether printf supports the zero flag correctly... yes
checking whether printf supports large precisions... yes
checking whether printf survives out-of-memory conditions... guessing no
checking whether _snwprintf is declared... no
checking whether wcsnlen is declared... yes
checking whether swprintf works... yes
checking whether the C locale is free of encoding errors... (cached) yes
checking whether swprintf in the C locale is free of encoding errors... no
checking whether swprintf supports the 'La' and 'LA' directives... yes
checking whether swprintf supports the 'lc' directive... yes
checking whether <wchar.h> uses 'inline' correctly... (cached) yes
checking whether wcsdup is declared... (cached) yes
checking for C compiler option to allow warnings... (cached) -Wno-error
checking for alloca as a compiler built-in... (cached) yes
checking for static_assert... (cached) yes, a keyword
checking for flexible array member... (cached) yes
checking whether conversion from 'int' to 'long double' works... yes
checking whether free is known to preserve errno... (cached) no
checking whether frexp works... yes
checking whether frexpl is declared... yes
checking whether frexpl() can be used without linking with libm... yes
checking whether frexpl works... no
checking whether isnan(double) can be used without linking with libm... yes
checking whether isnan(float) can be used without linking with libm... yes
checking whether isnan(float) works... yes
checking whether isnan(long double) can be used without linking with libm... yes
checking whether isnanl works... yes
checking whether the -Werror option is usable... yes
checking for simple visibility declarations... yes
checking for newlocale... (cached) yes
checking for duplocale... (cached) yes
checking for freelocale... (cached) yes
checking whether mbrtowc handles a NULL pwc argument... (cached) guessing yes
checking whether mbrtowc handles a NULL string argument... (cached) guessing yes
checking whether mbrtowc has a correct return value... (cached) guessing no
checking whether mbrtowc returns 0 when parsing a NUL character... (cached) guessing yes
checking whether mbrtowc stores incomplete characters... (cached) no
checking whether mbrtowc works on empty input... (cached) yes
checking whether the C locale is free of encoding errors... (cached) yes
checking whether frexp works... (cached) yes
checking whether ldexp can be used without linking with libm... yes
checking whether frexpl() can be used without linking with libm... (cached) yes
checking whether frexpl works... (cached) no
checking whether ldexpl() can be used without linking with libm... yes
checking whether ldexpl works... yes
checking whether ldexpl is declared... yes
checking whether setlocale (LC_ALL, NULL) is multithread-safe... (cached) yes
checking whether setlocale (category, NULL) is multithread-safe... (cached) yes
checking for signbit macro... yes
checking for signbit compiler built-ins... yes
checking for stdint.h... (cached) yes
checking for SIZE_MAX... yes
checking for ssize_t... (cached) yes
checking for bool, true, false... (cached) yes
checking for sys/single_threaded.h... (cached) no
checking for tsearch... (cached) yes
checking for twalk... yes
checking whether tdelete works... yes
checking for ptrdiff_t... yes
checking for ptrdiff_t... (cached) yes
checking for ptrdiff_t... (cached) yes
checking for wmemcpy... yes
checking for wmemset... yes
checking for stdint.h... (cached) yes
checking for working mmap... yes
checking whether integer division by zero raises SIGFPE... yes
checking for unsigned long long int... yes
checking for iconv... (cached) yes
checking for working iconv... (cached) yes
checking how to link with libiconv... -liconv
checking whether iconv is compatible with its POSIX signature... (cached) yes
checking for inttypes.h... (cached) yes
checking for unistd.h... (cached) yes
checking for sys/param.h... (cached) yes
checking for getcwd... yes
checking for getegid... yes
checking for geteuid... yes
checking for getgid... yes
checking for getuid... yes
checking for mempcpy... (cached) yes
checking for munmap... yes
checking for stpcpy... yes
checking for strcasecmp... yes
checking for uselocale... (cached) yes
checking for __fsetlocking... yes
checking whether feof_unlocked is declared... (cached) yes
checking whether fgets_unlocked is declared... (cached) yes
checking for bison... bison
checking for bison 3.0 or newer... 3.8.2, ok
checking whether printf() supports POSIX/XSI format strings... yes
checking for features.h... (cached) yes
checking whether _snprintf is declared... (cached) no
checking whether _snwprintf is declared... (cached) no
configure: updating cache .././config.cache
checking that generated files are newer than configure... done
configure: creating ./config.status
config.status: creating Makefile
config.status: creating gnulib-lib/Makefile
config.status: creating config.h
config.status: executing depfiles commands
config.status: executing libtool commands
config.status: executing po-directories commands
=== configuring in libasprintf (/c/Users/Syf/Desktop/BS4/tools/gcc-build/gettext/libasprintf)
configure: running /bin/sh ../../../gcc-15.2.0/gettext/gettext-runtime/libasprintf/configure --disable-option-checking '--prefix=/c/Users/Syf/Desktop/BS4/tools/i686-elf'  '--disable-nls' '--disable-libssp' '--disable-libquadmath' '--disable-libgomp' '--disable-libatomic' '--without-headers' '--with-newlib' '--with-as=/c/Users/Syf/Desktop/BS4/tools/binutils-build/gas/as-new.exe' '--with-ld=/c/Users/Syf/Desktop/BS4/tools/binutils-build/ld/ld-new.exe' '--enable-languages=c,lto' '--program-transform-name=s&^&i686-elf-&' '--disable-year2038' '--build=x86_64-w64-mingw32' '--host=x86_64-w64-mingw32' '--target=i686-elf' '--disable-shared' '--disable-threads' '--disable-java' '--disable-csharp' '--with-pic' '--disable-libasprintf' 'build_alias=x86_64-w64-mingw32' 'host_alias=x86_64-w64-mingw32' 'target_alias=i686-elf' 'CC=gcc' 'CFLAGS=-g -O2  ' 'LDFLAGS=-static-libstdc++ -static-libgcc -Wl,--stack,12582912' 'CXX=g++' 'CXXFLAGS=-g -O2  ' --cache-file=.././config.cache --srcdir=../../../gcc-15.2.0/gettext/gettext-runtime/libasprintf
configure: loading site script /etc/config.site
configure: loading cache .././config.cache
checking for a BSD-compatible install... (cached) /usr/bin/install -c
checking whether build environment is sane... yes
checking for a race-free mkdir -p... (cached) /usr/bin/mkdir -p
checking for gawk... (cached) gawk
checking whether make sets $(MAKE)... (cached) yes
checking whether make supports nested variables... (cached) yes
checking for x86_64-w64-mingw32-gcc... (cached) gcc
checking whether the C compiler works... yes
checking for C compiler default output file name... a.exe
checking for suffix of executables... .exe
checking whether we are cross compiling... no
checking for suffix of object files... (cached) o
checking whether the compiler supports GNU C... (cached) yes
checking whether gcc accepts -g... (cached) yes
checking for gcc option to enable C11 features... (cached) none needed
checking whether gcc understands -c and -o together... (cached) yes
checking whether the compiler is clang... (cached) no
checking for compiler option needed when checking for declarations... (cached) none
checking whether make supports the include directive... yes (GNU style)
checking dependency style of gcc... (cached) gcc3
checking whether the compiler supports GNU C++... (cached) yes
checking whether g++ accepts -g... (cached) yes
checking for g++ option to enable C++11 features... none needed
checking dependency style of g++... (cached) gcc3
checking build system type... (cached) x86_64-w64-mingw32
checking host system type... (cached) x86_64-w64-mingw32
checking how to run the C preprocessor... (cached) gcc -E
checking for grep that handles long lines and -e... (cached) /usr/bin/grep
checking for egrep... (cached) /usr/bin/grep -E
checking for Minix Amsterdam compiler... (cached) no
checking for x86_64-w64-mingw32-ar... (cached) ar 
checking for stdio.h... (cached) yes
checking for stdlib.h... (cached) yes
checking for string.h... (cached) yes
checking for inttypes.h... (cached) yes
checking for stdint.h... (cached) yes
checking for strings.h... (cached) yes
checking for sys/stat.h... (cached) yes
checking for sys/types.h... (cached) yes
checking for unistd.h... (cached) yes
checking for wchar.h... (cached) yes
checking for minix/config.h... (cached) no
checking for limits.h... (cached) yes
checking for sys/mman.h... (cached) yes
checking for features.h... (cached) yes
checking for crtdefs.h... (cached) yes
checking whether it is safe to define __EXTENSIONS__... (cached) yes
checking whether _XOPEN_SOURCE should be defined... (cached) no
checking whether C compiler handles -Werror -Wunknown-warning-option... (cached) no
checking for auto-import of symbols... (cached) no
checking how to print strings... printf
checking for a sed that does not truncate output... (cached) /usr/bin/sed
checking for fgrep... (cached) /usr/bin/grep -F
checking for ld used by gcc... (cached) /usr/lib/gcc/x86_64-pc-cygwin/15.3.0/../../../../x86_64-pc-cygwin/bin/ld.exe
checking if the linker (/usr/lib/gcc/x86_64-pc-cygwin/15.3.0/../../../../x86_64-pc-cygwin/bin/ld.exe) is GNU ld... (cached) yes
checking for BSD- or MS-compatible name lister (nm)... (cached) nm
checking the name lister (nm) interface... (cached) BSD nm
checking whether ln -s works... no, using cp -pR
checking the maximum length of command line arguments... (cached) 8192
checking how to convert x86_64-w64-mingw32 file names to x86_64-w64-mingw32 format... (cached) func_convert_file_msys_to_w32
checking how to convert x86_64-w64-mingw32 file names to toolchain format... (cached) func_convert_file_msys_to_w32
checking for /usr/lib/gcc/x86_64-pc-cygwin/15.3.0/../../../../x86_64-pc-cygwin/bin/ld.exe option to reload object files... (cached) -r
checking for x86_64-w64-mingw32-file... no
checking for file... (cached) file
checking for x86_64-w64-mingw32-objdump... (cached) objdump
checking how to recognize dependent libraries... (cached) file_magic ^x86 archive import|^x86 DLL
checking for x86_64-w64-mingw32-dlltool... (cached) dlltool
checking how to associate runtime and link libraries... (cached) func_cygming_dll_for_implib
checking for x86_64-w64-mingw32-ar... (cached) ar 
checking for archiver @FILE support... (cached) @
checking for x86_64-w64-mingw32-strip... no
checking for strip... (cached) strip
checking for x86_64-w64-mingw32-ranlib... (cached) ranlib 
checking command to parse nm output from gcc object... (cached) ok
checking for sysroot... no
checking for a working dd... (cached) /usr/bin/dd
checking how to truncate binary pipes... (cached) /usr/bin/dd bs=4096 count=1
checking for x86_64-w64-mingw32-mt... no
checking for mt... no
checking if : is a manifest tool... (cached) no
checking for dlfcn.h... (cached) yes
checking for x86_64-w64-mingw32-as... (cached) as
checking for x86_64-w64-mingw32-dlltool... (cached) dlltool
checking for x86_64-w64-mingw32-objdump... (cached) objdump
checking for objdir... (cached) .libs
checking if gcc supports -fno-rtti -fno-exceptions... (cached) no
checking for gcc option to produce PIC... (cached) -DDLL_EXPORT -DPIC
checking if gcc PIC flag -DDLL_EXPORT -DPIC works... (cached) yes
checking if gcc static flag -static works... (cached) yes
checking if gcc supports -c -o file.o... (cached) yes
checking if gcc supports -c -o file.o... (cached) yes
checking whether the gcc linker (/usr/lib/gcc/x86_64-pc-cygwin/15.3.0/../../../../x86_64-pc-cygwin/bin/ld.exe) supports shared libraries... yes
checking dynamic linker characteristics... Win32 ld.exe
checking how to hardcode library paths into programs... immediate
checking whether stripping libraries is possible... yes
checking if libtool supports shared libraries... yes
checking whether to build shared libraries... no
checking whether to build static libraries... yes
checking how to run the C++ preprocessor... (cached) g++ -E
checking for ld used by g++... (cached) /usr/lib/gcc/x86_64-pc-cygwin/15.3.0/../../../../x86_64-pc-cygwin/bin/ld.exe
checking if the linker (/usr/lib/gcc/x86_64-pc-cygwin/15.3.0/../../../../x86_64-pc-cygwin/bin/ld.exe) is GNU ld... (cached) yes
checking whether the g++ linker (/usr/lib/gcc/x86_64-pc-cygwin/15.3.0/../../../../x86_64-pc-cygwin/bin/ld.exe) supports shared libraries... yes
checking for g++ option to produce PIC... (cached) -DDLL_EXPORT -DPIC
checking if g++ PIC flag -DDLL_EXPORT -DPIC works... (cached) yes
checking if g++ static flag -static works... (cached) yes
checking if g++ supports -c -o file.o... (cached) yes
checking if g++ supports -c -o file.o... (cached) yes
checking whether the g++ linker (/usr/lib/gcc/x86_64-pc-cygwin/15.3.0/../../../../x86_64-pc-cygwin/bin/ld.exe) supports shared libraries... yes
checking dynamic linker characteristics... Win32 ld.exe
checking how to hardcode library paths into programs... immediate
checking for x86_64-w64-mingw32-windres... no
checking for windres... (cached) windres
checking for features.h... (cached) yes
checking for inline... (cached) inline
checking for size_t... (cached) yes
checking for unsigned long long int... (cached) yes
checking for long long int... yes
checking for wchar_t... (cached) yes
checking for wint_t... (cached) yes
checking whether wint_t is large enough... (cached) yes
checking for mbstate_t... (cached) yes
checking for ptrdiff_t... (cached) yes
checking for inttypes.h... (cached) yes
checking for stdint.h... (cached) yes
checking for stdint.h... (cached) yes
checking for SIZE_MAX... (cached) yes
checking for stdint.h... (cached) yes
checking for working alloca.h... (cached) yes
checking for alloca... (cached) checking whether the preprocessor supports include_next... (cached) yes
checking whether source code line length is unlimited... (cached) yes
checking for complete errno.h... (cached) yes
checking whether ctype.h defines __header_inline... (cached) no
checking whether limits.h has WORD_BIT, BOOL_WIDTH etc.... (cached) no
checking whether the compiler produces multi-arch binaries... (cached) no
checking whether stdint.h conforms to C99... (cached) yes
checking whether stdint.h works without ISO C predefines... (cached) yes
checking whether stdint.h has UINTMAX_WIDTH etc.... (cached) no
checking for C/C++ restrict keyword... (cached) __restrict__
checking for mmap... (cached) yes
checking for MAP_ANONYMOUS... yes
checking for mprotect... (cached) yes
checking for vasnprintf... (cached) yes
checking for snprintf... (cached) yes
checking whether memchr works... (cached) yes
checking for good max_align_t... (cached) yes
checking whether NULL can be used in arbitrary expressions... (cached) yes
checking for unreachable... (cached) yes
checking for gcc options needed to detect all undeclared functions... (cached) none needed
checking whether fcloseall is declared... (cached) yes
checking whether getw is declared... (cached) yes
checking whether putw is declared... (cached) yes
checking which flavor of printf attribute matches inttypes macros... (cached) system
checking for nl_langinfo and CODESET... (cached) yes
checking for a french Unicode locale... (cached) none
checking whether ecvt is declared... (cached) no
checking whether fcvt is declared... (cached) no
checking whether gcvt is declared... (cached) no
checking whether MB_CUR_MAX is correct... (cached) guessing yes
checking for pid_t... (cached) yes
checking for mode_t... (cached) yes
checking whether execvpe is declared... (cached) yes
checking for intmax_t... (cached) yes
checking whether snprintf returns a byte count as in C99... (cached) yes
checking whether snprintf truncates the result as in C99... (cached) yes
checking where to find the exponent in a 'double'... (cached) word 1 bit 20
checking for wcslen... (cached) yes
checking for snprintf... (cached) yes
checking for strnlen... (cached) yes
checking for wcrtomb... (cached) yes
checking whether _snprintf is declared... (cached) no
checking whether <wchar.h> uses 'inline' correctly... (cached) yes
checking whether wcsdup is declared... (cached) yes
checking for C compiler option to allow warnings... (cached) -Wno-error
checking for alloca as a compiler built-in... (cached) yes
checking for static_assert... (cached) yes, a keyword
checking whether conversion from 'int' to 'long double' works... (cached) yes
checking whether free is known to preserve errno... (cached) no
checking for stdint.h... (cached) yes
checking for SIZE_MAX... (cached) yes
checking for ssize_t... (cached) yes
checking for stdint.h... (cached) yes
checking for snprintf... (cached) yes
checking for vasprintf... yes
checking for strnlen... (cached) yes
checking for wcslen... (cached) yes
checking for wcsnlen... (cached) yes
checking for mbrtowc... (cached) yes
checking for wcrtomb... (cached) yes
checking whether _snprintf is declared... (cached) no
checking whether printf() supports POSIX/XSI format strings... (cached) yes
checking for dvips... /c/Users/Syf/Desktop/BS4/tools/gcc-15.2.0/gettext/build-aux/missing dvips
checking for texi2pdf... /c/Users/Syf/Desktop/BS4/tools/gcc-15.2.0/gettext/build-aux/missing texi2pdf
checking for perl... (cached) /usr/bin/perl
configure: updating cache .././config.cache
checking that generated files are newer than configure... done
configure: creating ./config.status
config.status: creating Makefile
config.status: creating gnulib-lib/Makefile
config.status: creating config.h
config.status: executing depfiles commands
config.status: executing libtool commands
