Install prefix    c:/Program Files/QEMU
BIOS directory    c:/Program Files/QEMU
firmware path     c:/Program Files/QEMU/share/qemu-firmware
binary directory  c:/Program Files/QEMU
library directory c:/Program Files/QEMU/lib
module directory  c:/Program Files/QEMU/lib
libexec directory c:/Program Files/QEMU/libexec
include directory c:/Program Files/QEMU/include
config directory  c:/Program Files/QEMU
local state directory   queried at runtime
Windows SDK       no
Source path       /c/Users/Syf/Desktop/BS4/orbital-500/orbital-qemu
GIT binary        git
GIT submodules    ui/keycodemapdb
C compiler        /mingw64/bin/gcc
Host C compiler   cc
C++ compiler      c++
Objective-C compiler /mingw64/bin/gcc
ARFLAGS           rv
CFLAGS            -g -g -std=gnu11 -Wno-error=implicit-function-declaration -I/c/Users/Syf/Desktop/BS4/tools/glslang-install/include
QEMU_CFLAGS       -IC:/Users/Syf/Desktop/BS4/tools/msys64/msys64/mingw64/bin/../include/pixman-1  -DHAS_LIBSSH2_SFTP_FSYNC -IC:/Users/Syf/Desktop/BS4/tools/msys64/msys64/mingw64/bin/../include -IC:/Users/Syf/Desktop/BS4/tools/msys64/msys64/mingw64/bin/../include/glib-2.0 -IC:/Users/Syf/Desktop/BS4/tools/msys64/msys64/mingw64/bin/../lib/glib-2.0/include -m64 -mcx16 -mthreads -D__USE_MINGW_ANSI_STDIO=1 -DWIN32_LEAN_AND_MEAN -DWINVER=0x501 -D_GNU_SOURCE -D_FILE_OFFSET_BITS=64 -D_LARGEFILE_SOURCE -Wstrict-prototypes -Wredundant-decls -Wall -Wundef -Wwrite-strings -Wmissing-prototypes -fno-strict-aliasing -fno-common -fwrapv  -Wno-error=address-of-packed-member -Wexpansion-to-defined -Wendif-labels -Wno-shift-negative-value -Wno-missing-include-dirs -Wempty-body -Wnested-externs -Wformat-security -Wformat-y2k -Winit-self -Wignored-qualifiers -Wold-style-declaration -Wold-style-definition -Wtype-limits -fstack-protector-strong -IC:/Users/Syf/Desktop/BS4/tools/msys64/msys64/mingw64/bin/../include -I/mingw64/include -IC:/Users/Syf/Desktop/BS4/tools/msys64/msys64/mingw64/bin/../include
LDFLAGS           -Wl,--warn-common -m64 -g -L/c/Users/Syf/Desktop/BS4/tools/glslang-install/lib
make              make
install           install
python            python -B
smbd              /usr/sbin/smbd
module support    no
host CPU          x86_64
host big endian   no
target list       ps4-softmmu
gprof enabled     no
sparse enabled    no
strip binaries    no
profiler          no
static build      no
SDL support       yes (2.32.10)
GTK support       no 
GTK GL support    no
VTE support       no 
TLS priority      NORMAL
GNUTLS support    yes
GNUTLS rnd        yes
libgcrypt         yes
libgcrypt kdf     yes
nettle            no 
nettle kdf        no
libtasn1          yes
curses support    no
virgl support     no
curl support      yes
mingw32 support   yes
Audio drivers     dsound
Block whitelist (rw) 
Block whitelist (ro) 
VirtFS support    no
Multipath support no
VNC support       yes
VNC SASL support  no
VNC JPEG support  no
VNC PNG support   no
xen support       no
brlapi support    no
bluez  support    no
Documentation     no
PIE               no
vde support       no
netmap support    no
Linux AIO support no
ATTR/XATTR support no
Install blobs     yes
KVM support       no
HAX support       yes
HVF support       no
WHPX support      no
TCG support       yes
TCG debug enabled yes
TCG interpreter   no
malloc trim support no
RDMA support      no
fdt support       yes
membarrier        no
preadv support    no
fdatasync         no
madvise           no
posix_madvise     no
posix_memalign    no
libcap-ng support no
vhost-net support no
vhost-crypto support no
vhost-scsi support no
vhost-vsock support no
vhost-user support no
Trace backends    log
spice support     no 
rbd support       no
xfsctl support    no
smartcard support no
libusb            yes
usb net redir     no
OpenGL support    no
OpenGL dmabufs    no
Vulkan support    yes
libiscsi support  no
libnfs support    no
build guest agent yes
QGA VSS support   no
QGA w32 disk info yes
QGA MSI support   no
seccomp support   no
coroutine backend win32
coroutine pool    yes
debug stack usage no
crypto afalg      no
GlusterFS support no
gcov              gcov
gcov enabled      no
TPM support       yes
libssh2 support   yes
TPM passthrough   no
TPM emulator      no
QOM debugging     yes
Live block migration yes
lzo support       no
snappy support    no
bzip2 support     yes
NUMA host support no
libxml2           no
tcmalloc support  no
jemalloc support  no
avx2 optimization yes
replication support yes
VxHS block device no
capstone          no
  GEN     config-host.h
  GEN     qemu-options.def
  GEN     qapi-gen
  GEN     trace/generated-tcg-tracers.h
  GEN     trace/generated-helpers-wrappers.h
  GEN     trace/generated-helpers.h
  GEN     trace/generated-helpers.c
  GEN     module_block.h
C:/Users/Syf/Desktop/BS4/orbital-500/orbital-qemu/scripts/tracetool/__init__.py:78: SyntaxWarning: "\*" is an invalid escape sequence. Such sequences will not work in the future. Did you mean "\\*"? A raw string is also an option.
  bit = re.sub("\*", "", bit)
C:/Users/Syf/Desktop/BS4/orbital-500/orbital-qemu/scripts/tracetool/__init__.py:205: SyntaxWarning: "\w" is an invalid escape sequence. Such sequences will not work in the future. Did you mean "\\w"? A raw string is also an option.
  _CRE = re.compile("((?P<props>[\w\s]+)\s+)?"
C:/Users/Syf/Desktop/BS4/orbital-500/orbital-qemu/scripts/tracetool/__init__.py:206: SyntaxWarning: "\w" is an invalid escape sequence. Such sequences will not work in the future. Did you mean "\\w"? A raw string is also an option.
  "(?P<name>\w+)"
C:/Users/Syf/Desktop/BS4/orbital-500/orbital-qemu/scripts/tracetool/__init__.py:207: SyntaxWarning: "\(" is an invalid escape sequence. Such sequences will not work in the future. Did you mean "\\("? A raw string is also an option.
  "\((?P<args>[^)]*)\)"
C:/Users/Syf/Desktop/BS4/orbital-500/orbital-qemu/scripts/tracetool/__init__.py:208: SyntaxWarning: "\s" is an invalid escape sequence. Such sequences will not work in the future. Did you mean "\\s"? A raw string is also an option.
  "\s*"
C:/Users/Syf/Desktop/BS4/orbital-500/orbital-qemu/scripts/tracetool/__init__.py:209: SyntaxWarning: "\s" is an invalid escape sequence. Such sequences will not work in the future. Did you mean "\\s"? A raw string is also an option.
  "(?:(?:(?P<fmt_trans>\".+),)?\s*(?P<fmt>\".+))?"
C:/Users/Syf/Desktop/BS4/orbital-500/orbital-qemu/scripts/tracetool/__init__.py:210: SyntaxWarning: "\s" is an invalid escape sequence. Such sequences will not work in the future. Did you mean "\\s"? A raw string is also an option.
  "\s*")
C:/Users/Syf/Desktop/BS4/orbital-500/orbital-qemu/scripts/tracetool/__init__.py:312: SyntaxWarning: "\d" is an invalid escape sequence. Such sequences will not work in the future. Did you mean "\\d"? A raw string is also an option.
  _FMT = re.compile("(%[\d\.]*\w+|%.*?PRI\S+)")
C:/Users/Syf/Desktop/BS4/orbital-500/orbital-qemu/scripts/tracetool/__init__.py:452: SyntaxWarning: "is" with 'int' literal. Did you mean "=="?
  if len(format) is 0:
C:/Users/Syf/Desktop/BS4/orbital-500/orbital-qemu/scripts/tracetool/__init__.py:457: SyntaxWarning: "is" with 'int' literal. Did you mean "=="?
  if len(backends) is 0:
C:/Users/Syf/Desktop/BS4/orbital-500/orbital-qemu/scripts/tracetool/__init__.py:78: SyntaxWarning: "\*" is an invalid escape sequence. Such sequences will not work in the future. Did you mean "\\*"? A raw string is also an option.
  bit = re.sub("\*", "", bit)
C:/Users/Syf/Desktop/BS4/orbital-500/orbital-qemu/scripts/tracetool/__init__.py:205: SyntaxWarning: "\w" is an invalid escape sequence. Such sequences will not work in the future. Did you mean "\\w"? A raw string is also an option.
  _CRE = re.compile("((?P<props>[\w\s]+)\s+)?"
C:/Users/Syf/Desktop/BS4/orbital-500/orbital-qemu/scripts/tracetool/__init__.py:206: SyntaxWarning: "\w" is an invalid escape sequence. Such sequences will not work in the future. Did you mean "\\w"? A raw string is also an option.
  "(?P<name>\w+)"
C:/Users/Syf/Desktop/BS4/orbital-500/orbital-qemu/scripts/tracetool/__init__.py:207: SyntaxWarning: "\(" is an invalid escape sequence. Such sequences will not work in the future. Did you mean "\\("? A raw string is also an option.
  "\((?P<args>[^)]*)\)"
C:/Users/Syf/Desktop/BS4/orbital-500/orbital-qemu/scripts/tracetool/__init__.py:208: SyntaxWarning: "\s" is an invalid escape sequence. Such sequences will not work in the future. Did you mean "\\s"? A raw string is also an option.
  "\s*"
C:/Users/Syf/Desktop/BS4/orbital-500/orbital-qemu/scripts/tracetool/__init__.py:209: SyntaxWarning: "\s" is an invalid escape sequence. Such sequences will not work in the future. Did you mean "\\s"? A raw string is also an option.
  "(?:(?:(?P<fmt_trans>\".+),)?\s*(?P<fmt>\".+))?"
C:/Users/Syf/Desktop/BS4/orbital-500/orbital-qemu/scripts/tracetool/__init__.py:210: SyntaxWarning: "\s" is an invalid escape sequence. Such sequences will not work in the future. Did you mean "\\s"? A raw string is also an option.
  "\s*")
C:/Users/Syf/Desktop/BS4/orbital-500/orbital-qemu/scripts/tracetool/__init__.py:312: SyntaxWarning: "\d" is an invalid escape sequence. Such sequences will not work in the future. Did you mean "\\d"? A raw string is also an option.
  _FMT = re.compile("(%[\d\.]*\w+|%.*?PRI\S+)")
C:/Users/Syf/Desktop/BS4/orbital-500/orbital-qemu/scripts/tracetool/__init__.py:452: SyntaxWarning: "is" with 'int' literal. Did you mean "=="?
  if len(format) is 0:
C:/Users/Syf/Desktop/BS4/orbital-500/orbital-qemu/scripts/tracetool/__init__.py:457: SyntaxWarning: "is" with 'int' literal. Did you mean "=="?
  if len(backends) is 0:
C:/Users/Syf/Desktop/BS4/orbital-500/orbital-qemu/scripts/tracetool/__init__.py:78: SyntaxWarning: "\*" is an invalid escape sequence. Such sequences will not work in the future. Did you mean "\\*"? A raw string is also an option.
  bit = re.sub("\*", "", bit)
C:/Users/Syf/Desktop/BS4/orbital-500/orbital-qemu/scripts/tracetool/__init__.py:205: SyntaxWarning: "\w" is an invalid escape sequence. Such sequences will not work in the future. Did you mean "\\w"? A raw string is also an option.
  _CRE = re.compile("((?P<props>[\w\s]+)\s+)?"
C:/Users/Syf/Desktop/BS4/orbital-500/orbital-qemu/scripts/tracetool/__init__.py:206: SyntaxWarning: "\w" is an invalid escape sequence. Such sequences will not work in the future. Did you mean "\\w"? A raw string is also an option.
  "(?P<name>\w+)"
C:/Users/Syf/Desktop/BS4/orbital-500/orbital-qemu/scripts/tracetool/__init__.py:207: SyntaxWarning: "\(" is an invalid escape sequence. Such sequences will not work in the future. Did you mean "\\("? A raw string is also an option.
  "\((?P<args>[^)]*)\)"
C:/Users/Syf/Desktop/BS4/orbital-500/orbital-qemu/scripts/tracetool/__init__.py:208: SyntaxWarning: "\s" is an invalid escape sequence. Such sequences will not work in the future. Did you mean "\\s"? A raw string is also an option.
  "\s*"
C:/Users/Syf/Desktop/BS4/orbital-500/orbital-qemu/scripts/tracetool/__init__.py:209: SyntaxWarning: "\s" is an invalid escape sequence. Such sequences will not work in the future. Did you mean "\\s"? A raw string is also an option.
  "(?:(?:(?P<fmt_trans>\".+),)?\s*(?P<fmt>\".+))?"
C:/Users/Syf/Desktop/BS4/orbital-500/orbital-qemu/scripts/tracetool/__init__.py:210: SyntaxWarning: "\s" is an invalid escape sequence. Such sequences will not work in the future. Did you mean "\\s"? A raw string is also an option.
  "\s*")
C:/Users/Syf/Desktop/BS4/orbital-500/orbital-qemu/scripts/tracetool/__init__.py:312: SyntaxWarning: "\d" is an invalid escape sequence. Such sequences will not work in the future. Did you mean "\\d"? A raw string is also an option.
  _FMT = re.compile("(%[\d\.]*\w+|%.*?PRI\S+)")
C:/Users/Syf/Desktop/BS4/orbital-500/orbital-qemu/scripts/tracetool/__init__.py:452: SyntaxWarning: "is" with 'int' literal. Did you mean "=="?
  if len(format) is 0:
C:/Users/Syf/Desktop/BS4/orbital-500/orbital-qemu/scripts/tracetool/__init__.py:457: SyntaxWarning: "is" with 'int' literal. Did you mean "=="?
  if len(backends) is 0:
C:/Users/Syf/Desktop/BS4/orbital-500/orbital-qemu/scripts/tracetool/__init__.py:78: SyntaxWarning: "\*" is an invalid escape sequence. Such sequences will not work in the future. Did you mean "\\*"? A raw string is also an option.
  bit = re.sub("\*", "", bit)
C:/Users/Syf/Desktop/BS4/orbital-500/orbital-qemu/scripts/tracetool/__init__.py:205: SyntaxWarning: "\w" is an invalid escape sequence. Such sequences will not work in the future. Did you mean "\\w"? A raw string is also an option.
  _CRE = re.compile("((?P<props>[\w\s]+)\s+)?"
C:/Users/Syf/Desktop/BS4/orbital-500/orbital-qemu/scripts/tracetool/__init__.py:206: SyntaxWarning: "\w" is an invalid escape sequence. Such sequences will not work in the future. Did you mean "\\w"? A raw string is also an option.
  "(?P<name>\w+)"
C:/Users/Syf/Desktop/BS4/orbital-500/orbital-qemu/scripts/tracetool/__init__.py:207: SyntaxWarning: "\(" is an invalid escape sequence. Such sequences will not work in the future. Did you mean "\\("? A raw string is also an option.
  "\((?P<args>[^)]*)\)"
C:/Users/Syf/Desktop/BS4/orbital-500/orbital-qemu/scripts/tracetool/__init__.py:208: SyntaxWarning: "\s" is an invalid escape sequence. Such sequences will not work in the future. Did you mean "\\s"? A raw string is also an option.
  "\s*"
C:/Users/Syf/Desktop/BS4/orbital-500/orbital-qemu/scripts/tracetool/__init__.py:209: SyntaxWarning: "\s" is an invalid escape sequence. Such sequences will not work in the future. Did you mean "\\s"? A raw string is also an option.
  "(?:(?:(?P<fmt_trans>\".+),)?\s*(?P<fmt>\".+))?"
C:/Users/Syf/Desktop/BS4/orbital-500/orbital-qemu/scripts/tracetool/__init__.py:210: SyntaxWarning: "\s" is an invalid escape sequence. Such sequences will not work in the future. Did you mean "\\s"? A raw string is also an option.
  "\s*")
C:/Users/Syf/Desktop/BS4/orbital-500/orbital-qemu/scripts/tracetool/__init__.py:312: SyntaxWarning: "\d" is an invalid escape sequence. Such sequences will not work in the future. Did you mean "\\d"? A raw string is also an option.
  _FMT = re.compile("(%[\d\.]*\w+|%.*?PRI\S+)")
C:/Users/Syf/Desktop/BS4/orbital-500/orbital-qemu/scripts/tracetool/__init__.py:452: SyntaxWarning: "is" with 'int' literal. Did you mean "=="?
  if len(format) is 0:
C:/Users/Syf/Desktop/BS4/orbital-500/orbital-qemu/scripts/tracetool/__init__.py:457: SyntaxWarning: "is" with 'int' literal. Did you mean "=="?
  if len(backends) is 0:
  GIT     ui/keycodemapdb
  GEN     tests/test-qapi-gen
  GEN     trace-root.h
C:/Users/Syf/Desktop/BS4/orbital-500/orbital-qemu/scripts/tracetool/__init__.py:78: SyntaxWarning: "\*" is an invalid escape sequence. Such sequences will not work in the future. Did you mean "\\*"? A raw string is also an option.
  bit = re.sub("\*", "", bit)
C:/Users/Syf/Desktop/BS4/orbital-500/orbital-qemu/scripts/tracetool/__init__.py:205: SyntaxWarning: "\w" is an invalid escape sequence. Such sequences will not work in the future. Did you mean "\\w"? A raw string is also an option.
  _CRE = re.compile("((?P<props>[\w\s]+)\s+)?"
C:/Users/Syf/Desktop/BS4/orbital-500/orbital-qemu/scripts/tracetool/__init__.py:206: SyntaxWarning: "\w" is an invalid escape sequence. Such sequences will not work in the future. Did you mean "\\w"? A raw string is also an option.
  "(?P<name>\w+)"
C:/Users/Syf/Desktop/BS4/orbital-500/orbital-qemu/scripts/tracetool/__init__.py:207: SyntaxWarning: "\(" is an invalid escape sequence. Such sequences will not work in the future. Did you mean "\\("? A raw string is also an option.
  "\((?P<args>[^)]*)\)"
C:/Users/Syf/Desktop/BS4/orbital-500/orbital-qemu/scripts/tracetool/__init__.py:208: SyntaxWarning: "\s" is an invalid escape sequence. Such sequences will not work in the future. Did you mean "\\s"? A raw string is also an option.
  "\s*"
C:/Users/Syf/Desktop/BS4/orbital-500/orbital-qemu/scripts/tracetool/__init__.py:209: SyntaxWarning: "\s" is an invalid escape sequence. Such sequences will not work in the future. Did you mean "\\s"? A raw string is also an option.
  "(?:(?:(?P<fmt_trans>\".+),)?\s*(?P<fmt>\".+))?"
C:/Users/Syf/Desktop/BS4/orbital-500/orbital-qemu/scripts/tracetool/__init__.py:210: SyntaxWarning: "\s" is an invalid escape sequence. Such sequences will not work in the future. Did you mean "\\s"? A raw string is also an option.
  "\s*")
C:/Users/Syf/Desktop/BS4/orbital-500/orbital-qemu/scripts/tracetool/__init__.py:312: SyntaxWarning: "\d" is an invalid escape sequence. Such sequences will not work in the future. Did you mean "\\d"? A raw string is also an option.
  _FMT = re.compile("(%[\d\.]*\w+|%.*?PRI\S+)")
C:/Users/Syf/Desktop/BS4/orbital-500/orbital-qemu/scripts/tracetool/__init__.py:452: SyntaxWarning: "is" with 'int' literal. Did you mean "=="?
  if len(format) is 0:
C:/Users/Syf/Desktop/BS4/orbital-500/orbital-qemu/scripts/tracetool/__init__.py:457: SyntaxWarning: "is" with 'int' literal. Did you mean "=="?
  if len(backends) is 0:
  GEN     util/trace.h
C:/Users/Syf/Desktop/BS4/orbital-500/orbital-qemu/scripts/tracetool/__init__.py:78: SyntaxWarning: "\*" is an invalid escape sequence. Such sequences will not work in the future. Did you mean "\\*"? A raw string is also an option.
  bit = re.sub("\*", "", bit)
C:/Users/Syf/Desktop/BS4/orbital-500/orbital-qemu/scripts/tracetool/__init__.py:205: SyntaxWarning: "\w" is an invalid escape sequence. Such sequences will not work in the future. Did you mean "\\w"? A raw string is also an option.
  _CRE = re.compile("((?P<props>[\w\s]+)\s+)?"
C:/Users/Syf/Desktop/BS4/orbital-500/orbital-qemu/scripts/tracetool/__init__.py:206: SyntaxWarning: "\w" is an invalid escape sequence. Such sequences will not work in the future. Did you mean "\\w"? A raw string is also an option.
  "(?P<name>\w+)"
C:/Users/Syf/Desktop/BS4/orbital-500/orbital-qemu/scripts/tracetool/__init__.py:207: SyntaxWarning: "\(" is an invalid escape sequence. Such sequences will not work in the future. Did you mean "\\("? A raw string is also an option.
  "\((?P<args>[^)]*)\)"
C:/Users/Syf/Desktop/BS4/orbital-500/orbital-qemu/scripts/tracetool/__init__.py:208: SyntaxWarning: "\s" is an invalid escape sequence. Such sequences will not work in the future. Did you mean "\\s"? A raw string is also an option.
  "\s*"
C:/Users/Syf/Desktop/BS4/orbital-500/orbital-qemu/scripts/tracetool/__init__.py:209: SyntaxWarning: "\s" is an invalid escape sequence. Such sequences will not work in the future. Did you mean "\\s"? A raw string is also an option.
  "(?:(?:(?P<fmt_trans>\".+),)?\s*(?P<fmt>\".+))?"
C:/Users/Syf/Desktop/BS4/orbital-500/orbital-qemu/scripts/tracetool/__init__.py:210: SyntaxWarning: "\s" is an invalid escape sequence. Such sequences will not work in the future. Did you mean "\\s"? A raw string is also an option.
  "\s*")
C:/Users/Syf/Desktop/BS4/orbital-500/orbital-qemu/scripts/tracetool/__init__.py:312: SyntaxWarning: "\d" is an invalid escape sequence. Such sequences will not work in the future. Did you mean "\\d"? A raw string is also an option.
  _FMT = re.compile("(%[\d\.]*\w+|%.*?PRI\S+)")
C:/Users/Syf/Desktop/BS4/orbital-500/orbital-qemu/scripts/tracetool/__init__.py:452: SyntaxWarning: "is" with 'int' literal. Did you mean "=="?
  if len(format) is 0:
C:/Users/Syf/Desktop/BS4/orbital-500/orbital-qemu/scripts/tracetool/__init__.py:457: SyntaxWarning: "is" with 'int' literal. Did you mean "=="?
  if len(backends) is 0:
  GEN     crypto/trace.h
C:/Users/Syf/Desktop/BS4/orbital-500/orbital-qemu/scripts/tracetool/__init__.py:78: SyntaxWarning: "\*" is an invalid escape sequence. Such sequences will not work in the future. Did you mean "\\*"? A raw string is also an option.
  bit = re.sub("\*", "", bit)
C:/Users/Syf/Desktop/BS4/orbital-500/orbital-qemu/scripts/tracetool/__init__.py:205: SyntaxWarning: "\w" is an invalid escape sequence. Such sequences will not work in the future. Did you mean "\\w"? A raw string is also an option.
  _CRE = re.compile("((?P<props>[\w\s]+)\s+)?"
C:/Users/Syf/Desktop/BS4/orbital-500/orbital-qemu/scripts/tracetool/__init__.py:206: SyntaxWarning: "\w" is an invalid escape sequence. Such sequences will not work in the future. Did you mean "\\w"? A raw string is also an option.
  "(?P<name>\w+)"
C:/Users/Syf/Desktop/BS4/orbital-500/orbital-qemu/scripts/tracetool/__init__.py:207: SyntaxWarning: "\(" is an invalid escape sequence. Such sequences will not work in the future. Did you mean "\\("? A raw string is also an option.
  "\((?P<args>[^)]*)\)"
C:/Users/Syf/Desktop/BS4/orbital-500/orbital-qemu/scripts/tracetool/__init__.py:208: SyntaxWarning: "\s" is an invalid escape sequence. Such sequences will not work in the future. Did you mean "\\s"? A raw string is also an option.
  "\s*"
C:/Users/Syf/Desktop/BS4/orbital-500/orbital-qemu/scripts/tracetool/__init__.py:209: SyntaxWarning: "\s" is an invalid escape sequence. Such sequences will not work in the future. Did you mean "\\s"? A raw string is also an option.
  "(?:(?:(?P<fmt_trans>\".+),)?\s*(?P<fmt>\".+))?"
C:/Users/Syf/Desktop/BS4/orbital-500/orbital-qemu/scripts/tracetool/__init__.py:210: SyntaxWarning: "\s" is an invalid escape sequence. Such sequences will not work in the future. Did you mean "\\s"? A raw string is also an option.
  "\s*")
C:/Users/Syf/Desktop/BS4/orbital-500/orbital-qemu/scripts/tracetool/__init__.py:312: SyntaxWarning: "\d" is an invalid escape sequence. Such sequences will not work in the future. Did you mean "\\d"? A raw string is also an option.
  _FMT = re.compile("(%[\d\.]*\w+|%.*?PRI\S+)")
C:/Users/Syf/Desktop/BS4/orbital-500/orbital-qemu/scripts/tracetool/__init__.py:452: SyntaxWarning: "is" with 'int' literal. Did you mean "=="?
  if len(format) is 0:
C:/Users/Syf/Desktop/BS4/orbital-500/orbital-qemu/scripts/tracetool/__init__.py:457: SyntaxWarning: "is" with 'int' literal. Did you mean "=="?
  if len(backends) is 0:
  GEN     io/trace.h
C:/Users/Syf/Desktop/BS4/orbital-500/orbital-qemu/scripts/tracetool/__init__.py:78: SyntaxWarning: "\*" is an invalid escape sequence. Such sequences will not work in the future. Did you mean "\\*"? A raw string is also an option.
  bit = re.sub("\*", "", bit)
C:/Users/Syf/Desktop/BS4/orbital-500/orbital-qemu/scripts/tracetool/__init__.py:205: SyntaxWarning: "\w" is an invalid escape sequence. Such sequences will not work in the future. Did you mean "\\w"? A raw string is also an option.
  _CRE = re.compile("((?P<props>[\w\s]+)\s+)?"
C:/Users/Syf/Desktop/BS4/orbital-500/orbital-qemu/scripts/tracetool/__init__.py:206: SyntaxWarning: "\w" is an invalid escape sequence. Such sequences will not work in the future. Did you mean "\\w"? A raw string is also an option.
  "(?P<name>\w+)"
C:/Users/Syf/Desktop/BS4/orbital-500/orbital-qemu/scripts/tracetool/__init__.py:207: SyntaxWarning: "\(" is an invalid escape sequence. Such sequences will not work in the future. Did you mean "\\("? A raw string is also an option.
  "\((?P<args>[^)]*)\)"
C:/Users/Syf/Desktop/BS4/orbital-500/orbital-qemu/scripts/tracetool/__init__.py:208: SyntaxWarning: "\s" is an invalid escape sequence. Such sequences will not work in the future. Did you mean "\\s"? A raw string is also an option.
  "\s*"
C:/Users/Syf/Desktop/BS4/orbital-500/orbital-qemu/scripts/tracetool/__init__.py:209: SyntaxWarning: "\s" is an invalid escape sequence. Such sequences will not work in the future. Did you mean "\\s"? A raw string is also an option.
  "(?:(?:(?P<fmt_trans>\".+),)?\s*(?P<fmt>\".+))?"
C:/Users/Syf/Desktop/BS4/orbital-500/orbital-qemu/scripts/tracetool/__init__.py:210: SyntaxWarning: "\s" is an invalid escape sequence. Such sequences will not work in the future. Did you mean "\\s"? A raw string is also an option.
  "\s*")
C:/Users/Syf/Desktop/BS4/orbital-500/orbital-qemu/scripts/tracetool/__init__.py:312: SyntaxWarning: "\d" is an invalid escape sequence. Such sequences will not work in the future. Did you mean "\\d"? A raw string is also an option.
  _FMT = re.compile("(%[\d\.]*\w+|%.*?PRI\S+)")
C:/Users/Syf/Desktop/BS4/orbital-500/orbital-qemu/scripts/tracetool/__init__.py:452: SyntaxWarning: "is" with 'int' literal. Did you mean "=="?
  if len(format) is 0:
C:/Users/Syf/Desktop/BS4/orbital-500/orbital-qemu/scripts/tracetool/__init__.py:457: SyntaxWarning: "is" with 'int' literal. Did you mean "=="?
  if len(backends) is 0:
  GEN     migration/trace.h
C:/Users/Syf/Desktop/BS4/orbital-500/orbital-qemu/scripts/tracetool/__init__.py:78: SyntaxWarning: "\*" is an invalid escape sequence. Such sequences will not work in the future. Did you mean "\\*"? A raw string is also an option.
  bit = re.sub("\*", "", bit)
C:/Users/Syf/Desktop/BS4/orbital-500/orbital-qemu/scripts/tracetool/__init__.py:205: SyntaxWarning: "\w" is an invalid escape sequence. Such sequences will not work in the future. Did you mean "\\w"? A raw string is also an option.
  _CRE = re.compile("((?P<props>[\w\s]+)\s+)?"
C:/Users/Syf/Desktop/BS4/orbital-500/orbital-qemu/scripts/tracetool/__init__.py:206: SyntaxWarning: "\w" is an invalid escape sequence. Such sequences will not work in the future. Did you mean "\\w"? A raw string is also an option.
  "(?P<name>\w+)"
C:/Users/Syf/Desktop/BS4/orbital-500/orbital-qemu/scripts/tracetool/__init__.py:207: SyntaxWarning: "\(" is an invalid escape sequence. Such sequences will not work in the future. Did you mean "\\("? A raw string is also an option.
  "\((?P<args>[^)]*)\)"
C:/Users/Syf/Desktop/BS4/orbital-500/orbital-qemu/scripts/tracetool/__init__.py:208: SyntaxWarning: "\s" is an invalid escape sequence. Such sequences will not work in the future. Did you mean "\\s"? A raw string is also an option.
  "\s*"
C:/Users/Syf/Desktop/BS4/orbital-500/orbital-qemu/scripts/tracetool/__init__.py:209: SyntaxWarning: "\s" is an invalid escape sequence. Such sequences will not work in the future. Did you mean "\\s"? A raw string is also an option.
  "(?:(?:(?P<fmt_trans>\".+),)?\s*(?P<fmt>\".+))?"
C:/Users/Syf/Desktop/BS4/orbital-500/orbital-qemu/scripts/tracetool/__init__.py:210: SyntaxWarning: "\s" is an invalid escape sequence. Such sequences will not work in the future. Did you mean "\\s"? A raw string is also an option.
  "\s*")
C:/Users/Syf/Desktop/BS4/orbital-500/orbital-qemu/scripts/tracetool/__init__.py:312: SyntaxWarning: "\d" is an invalid escape sequence. Such sequences will not work in the future. Did you mean "\\d"? A raw string is also an option.
  _FMT = re.compile("(%[\d\.]*\w+|%.*?PRI\S+)")
C:/Users/Syf/Desktop/BS4/orbital-500/orbital-qemu/scripts/tracetool/__init__.py:452: SyntaxWarning: "is" with 'int' literal. Did you mean "=="?
  if len(format) is 0:
C:/Users/Syf/Desktop/BS4/orbital-500/orbital-qemu/scripts/tracetool/__init__.py:457: SyntaxWarning: "is" with 'int' literal. Did you mean "=="?
  if len(backends) is 0:
  GEN     block/trace.h
C:/Users/Syf/Desktop/BS4/orbital-500/orbital-qemu/scripts/tracetool/__init__.py:78: SyntaxWarning: "\*" is an invalid escape sequence. Such sequences will not work in the future. Did you mean "\\*"? A raw string is also an option.
  bit = re.sub("\*", "", bit)
C:/Users/Syf/Desktop/BS4/orbital-500/orbital-qemu/scripts/tracetool/__init__.py:205: SyntaxWarning: "\w" is an invalid escape sequence. Such sequences will not work in the future. Did you mean "\\w"? A raw string is also an option.
  _CRE = re.compile("((?P<props>[\w\s]+)\s+)?"
C:/Users/Syf/Desktop/BS4/orbital-500/orbital-qemu/scripts/tracetool/__init__.py:206: SyntaxWarning: "\w" is an invalid escape sequence. Such sequences will not work in the future. Did you mean "\\w"? A raw string is also an option.
  "(?P<name>\w+)"
C:/Users/Syf/Desktop/BS4/orbital-500/orbital-qemu/scripts/tracetool/__init__.py:207: SyntaxWarning: "\(" is an invalid escape sequence. Such sequences will not work in the future. Did you mean "\\("? A raw string is also an option.
  "\((?P<args>[^)]*)\)"
C:/Users/Syf/Desktop/BS4/orbital-500/orbital-qemu/scripts/tracetool/__init__.py:208: SyntaxWarning: "\s" is an invalid escape sequence. Such sequences will not work in the future. Did you mean "\\s"? A raw string is also an option.
  "\s*"
C:/Users/Syf/Desktop/BS4/orbital-500/orbital-qemu/scripts/tracetool/__init__.py:209: SyntaxWarning: "\s" is an invalid escape sequence. Such sequences will not work in the future. Did you mean "\\s"? A raw string is also an option.
  "(?:(?:(?P<fmt_trans>\".+),)?\s*(?P<fmt>\".+))?"
C:/Users/Syf/Desktop/BS4/orbital-500/orbital-qemu/scripts/tracetool/__init__.py:210: SyntaxWarning: "\s" is an invalid escape sequence. Such sequences will not work in the future. Did you mean "\\s"? A raw string is also an option.
  "\s*")
C:/Users/Syf/Desktop/BS4/orbital-500/orbital-qemu/scripts/tracetool/__init__.py:312: SyntaxWarning: "\d" is an invalid escape sequence. Such sequences will not work in the future. Did you mean "\\d"? A raw string is also an option.
  _FMT = re.compile("(%[\d\.]*\w+|%.*?PRI\S+)")
C:/Users/Syf/Desktop/BS4/orbital-500/orbital-qemu/scripts/tracetool/__init__.py:452: SyntaxWarning: "is" with 'int' literal. Did you mean "=="?
  if len(format) is 0:
C:/Users/Syf/Desktop/BS4/orbital-500/orbital-qemu/scripts/tracetool/__init__.py:457: SyntaxWarning: "is" with 'int' literal. Did you mean "=="?
  if len(backends) is 0:
  GEN     chardev/trace.h
C:/Users/Syf/Desktop/BS4/orbital-500/orbital-qemu/scripts/tracetool/__init__.py:78: SyntaxWarning: "\*" is an invalid escape sequence. Such sequences will not work in the future. Did you mean "\\*"? A raw string is also an option.
  bit = re.sub("\*", "", bit)
C:/Users/Syf/Desktop/BS4/orbital-500/orbital-qemu/scripts/tracetool/__init__.py:205: SyntaxWarning: "\w" is an invalid escape sequence. Such sequences will not work in the future. Did you mean "\\w"? A raw string is also an option.
  _CRE = re.compile("((?P<props>[\w\s]+)\s+)?"
C:/Users/Syf/Desktop/BS4/orbital-500/orbital-qemu/scripts/tracetool/__init__.py:206: SyntaxWarning: "\w" is an invalid escape sequence. Such sequences will not work in the future. Did you mean "\\w"? A raw string is also an option.
  "(?P<name>\w+)"
C:/Users/Syf/Desktop/BS4/orbital-500/orbital-qemu/scripts/tracetool/__init__.py:207: SyntaxWarning: "\(" is an invalid escape sequence. Such sequences will not work in the future. Did you mean "\\("? A raw string is also an option.
  "\((?P<args>[^)]*)\)"
C:/Users/Syf/Desktop/BS4/orbital-500/orbital-qemu/scripts/tracetool/__init__.py:208: SyntaxWarning: "\s" is an invalid escape sequence. Such sequences will not work in the future. Did you mean "\\s"? A raw string is also an option.
  "\s*"
C:/Users/Syf/Desktop/BS4/orbital-500/orbital-qemu/scripts/tracetool/__init__.py:209: SyntaxWarning: "\s" is an invalid escape sequence. Such sequences will not work in the future. Did you mean "\\s"? A raw string is also an option.
  "(?:(?:(?P<fmt_trans>\".+),)?\s*(?P<fmt>\".+))?"
C:/Users/Syf/Desktop/BS4/orbital-500/orbital-qemu/scripts/tracetool/__init__.py:210: SyntaxWarning: "\s" is an invalid escape sequence. Such sequences will not work in the future. Did you mean "\\s"? A raw string is also an option.
  "\s*")
  GEN     hw/block/trace.h
C:/Users/Syf/Desktop/BS4/orbital-500/orbital-qemu/scripts/tracetool/__init__.py:312: SyntaxWarning: "\d" is an invalid escape sequence. Such sequences will not work in the future. Did you mean "\\d"? A raw string is also an option.
  _FMT = re.compile("(%[\d\.]*\w+|%.*?PRI\S+)")
C:/Users/Syf/Desktop/BS4/orbital-500/orbital-qemu/scripts/tracetool/__init__.py:452: SyntaxWarning: "is" with 'int' literal. Did you mean "=="?
  if len(format) is 0:
C:/Users/Syf/Desktop/BS4/orbital-500/orbital-qemu/scripts/tracetool/__init__.py:457: SyntaxWarning: "is" with 'int' literal. Did you mean "=="?
  if len(backends) is 0:
C:/Users/Syf/Desktop/BS4/orbital-500/orbital-qemu/scripts/tracetool/__init__.py:78: SyntaxWarning: "\*" is an invalid escape sequence. Such sequences will not work in the future. Did you mean "\\*"? A raw string is also an option.
  bit = re.sub("\*", "", bit)
C:/Users/Syf/Desktop/BS4/orbital-500/orbital-qemu/scripts/tracetool/__init__.py:205: SyntaxWarning: "\w" is an invalid escape sequence. Such sequences will not work in the future. Did you mean "\\w"? A raw string is also an option.
  _CRE = re.compile("((?P<props>[\w\s]+)\s+)?"
C:/Users/Syf/Desktop/BS4/orbital-500/orbital-qemu/scripts/tracetool/__init__.py:206: SyntaxWarning: "\w" is an invalid escape sequence. Such sequences will not work in the future. Did you mean "\\w"? A raw string is also an option.
  "(?P<name>\w+)"
C:/Users/Syf/Desktop/BS4/orbital-500/orbital-qemu/scripts/tracetool/__init__.py:207: SyntaxWarning: "\(" is an invalid escape sequence. Such sequences will not work in the future. Did you mean "\\("? A raw string is also an option.
  "\((?P<args>[^)]*)\)"
C:/Users/Syf/Desktop/BS4/orbital-500/orbital-qemu/scripts/tracetool/__init__.py:208: SyntaxWarning: "\s" is an invalid escape sequence. Such sequences will not work in the future. Did you mean "\\s"? A raw string is also an option.
  "\s*"
C:/Users/Syf/Desktop/BS4/orbital-500/orbital-qemu/scripts/tracetool/__init__.py:209: SyntaxWarning: "\s" is an invalid escape sequence. Such sequences will not work in the future. Did you mean "\\s"? A raw string is also an option.
  "(?:(?:(?P<fmt_trans>\".+),)?\s*(?P<fmt>\".+))?"
C:/Users/Syf/Desktop/BS4/orbital-500/orbital-qemu/scripts/tracetool/__init__.py:210: SyntaxWarning: "\s" is an invalid escape sequence. Such sequences will not work in the future. Did you mean "\\s"? A raw string is also an option.
  "\s*")
C:/Users/Syf/Desktop/BS4/orbital-500/orbital-qemu/scripts/tracetool/__init__.py:312: SyntaxWarning: "\d" is an invalid escape sequence. Such sequences will not work in the future. Did you mean "\\d"? A raw string is also an option.
  _FMT = re.compile("(%[\d\.]*\w+|%.*?PRI\S+)")
C:/Users/Syf/Desktop/BS4/orbital-500/orbital-qemu/scripts/tracetool/__init__.py:452: SyntaxWarning: "is" with 'int' literal. Did you mean "=="?
  if len(format) is 0:
C:/Users/Syf/Desktop/BS4/orbital-500/orbital-qemu/scripts/tracetool/__init__.py:457: SyntaxWarning: "is" with 'int' literal. Did you mean "=="?
  if len(backends) is 0:
  GEN     hw/block/dataplane/trace.h
C:/Users/Syf/Desktop/BS4/orbital-500/orbital-qemu/scripts/tracetool/__init__.py:78: SyntaxWarning: "\*" is an invalid escape sequence. Such sequences will not work in the future. Did you mean "\\*"? A raw string is also an option.
  bit = re.sub("\*", "", bit)
C:/Users/Syf/Desktop/BS4/orbital-500/orbital-qemu/scripts/tracetool/__init__.py:205: SyntaxWarning: "\w" is an invalid escape sequence. Such sequences will not work in the future. Did you mean "\\w"? A raw string is also an option.
  _CRE = re.compile("((?P<props>[\w\s]+)\s+)?"
C:/Users/Syf/Desktop/BS4/orbital-500/orbital-qemu/scripts/tracetool/__init__.py:206: SyntaxWarning: "\w" is an invalid escape sequence. Such sequences will not work in the future. Did you mean "\\w"? A raw string is also an option.
  "(?P<name>\w+)"
C:/Users/Syf/Desktop/BS4/orbital-500/orbital-qemu/scripts/tracetool/__init__.py:207: SyntaxWarning: "\(" is an invalid escape sequence. Such sequences will not work in the future. Did you mean "\\("? A raw string is also an option.
  "\((?P<args>[^)]*)\)"
C:/Users/Syf/Desktop/BS4/orbital-500/orbital-qemu/scripts/tracetool/__init__.py:208: SyntaxWarning: "\s" is an invalid escape sequence. Such sequences will not work in the future. Did you mean "\\s"? A raw string is also an option.
  "\s*"
C:/Users/Syf/Desktop/BS4/orbital-500/orbital-qemu/scripts/tracetool/__init__.py:209: SyntaxWarning: "\s" is an invalid escape sequence. Such sequences will not work in the future. Did you mean "\\s"? A raw string is also an option.
  "(?:(?:(?P<fmt_trans>\".+),)?\s*(?P<fmt>\".+))?"
C:/Users/Syf/Desktop/BS4/orbital-500/orbital-qemu/scripts/tracetool/__init__.py:210: SyntaxWarning: "\s" is an invalid escape sequence. Such sequences will not work in the future. Did you mean "\\s"? A raw string is also an option.
  "\s*")
C:/Users/Syf/Desktop/BS4/orbital-500/orbital-qemu/scripts/tracetool/__init__.py:312: SyntaxWarning: "\d" is an invalid escape sequence. Such sequences will not work in the future. Did you mean "\\d"? A raw string is also an option.
  _FMT = re.compile("(%[\d\.]*\w+|%.*?PRI\S+)")
C:/Users/Syf/Desktop/BS4/orbital-500/orbital-qemu/scripts/tracetool/__init__.py:452: SyntaxWarning: "is" with 'int' literal. Did you mean "=="?
  if len(format) is 0:
C:/Users/Syf/Desktop/BS4/orbital-500/orbital-qemu/scripts/tracetool/__init__.py:457: SyntaxWarning: "is" with 'int' literal. Did you mean "=="?
  if len(backends) is 0:
  GEN     hw/char/trace.h
C:/Users/Syf/Desktop/BS4/orbital-500/orbital-qemu/scripts/tracetool/__init__.py:78: SyntaxWarning: "\*" is an invalid escape sequence. Such sequences will not work in the future. Did you mean "\\*"? A raw string is also an option.
  bit = re.sub("\*", "", bit)
C:/Users/Syf/Desktop/BS4/orbital-500/orbital-qemu/scripts/tracetool/__init__.py:205: SyntaxWarning: "\w" is an invalid escape sequence. Such sequences will not work in the future. Did you mean "\\w"? A raw string is also an option.
  _CRE = re.compile("((?P<props>[\w\s]+)\s+)?"
C:/Users/Syf/Desktop/BS4/orbital-500/orbital-qemu/scripts/tracetool/__init__.py:206: SyntaxWarning: "\w" is an invalid escape sequence. Such sequences will not work in the future. Did you mean "\\w"? A raw string is also an option.
  "(?P<name>\w+)"
C:/Users/Syf/Desktop/BS4/orbital-500/orbital-qemu/scripts/tracetool/__init__.py:207: SyntaxWarning: "\(" is an invalid escape sequence. Such sequences will not work in the future. Did you mean "\\("? A raw string is also an option.
  "\((?P<args>[^)]*)\)"
C:/Users/Syf/Desktop/BS4/orbital-500/orbital-qemu/scripts/tracetool/__init__.py:208: SyntaxWarning: "\s" is an invalid escape sequence. Such sequences will not work in the future. Did you mean "\\s"? A raw string is also an option.
  "\s*"
C:/Users/Syf/Desktop/BS4/orbital-500/orbital-qemu/scripts/tracetool/__init__.py:209: SyntaxWarning: "\s" is an invalid escape sequence. Such sequences will not work in the future. Did you mean "\\s"? A raw string is also an option.
  "(?:(?:(?P<fmt_trans>\".+),)?\s*(?P<fmt>\".+))?"
C:/Users/Syf/Desktop/BS4/orbital-500/orbital-qemu/scripts/tracetool/__init__.py:210: SyntaxWarning: "\s" is an invalid escape sequence. Such sequences will not work in the future. Did you mean "\\s"? A raw string is also an option.
  "\s*")
C:/Users/Syf/Desktop/BS4/orbital-500/orbital-qemu/scripts/tracetool/__init__.py:312: SyntaxWarning: "\d" is an invalid escape sequence. Such sequences will not work in the future. Did you mean "\\d"? A raw string is also an option.
  _FMT = re.compile("(%[\d\.]*\w+|%.*?PRI\S+)")
C:/Users/Syf/Desktop/BS4/orbital-500/orbital-qemu/scripts/tracetool/__init__.py:452: SyntaxWarning: "is" with 'int' literal. Did you mean "=="?
  if len(format) is 0:
C:/Users/Syf/Desktop/BS4/orbital-500/orbital-qemu/scripts/tracetool/__init__.py:457: SyntaxWarning: "is" with 'int' literal. Did you mean "=="?
  if len(backends) is 0:
  GEN     hw/intc/trace.h
C:/Users/Syf/Desktop/BS4/orbital-500/orbital-qemu/scripts/tracetool/__init__.py:78: SyntaxWarning: "\*" is an invalid escape sequence. Such sequences will not work in the future. Did you mean "\\*"? A raw string is also an option.
  bit = re.sub("\*", "", bit)
C:/Users/Syf/Desktop/BS4/orbital-500/orbital-qemu/scripts/tracetool/__init__.py:205: SyntaxWarning: "\w" is an invalid escape sequence. Such sequences will not work in the future. Did you mean "\\w"? A raw string is also an option.
  _CRE = re.compile("((?P<props>[\w\s]+)\s+)?"
C:/Users/Syf/Desktop/BS4/orbital-500/orbital-qemu/scripts/tracetool/__init__.py:206: SyntaxWarning: "\w" is an invalid escape sequence. Such sequences will not work in the future. Did you mean "\\w"? A raw string is also an option.
  "(?P<name>\w+)"
C:/Users/Syf/Desktop/BS4/orbital-500/orbital-qemu/scripts/tracetool/__init__.py:207: SyntaxWarning: "\(" is an invalid escape sequence. Such sequences will not work in the future. Did you mean "\\("? A raw string is also an option.
  "\((?P<args>[^)]*)\)"
C:/Users/Syf/Desktop/BS4/orbital-500/orbital-qemu/scripts/tracetool/__init__.py:208: SyntaxWarning: "\s" is an invalid escape sequence. Such sequences will not work in the future. Did you mean "\\s"? A raw string is also an option.
  "\s*"
C:/Users/Syf/Desktop/BS4/orbital-500/orbital-qemu/scripts/tracetool/__init__.py:209: SyntaxWarning: "\s" is an invalid escape sequence. Such sequences will not work in the future. Did you mean "\\s"? A raw string is also an option.
  "(?:(?:(?P<fmt_trans>\".+),)?\s*(?P<fmt>\".+))?"
C:/Users/Syf/Desktop/BS4/orbital-500/orbital-qemu/scripts/tracetool/__init__.py:210: SyntaxWarning: "\s" is an invalid escape sequence. Such sequences will not work in the future. Did you mean "\\s"? A raw string is also an option.
  "\s*")
C:/Users/Syf/Desktop/BS4/orbital-500/orbital-qemu/scripts/tracetool/__init__.py:312: SyntaxWarning: "\d" is an invalid escape sequence. Such sequences will not work in the future. Did you mean "\\d"? A raw string is also an option.
  _FMT = re.compile("(%[\d\.]*\w+|%.*?PRI\S+)")
C:/Users/Syf/Desktop/BS4/orbital-500/orbital-qemu/scripts/tracetool/__init__.py:452: SyntaxWarning: "is" with 'int' literal. Did you mean "=="?
  if len(format) is 0:
C:/Users/Syf/Desktop/BS4/orbital-500/orbital-qemu/scripts/tracetool/__init__.py:457: SyntaxWarning: "is" with 'int' literal. Did you mean "=="?
  if len(backends) is 0:
  GEN     hw/net/trace.h
  GEN     hw/rdma/trace.h
C:/Users/Syf/Desktop/BS4/orbital-500/orbital-qemu/scripts/tracetool/__init__.py:78: SyntaxWarning: "\*" is an invalid escape sequence. Such sequences will not work in the future. Did you mean "\\*"? A raw string is also an option.
  bit = re.sub("\*", "", bit)
C:/Users/Syf/Desktop/BS4/orbital-500/orbital-qemu/scripts/tracetool/__init__.py:205: SyntaxWarning: "\w" is an invalid escape sequence. Such sequences will not work in the future. Did you mean "\\w"? A raw string is also an option.
  _CRE = re.compile("((?P<props>[\w\s]+)\s+)?"
C:/Users/Syf/Desktop/BS4/orbital-500/orbital-qemu/scripts/tracetool/__init__.py:206: SyntaxWarning: "\w" is an invalid escape sequence. Such sequences will not work in the future. Did you mean "\\w"? A raw string is also an option.
  "(?P<name>\w+)"
C:/Users/Syf/Desktop/BS4/orbital-500/orbital-qemu/scripts/tracetool/__init__.py:207: SyntaxWarning: "\(" is an invalid escape sequence. Such sequences will not work in the future. Did you mean "\\("? A raw string is also an option.
  "\((?P<args>[^)]*)\)"
C:/Users/Syf/Desktop/BS4/orbital-500/orbital-qemu/scripts/tracetool/__init__.py:208: SyntaxWarning: "\s" is an invalid escape sequence. Such sequences will not work in the future. Did you mean "\\s"? A raw string is also an option.
  "\s*"
C:/Users/Syf/Desktop/BS4/orbital-500/orbital-qemu/scripts/tracetool/__init__.py:209: SyntaxWarning: "\s" is an invalid escape sequence. Such sequences will not work in the future. Did you mean "\\s"? A raw string is also an option.
  "(?:(?:(?P<fmt_trans>\".+),)?\s*(?P<fmt>\".+))?"
C:/Users/Syf/Desktop/BS4/orbital-500/orbital-qemu/scripts/tracetool/__init__.py:210: SyntaxWarning: "\s" is an invalid escape sequence. Such sequences will not work in the future. Did you mean "\\s"? A raw string is also an option.
  "\s*")
C:/Users/Syf/Desktop/BS4/orbital-500/orbital-qemu/scripts/tracetool/__init__.py:312: SyntaxWarning: "\d" is an invalid escape sequence. Such sequences will not work in the future. Did you mean "\\d"? A raw string is also an option.
  _FMT = re.compile("(%[\d\.]*\w+|%.*?PRI\S+)")
C:/Users/Syf/Desktop/BS4/orbital-500/orbital-qemu/scripts/tracetool/__init__.py:452: SyntaxWarning: "is" with 'int' literal. Did you mean "=="?
  if len(format) is 0:
C:/Users/Syf/Desktop/BS4/orbital-500/orbital-qemu/scripts/tracetool/__init__.py:457: SyntaxWarning: "is" with 'int' literal. Did you mean "=="?
  if len(backends) is 0:
C:/Users/Syf/Desktop/BS4/orbital-500/orbital-qemu/scripts/tracetool/__init__.py:78: SyntaxWarning: "\*" is an invalid escape sequence. Such sequences will not work in the future. Did you mean "\\*"? A raw string is also an option.
  bit = re.sub("\*", "", bit)
C:/Users/Syf/Desktop/BS4/orbital-500/orbital-qemu/scripts/tracetool/__init__.py:205: SyntaxWarning: "\w" is an invalid escape sequence. Such sequences will not work in the future. Did you mean "\\w"? A raw string is also an option.
  _CRE = re.compile("((?P<props>[\w\s]+)\s+)?"
C:/Users/Syf/Desktop/BS4/orbital-500/orbital-qemu/scripts/tracetool/__init__.py:206: SyntaxWarning: "\w" is an invalid escape sequence. Such sequences will not work in the future. Did you mean "\\w"? A raw string is also an option.
  "(?P<name>\w+)"
C:/Users/Syf/Desktop/BS4/orbital-500/orbital-qemu/scripts/tracetool/__init__.py:207: SyntaxWarning: "\(" is an invalid escape sequence. Such sequences will not work in the future. Did you mean "\\("? A raw string is also an option.
  "\((?P<args>[^)]*)\)"
C:/Users/Syf/Desktop/BS4/orbital-500/orbital-qemu/scripts/tracetool/__init__.py:208: SyntaxWarning: "\s" is an invalid escape sequence. Such sequences will not work in the future. Did you mean "\\s"? A raw string is also an option.
  "\s*"
C:/Users/Syf/Desktop/BS4/orbital-500/orbital-qemu/scripts/tracetool/__init__.py:209: SyntaxWarning: "\s" is an invalid escape sequence. Such sequences will not work in the future. Did you mean "\\s"? A raw string is also an option.
  "(?:(?:(?P<fmt_trans>\".+),)?\s*(?P<fmt>\".+))?"
C:/Users/Syf/Desktop/BS4/orbital-500/orbital-qemu/scripts/tracetool/__init__.py:210: SyntaxWarning: "\s" is an invalid escape sequence. Such sequences will not work in the future. Did you mean "\\s"? A raw string is also an option.
  "\s*")
C:/Users/Syf/Desktop/BS4/orbital-500/orbital-qemu/scripts/tracetool/__init__.py:312: SyntaxWarning: "\d" is an invalid escape sequence. Such sequences will not work in the future. Did you mean "\\d"? A raw string is also an option.
  _FMT = re.compile("(%[\d\.]*\w+|%.*?PRI\S+)")
C:/Users/Syf/Desktop/BS4/orbital-500/orbital-qemu/scripts/tracetool/__init__.py:452: SyntaxWarning: "is" with 'int' literal. Did you mean "=="?
  if len(format) is 0:
C:/Users/Syf/Desktop/BS4/orbital-500/orbital-qemu/scripts/tracetool/__init__.py:457: SyntaxWarning: "is" with 'int' literal. Did you mean "=="?
  if len(backends) is 0:
  GEN     hw/rdma/vmw/trace.h
C:/Users/Syf/Desktop/BS4/orbital-500/orbital-qemu/scripts/tracetool/__init__.py:78: SyntaxWarning: "\*" is an invalid escape sequence. Such sequences will not work in the future. Did you mean "\\*"? A raw string is also an option.
  bit = re.sub("\*", "", bit)
C:/Users/Syf/Desktop/BS4/orbital-500/orbital-qemu/scripts/tracetool/__init__.py:205: SyntaxWarning: "\w" is an invalid escape sequence. Such sequences will not work in the future. Did you mean "\\w"? A raw string is also an option.
  _CRE = re.compile("((?P<props>[\w\s]+)\s+)?"
C:/Users/Syf/Desktop/BS4/orbital-500/orbital-qemu/scripts/tracetool/__init__.py:206: SyntaxWarning: "\w" is an invalid escape sequence. Such sequences will not work in the future. Did you mean "\\w"? A raw string is also an option.
  "(?P<name>\w+)"
C:/Users/Syf/Desktop/BS4/orbital-500/orbital-qemu/scripts/tracetool/__init__.py:207: SyntaxWarning: "\(" is an invalid escape sequence. Such sequences will not work in the future. Did you mean "\\("? A raw string is also an option.
  "\((?P<args>[^)]*)\)"
C:/Users/Syf/Desktop/BS4/orbital-500/orbital-qemu/scripts/tracetool/__init__.py:208: SyntaxWarning: "\s" is an invalid escape sequence. Such sequences will not work in the future. Did you mean "\\s"? A raw string is also an option.
  "\s*"
C:/Users/Syf/Desktop/BS4/orbital-500/orbital-qemu/scripts/tracetool/__init__.py:209: SyntaxWarning: "\s" is an invalid escape sequence. Such sequences will not work in the future. Did you mean "\\s"? A raw string is also an option.
  "(?:(?:(?P<fmt_trans>\".+),)?\s*(?P<fmt>\".+))?"
C:/Users/Syf/Desktop/BS4/orbital-500/orbital-qemu/scripts/tracetool/__init__.py:210: SyntaxWarning: "\s" is an invalid escape sequence. Such sequences will not work in the future. Did you mean "\\s"? A raw string is also an option.
  "\s*")
C:/Users/Syf/Desktop/BS4/orbital-500/orbital-qemu/scripts/tracetool/__init__.py:312: SyntaxWarning: "\d" is an invalid escape sequence. Such sequences will not work in the future. Did you mean "\\d"? A raw string is also an option.
  _FMT = re.compile("(%[\d\.]*\w+|%.*?PRI\S+)")
C:/Users/Syf/Desktop/BS4/orbital-500/orbital-qemu/scripts/tracetool/__init__.py:452: SyntaxWarning: "is" with 'int' literal. Did you mean "=="?
  if len(format) is 0:
C:/Users/Syf/Desktop/BS4/orbital-500/orbital-qemu/scripts/tracetool/__init__.py:457: SyntaxWarning: "is" with 'int' literal. Did you mean "=="?
  if len(backends) is 0:
  GEN     hw/virtio/trace.h
C:/Users/Syf/Desktop/BS4/orbital-500/orbital-qemu/scripts/tracetool/__init__.py:78: SyntaxWarning: "\*" is an invalid escape sequence. Such sequences will not work in the future. Did you mean "\\*"? A raw string is also an option.
  bit = re.sub("\*", "", bit)
C:/Users/Syf/Desktop/BS4/orbital-500/orbital-qemu/scripts/tracetool/__init__.py:205: SyntaxWarning: "\w" is an invalid escape sequence. Such sequences will not work in the future. Did you mean "\\w"? A raw string is also an option.
  _CRE = re.compile("((?P<props>[\w\s]+)\s+)?"
C:/Users/Syf/Desktop/BS4/orbital-500/orbital-qemu/scripts/tracetool/__init__.py:206: SyntaxWarning: "\w" is an invalid escape sequence. Such sequences will not work in the future. Did you mean "\\w"? A raw string is also an option.
  "(?P<name>\w+)"
C:/Users/Syf/Desktop/BS4/orbital-500/orbital-qemu/scripts/tracetool/__init__.py:207: SyntaxWarning: "\(" is an invalid escape sequence. Such sequences will not work in the future. Did you mean "\\("? A raw string is also an option.
  "\((?P<args>[^)]*)\)"
C:/Users/Syf/Desktop/BS4/orbital-500/orbital-qemu/scripts/tracetool/__init__.py:208: SyntaxWarning: "\s" is an invalid escape sequence. Such sequences will not work in the future. Did you mean "\\s"? A raw string is also an option.
  "\s*"
C:/Users/Syf/Desktop/BS4/orbital-500/orbital-qemu/scripts/tracetool/__init__.py:209: SyntaxWarning: "\s" is an invalid escape sequence. Such sequences will not work in the future. Did you mean "\\s"? A raw string is also an option.
  "(?:(?:(?P<fmt_trans>\".+),)?\s*(?P<fmt>\".+))?"
C:/Users/Syf/Desktop/BS4/orbital-500/orbital-qemu/scripts/tracetool/__init__.py:210: SyntaxWarning: "\s" is an invalid escape sequence. Such sequences will not work in the future. Did you mean "\\s"? A raw string is also an option.
  "\s*")
C:/Users/Syf/Desktop/BS4/orbital-500/orbital-qemu/scripts/tracetool/__init__.py:312: SyntaxWarning: "\d" is an invalid escape sequence. Such sequences will not work in the future. Did you mean "\\d"? A raw string is also an option.
  _FMT = re.compile("(%[\d\.]*\w+|%.*?PRI\S+)")
C:/Users/Syf/Desktop/BS4/orbital-500/orbital-qemu/scripts/tracetool/__init__.py:452: SyntaxWarning: "is" with 'int' literal. Did you mean "=="?
  if len(format) is 0:
C:/Users/Syf/Desktop/BS4/orbital-500/orbital-qemu/scripts/tracetool/__init__.py:457: SyntaxWarning: "is" with 'int' literal. Did you mean "=="?
  if len(backends) is 0:
  GEN     hw/audio/trace.h
C:/Users/Syf/Desktop/BS4/orbital-500/orbital-qemu/scripts/tracetool/__init__.py:78: SyntaxWarning: "\*" is an invalid escape sequence. Such sequences will not work in the future. Did you mean "\\*"? A raw string is also an option.
  bit = re.sub("\*", "", bit)
C:/Users/Syf/Desktop/BS4/orbital-500/orbital-qemu/scripts/tracetool/__init__.py:205: SyntaxWarning: "\w" is an invalid escape sequence. Such sequences will not work in the future. Did you mean "\\w"? A raw string is also an option.
  _CRE = re.compile("((?P<props>[\w\s]+)\s+)?"
C:/Users/Syf/Desktop/BS4/orbital-500/orbital-qemu/scripts/tracetool/__init__.py:206: SyntaxWarning: "\w" is an invalid escape sequence. Such sequences will not work in the future. Did you mean "\\w"? A raw string is also an option.
  "(?P<name>\w+)"
C:/Users/Syf/Desktop/BS4/orbital-500/orbital-qemu/scripts/tracetool/__init__.py:207: SyntaxWarning: "\(" is an invalid escape sequence. Such sequences will not work in the future. Did you mean "\\("? A raw string is also an option.
  "\((?P<args>[^)]*)\)"
C:/Users/Syf/Desktop/BS4/orbital-500/orbital-qemu/scripts/tracetool/__init__.py:208: SyntaxWarning: "\s" is an invalid escape sequence. Such sequences will not work in the future. Did you mean "\\s"? A raw string is also an option.
  "\s*"
C:/Users/Syf/Desktop/BS4/orbital-500/orbital-qemu/scripts/tracetool/__init__.py:209: SyntaxWarning: "\s" is an invalid escape sequence. Such sequences will not work in the future. Did you mean "\\s"? A raw string is also an option.
  "(?:(?:(?P<fmt_trans>\".+),)?\s*(?P<fmt>\".+))?"
C:/Users/Syf/Desktop/BS4/orbital-500/orbital-qemu/scripts/tracetool/__init__.py:210: SyntaxWarning: "\s" is an invalid escape sequence. Such sequences will not work in the future. Did you mean "\\s"? A raw string is also an option.
  "\s*")
C:/Users/Syf/Desktop/BS4/orbital-500/orbital-qemu/scripts/tracetool/__init__.py:312: SyntaxWarning: "\d" is an invalid escape sequence. Such sequences will not work in the future. Did you mean "\\d"? A raw string is also an option.
  _FMT = re.compile("(%[\d\.]*\w+|%.*?PRI\S+)")
C:/Users/Syf/Desktop/BS4/orbital-500/orbital-qemu/scripts/tracetool/__init__.py:452: SyntaxWarning: "is" with 'int' literal. Did you mean "=="?
  if len(format) is 0:
C:/Users/Syf/Desktop/BS4/orbital-500/orbital-qemu/scripts/tracetool/__init__.py:457: SyntaxWarning: "is" with 'int' literal. Did you mean "=="?
  if len(backends) is 0:
  GEN     hw/misc/trace.h
C:/Users/Syf/Desktop/BS4/orbital-500/orbital-qemu/scripts/tracetool/__init__.py:78: SyntaxWarning: "\*" is an invalid escape sequence. Such sequences will not work in the future. Did you mean "\\*"? A raw string is also an option.
  bit = re.sub("\*", "", bit)
C:/Users/Syf/Desktop/BS4/orbital-500/orbital-qemu/scripts/tracetool/__init__.py:205: SyntaxWarning: "\w" is an invalid escape sequence. Such sequences will not work in the future. Did you mean "\\w"? A raw string is also an option.
  _CRE = re.compile("((?P<props>[\w\s]+)\s+)?"
C:/Users/Syf/Desktop/BS4/orbital-500/orbital-qemu/scripts/tracetool/__init__.py:206: SyntaxWarning: "\w" is an invalid escape sequence. Such sequences will not work in the future. Did you mean "\\w"? A raw string is also an option.
  "(?P<name>\w+)"
C:/Users/Syf/Desktop/BS4/orbital-500/orbital-qemu/scripts/tracetool/__init__.py:207: SyntaxWarning: "\(" is an invalid escape sequence. Such sequences will not work in the future. Did you mean "\\("? A raw string is also an option.
  "\((?P<args>[^)]*)\)"
C:/Users/Syf/Desktop/BS4/orbital-500/orbital-qemu/scripts/tracetool/__init__.py:208: SyntaxWarning: "\s" is an invalid escape sequence. Such sequences will not work in the future. Did you mean "\\s"? A raw string is also an option.
  "\s*"
C:/Users/Syf/Desktop/BS4/orbital-500/orbital-qemu/scripts/tracetool/__init__.py:209: SyntaxWarning: "\s" is an invalid escape sequence. Such sequences will not work in the future. Did you mean "\\s"? A raw string is also an option.
  "(?:(?:(?P<fmt_trans>\".+),)?\s*(?P<fmt>\".+))?"
C:/Users/Syf/Desktop/BS4/orbital-500/orbital-qemu/scripts/tracetool/__init__.py:210: SyntaxWarning: "\s" is an invalid escape sequence. Such sequences will not work in the future. Did you mean "\\s"? A raw string is also an option.
  "\s*")
C:/Users/Syf/Desktop/BS4/orbital-500/orbital-qemu/scripts/tracetool/__init__.py:312: SyntaxWarning: "\d" is an invalid escape sequence. Such sequences will not work in the future. Did you mean "\\d"? A raw string is also an option.
  _FMT = re.compile("(%[\d\.]*\w+|%.*?PRI\S+)")
C:/Users/Syf/Desktop/BS4/orbital-500/orbital-qemu/scripts/tracetool/__init__.py:452: SyntaxWarning: "is" with 'int' literal. Did you mean "=="?
  if len(format) is 0:
C:/Users/Syf/Desktop/BS4/orbital-500/orbital-qemu/scripts/tracetool/__init__.py:457: SyntaxWarning: "is" with 'int' literal. Did you mean "=="?
  if len(backends) is 0:
  GEN     hw/misc/macio/trace.h
C:/Users/Syf/Desktop/BS4/orbital-500/orbital-qemu/scripts/tracetool/__init__.py:78: SyntaxWarning: "\*" is an invalid escape sequence. Such sequences will not work in the future. Did you mean "\\*"? A raw string is also an option.
  bit = re.sub("\*", "", bit)
C:/Users/Syf/Desktop/BS4/orbital-500/orbital-qemu/scripts/tracetool/__init__.py:205: SyntaxWarning: "\w" is an invalid escape sequence. Such sequences will not work in the future. Did you mean "\\w"? A raw string is also an option.
  _CRE = re.compile("((?P<props>[\w\s]+)\s+)?"
C:/Users/Syf/Desktop/BS4/orbital-500/orbital-qemu/scripts/tracetool/__init__.py:206: SyntaxWarning: "\w" is an invalid escape sequence. Such sequences will not work in the future. Did you mean "\\w"? A raw string is also an option.
  "(?P<name>\w+)"
C:/Users/Syf/Desktop/BS4/orbital-500/orbital-qemu/scripts/tracetool/__init__.py:207: SyntaxWarning: "\(" is an invalid escape sequence. Such sequences will not work in the future. Did you mean "\\("? A raw string is also an option.
  "\((?P<args>[^)]*)\)"
C:/Users/Syf/Desktop/BS4/orbital-500/orbital-qemu/scripts/tracetool/__init__.py:208: SyntaxWarning: "\s" is an invalid escape sequence. Such sequences will not work in the future. Did you mean "\\s"? A raw string is also an option.
  "\s*"
C:/Users/Syf/Desktop/BS4/orbital-500/orbital-qemu/scripts/tracetool/__init__.py:209: SyntaxWarning: "\s" is an invalid escape sequence. Such sequences will not work in the future. Did you mean "\\s"? A raw string is also an option.
  "(?:(?:(?P<fmt_trans>\".+),)?\s*(?P<fmt>\".+))?"
C:/Users/Syf/Desktop/BS4/orbital-500/orbital-qemu/scripts/tracetool/__init__.py:210: SyntaxWarning: "\s" is an invalid escape sequence. Such sequences will not work in the future. Did you mean "\\s"? A raw string is also an option.
  "\s*")
C:/Users/Syf/Desktop/BS4/orbital-500/orbital-qemu/scripts/tracetool/__init__.py:312: SyntaxWarning: "\d" is an invalid escape sequence. Such sequences will not work in the future. Did you mean "\\d"? A raw string is also an option.
  _FMT = re.compile("(%[\d\.]*\w+|%.*?PRI\S+)")
C:/Users/Syf/Desktop/BS4/orbital-500/orbital-qemu/scripts/tracetool/__init__.py:452: SyntaxWarning: "is" with 'int' literal. Did you mean "=="?
  if len(format) is 0:
C:/Users/Syf/Desktop/BS4/orbital-500/orbital-qemu/scripts/tracetool/__init__.py:457: SyntaxWarning: "is" with 'int' literal. Did you mean "=="?
  if len(backends) is 0:
  GEN     hw/usb/trace.h
C:/Users/Syf/Desktop/BS4/orbital-500/orbital-qemu/scripts/tracetool/__init__.py:78: SyntaxWarning: "\*" is an invalid escape sequence. Such sequences will not work in the future. Did you mean "\\*"? A raw string is also an option.
  bit = re.sub("\*", "", bit)
C:/Users/Syf/Desktop/BS4/orbital-500/orbital-qemu/scripts/tracetool/__init__.py:205: SyntaxWarning: "\w" is an invalid escape sequence. Such sequences will not work in the future. Did you mean "\\w"? A raw string is also an option.
  _CRE = re.compile("((?P<props>[\w\s]+)\s+)?"
C:/Users/Syf/Desktop/BS4/orbital-500/orbital-qemu/scripts/tracetool/__init__.py:206: SyntaxWarning: "\w" is an invalid escape sequence. Such sequences will not work in the future. Did you mean "\\w"? A raw string is also an option.
  "(?P<name>\w+)"
C:/Users/Syf/Desktop/BS4/orbital-500/orbital-qemu/scripts/tracetool/__init__.py:207: SyntaxWarning: "\(" is an invalid escape sequence. Such sequences will not work in the future. Did you mean "\\("? A raw string is also an option.
  "\((?P<args>[^)]*)\)"
C:/Users/Syf/Desktop/BS4/orbital-500/orbital-qemu/scripts/tracetool/__init__.py:208: SyntaxWarning: "\s" is an invalid escape sequence. Such sequences will not work in the future. Did you mean "\\s"? A raw string is also an option.
  "\s*"
C:/Users/Syf/Desktop/BS4/orbital-500/orbital-qemu/scripts/tracetool/__init__.py:209: SyntaxWarning: "\s" is an invalid escape sequence. Such sequences will not work in the future. Did you mean "\\s"? A raw string is also an option.
  "(?:(?:(?P<fmt_trans>\".+),)?\s*(?P<fmt>\".+))?"
C:/Users/Syf/Desktop/BS4/orbital-500/orbital-qemu/scripts/tracetool/__init__.py:210: SyntaxWarning: "\s" is an invalid escape sequence. Such sequences will not work in the future. Did you mean "\\s"? A raw string is also an option.
  "\s*")
C:/Users/Syf/Desktop/BS4/orbital-500/orbital-qemu/scripts/tracetool/__init__.py:312: SyntaxWarning: "\d" is an invalid escape sequence. Such sequences will not work in the future. Did you mean "\\d"? A raw string is also an option.
  _FMT = re.compile("(%[\d\.]*\w+|%.*?PRI\S+)")
C:/Users/Syf/Desktop/BS4/orbital-500/orbital-qemu/scripts/tracetool/__init__.py:452: SyntaxWarning: "is" with 'int' literal. Did you mean "=="?
  if len(format) is 0:
C:/Users/Syf/Desktop/BS4/orbital-500/orbital-qemu/scripts/tracetool/__init__.py:457: SyntaxWarning: "is" with 'int' literal. Did you mean "=="?
  if len(backends) is 0:
  GEN     hw/scsi/trace.h
  GEN     hw/nvram/trace.h
C:/Users/Syf/Desktop/BS4/orbital-500/orbital-qemu/scripts/tracetool/__init__.py:78: SyntaxWarning: "\*" is an invalid escape sequence. Such sequences will not work in the future. Did you mean "\\*"? A raw string is also an option.
  bit = re.sub("\*", "", bit)
C:/Users/Syf/Desktop/BS4/orbital-500/orbital-qemu/scripts/tracetool/__init__.py:205: SyntaxWarning: "\w" is an invalid escape sequence. Such sequences will not work in the future. Did you mean "\\w"? A raw string is also an option.
  _CRE = re.compile("((?P<props>[\w\s]+)\s+)?"
C:/Users/Syf/Desktop/BS4/orbital-500/orbital-qemu/scripts/tracetool/__init__.py:206: SyntaxWarning: "\w" is an invalid escape sequence. Such sequences will not work in the future. Did you mean "\\w"? A raw string is also an option.
  "(?P<name>\w+)"
C:/Users/Syf/Desktop/BS4/orbital-500/orbital-qemu/scripts/tracetool/__init__.py:207: SyntaxWarning: "\(" is an invalid escape sequence. Such sequences will not work in the future. Did you mean "\\("? A raw string is also an option.
  "\((?P<args>[^)]*)\)"
C:/Users/Syf/Desktop/BS4/orbital-500/orbital-qemu/scripts/tracetool/__init__.py:208: SyntaxWarning: "\s" is an invalid escape sequence. Such sequences will not work in the future. Did you mean "\\s"? A raw string is also an option.
  "\s*"
C:/Users/Syf/Desktop/BS4/orbital-500/orbital-qemu/scripts/tracetool/__init__.py:209: SyntaxWarning: "\s" is an invalid escape sequence. Such sequences will not work in the future. Did you mean "\\s"? A raw string is also an option.
  "(?:(?:(?P<fmt_trans>\".+),)?\s*(?P<fmt>\".+))?"
C:/Users/Syf/Desktop/BS4/orbital-500/orbital-qemu/scripts/tracetool/__init__.py:210: SyntaxWarning: "\s" is an invalid escape sequence. Such sequences will not work in the future. Did you mean "\\s"? A raw string is also an option.
  "\s*")
C:/Users/Syf/Desktop/BS4/orbital-500/orbital-qemu/scripts/tracetool/__init__.py:312: SyntaxWarning: "\d" is an invalid escape sequence. Such sequences will not work in the future. Did you mean "\\d"? A raw string is also an option.
  _FMT = re.compile("(%[\d\.]*\w+|%.*?PRI\S+)")
C:/Users/Syf/Desktop/BS4/orbital-500/orbital-qemu/scripts/tracetool/__init__.py:452: SyntaxWarning: "is" with 'int' literal. Did you mean "=="?
  if len(format) is 0:
C:/Users/Syf/Desktop/BS4/orbital-500/orbital-qemu/scripts/tracetool/__init__.py:457: SyntaxWarning: "is" with 'int' literal. Did you mean "=="?
  if len(backends) is 0:
C:/Users/Syf/Desktop/BS4/orbital-500/orbital-qemu/scripts/tracetool/__init__.py:78: SyntaxWarning: "\*" is an invalid escape sequence. Such sequences will not work in the future. Did you mean "\\*"? A raw string is also an option.
  bit = re.sub("\*", "", bit)
C:/Users/Syf/Desktop/BS4/orbital-500/orbital-qemu/scripts/tracetool/__init__.py:205: SyntaxWarning: "\w" is an invalid escape sequence. Such sequences will not work in the future. Did you mean "\\w"? A raw string is also an option.
  _CRE = re.compile("((?P<props>[\w\s]+)\s+)?"
C:/Users/Syf/Desktop/BS4/orbital-500/orbital-qemu/scripts/tracetool/__init__.py:206: SyntaxWarning: "\w" is an invalid escape sequence. Such sequences will not work in the future. Did you mean "\\w"? A raw string is also an option.
  "(?P<name>\w+)"
C:/Users/Syf/Desktop/BS4/orbital-500/orbital-qemu/scripts/tracetool/__init__.py:207: SyntaxWarning: "\(" is an invalid escape sequence. Such sequences will not work in the future. Did you mean "\\("? A raw string is also an option.
  "\((?P<args>[^)]*)\)"
C:/Users/Syf/Desktop/BS4/orbital-500/orbital-qemu/scripts/tracetool/__init__.py:208: SyntaxWarning: "\s" is an invalid escape sequence. Such sequences will not work in the future. Did you mean "\\s"? A raw string is also an option.
  "\s*"
C:/Users/Syf/Desktop/BS4/orbital-500/orbital-qemu/scripts/tracetool/__init__.py:209: SyntaxWarning: "\s" is an invalid escape sequence. Such sequences will not work in the future. Did you mean "\\s"? A raw string is also an option.
  "(?:(?:(?P<fmt_trans>\".+),)?\s*(?P<fmt>\".+))?"
C:/Users/Syf/Desktop/BS4/orbital-500/orbital-qemu/scripts/tracetool/__init__.py:210: SyntaxWarning: "\s" is an invalid escape sequence. Such sequences will not work in the future. Did you mean "\\s"? A raw string is also an option.
  "\s*")
C:/Users/Syf/Desktop/BS4/orbital-500/orbital-qemu/scripts/tracetool/__init__.py:312: SyntaxWarning: "\d" is an invalid escape sequence. Such sequences will not work in the future. Did you mean "\\d"? A raw string is also an option.
  _FMT = re.compile("(%[\d\.]*\w+|%.*?PRI\S+)")
C:/Users/Syf/Desktop/BS4/orbital-500/orbital-qemu/scripts/tracetool/__init__.py:452: SyntaxWarning: "is" with 'int' literal. Did you mean "=="?
  if len(format) is 0:
C:/Users/Syf/Desktop/BS4/orbital-500/orbital-qemu/scripts/tracetool/__init__.py:457: SyntaxWarning: "is" with 'int' literal. Did you mean "=="?
  if len(backends) is 0:
  GEN     hw/display/trace.h
C:/Users/Syf/Desktop/BS4/orbital-500/orbital-qemu/scripts/tracetool/__init__.py:78: SyntaxWarning: "\*" is an invalid escape sequence. Such sequences will not work in the future. Did you mean "\\*"? A raw string is also an option.
  bit = re.sub("\*", "", bit)
C:/Users/Syf/Desktop/BS4/orbital-500/orbital-qemu/scripts/tracetool/__init__.py:205: SyntaxWarning: "\w" is an invalid escape sequence. Such sequences will not work in the future. Did you mean "\\w"? A raw string is also an option.
  _CRE = re.compile("((?P<props>[\w\s]+)\s+)?"
C:/Users/Syf/Desktop/BS4/orbital-500/orbital-qemu/scripts/tracetool/__init__.py:206: SyntaxWarning: "\w" is an invalid escape sequence. Such sequences will not work in the future. Did you mean "\\w"? A raw string is also an option.
  "(?P<name>\w+)"
C:/Users/Syf/Desktop/BS4/orbital-500/orbital-qemu/scripts/tracetool/__init__.py:207: SyntaxWarning: "\(" is an invalid escape sequence. Such sequences will not work in the future. Did you mean "\\("? A raw string is also an option.
  "\((?P<args>[^)]*)\)"
C:/Users/Syf/Desktop/BS4/orbital-500/orbital-qemu/scripts/tracetool/__init__.py:208: SyntaxWarning: "\s" is an invalid escape sequence. Such sequences will not work in the future. Did you mean "\\s"? A raw string is also an option.
  "\s*"
C:/Users/Syf/Desktop/BS4/orbital-500/orbital-qemu/scripts/tracetool/__init__.py:209: SyntaxWarning: "\s" is an invalid escape sequence. Such sequences will not work in the future. Did you mean "\\s"? A raw string is also an option.
  "(?:(?:(?P<fmt_trans>\".+),)?\s*(?P<fmt>\".+))?"
C:/Users/Syf/Desktop/BS4/orbital-500/orbital-qemu/scripts/tracetool/__init__.py:210: SyntaxWarning: "\s" is an invalid escape sequence. Such sequences will not work in the future. Did you mean "\\s"? A raw string is also an option.
  "\s*")
C:/Users/Syf/Desktop/BS4/orbital-500/orbital-qemu/scripts/tracetool/__init__.py:312: SyntaxWarning: "\d" is an invalid escape sequence. Such sequences will not work in the future. Did you mean "\\d"? A raw string is also an option.
  _FMT = re.compile("(%[\d\.]*\w+|%.*?PRI\S+)")
C:/Users/Syf/Desktop/BS4/orbital-500/orbital-qemu/scripts/tracetool/__init__.py:452: SyntaxWarning: "is" with 'int' literal. Did you mean "=="?
  if len(format) is 0:
C:/Users/Syf/Desktop/BS4/orbital-500/orbital-qemu/scripts/tracetool/__init__.py:457: SyntaxWarning: "is" with 'int' literal. Did you mean "=="?
  if len(backends) is 0:
  GEN     hw/input/trace.h
C:/Users/Syf/Desktop/BS4/orbital-500/orbital-qemu/scripts/tracetool/__init__.py:78: SyntaxWarning: "\*" is an invalid escape sequence. Such sequences will not work in the future. Did you mean "\\*"? A raw string is also an option.
  bit = re.sub("\*", "", bit)
C:/Users/Syf/Desktop/BS4/orbital-500/orbital-qemu/scripts/tracetool/__init__.py:205: SyntaxWarning: "\w" is an invalid escape sequence. Such sequences will not work in the future. Did you mean "\\w"? A raw string is also an option.
  _CRE = re.compile("((?P<props>[\w\s]+)\s+)?"
C:/Users/Syf/Desktop/BS4/orbital-500/orbital-qemu/scripts/tracetool/__init__.py:206: SyntaxWarning: "\w" is an invalid escape sequence. Such sequences will not work in the future. Did you mean "\\w"? A raw string is also an option.
  "(?P<name>\w+)"
C:/Users/Syf/Desktop/BS4/orbital-500/orbital-qemu/scripts/tracetool/__init__.py:207: SyntaxWarning: "\(" is an invalid escape sequence. Such sequences will not work in the future. Did you mean "\\("? A raw string is also an option.
  "\((?P<args>[^)]*)\)"
C:/Users/Syf/Desktop/BS4/orbital-500/orbital-qemu/scripts/tracetool/__init__.py:208: SyntaxWarning: "\s" is an invalid escape sequence. Such sequences will not work in the future. Did you mean "\\s"? A raw string is also an option.
  "\s*"
C:/Users/Syf/Desktop/BS4/orbital-500/orbital-qemu/scripts/tracetool/__init__.py:209: SyntaxWarning: "\s" is an invalid escape sequence. Such sequences will not work in the future. Did you mean "\\s"? A raw string is also an option.
  "(?:(?:(?P<fmt_trans>\".+),)?\s*(?P<fmt>\".+))?"
C:/Users/Syf/Desktop/BS4/orbital-500/orbital-qemu/scripts/tracetool/__init__.py:210: SyntaxWarning: "\s" is an invalid escape sequence. Such sequences will not work in the future. Did you mean "\\s"? A raw string is also an option.
  "\s*")
C:/Users/Syf/Desktop/BS4/orbital-500/orbital-qemu/scripts/tracetool/__init__.py:312: SyntaxWarning: "\d" is an invalid escape sequence. Such sequences will not work in the future. Did you mean "\\d"? A raw string is also an option.
  _FMT = re.compile("(%[\d\.]*\w+|%.*?PRI\S+)")
C:/Users/Syf/Desktop/BS4/orbital-500/orbital-qemu/scripts/tracetool/__init__.py:452: SyntaxWarning: "is" with 'int' literal. Did you mean "=="?
  if len(format) is 0:
C:/Users/Syf/Desktop/BS4/orbital-500/orbital-qemu/scripts/tracetool/__init__.py:457: SyntaxWarning: "is" with 'int' literal. Did you mean "=="?
  if len(backends) is 0:
  GEN     hw/timer/trace.h
C:/Users/Syf/Desktop/BS4/orbital-500/orbital-qemu/scripts/tracetool/__init__.py:78: SyntaxWarning: "\*" is an invalid escape sequence. Such sequences will not work in the future. Did you mean "\\*"? A raw string is also an option.
  bit = re.sub("\*", "", bit)
C:/Users/Syf/Desktop/BS4/orbital-500/orbital-qemu/scripts/tracetool/__init__.py:205: SyntaxWarning: "\w" is an invalid escape sequence. Such sequences will not work in the future. Did you mean "\\w"? A raw string is also an option.
  _CRE = re.compile("((?P<props>[\w\s]+)\s+)?"
C:/Users/Syf/Desktop/BS4/orbital-500/orbital-qemu/scripts/tracetool/__init__.py:206: SyntaxWarning: "\w" is an invalid escape sequence. Such sequences will not work in the future. Did you mean "\\w"? A raw string is also an option.
  "(?P<name>\w+)"
C:/Users/Syf/Desktop/BS4/orbital-500/orbital-qemu/scripts/tracetool/__init__.py:207: SyntaxWarning: "\(" is an invalid escape sequence. Such sequences will not work in the future. Did you mean "\\("? A raw string is also an option.
  "\((?P<args>[^)]*)\)"
C:/Users/Syf/Desktop/BS4/orbital-500/orbital-qemu/scripts/tracetool/__init__.py:208: SyntaxWarning: "\s" is an invalid escape sequence. Such sequences will not work in the future. Did you mean "\\s"? A raw string is also an option.
  "\s*"
C:/Users/Syf/Desktop/BS4/orbital-500/orbital-qemu/scripts/tracetool/__init__.py:209: SyntaxWarning: "\s" is an invalid escape sequence. Such sequences will not work in the future. Did you mean "\\s"? A raw string is also an option.
  "(?:(?:(?P<fmt_trans>\".+),)?\s*(?P<fmt>\".+))?"
C:/Users/Syf/Desktop/BS4/orbital-500/orbital-qemu/scripts/tracetool/__init__.py:210: SyntaxWarning: "\s" is an invalid escape sequence. Such sequences will not work in the future. Did you mean "\\s"? A raw string is also an option.
  "\s*")
C:/Users/Syf/Desktop/BS4/orbital-500/orbital-qemu/scripts/tracetool/__init__.py:312: SyntaxWarning: "\d" is an invalid escape sequence. Such sequences will not work in the future. Did you mean "\\d"? A raw string is also an option.
  _FMT = re.compile("(%[\d\.]*\w+|%.*?PRI\S+)")
C:/Users/Syf/Desktop/BS4/orbital-500/orbital-qemu/scripts/tracetool/__init__.py:452: SyntaxWarning: "is" with 'int' literal. Did you mean "=="?
  if len(format) is 0:
C:/Users/Syf/Desktop/BS4/orbital-500/orbital-qemu/scripts/tracetool/__init__.py:457: SyntaxWarning: "is" with 'int' literal. Did you mean "=="?
  if len(backends) is 0:
  GEN     hw/dma/trace.h
C:/Users/Syf/Desktop/BS4/orbital-500/orbital-qemu/scripts/tracetool/__init__.py:78: SyntaxWarning: "\*" is an invalid escape sequence. Such sequences will not work in the future. Did you mean "\\*"? A raw string is also an option.
  bit = re.sub("\*", "", bit)
C:/Users/Syf/Desktop/BS4/orbital-500/orbital-qemu/scripts/tracetool/__init__.py:205: SyntaxWarning: "\w" is an invalid escape sequence. Such sequences will not work in the future. Did you mean "\\w"? A raw string is also an option.
  _CRE = re.compile("((?P<props>[\w\s]+)\s+)?"
C:/Users/Syf/Desktop/BS4/orbital-500/orbital-qemu/scripts/tracetool/__init__.py:206: SyntaxWarning: "\w" is an invalid escape sequence. Such sequences will not work in the future. Did you mean "\\w"? A raw string is also an option.
  "(?P<name>\w+)"
C:/Users/Syf/Desktop/BS4/orbital-500/orbital-qemu/scripts/tracetool/__init__.py:207: SyntaxWarning: "\(" is an invalid escape sequence. Such sequences will not work in the future. Did you mean "\\("? A raw string is also an option.
  "\((?P<args>[^)]*)\)"
C:/Users/Syf/Desktop/BS4/orbital-500/orbital-qemu/scripts/tracetool/__init__.py:208: SyntaxWarning: "\s" is an invalid escape sequence. Such sequences will not work in the future. Did you mean "\\s"? A raw string is also an option.
  "\s*"
C:/Users/Syf/Desktop/BS4/orbital-500/orbital-qemu/scripts/tracetool/__init__.py:209: SyntaxWarning: "\s" is an invalid escape sequence. Such sequences will not work in the future. Did you mean "\\s"? A raw string is also an option.
  "(?:(?:(?P<fmt_trans>\".+),)?\s*(?P<fmt>\".+))?"
C:/Users/Syf/Desktop/BS4/orbital-500/orbital-qemu/scripts/tracetool/__init__.py:210: SyntaxWarning: "\s" is an invalid escape sequence. Such sequences will not work in the future. Did you mean "\\s"? A raw string is also an option.
  "\s*")
C:/Users/Syf/Desktop/BS4/orbital-500/orbital-qemu/scripts/tracetool/__init__.py:312: SyntaxWarning: "\d" is an invalid escape sequence. Such sequences will not work in the future. Did you mean "\\d"? A raw string is also an option.
  _FMT = re.compile("(%[\d\.]*\w+|%.*?PRI\S+)")
C:/Users/Syf/Desktop/BS4/orbital-500/orbital-qemu/scripts/tracetool/__init__.py:452: SyntaxWarning: "is" with 'int' literal. Did you mean "=="?
  if len(format) is 0:
C:/Users/Syf/Desktop/BS4/orbital-500/orbital-qemu/scripts/tracetool/__init__.py:457: SyntaxWarning: "is" with 'int' literal. Did you mean "=="?
  if len(backends) is 0:
  GEN     hw/sparc/trace.h
C:/Users/Syf/Desktop/BS4/orbital-500/orbital-qemu/scripts/tracetool/__init__.py:78: SyntaxWarning: "\*" is an invalid escape sequence. Such sequences will not work in the future. Did you mean "\\*"? A raw string is also an option.
  bit = re.sub("\*", "", bit)
C:/Users/Syf/Desktop/BS4/orbital-500/orbital-qemu/scripts/tracetool/__init__.py:205: SyntaxWarning: "\w" is an invalid escape sequence. Such sequences will not work in the future. Did you mean "\\w"? A raw string is also an option.
  _CRE = re.compile("((?P<props>[\w\s]+)\s+)?"
C:/Users/Syf/Desktop/BS4/orbital-500/orbital-qemu/scripts/tracetool/__init__.py:206: SyntaxWarning: "\w" is an invalid escape sequence. Such sequences will not work in the future. Did you mean "\\w"? A raw string is also an option.
  "(?P<name>\w+)"
C:/Users/Syf/Desktop/BS4/orbital-500/orbital-qemu/scripts/tracetool/__init__.py:207: SyntaxWarning: "\(" is an invalid escape sequence. Such sequences will not work in the future. Did you mean "\\("? A raw string is also an option.
  "\((?P<args>[^)]*)\)"
C:/Users/Syf/Desktop/BS4/orbital-500/orbital-qemu/scripts/tracetool/__init__.py:208: SyntaxWarning: "\s" is an invalid escape sequence. Such sequences will not work in the future. Did you mean "\\s"? A raw string is also an option.
  "\s*"
C:/Users/Syf/Desktop/BS4/orbital-500/orbital-qemu/scripts/tracetool/__init__.py:209: SyntaxWarning: "\s" is an invalid escape sequence. Such sequences will not work in the future. Did you mean "\\s"? A raw string is also an option.
  "(?:(?:(?P<fmt_trans>\".+),)?\s*(?P<fmt>\".+))?"
C:/Users/Syf/Desktop/BS4/orbital-500/orbital-qemu/scripts/tracetool/__init__.py:210: SyntaxWarning: "\s" is an invalid escape sequence. Such sequences will not work in the future. Did you mean "\\s"? A raw string is also an option.
  "\s*")
C:/Users/Syf/Desktop/BS4/orbital-500/orbital-qemu/scripts/tracetool/__init__.py:312: SyntaxWarning: "\d" is an invalid escape sequence. Such sequences will not work in the future. Did you mean "\\d"? A raw string is also an option.
  _FMT = re.compile("(%[\d\.]*\w+|%.*?PRI\S+)")
C:/Users/Syf/Desktop/BS4/orbital-500/orbital-qemu/scripts/tracetool/__init__.py:452: SyntaxWarning: "is" with 'int' literal. Did you mean "=="?
  if len(format) is 0:
C:/Users/Syf/Desktop/BS4/orbital-500/orbital-qemu/scripts/tracetool/__init__.py:457: SyntaxWarning: "is" with 'int' literal. Did you mean "=="?
  if len(backends) is 0:
  GEN     hw/sparc64/trace.h
C:/Users/Syf/Desktop/BS4/orbital-500/orbital-qemu/scripts/tracetool/__init__.py:78: SyntaxWarning: "\*" is an invalid escape sequence. Such sequences will not work in the future. Did you mean "\\*"? A raw string is also an option.
  bit = re.sub("\*", "", bit)
C:/Users/Syf/Desktop/BS4/orbital-500/orbital-qemu/scripts/tracetool/__init__.py:205: SyntaxWarning: "\w" is an invalid escape sequence. Such sequences will not work in the future. Did you mean "\\w"? A raw string is also an option.
  _CRE = re.compile("((?P<props>[\w\s]+)\s+)?"
C:/Users/Syf/Desktop/BS4/orbital-500/orbital-qemu/scripts/tracetool/__init__.py:206: SyntaxWarning: "\w" is an invalid escape sequence. Such sequences will not work in the future. Did you mean "\\w"? A raw string is also an option.
  "(?P<name>\w+)"
C:/Users/Syf/Desktop/BS4/orbital-500/orbital-qemu/scripts/tracetool/__init__.py:207: SyntaxWarning: "\(" is an invalid escape sequence. Such sequences will not work in the future. Did you mean "\\("? A raw string is also an option.
  "\((?P<args>[^)]*)\)"
C:/Users/Syf/Desktop/BS4/orbital-500/orbital-qemu/scripts/tracetool/__init__.py:208: SyntaxWarning: "\s" is an invalid escape sequence. Such sequences will not work in the future. Did you mean "\\s"? A raw string is also an option.
  "\s*"
C:/Users/Syf/Desktop/BS4/orbital-500/orbital-qemu/scripts/tracetool/__init__.py:209: SyntaxWarning: "\s" is an invalid escape sequence. Such sequences will not work in the future. Did you mean "\\s"? A raw string is also an option.
  "(?:(?:(?P<fmt_trans>\".+),)?\s*(?P<fmt>\".+))?"
C:/Users/Syf/Desktop/BS4/orbital-500/orbital-qemu/scripts/tracetool/__init__.py:210: SyntaxWarning: "\s" is an invalid escape sequence. Such sequences will not work in the future. Did you mean "\\s"? A raw string is also an option.
  "\s*")
C:/Users/Syf/Desktop/BS4/orbital-500/orbital-qemu/scripts/tracetool/__init__.py:312: SyntaxWarning: "\d" is an invalid escape sequence. Such sequences will not work in the future. Did you mean "\\d"? A raw string is also an option.
  _FMT = re.compile("(%[\d\.]*\w+|%.*?PRI\S+)")
C:/Users/Syf/Desktop/BS4/orbital-500/orbital-qemu/scripts/tracetool/__init__.py:452: SyntaxWarning: "is" with 'int' literal. Did you mean "=="?
  if len(format) is 0:
C:/Users/Syf/Desktop/BS4/orbital-500/orbital-qemu/scripts/tracetool/__init__.py:457: SyntaxWarning: "is" with 'int' literal. Did you mean "=="?
  if len(backends) is 0:
  GEN     hw/sd/trace.h
C:/Users/Syf/Desktop/BS4/orbital-500/orbital-qemu/scripts/tracetool/__init__.py:78: SyntaxWarning: "\*" is an invalid escape sequence. Such sequences will not work in the future. Did you mean "\\*"? A raw string is also an option.
  bit = re.sub("\*", "", bit)
C:/Users/Syf/Desktop/BS4/orbital-500/orbital-qemu/scripts/tracetool/__init__.py:205: SyntaxWarning: "\w" is an invalid escape sequence. Such sequences will not work in the future. Did you mean "\\w"? A raw string is also an option.
  _CRE = re.compile("((?P<props>[\w\s]+)\s+)?"
C:/Users/Syf/Desktop/BS4/orbital-500/orbital-qemu/scripts/tracetool/__init__.py:206: SyntaxWarning: "\w" is an invalid escape sequence. Such sequences will not work in the future. Did you mean "\\w"? A raw string is also an option.
  "(?P<name>\w+)"
C:/Users/Syf/Desktop/BS4/orbital-500/orbital-qemu/scripts/tracetool/__init__.py:207: SyntaxWarning: "\(" is an invalid escape sequence. Such sequences will not work in the future. Did you mean "\\("? A raw string is also an option.
  "\((?P<args>[^)]*)\)"
C:/Users/Syf/Desktop/BS4/orbital-500/orbital-qemu/scripts/tracetool/__init__.py:208: SyntaxWarning: "\s" is an invalid escape sequence. Such sequences will not work in the future. Did you mean "\\s"? A raw string is also an option.
  "\s*"
C:/Users/Syf/Desktop/BS4/orbital-500/orbital-qemu/scripts/tracetool/__init__.py:209: SyntaxWarning: "\s" is an invalid escape sequence. Such sequences will not work in the future. Did you mean "\\s"? A raw string is also an option.
  "(?:(?:(?P<fmt_trans>\".+),)?\s*(?P<fmt>\".+))?"
C:/Users/Syf/Desktop/BS4/orbital-500/orbital-qemu/scripts/tracetool/__init__.py:210: SyntaxWarning: "\s" is an invalid escape sequence. Such sequences will not work in the future. Did you mean "\\s"? A raw string is also an option.
  "\s*")
C:/Users/Syf/Desktop/BS4/orbital-500/orbital-qemu/scripts/tracetool/__init__.py:312: SyntaxWarning: "\d" is an invalid escape sequence. Such sequences will not work in the future. Did you mean "\\d"? A raw string is also an option.
  _FMT = re.compile("(%[\d\.]*\w+|%.*?PRI\S+)")
C:/Users/Syf/Desktop/BS4/orbital-500/orbital-qemu/scripts/tracetool/__init__.py:452: SyntaxWarning: "is" with 'int' literal. Did you mean "=="?
  if len(format) is 0:
C:/Users/Syf/Desktop/BS4/orbital-500/orbital-qemu/scripts/tracetool/__init__.py:457: SyntaxWarning: "is" with 'int' literal. Did you mean "=="?
  if len(backends) is 0:
  GEN     hw/isa/trace.h
C:/Users/Syf/Desktop/BS4/orbital-500/orbital-qemu/scripts/tracetool/__init__.py:78: SyntaxWarning: "\*" is an invalid escape sequence. Such sequences will not work in the future. Did you mean "\\*"? A raw string is also an option.
  bit = re.sub("\*", "", bit)
C:/Users/Syf/Desktop/BS4/orbital-500/orbital-qemu/scripts/tracetool/__init__.py:205: SyntaxWarning: "\w" is an invalid escape sequence. Such sequences will not work in the future. Did you mean "\\w"? A raw string is also an option.
  _CRE = re.compile("((?P<props>[\w\s]+)\s+)?"
C:/Users/Syf/Desktop/BS4/orbital-500/orbital-qemu/scripts/tracetool/__init__.py:206: SyntaxWarning: "\w" is an invalid escape sequence. Such sequences will not work in the future. Did you mean "\\w"? A raw string is also an option.
  "(?P<name>\w+)"
C:/Users/Syf/Desktop/BS4/orbital-500/orbital-qemu/scripts/tracetool/__init__.py:207: SyntaxWarning: "\(" is an invalid escape sequence. Such sequences will not work in the future. Did you mean "\\("? A raw string is also an option.
  "\((?P<args>[^)]*)\)"
C:/Users/Syf/Desktop/BS4/orbital-500/orbital-qemu/scripts/tracetool/__init__.py:208: SyntaxWarning: "\s" is an invalid escape sequence. Such sequences will not work in the future. Did you mean "\\s"? A raw string is also an option.
  "\s*"
C:/Users/Syf/Desktop/BS4/orbital-500/orbital-qemu/scripts/tracetool/__init__.py:209: SyntaxWarning: "\s" is an invalid escape sequence. Such sequences will not work in the future. Did you mean "\\s"? A raw string is also an option.
  "(?:(?:(?P<fmt_trans>\".+),)?\s*(?P<fmt>\".+))?"
C:/Users/Syf/Desktop/BS4/orbital-500/orbital-qemu/scripts/tracetool/__init__.py:210: SyntaxWarning: "\s" is an invalid escape sequence. Such sequences will not work in the future. Did you mean "\\s"? A raw string is also an option.
  "\s*")
C:/Users/Syf/Desktop/BS4/orbital-500/orbital-qemu/scripts/tracetool/__init__.py:312: SyntaxWarning: "\d" is an invalid escape sequence. Such sequences will not work in the future. Did you mean "\\d"? A raw string is also an option.
  _FMT = re.compile("(%[\d\.]*\w+|%.*?PRI\S+)")
C:/Users/Syf/Desktop/BS4/orbital-500/orbital-qemu/scripts/tracetool/__init__.py:452: SyntaxWarning: "is" with 'int' literal. Did you mean "=="?
  if len(format) is 0:
C:/Users/Syf/Desktop/BS4/orbital-500/orbital-qemu/scripts/tracetool/__init__.py:457: SyntaxWarning: "is" with 'int' literal. Did you mean "=="?
  if len(backends) is 0:
  GEN     hw/mem/trace.h
C:/Users/Syf/Desktop/BS4/orbital-500/orbital-qemu/scripts/tracetool/__init__.py:78: SyntaxWarning: "\*" is an invalid escape sequence. Such sequences will not work in the future. Did you mean "\\*"? A raw string is also an option.
  bit = re.sub("\*", "", bit)
C:/Users/Syf/Desktop/BS4/orbital-500/orbital-qemu/scripts/tracetool/__init__.py:205: SyntaxWarning: "\w" is an invalid escape sequence. Such sequences will not work in the future. Did you mean "\\w"? A raw string is also an option.
  _CRE = re.compile("((?P<props>[\w\s]+)\s+)?"
C:/Users/Syf/Desktop/BS4/orbital-500/orbital-qemu/scripts/tracetool/__init__.py:206: SyntaxWarning: "\w" is an invalid escape sequence. Such sequences will not work in the future. Did you mean "\\w"? A raw string is also an option.
  "(?P<name>\w+)"
C:/Users/Syf/Desktop/BS4/orbital-500/orbital-qemu/scripts/tracetool/__init__.py:207: SyntaxWarning: "\(" is an invalid escape sequence. Such sequences will not work in the future. Did you mean "\\("? A raw string is also an option.
  "\((?P<args>[^)]*)\)"
C:/Users/Syf/Desktop/BS4/orbital-500/orbital-qemu/scripts/tracetool/__init__.py:208: SyntaxWarning: "\s" is an invalid escape sequence. Such sequences will not work in the future. Did you mean "\\s"? A raw string is also an option.
  "\s*"
C:/Users/Syf/Desktop/BS4/orbital-500/orbital-qemu/scripts/tracetool/__init__.py:209: SyntaxWarning: "\s" is an invalid escape sequence. Such sequences will not work in the future. Did you mean "\\s"? A raw string is also an option.
  "(?:(?:(?P<fmt_trans>\".+),)?\s*(?P<fmt>\".+))?"
C:/Users/Syf/Desktop/BS4/orbital-500/orbital-qemu/scripts/tracetool/__init__.py:210: SyntaxWarning: "\s" is an invalid escape sequence. Such sequences will not work in the future. Did you mean "\\s"? A raw string is also an option.
  "\s*")
C:/Users/Syf/Desktop/BS4/orbital-500/orbital-qemu/scripts/tracetool/__init__.py:312: SyntaxWarning: "\d" is an invalid escape sequence. Such sequences will not work in the future. Did you mean "\\d"? A raw string is also an option.
  _FMT = re.compile("(%[\d\.]*\w+|%.*?PRI\S+)")
C:/Users/Syf/Desktop/BS4/orbital-500/orbital-qemu/scripts/tracetool/__init__.py:452: SyntaxWarning: "is" with 'int' literal. Did you mean "=="?
  if len(format) is 0:
C:/Users/Syf/Desktop/BS4/orbital-500/orbital-qemu/scripts/tracetool/__init__.py:457: SyntaxWarning: "is" with 'int' literal. Did you mean "=="?
  if len(backends) is 0:
  GEN     hw/i386/trace.h
C:/Users/Syf/Desktop/BS4/orbital-500/orbital-qemu/scripts/tracetool/__init__.py:78: SyntaxWarning: "\*" is an invalid escape sequence. Such sequences will not work in the future. Did you mean "\\*"? A raw string is also an option.
  bit = re.sub("\*", "", bit)
C:/Users/Syf/Desktop/BS4/orbital-500/orbital-qemu/scripts/tracetool/__init__.py:205: SyntaxWarning: "\w" is an invalid escape sequence. Such sequences will not work in the future. Did you mean "\\w"? A raw string is also an option.
  _CRE = re.compile("((?P<props>[\w\s]+)\s+)?"
C:/Users/Syf/Desktop/BS4/orbital-500/orbital-qemu/scripts/tracetool/__init__.py:206: SyntaxWarning: "\w" is an invalid escape sequence. Such sequences will not work in the future. Did you mean "\\w"? A raw string is also an option.
  "(?P<name>\w+)"
C:/Users/Syf/Desktop/BS4/orbital-500/orbital-qemu/scripts/tracetool/__init__.py:207: SyntaxWarning: "\(" is an invalid escape sequence. Such sequences will not work in the future. Did you mean "\\("? A raw string is also an option.
  "\((?P<args>[^)]*)\)"
C:/Users/Syf/Desktop/BS4/orbital-500/orbital-qemu/scripts/tracetool/__init__.py:208: SyntaxWarning: "\s" is an invalid escape sequence. Such sequences will not work in the future. Did you mean "\\s"? A raw string is also an option.
  "\s*"
C:/Users/Syf/Desktop/BS4/orbital-500/orbital-qemu/scripts/tracetool/__init__.py:209: SyntaxWarning: "\s" is an invalid escape sequence. Such sequences will not work in the future. Did you mean "\\s"? A raw string is also an option.
  "(?:(?:(?P<fmt_trans>\".+),)?\s*(?P<fmt>\".+))?"
C:/Users/Syf/Desktop/BS4/orbital-500/orbital-qemu/scripts/tracetool/__init__.py:210: SyntaxWarning: "\s" is an invalid escape sequence. Such sequences will not work in the future. Did you mean "\\s"? A raw string is also an option.
  "\s*")
C:/Users/Syf/Desktop/BS4/orbital-500/orbital-qemu/scripts/tracetool/__init__.py:312: SyntaxWarning: "\d" is an invalid escape sequence. Such sequences will not work in the future. Did you mean "\\d"? A raw string is also an option.
  _FMT = re.compile("(%[\d\.]*\w+|%.*?PRI\S+)")
C:/Users/Syf/Desktop/BS4/orbital-500/orbital-qemu/scripts/tracetool/__init__.py:452: SyntaxWarning: "is" with 'int' literal. Did you mean "=="?
  if len(format) is 0:
C:/Users/Syf/Desktop/BS4/orbital-500/orbital-qemu/scripts/tracetool/__init__.py:457: SyntaxWarning: "is" with 'int' literal. Did you mean "=="?
  if len(backends) is 0:
  GEN     hw/i386/xen/trace.h
C:/Users/Syf/Desktop/BS4/orbital-500/orbital-qemu/scripts/tracetool/__init__.py:78: SyntaxWarning: "\*" is an invalid escape sequence. Such sequences will not work in the future. Did you mean "\\*"? A raw string is also an option.
  bit = re.sub("\*", "", bit)
C:/Users/Syf/Desktop/BS4/orbital-500/orbital-qemu/scripts/tracetool/__init__.py:205: SyntaxWarning: "\w" is an invalid escape sequence. Such sequences will not work in the future. Did you mean "\\w"? A raw string is also an option.
  _CRE = re.compile("((?P<props>[\w\s]+)\s+)?"
C:/Users/Syf/Desktop/BS4/orbital-500/orbital-qemu/scripts/tracetool/__init__.py:206: SyntaxWarning: "\w" is an invalid escape sequence. Such sequences will not work in the future. Did you mean "\\w"? A raw string is also an option.
  "(?P<name>\w+)"
C:/Users/Syf/Desktop/BS4/orbital-500/orbital-qemu/scripts/tracetool/__init__.py:207: SyntaxWarning: "\(" is an invalid escape sequence. Such sequences will not work in the future. Did you mean "\\("? A raw string is also an option.
  "\((?P<args>[^)]*)\)"
C:/Users/Syf/Desktop/BS4/orbital-500/orbital-qemu/scripts/tracetool/__init__.py:208: SyntaxWarning: "\s" is an invalid escape sequence. Such sequences will not work in the future. Did you mean "\\s"? A raw string is also an option.
  "\s*"
C:/Users/Syf/Desktop/BS4/orbital-500/orbital-qemu/scripts/tracetool/__init__.py:209: SyntaxWarning: "\s" is an invalid escape sequence. Such sequences will not work in the future. Did you mean "\\s"? A raw string is also an option.
  "(?:(?:(?P<fmt_trans>\".+),)?\s*(?P<fmt>\".+))?"
C:/Users/Syf/Desktop/BS4/orbital-500/orbital-qemu/scripts/tracetool/__init__.py:210: SyntaxWarning: "\s" is an invalid escape sequence. Such sequences will not work in the future. Did you mean "\\s"? A raw string is also an option.
  "\s*")
C:/Users/Syf/Desktop/BS4/orbital-500/orbital-qemu/scripts/tracetool/__init__.py:312: SyntaxWarning: "\d" is an invalid escape sequence. Such sequences will not work in the future. Did you mean "\\d"? A raw string is also an option.
  _FMT = re.compile("(%[\d\.]*\w+|%.*?PRI\S+)")
C:/Users/Syf/Desktop/BS4/orbital-500/orbital-qemu/scripts/tracetool/__init__.py:452: SyntaxWarning: "is" with 'int' literal. Did you mean "=="?
  if len(format) is 0:
C:/Users/Syf/Desktop/BS4/orbital-500/orbital-qemu/scripts/tracetool/__init__.py:457: SyntaxWarning: "is" with 'int' literal. Did you mean "=="?
  if len(backends) is 0:
  GEN     hw/9pfs/trace.h
C:/Users/Syf/Desktop/BS4/orbital-500/orbital-qemu/scripts/tracetool/__init__.py:78: SyntaxWarning: "\*" is an invalid escape sequence. Such sequences will not work in the future. Did you mean "\\*"? A raw string is also an option.
  bit = re.sub("\*", "", bit)
C:/Users/Syf/Desktop/BS4/orbital-500/orbital-qemu/scripts/tracetool/__init__.py:205: SyntaxWarning: "\w" is an invalid escape sequence. Such sequences will not work in the future. Did you mean "\\w"? A raw string is also an option.
  _CRE = re.compile("((?P<props>[\w\s]+)\s+)?"
C:/Users/Syf/Desktop/BS4/orbital-500/orbital-qemu/scripts/tracetool/__init__.py:206: SyntaxWarning: "\w" is an invalid escape sequence. Such sequences will not work in the future. Did you mean "\\w"? A raw string is also an option.
  "(?P<name>\w+)"
C:/Users/Syf/Desktop/BS4/orbital-500/orbital-qemu/scripts/tracetool/__init__.py:207: SyntaxWarning: "\(" is an invalid escape sequence. Such sequences will not work in the future. Did you mean "\\("? A raw string is also an option.
  "\((?P<args>[^)]*)\)"
C:/Users/Syf/Desktop/BS4/orbital-500/orbital-qemu/scripts/tracetool/__init__.py:208: SyntaxWarning: "\s" is an invalid escape sequence. Such sequences will not work in the future. Did you mean "\\s"? A raw string is also an option.
  "\s*"
C:/Users/Syf/Desktop/BS4/orbital-500/orbital-qemu/scripts/tracetool/__init__.py:209: SyntaxWarning: "\s" is an invalid escape sequence. Such sequences will not work in the future. Did you mean "\\s"? A raw string is also an option.
  "(?:(?:(?P<fmt_trans>\".+),)?\s*(?P<fmt>\".+))?"
C:/Users/Syf/Desktop/BS4/orbital-500/orbital-qemu/scripts/tracetool/__init__.py:210: SyntaxWarning: "\s" is an invalid escape sequence. Such sequences will not work in the future. Did you mean "\\s"? A raw string is also an option.
  "\s*")
C:/Users/Syf/Desktop/BS4/orbital-500/orbital-qemu/scripts/tracetool/__init__.py:312: SyntaxWarning: "\d" is an invalid escape sequence. Such sequences will not work in the future. Did you mean "\\d"? A raw string is also an option.
  _FMT = re.compile("(%[\d\.]*\w+|%.*?PRI\S+)")
C:/Users/Syf/Desktop/BS4/orbital-500/orbital-qemu/scripts/tracetool/__init__.py:452: SyntaxWarning: "is" with 'int' literal. Did you mean "=="?
  if len(format) is 0:
C:/Users/Syf/Desktop/BS4/orbital-500/orbital-qemu/scripts/tracetool/__init__.py:457: SyntaxWarning: "is" with 'int' literal. Did you mean "=="?
  if len(backends) is 0:
  GEN     hw/ppc/trace.h
C:/Users/Syf/Desktop/BS4/orbital-500/orbital-qemu/scripts/tracetool/__init__.py:78: SyntaxWarning: "\*" is an invalid escape sequence. Such sequences will not work in the future. Did you mean "\\*"? A raw string is also an option.
  bit = re.sub("\*", "", bit)
C:/Users/Syf/Desktop/BS4/orbital-500/orbital-qemu/scripts/tracetool/__init__.py:205: SyntaxWarning: "\w" is an invalid escape sequence. Such sequences will not work in the future. Did you mean "\\w"? A raw string is also an option.
  _CRE = re.compile("((?P<props>[\w\s]+)\s+)?"
C:/Users/Syf/Desktop/BS4/orbital-500/orbital-qemu/scripts/tracetool/__init__.py:206: SyntaxWarning: "\w" is an invalid escape sequence. Such sequences will not work in the future. Did you mean "\\w"? A raw string is also an option.
  "(?P<name>\w+)"
C:/Users/Syf/Desktop/BS4/orbital-500/orbital-qemu/scripts/tracetool/__init__.py:207: SyntaxWarning: "\(" is an invalid escape sequence. Such sequences will not work in the future. Did you mean "\\("? A raw string is also an option.
  "\((?P<args>[^)]*)\)"
C:/Users/Syf/Desktop/BS4/orbital-500/orbital-qemu/scripts/tracetool/__init__.py:208: SyntaxWarning: "\s" is an invalid escape sequence. Such sequences will not work in the future. Did you mean "\\s"? A raw string is also an option.
  "\s*"
C:/Users/Syf/Desktop/BS4/orbital-500/orbital-qemu/scripts/tracetool/__init__.py:209: SyntaxWarning: "\s" is an invalid escape sequence. Such sequences will not work in the future. Did you mean "\\s"? A raw string is also an option.
  "(?:(?:(?P<fmt_trans>\".+),)?\s*(?P<fmt>\".+))?"
C:/Users/Syf/Desktop/BS4/orbital-500/orbital-qemu/scripts/tracetool/__init__.py:210: SyntaxWarning: "\s" is an invalid escape sequence. Such sequences will not work in the future. Did you mean "\\s"? A raw string is also an option.
  "\s*")
C:/Users/Syf/Desktop/BS4/orbital-500/orbital-qemu/scripts/tracetool/__init__.py:312: SyntaxWarning: "\d" is an invalid escape sequence. Such sequences will not work in the future. Did you mean "\\d"? A raw string is also an option.
  _FMT = re.compile("(%[\d\.]*\w+|%.*?PRI\S+)")
C:/Users/Syf/Desktop/BS4/orbital-500/orbital-qemu/scripts/tracetool/__init__.py:452: SyntaxWarning: "is" with 'int' literal. Did you mean "=="?
  if len(format) is 0:
C:/Users/Syf/Desktop/BS4/orbital-500/orbital-qemu/scripts/tracetool/__init__.py:457: SyntaxWarning: "is" with 'int' literal. Did you mean "=="?
  if len(backends) is 0:
  GEN     hw/pci/trace.h
C:/Users/Syf/Desktop/BS4/orbital-500/orbital-qemu/scripts/tracetool/__init__.py:78: SyntaxWarning: "\*" is an invalid escape sequence. Such sequences will not work in the future. Did you mean "\\*"? A raw string is also an option.
  bit = re.sub("\*", "", bit)
C:/Users/Syf/Desktop/BS4/orbital-500/orbital-qemu/scripts/tracetool/__init__.py:205: SyntaxWarning: "\w" is an invalid escape sequence. Such sequences will not work in the future. Did you mean "\\w"? A raw string is also an option.
  _CRE = re.compile("((?P<props>[\w\s]+)\s+)?"
C:/Users/Syf/Desktop/BS4/orbital-500/orbital-qemu/scripts/tracetool/__init__.py:206: SyntaxWarning: "\w" is an invalid escape sequence. Such sequences will not work in the future. Did you mean "\\w"? A raw string is also an option.
  "(?P<name>\w+)"
C:/Users/Syf/Desktop/BS4/orbital-500/orbital-qemu/scripts/tracetool/__init__.py:207: SyntaxWarning: "\(" is an invalid escape sequence. Such sequences will not work in the future. Did you mean "\\("? A raw string is also an option.
  "\((?P<args>[^)]*)\)"
C:/Users/Syf/Desktop/BS4/orbital-500/orbital-qemu/scripts/tracetool/__init__.py:208: SyntaxWarning: "\s" is an invalid escape sequence. Such sequences will not work in the future. Did you mean "\\s"? A raw string is also an option.
  "\s*"
C:/Users/Syf/Desktop/BS4/orbital-500/orbital-qemu/scripts/tracetool/__init__.py:209: SyntaxWarning: "\s" is an invalid escape sequence. Such sequences will not work in the future. Did you mean "\\s"? A raw string is also an option.
  "(?:(?:(?P<fmt_trans>\".+),)?\s*(?P<fmt>\".+))?"
C:/Users/Syf/Desktop/BS4/orbital-500/orbital-qemu/scripts/tracetool/__init__.py:210: SyntaxWarning: "\s" is an invalid escape sequence. Such sequences will not work in the future. Did you mean "\\s"? A raw string is also an option.
  "\s*")
C:/Users/Syf/Desktop/BS4/orbital-500/orbital-qemu/scripts/tracetool/__init__.py:312: SyntaxWarning: "\d" is an invalid escape sequence. Such sequences will not work in the future. Did you mean "\\d"? A raw string is also an option.
  _FMT = re.compile("(%[\d\.]*\w+|%.*?PRI\S+)")
C:/Users/Syf/Desktop/BS4/orbital-500/orbital-qemu/scripts/tracetool/__init__.py:452: SyntaxWarning: "is" with 'int' literal. Did you mean "=="?
  if len(format) is 0:
C:/Users/Syf/Desktop/BS4/orbital-500/orbital-qemu/scripts/tracetool/__init__.py:457: SyntaxWarning: "is" with 'int' literal. Did you mean "=="?
  if len(backends) is 0:
  GEN     hw/pci-host/trace.h
C:/Users/Syf/Desktop/BS4/orbital-500/orbital-qemu/scripts/tracetool/__init__.py:78: SyntaxWarning: "\*" is an invalid escape sequence. Such sequences will not work in the future. Did you mean "\\*"? A raw string is also an option.
  bit = re.sub("\*", "", bit)
C:/Users/Syf/Desktop/BS4/orbital-500/orbital-qemu/scripts/tracetool/__init__.py:205: SyntaxWarning: "\w" is an invalid escape sequence. Such sequences will not work in the future. Did you mean "\\w"? A raw string is also an option.
  _CRE = re.compile("((?P<props>[\w\s]+)\s+)?"
C:/Users/Syf/Desktop/BS4/orbital-500/orbital-qemu/scripts/tracetool/__init__.py:206: SyntaxWarning: "\w" is an invalid escape sequence. Such sequences will not work in the future. Did you mean "\\w"? A raw string is also an option.
  "(?P<name>\w+)"
C:/Users/Syf/Desktop/BS4/orbital-500/orbital-qemu/scripts/tracetool/__init__.py:207: SyntaxWarning: "\(" is an invalid escape sequence. Such sequences will not work in the future. Did you mean "\\("? A raw string is also an option.
  "\((?P<args>[^)]*)\)"
C:/Users/Syf/Desktop/BS4/orbital-500/orbital-qemu/scripts/tracetool/__init__.py:208: SyntaxWarning: "\s" is an invalid escape sequence. Such sequences will not work in the future. Did you mean "\\s"? A raw string is also an option.
  "\s*"
C:/Users/Syf/Desktop/BS4/orbital-500/orbital-qemu/scripts/tracetool/__init__.py:209: SyntaxWarning: "\s" is an invalid escape sequence. Such sequences will not work in the future. Did you mean "\\s"? A raw string is also an option.
  "(?:(?:(?P<fmt_trans>\".+),)?\s*(?P<fmt>\".+))?"
C:/Users/Syf/Desktop/BS4/orbital-500/orbital-qemu/scripts/tracetool/__init__.py:210: SyntaxWarning: "\s" is an invalid escape sequence. Such sequences will not work in the future. Did you mean "\\s"? A raw string is also an option.
  "\s*")
C:/Users/Syf/Desktop/BS4/orbital-500/orbital-qemu/scripts/tracetool/__init__.py:312: SyntaxWarning: "\d" is an invalid escape sequence. Such sequences will not work in the future. Did you mean "\\d"? A raw string is also an option.
  _FMT = re.compile("(%[\d\.]*\w+|%.*?PRI\S+)")
C:/Users/Syf/Desktop/BS4/orbital-500/orbital-qemu/scripts/tracetool/__init__.py:452: SyntaxWarning: "is" with 'int' literal. Did you mean "=="?
  if len(format) is 0:
C:/Users/Syf/Desktop/BS4/orbital-500/orbital-qemu/scripts/tracetool/__init__.py:457: SyntaxWarning: "is" with 'int' literal. Did you mean "=="?
  if len(backends) is 0:
  GEN     hw/s390x/trace.h
C:/Users/Syf/Desktop/BS4/orbital-500/orbital-qemu/scripts/tracetool/__init__.py:78: SyntaxWarning: "\*" is an invalid escape sequence. Such sequences will not work in the future. Did you mean "\\*"? A raw string is also an option.
  bit = re.sub("\*", "", bit)
C:/Users/Syf/Desktop/BS4/orbital-500/orbital-qemu/scripts/tracetool/__init__.py:205: SyntaxWarning: "\w" is an invalid escape sequence. Such sequences will not work in the future. Did you mean "\\w"? A raw string is also an option.
  _CRE = re.compile("((?P<props>[\w\s]+)\s+)?"
C:/Users/Syf/Desktop/BS4/orbital-500/orbital-qemu/scripts/tracetool/__init__.py:206: SyntaxWarning: "\w" is an invalid escape sequence. Such sequences will not work in the future. Did you mean "\\w"? A raw string is also an option.
  "(?P<name>\w+)"
C:/Users/Syf/Desktop/BS4/orbital-500/orbital-qemu/scripts/tracetool/__init__.py:207: SyntaxWarning: "\(" is an invalid escape sequence. Such sequences will not work in the future. Did you mean "\\("? A raw string is also an option.
  "\((?P<args>[^)]*)\)"
C:/Users/Syf/Desktop/BS4/orbital-500/orbital-qemu/scripts/tracetool/__init__.py:208: SyntaxWarning: "\s" is an invalid escape sequence. Such sequences will not work in the future. Did you mean "\\s"? A raw string is also an option.
  "\s*"
C:/Users/Syf/Desktop/BS4/orbital-500/orbital-qemu/scripts/tracetool/__init__.py:209: SyntaxWarning: "\s" is an invalid escape sequence. Such sequences will not work in the future. Did you mean "\\s"? A raw string is also an option.
  "(?:(?:(?P<fmt_trans>\".+),)?\s*(?P<fmt>\".+))?"
C:/Users/Syf/Desktop/BS4/orbital-500/orbital-qemu/scripts/tracetool/__init__.py:210: SyntaxWarning: "\s" is an invalid escape sequence. Such sequences will not work in the future. Did you mean "\\s"? A raw string is also an option.
  "\s*")
C:/Users/Syf/Desktop/BS4/orbital-500/orbital-qemu/scripts/tracetool/__init__.py:312: SyntaxWarning: "\d" is an invalid escape sequence. Such sequences will not work in the future. Did you mean "\\d"? A raw string is also an option.
  _FMT = re.compile("(%[\d\.]*\w+|%.*?PRI\S+)")
C:/Users/Syf/Desktop/BS4/orbital-500/orbital-qemu/scripts/tracetool/__init__.py:452: SyntaxWarning: "is" with 'int' literal. Did you mean "=="?
  if len(format) is 0:
C:/Users/Syf/Desktop/BS4/orbital-500/orbital-qemu/scripts/tracetool/__init__.py:457: SyntaxWarning: "is" with 'int' literal. Did you mean "=="?
  if len(backends) is 0:
  GEN     hw/vfio/trace.h
C:/Users/Syf/Desktop/BS4/orbital-500/orbital-qemu/scripts/tracetool/__init__.py:78: SyntaxWarning: "\*" is an invalid escape sequence. Such sequences will not work in the future. Did you mean "\\*"? A raw string is also an option.
  bit = re.sub("\*", "", bit)
C:/Users/Syf/Desktop/BS4/orbital-500/orbital-qemu/scripts/tracetool/__init__.py:205: SyntaxWarning: "\w" is an invalid escape sequence. Such sequences will not work in the future. Did you mean "\\w"? A raw string is also an option.
  _CRE = re.compile("((?P<props>[\w\s]+)\s+)?"
C:/Users/Syf/Desktop/BS4/orbital-500/orbital-qemu/scripts/tracetool/__init__.py:206: SyntaxWarning: "\w" is an invalid escape sequence. Such sequences will not work in the future. Did you mean "\\w"? A raw string is also an option.
  "(?P<name>\w+)"
C:/Users/Syf/Desktop/BS4/orbital-500/orbital-qemu/scripts/tracetool/__init__.py:207: SyntaxWarning: "\(" is an invalid escape sequence. Such sequences will not work in the future. Did you mean "\\("? A raw string is also an option.
  "\((?P<args>[^)]*)\)"
C:/Users/Syf/Desktop/BS4/orbital-500/orbital-qemu/scripts/tracetool/__init__.py:208: SyntaxWarning: "\s" is an invalid escape sequence. Such sequences will not work in the future. Did you mean "\\s"? A raw string is also an option.
  "\s*"
C:/Users/Syf/Desktop/BS4/orbital-500/orbital-qemu/scripts/tracetool/__init__.py:209: SyntaxWarning: "\s" is an invalid escape sequence. Such sequences will not work in the future. Did you mean "\\s"? A raw string is also an option.
  "(?:(?:(?P<fmt_trans>\".+),)?\s*(?P<fmt>\".+))?"
C:/Users/Syf/Desktop/BS4/orbital-500/orbital-qemu/scripts/tracetool/__init__.py:210: SyntaxWarning: "\s" is an invalid escape sequence. Such sequences will not work in the future. Did you mean "\\s"? A raw string is also an option.
  "\s*")
C:/Users/Syf/Desktop/BS4/orbital-500/orbital-qemu/scripts/tracetool/__init__.py:312: SyntaxWarning: "\d" is an invalid escape sequence. Such sequences will not work in the future. Did you mean "\\d"? A raw string is also an option.
  _FMT = re.compile("(%[\d\.]*\w+|%.*?PRI\S+)")
C:/Users/Syf/Desktop/BS4/orbital-500/orbital-qemu/scripts/tracetool/__init__.py:452: SyntaxWarning: "is" with 'int' literal. Did you mean "=="?
  if len(format) is 0:
C:/Users/Syf/Desktop/BS4/orbital-500/orbital-qemu/scripts/tracetool/__init__.py:457: SyntaxWarning: "is" with 'int' literal. Did you mean "=="?
  if len(backends) is 0:
  GEN     hw/acpi/trace.h
C:/Users/Syf/Desktop/BS4/orbital-500/orbital-qemu/scripts/tracetool/__init__.py:78: SyntaxWarning: "\*" is an invalid escape sequence. Such sequences will not work in the future. Did you mean "\\*"? A raw string is also an option.
  bit = re.sub("\*", "", bit)
C:/Users/Syf/Desktop/BS4/orbital-500/orbital-qemu/scripts/tracetool/__init__.py:205: SyntaxWarning: "\w" is an invalid escape sequence. Such sequences will not work in the future. Did you mean "\\w"? A raw string is also an option.
  _CRE = re.compile("((?P<props>[\w\s]+)\s+)?"
C:/Users/Syf/Desktop/BS4/orbital-500/orbital-qemu/scripts/tracetool/__init__.py:206: SyntaxWarning: "\w" is an invalid escape sequence. Such sequences will not work in the future. Did you mean "\\w"? A raw string is also an option.
  "(?P<name>\w+)"
C:/Users/Syf/Desktop/BS4/orbital-500/orbital-qemu/scripts/tracetool/__init__.py:207: SyntaxWarning: "\(" is an invalid escape sequence. Such sequences will not work in the future. Did you mean "\\("? A raw string is also an option.
  "\((?P<args>[^)]*)\)"
C:/Users/Syf/Desktop/BS4/orbital-500/orbital-qemu/scripts/tracetool/__init__.py:208: SyntaxWarning: "\s" is an invalid escape sequence. Such sequences will not work in the future. Did you mean "\\s"? A raw string is also an option.
  "\s*"
C:/Users/Syf/Desktop/BS4/orbital-500/orbital-qemu/scripts/tracetool/__init__.py:209: SyntaxWarning: "\s" is an invalid escape sequence. Such sequences will not work in the future. Did you mean "\\s"? A raw string is also an option.
  "(?:(?:(?P<fmt_trans>\".+),)?\s*(?P<fmt>\".+))?"
C:/Users/Syf/Desktop/BS4/orbital-500/orbital-qemu/scripts/tracetool/__init__.py:210: SyntaxWarning: "\s" is an invalid escape sequence. Such sequences will not work in the future. Did you mean "\\s"? A raw string is also an option.
  "\s*")
C:/Users/Syf/Desktop/BS4/orbital-500/orbital-qemu/scripts/tracetool/__init__.py:312: SyntaxWarning: "\d" is an invalid escape sequence. Such sequences will not work in the future. Did you mean "\\d"? A raw string is also an option.
  _FMT = re.compile("(%[\d\.]*\w+|%.*?PRI\S+)")
C:/Users/Syf/Desktop/BS4/orbital-500/orbital-qemu/scripts/tracetool/__init__.py:452: SyntaxWarning: "is" with 'int' literal. Did you mean "=="?
  if len(format) is 0:
C:/Users/Syf/Desktop/BS4/orbital-500/orbital-qemu/scripts/tracetool/__init__.py:457: SyntaxWarning: "is" with 'int' literal. Did you mean "=="?
  if len(backends) is 0:
  GEN     hw/arm/trace.h
C:/Users/Syf/Desktop/BS4/orbital-500/orbital-qemu/scripts/tracetool/__init__.py:78: SyntaxWarning: "\*" is an invalid escape sequence. Such sequences will not work in the future. Did you mean "\\*"? A raw string is also an option.
  bit = re.sub("\*", "", bit)
C:/Users/Syf/Desktop/BS4/orbital-500/orbital-qemu/scripts/tracetool/__init__.py:205: SyntaxWarning: "\w" is an invalid escape sequence. Such sequences will not work in the future. Did you mean "\\w"? A raw string is also an option.
  _CRE = re.compile("((?P<props>[\w\s]+)\s+)?"
C:/Users/Syf/Desktop/BS4/orbital-500/orbital-qemu/scripts/tracetool/__init__.py:206: SyntaxWarning: "\w" is an invalid escape sequence. Such sequences will not work in the future. Did you mean "\\w"? A raw string is also an option.
  "(?P<name>\w+)"
C:/Users/Syf/Desktop/BS4/orbital-500/orbital-qemu/scripts/tracetool/__init__.py:207: SyntaxWarning: "\(" is an invalid escape sequence. Such sequences will not work in the future. Did you mean "\\("? A raw string is also an option.
  "\((?P<args>[^)]*)\)"
C:/Users/Syf/Desktop/BS4/orbital-500/orbital-qemu/scripts/tracetool/__init__.py:208: SyntaxWarning: "\s" is an invalid escape sequence. Such sequences will not work in the future. Did you mean "\\s"? A raw string is also an option.
  "\s*"
C:/Users/Syf/Desktop/BS4/orbital-500/orbital-qemu/scripts/tracetool/__init__.py:209: SyntaxWarning: "\s" is an invalid escape sequence. Such sequences will not work in the future. Did you mean "\\s"? A raw string is also an option.
  "(?:(?:(?P<fmt_trans>\".+),)?\s*(?P<fmt>\".+))?"
C:/Users/Syf/Desktop/BS4/orbital-500/orbital-qemu/scripts/tracetool/__init__.py:210: SyntaxWarning: "\s" is an invalid escape sequence. Such sequences will not work in the future. Did you mean "\\s"? A raw string is also an option.
  "\s*")
C:/Users/Syf/Desktop/BS4/orbital-500/orbital-qemu/scripts/tracetool/__init__.py:312: SyntaxWarning: "\d" is an invalid escape sequence. Such sequences will not work in the future. Did you mean "\\d"? A raw string is also an option.
  _FMT = re.compile("(%[\d\.]*\w+|%.*?PRI\S+)")
C:/Users/Syf/Desktop/BS4/orbital-500/orbital-qemu/scripts/tracetool/__init__.py:452: SyntaxWarning: "is" with 'int' literal. Did you mean "=="?
  if len(format) is 0:
C:/Users/Syf/Desktop/BS4/orbital-500/orbital-qemu/scripts/tracetool/__init__.py:457: SyntaxWarning: "is" with 'int' literal. Did you mean "=="?
  if len(backends) is 0:
  GEN     hw/alpha/trace.h
C:/Users/Syf/Desktop/BS4/orbital-500/orbital-qemu/scripts/tracetool/__init__.py:78: SyntaxWarning: "\*" is an invalid escape sequence. Such sequences will not work in the future. Did you mean "\\*"? A raw string is also an option.
  bit = re.sub("\*", "", bit)
C:/Users/Syf/Desktop/BS4/orbital-500/orbital-qemu/scripts/tracetool/__init__.py:205: SyntaxWarning: "\w" is an invalid escape sequence. Such sequences will not work in the future. Did you mean "\\w"? A raw string is also an option.
  _CRE = re.compile("((?P<props>[\w\s]+)\s+)?"
C:/Users/Syf/Desktop/BS4/orbital-500/orbital-qemu/scripts/tracetool/__init__.py:206: SyntaxWarning: "\w" is an invalid escape sequence. Such sequences will not work in the future. Did you mean "\\w"? A raw string is also an option.
  "(?P<name>\w+)"
C:/Users/Syf/Desktop/BS4/orbital-500/orbital-qemu/scripts/tracetool/__init__.py:207: SyntaxWarning: "\(" is an invalid escape sequence. Such sequences will not work in the future. Did you mean "\\("? A raw string is also an option.
  "\((?P<args>[^)]*)\)"
C:/Users/Syf/Desktop/BS4/orbital-500/orbital-qemu/scripts/tracetool/__init__.py:208: SyntaxWarning: "\s" is an invalid escape sequence. Such sequences will not work in the future. Did you mean "\\s"? A raw string is also an option.
  "\s*"
C:/Users/Syf/Desktop/BS4/orbital-500/orbital-qemu/scripts/tracetool/__init__.py:209: SyntaxWarning: "\s" is an invalid escape sequence. Such sequences will not work in the future. Did you mean "\\s"? A raw string is also an option.
  "(?:(?:(?P<fmt_trans>\".+),)?\s*(?P<fmt>\".+))?"
C:/Users/Syf/Desktop/BS4/orbital-500/orbital-qemu/scripts/tracetool/__init__.py:210: SyntaxWarning: "\s" is an invalid escape sequence. Such sequences will not work in the future. Did you mean "\\s"? A raw string is also an option.
  "\s*")
C:/Users/Syf/Desktop/BS4/orbital-500/orbital-qemu/scripts/tracetool/__init__.py:312: SyntaxWarning: "\d" is an invalid escape sequence. Such sequences will not work in the future. Did you mean "\\d"? A raw string is also an option.
  _FMT = re.compile("(%[\d\.]*\w+|%.*?PRI\S+)")
C:/Users/Syf/Desktop/BS4/orbital-500/orbital-qemu/scripts/tracetool/__init__.py:452: SyntaxWarning: "is" with 'int' literal. Did you mean "=="?
  if len(format) is 0:
C:/Users/Syf/Desktop/BS4/orbital-500/orbital-qemu/scripts/tracetool/__init__.py:457: SyntaxWarning: "is" with 'int' literal. Did you mean "=="?
  if len(backends) is 0:
  GEN     hw/hppa/trace.h
C:/Users/Syf/Desktop/BS4/orbital-500/orbital-qemu/scripts/tracetool/__init__.py:78: SyntaxWarning: "\*" is an invalid escape sequence. Such sequences will not work in the future. Did you mean "\\*"? A raw string is also an option.
  bit = re.sub("\*", "", bit)
C:/Users/Syf/Desktop/BS4/orbital-500/orbital-qemu/scripts/tracetool/__init__.py:205: SyntaxWarning: "\w" is an invalid escape sequence. Such sequences will not work in the future. Did you mean "\\w"? A raw string is also an option.
  _CRE = re.compile("((?P<props>[\w\s]+)\s+)?"
C:/Users/Syf/Desktop/BS4/orbital-500/orbital-qemu/scripts/tracetool/__init__.py:206: SyntaxWarning: "\w" is an invalid escape sequence. Such sequences will not work in the future. Did you mean "\\w"? A raw string is also an option.
  "(?P<name>\w+)"
C:/Users/Syf/Desktop/BS4/orbital-500/orbital-qemu/scripts/tracetool/__init__.py:207: SyntaxWarning: "\(" is an invalid escape sequence. Such sequences will not work in the future. Did you mean "\\("? A raw string is also an option.
  "\((?P<args>[^)]*)\)"
C:/Users/Syf/Desktop/BS4/orbital-500/orbital-qemu/scripts/tracetool/__init__.py:208: SyntaxWarning: "\s" is an invalid escape sequence. Such sequences will not work in the future. Did you mean "\\s"? A raw string is also an option.
  "\s*"
C:/Users/Syf/Desktop/BS4/orbital-500/orbital-qemu/scripts/tracetool/__init__.py:209: SyntaxWarning: "\s" is an invalid escape sequence. Such sequences will not work in the future. Did you mean "\\s"? A raw string is also an option.
  "(?:(?:(?P<fmt_trans>\".+),)?\s*(?P<fmt>\".+))?"
C:/Users/Syf/Desktop/BS4/orbital-500/orbital-qemu/scripts/tracetool/__init__.py:210: SyntaxWarning: "\s" is an invalid escape sequence. Such sequences will not work in the future. Did you mean "\\s"? A raw string is also an option.
  "\s*")
C:/Users/Syf/Desktop/BS4/orbital-500/orbital-qemu/scripts/tracetool/__init__.py:312: SyntaxWarning: "\d" is an invalid escape sequence. Such sequences will not work in the future. Did you mean "\\d"? A raw string is also an option.
  _FMT = re.compile("(%[\d\.]*\w+|%.*?PRI\S+)")
C:/Users/Syf/Desktop/BS4/orbital-500/orbital-qemu/scripts/tracetool/__init__.py:452: SyntaxWarning: "is" with 'int' literal. Did you mean "=="?
  if len(format) is 0:
C:/Users/Syf/Desktop/BS4/orbital-500/orbital-qemu/scripts/tracetool/__init__.py:457: SyntaxWarning: "is" with 'int' literal. Did you mean "=="?
  if len(backends) is 0:
  GEN     hw/xen/trace.h
C:/Users/Syf/Desktop/BS4/orbital-500/orbital-qemu/scripts/tracetool/__init__.py:78: SyntaxWarning: "\*" is an invalid escape sequence. Such sequences will not work in the future. Did you mean "\\*"? A raw string is also an option.
  bit = re.sub("\*", "", bit)
C:/Users/Syf/Desktop/BS4/orbital-500/orbital-qemu/scripts/tracetool/__init__.py:205: SyntaxWarning: "\w" is an invalid escape sequence. Such sequences will not work in the future. Did you mean "\\w"? A raw string is also an option.
  _CRE = re.compile("((?P<props>[\w\s]+)\s+)?"
C:/Users/Syf/Desktop/BS4/orbital-500/orbital-qemu/scripts/tracetool/__init__.py:206: SyntaxWarning: "\w" is an invalid escape sequence. Such sequences will not work in the future. Did you mean "\\w"? A raw string is also an option.
  "(?P<name>\w+)"
C:/Users/Syf/Desktop/BS4/orbital-500/orbital-qemu/scripts/tracetool/__init__.py:207: SyntaxWarning: "\(" is an invalid escape sequence. Such sequences will not work in the future. Did you mean "\\("? A raw string is also an option.
  "\((?P<args>[^)]*)\)"
C:/Users/Syf/Desktop/BS4/orbital-500/orbital-qemu/scripts/tracetool/__init__.py:208: SyntaxWarning: "\s" is an invalid escape sequence. Such sequences will not work in the future. Did you mean "\\s"? A raw string is also an option.
  "\s*"
C:/Users/Syf/Desktop/BS4/orbital-500/orbital-qemu/scripts/tracetool/__init__.py:209: SyntaxWarning: "\s" is an invalid escape sequence. Such sequences will not work in the future. Did you mean "\\s"? A raw string is also an option.
  "(?:(?:(?P<fmt_trans>\".+),)?\s*(?P<fmt>\".+))?"
C:/Users/Syf/Desktop/BS4/orbital-500/orbital-qemu/scripts/tracetool/__init__.py:210: SyntaxWarning: "\s" is an invalid escape sequence. Such sequences will not work in the future. Did you mean "\\s"? A raw string is also an option.
  "\s*")
C:/Users/Syf/Desktop/BS4/orbital-500/orbital-qemu/scripts/tracetool/__init__.py:312: SyntaxWarning: "\d" is an invalid escape sequence. Such sequences will not work in the future. Did you mean "\\d"? A raw string is also an option.
  _FMT = re.compile("(%[\d\.]*\w+|%.*?PRI\S+)")
C:/Users/Syf/Desktop/BS4/orbital-500/orbital-qemu/scripts/tracetool/__init__.py:452: SyntaxWarning: "is" with 'int' literal. Did you mean "=="?
  if len(format) is 0:
C:/Users/Syf/Desktop/BS4/orbital-500/orbital-qemu/scripts/tracetool/__init__.py:457: SyntaxWarning: "is" with 'int' literal. Did you mean "=="?
  if len(backends) is 0:
  GEN     hw/ide/trace.h
C:/Users/Syf/Desktop/BS4/orbital-500/orbital-qemu/scripts/tracetool/__init__.py:78: SyntaxWarning: "\*" is an invalid escape sequence. Such sequences will not work in the future. Did you mean "\\*"? A raw string is also an option.
  bit = re.sub("\*", "", bit)
C:/Users/Syf/Desktop/BS4/orbital-500/orbital-qemu/scripts/tracetool/__init__.py:205: SyntaxWarning: "\w" is an invalid escape sequence. Such sequences will not work in the future. Did you mean "\\w"? A raw string is also an option.
  _CRE = re.compile("((?P<props>[\w\s]+)\s+)?"
C:/Users/Syf/Desktop/BS4/orbital-500/orbital-qemu/scripts/tracetool/__init__.py:206: SyntaxWarning: "\w" is an invalid escape sequence. Such sequences will not work in the future. Did you mean "\\w"? A raw string is also an option.
  "(?P<name>\w+)"
C:/Users/Syf/Desktop/BS4/orbital-500/orbital-qemu/scripts/tracetool/__init__.py:207: SyntaxWarning: "\(" is an invalid escape sequence. Such sequences will not work in the future. Did you mean "\\("? A raw string is also an option.
  "\((?P<args>[^)]*)\)"
C:/Users/Syf/Desktop/BS4/orbital-500/orbital-qemu/scripts/tracetool/__init__.py:208: SyntaxWarning: "\s" is an invalid escape sequence. Such sequences will not work in the future. Did you mean "\\s"? A raw string is also an option.
  "\s*"
C:/Users/Syf/Desktop/BS4/orbital-500/orbital-qemu/scripts/tracetool/__init__.py:209: SyntaxWarning: "\s" is an invalid escape sequence. Such sequences will not work in the future. Did you mean "\\s"? A raw string is also an option.
  "(?:(?:(?P<fmt_trans>\".+),)?\s*(?P<fmt>\".+))?"
C:/Users/Syf/Desktop/BS4/orbital-500/orbital-qemu/scripts/tracetool/__init__.py:210: SyntaxWarning: "\s" is an invalid escape sequence. Such sequences will not work in the future. Did you mean "\\s"? A raw string is also an option.
  "\s*")
C:/Users/Syf/Desktop/BS4/orbital-500/orbital-qemu/scripts/tracetool/__init__.py:312: SyntaxWarning: "\d" is an invalid escape sequence. Such sequences will not work in the future. Did you mean "\\d"? A raw string is also an option.
  _FMT = re.compile("(%[\d\.]*\w+|%.*?PRI\S+)")
C:/Users/Syf/Desktop/BS4/orbital-500/orbital-qemu/scripts/tracetool/__init__.py:452: SyntaxWarning: "is" with 'int' literal. Did you mean "=="?
  if len(format) is 0:
C:/Users/Syf/Desktop/BS4/orbital-500/orbital-qemu/scripts/tracetool/__init__.py:457: SyntaxWarning: "is" with 'int' literal. Did you mean "=="?
  if len(backends) is 0:
  GEN     hw/tpm/trace.h
C:/Users/Syf/Desktop/BS4/orbital-500/orbital-qemu/scripts/tracetool/__init__.py:78: SyntaxWarning: "\*" is an invalid escape sequence. Such sequences will not work in the future. Did you mean "\\*"? A raw string is also an option.
  bit = re.sub("\*", "", bit)
C:/Users/Syf/Desktop/BS4/orbital-500/orbital-qemu/scripts/tracetool/__init__.py:205: SyntaxWarning: "\w" is an invalid escape sequence. Such sequences will not work in the future. Did you mean "\\w"? A raw string is also an option.
  _CRE = re.compile("((?P<props>[\w\s]+)\s+)?"
C:/Users/Syf/Desktop/BS4/orbital-500/orbital-qemu/scripts/tracetool/__init__.py:206: SyntaxWarning: "\w" is an invalid escape sequence. Such sequences will not work in the future. Did you mean "\\w"? A raw string is also an option.
  "(?P<name>\w+)"
C:/Users/Syf/Desktop/BS4/orbital-500/orbital-qemu/scripts/tracetool/__init__.py:207: SyntaxWarning: "\(" is an invalid escape sequence. Such sequences will not work in the future. Did you mean "\\("? A raw string is also an option.
  "\((?P<args>[^)]*)\)"
C:/Users/Syf/Desktop/BS4/orbital-500/orbital-qemu/scripts/tracetool/__init__.py:208: SyntaxWarning: "\s" is an invalid escape sequence. Such sequences will not work in the future. Did you mean "\\s"? A raw string is also an option.
  "\s*"
C:/Users/Syf/Desktop/BS4/orbital-500/orbital-qemu/scripts/tracetool/__init__.py:209: SyntaxWarning: "\s" is an invalid escape sequence. Such sequences will not work in the future. Did you mean "\\s"? A raw string is also an option.
  "(?:(?:(?P<fmt_trans>\".+),)?\s*(?P<fmt>\".+))?"
C:/Users/Syf/Desktop/BS4/orbital-500/orbital-qemu/scripts/tracetool/__init__.py:210: SyntaxWarning: "\s" is an invalid escape sequence. Such sequences will not work in the future. Did you mean "\\s"? A raw string is also an option.
  "\s*")
C:/Users/Syf/Desktop/BS4/orbital-500/orbital-qemu/scripts/tracetool/__init__.py:312: SyntaxWarning: "\d" is an invalid escape sequence. Such sequences will not work in the future. Did you mean "\\d"? A raw string is also an option.
  _FMT = re.compile("(%[\d\.]*\w+|%.*?PRI\S+)")
C:/Users/Syf/Desktop/BS4/orbital-500/orbital-qemu/scripts/tracetool/__init__.py:452: SyntaxWarning: "is" with 'int' literal. Did you mean "=="?
  if len(format) is 0:
C:/Users/Syf/Desktop/BS4/orbital-500/orbital-qemu/scripts/tracetool/__init__.py:457: SyntaxWarning: "is" with 'int' literal. Did you mean "=="?
  if len(backends) is 0:
  GEN     ui/trace.h
C:/Users/Syf/Desktop/BS4/orbital-500/orbital-qemu/scripts/tracetool/__init__.py:78: SyntaxWarning: "\*" is an invalid escape sequence. Such sequences will not work in the future. Did you mean "\\*"? A raw string is also an option.
  bit = re.sub("\*", "", bit)
C:/Users/Syf/Desktop/BS4/orbital-500/orbital-qemu/scripts/tracetool/__init__.py:205: SyntaxWarning: "\w" is an invalid escape sequence. Such sequences will not work in the future. Did you mean "\\w"? A raw string is also an option.
  _CRE = re.compile("((?P<props>[\w\s]+)\s+)?"
C:/Users/Syf/Desktop/BS4/orbital-500/orbital-qemu/scripts/tracetool/__init__.py:206: SyntaxWarning: "\w" is an invalid escape sequence. Such sequences will not work in the future. Did you mean "\\w"? A raw string is also an option.
  "(?P<name>\w+)"
C:/Users/Syf/Desktop/BS4/orbital-500/orbital-qemu/scripts/tracetool/__init__.py:207: SyntaxWarning: "\(" is an invalid escape sequence. Such sequences will not work in the future. Did you mean "\\("? A raw string is also an option.
  "\((?P<args>[^)]*)\)"
C:/Users/Syf/Desktop/BS4/orbital-500/orbital-qemu/scripts/tracetool/__init__.py:208: SyntaxWarning: "\s" is an invalid escape sequence. Such sequences will not work in the future. Did you mean "\\s"? A raw string is also an option.
  "\s*"
C:/Users/Syf/Desktop/BS4/orbital-500/orbital-qemu/scripts/tracetool/__init__.py:209: SyntaxWarning: "\s" is an invalid escape sequence. Such sequences will not work in the future. Did you mean "\\s"? A raw string is also an option.
  "(?:(?:(?P<fmt_trans>\".+),)?\s*(?P<fmt>\".+))?"
C:/Users/Syf/Desktop/BS4/orbital-500/orbital-qemu/scripts/tracetool/__init__.py:210: SyntaxWarning: "\s" is an invalid escape sequence. Such sequences will not work in the future. Did you mean "\\s"? A raw string is also an option.
  "\s*")
C:/Users/Syf/Desktop/BS4/orbital-500/orbital-qemu/scripts/tracetool/__init__.py:312: SyntaxWarning: "\d" is an invalid escape sequence. Such sequences will not work in the future. Did you mean "\\d"? A raw string is also an option.
  _FMT = re.compile("(%[\d\.]*\w+|%.*?PRI\S+)")
C:/Users/Syf/Desktop/BS4/orbital-500/orbital-qemu/scripts/tracetool/__init__.py:452: SyntaxWarning: "is" with 'int' literal. Did you mean "=="?
  if len(format) is 0:
C:/Users/Syf/Desktop/BS4/orbital-500/orbital-qemu/scripts/tracetool/__init__.py:457: SyntaxWarning: "is" with 'int' literal. Did you mean "=="?
  if len(backends) is 0:
  GEN     audio/trace.h
C:/Users/Syf/Desktop/BS4/orbital-500/orbital-qemu/scripts/tracetool/__init__.py:78: SyntaxWarning: "\*" is an invalid escape sequence. Such sequences will not work in the future. Did you mean "\\*"? A raw string is also an option.
  bit = re.sub("\*", "", bit)
C:/Users/Syf/Desktop/BS4/orbital-500/orbital-qemu/scripts/tracetool/__init__.py:205: SyntaxWarning: "\w" is an invalid escape sequence. Such sequences will not work in the future. Did you mean "\\w"? A raw string is also an option.
  _CRE = re.compile("((?P<props>[\w\s]+)\s+)?"
C:/Users/Syf/Desktop/BS4/orbital-500/orbital-qemu/scripts/tracetool/__init__.py:206: SyntaxWarning: "\w" is an invalid escape sequence. Such sequences will not work in the future. Did you mean "\\w"? A raw string is also an option.
  "(?P<name>\w+)"
C:/Users/Syf/Desktop/BS4/orbital-500/orbital-qemu/scripts/tracetool/__init__.py:207: SyntaxWarning: "\(" is an invalid escape sequence. Such sequences will not work in the future. Did you mean "\\("? A raw string is also an option.
  "\((?P<args>[^)]*)\)"
C:/Users/Syf/Desktop/BS4/orbital-500/orbital-qemu/scripts/tracetool/__init__.py:208: SyntaxWarning: "\s" is an invalid escape sequence. Such sequences will not work in the future. Did you mean "\\s"? A raw string is also an option.
  "\s*"
C:/Users/Syf/Desktop/BS4/orbital-500/orbital-qemu/scripts/tracetool/__init__.py:209: SyntaxWarning: "\s" is an invalid escape sequence. Such sequences will not work in the future. Did you mean "\\s"? A raw string is also an option.
  "(?:(?:(?P<fmt_trans>\".+),)?\s*(?P<fmt>\".+))?"
C:/Users/Syf/Desktop/BS4/orbital-500/orbital-qemu/scripts/tracetool/__init__.py:210: SyntaxWarning: "\s" is an invalid escape sequence. Such sequences will not work in the future. Did you mean "\\s"? A raw string is also an option.
  "\s*")
C:/Users/Syf/Desktop/BS4/orbital-500/orbital-qemu/scripts/tracetool/__init__.py:312: SyntaxWarning: "\d" is an invalid escape sequence. Such sequences will not work in the future. Did you mean "\\d"? A raw string is also an option.
  _FMT = re.compile("(%[\d\.]*\w+|%.*?PRI\S+)")
C:/Users/Syf/Desktop/BS4/orbital-500/orbital-qemu/scripts/tracetool/__init__.py:452: SyntaxWarning: "is" with 'int' literal. Did you mean "=="?
  if len(format) is 0:
C:/Users/Syf/Desktop/BS4/orbital-500/orbital-qemu/scripts/tracetool/__init__.py:457: SyntaxWarning: "is" with 'int' literal. Did you mean "=="?
  if len(backends) is 0:
  GEN     net/trace.h
C:/Users/Syf/Desktop/BS4/orbital-500/orbital-qemu/scripts/tracetool/__init__.py:78: SyntaxWarning: "\*" is an invalid escape sequence. Such sequences will not work in the future. Did you mean "\\*"? A raw string is also an option.
  bit = re.sub("\*", "", bit)
C:/Users/Syf/Desktop/BS4/orbital-500/orbital-qemu/scripts/tracetool/__init__.py:205: SyntaxWarning: "\w" is an invalid escape sequence. Such sequences will not work in the future. Did you mean "\\w"? A raw string is also an option.
  _CRE = re.compile("((?P<props>[\w\s]+)\s+)?"
C:/Users/Syf/Desktop/BS4/orbital-500/orbital-qemu/scripts/tracetool/__init__.py:206: SyntaxWarning: "\w" is an invalid escape sequence. Such sequences will not work in the future. Did you mean "\\w"? A raw string is also an option.
  "(?P<name>\w+)"
C:/Users/Syf/Desktop/BS4/orbital-500/orbital-qemu/scripts/tracetool/__init__.py:207: SyntaxWarning: "\(" is an invalid escape sequence. Such sequences will not work in the future. Did you mean "\\("? A raw string is also an option.
  "\((?P<args>[^)]*)\)"
C:/Users/Syf/Desktop/BS4/orbital-500/orbital-qemu/scripts/tracetool/__init__.py:208: SyntaxWarning: "\s" is an invalid escape sequence. Such sequences will not work in the future. Did you mean "\\s"? A raw string is also an option.
  "\s*"
C:/Users/Syf/Desktop/BS4/orbital-500/orbital-qemu/scripts/tracetool/__init__.py:209: SyntaxWarning: "\s" is an invalid escape sequence. Such sequences will not work in the future. Did you mean "\\s"? A raw string is also an option.
  "(?:(?:(?P<fmt_trans>\".+),)?\s*(?P<fmt>\".+))?"
C:/Users/Syf/Desktop/BS4/orbital-500/orbital-qemu/scripts/tracetool/__init__.py:210: SyntaxWarning: "\s" is an invalid escape sequence. Such sequences will not work in the future. Did you mean "\\s"? A raw string is also an option.
  "\s*")
C:/Users/Syf/Desktop/BS4/orbital-500/orbital-qemu/scripts/tracetool/__init__.py:312: SyntaxWarning: "\d" is an invalid escape sequence. Such sequences will not work in the future. Did you mean "\\d"? A raw string is also an option.
  _FMT = re.compile("(%[\d\.]*\w+|%.*?PRI\S+)")
C:/Users/Syf/Desktop/BS4/orbital-500/orbital-qemu/scripts/tracetool/__init__.py:452: SyntaxWarning: "is" with 'int' literal. Did you mean "=="?
  if len(format) is 0:
C:/Users/Syf/Desktop/BS4/orbital-500/orbital-qemu/scripts/tracetool/__init__.py:457: SyntaxWarning: "is" with 'int' literal. Did you mean "=="?
  if len(backends) is 0:
  GEN     target/arm/trace.h
C:/Users/Syf/Desktop/BS4/orbital-500/orbital-qemu/scripts/tracetool/__init__.py:78: SyntaxWarning: "\*" is an invalid escape sequence. Such sequences will not work in the future. Did you mean "\\*"? A raw string is also an option.
  bit = re.sub("\*", "", bit)
C:/Users/Syf/Desktop/BS4/orbital-500/orbital-qemu/scripts/tracetool/__init__.py:205: SyntaxWarning: "\w" is an invalid escape sequence. Such sequences will not work in the future. Did you mean "\\w"? A raw string is also an option.
  _CRE = re.compile("((?P<props>[\w\s]+)\s+)?"
C:/Users/Syf/Desktop/BS4/orbital-500/orbital-qemu/scripts/tracetool/__init__.py:206: SyntaxWarning: "\w" is an invalid escape sequence. Such sequences will not work in the future. Did you mean "\\w"? A raw string is also an option.
  "(?P<name>\w+)"
C:/Users/Syf/Desktop/BS4/orbital-500/orbital-qemu/scripts/tracetool/__init__.py:207: SyntaxWarning: "\(" is an invalid escape sequence. Such sequences will not work in the future. Did you mean "\\("? A raw string is also an option.
  "\((?P<args>[^)]*)\)"
C:/Users/Syf/Desktop/BS4/orbital-500/orbital-qemu/scripts/tracetool/__init__.py:208: SyntaxWarning: "\s" is an invalid escape sequence. Such sequences will not work in the future. Did you mean "\\s"? A raw string is also an option.
  "\s*"
C:/Users/Syf/Desktop/BS4/orbital-500/orbital-qemu/scripts/tracetool/__init__.py:209: SyntaxWarning: "\s" is an invalid escape sequence. Such sequences will not work in the future. Did you mean "\\s"? A raw string is also an option.
  "(?:(?:(?P<fmt_trans>\".+),)?\s*(?P<fmt>\".+))?"
C:/Users/Syf/Desktop/BS4/orbital-500/orbital-qemu/scripts/tracetool/__init__.py:210: SyntaxWarning: "\s" is an invalid escape sequence. Such sequences will not work in the future. Did you mean "\\s"? A raw string is also an option.
  "\s*")
C:/Users/Syf/Desktop/BS4/orbital-500/orbital-qemu/scripts/tracetool/__init__.py:312: SyntaxWarning: "\d" is an invalid escape sequence. Such sequences will not work in the future. Did you mean "\\d"? A raw string is also an option.
  _FMT = re.compile("(%[\d\.]*\w+|%.*?PRI\S+)")
C:/Users/Syf/Desktop/BS4/orbital-500/orbital-qemu/scripts/tracetool/__init__.py:452: SyntaxWarning: "is" with 'int' literal. Did you mean "=="?
  if len(format) is 0:
C:/Users/Syf/Desktop/BS4/orbital-500/orbital-qemu/scripts/tracetool/__init__.py:457: SyntaxWarning: "is" with 'int' literal. Did you mean "=="?
  if len(backends) is 0:
  GEN     target/i386/trace.h
C:/Users/Syf/Desktop/BS4/orbital-500/orbital-qemu/scripts/tracetool/__init__.py:78: SyntaxWarning: "\*" is an invalid escape sequence. Such sequences will not work in the future. Did you mean "\\*"? A raw string is also an option.
  bit = re.sub("\*", "", bit)
C:/Users/Syf/Desktop/BS4/orbital-500/orbital-qemu/scripts/tracetool/__init__.py:205: SyntaxWarning: "\w" is an invalid escape sequence. Such sequences will not work in the future. Did you mean "\\w"? A raw string is also an option.
  _CRE = re.compile("((?P<props>[\w\s]+)\s+)?"
C:/Users/Syf/Desktop/BS4/orbital-500/orbital-qemu/scripts/tracetool/__init__.py:206: SyntaxWarning: "\w" is an invalid escape sequence. Such sequences will not work in the future. Did you mean "\\w"? A raw string is also an option.
  "(?P<name>\w+)"
C:/Users/Syf/Desktop/BS4/orbital-500/orbital-qemu/scripts/tracetool/__init__.py:207: SyntaxWarning: "\(" is an invalid escape sequence. Such sequences will not work in the future. Did you mean "\\("? A raw string is also an option.
  "\((?P<args>[^)]*)\)"
C:/Users/Syf/Desktop/BS4/orbital-500/orbital-qemu/scripts/tracetool/__init__.py:208: SyntaxWarning: "\s" is an invalid escape sequence. Such sequences will not work in the future. Did you mean "\\s"? A raw string is also an option.
  "\s*"
C:/Users/Syf/Desktop/BS4/orbital-500/orbital-qemu/scripts/tracetool/__init__.py:209: SyntaxWarning: "\s" is an invalid escape sequence. Such sequences will not work in the future. Did you mean "\\s"? A raw string is also an option.
  "(?:(?:(?P<fmt_trans>\".+),)?\s*(?P<fmt>\".+))?"
C:/Users/Syf/Desktop/BS4/orbital-500/orbital-qemu/scripts/tracetool/__init__.py:210: SyntaxWarning: "\s" is an invalid escape sequence. Such sequences will not work in the future. Did you mean "\\s"? A raw string is also an option.
  "\s*")
C:/Users/Syf/Desktop/BS4/orbital-500/orbital-qemu/scripts/tracetool/__init__.py:312: SyntaxWarning: "\d" is an invalid escape sequence. Such sequences will not work in the future. Did you mean "\\d"? A raw string is also an option.
  _FMT = re.compile("(%[\d\.]*\w+|%.*?PRI\S+)")
C:/Users/Syf/Desktop/BS4/orbital-500/orbital-qemu/scripts/tracetool/__init__.py:452: SyntaxWarning: "is" with 'int' literal. Did you mean "=="?
  if len(format) is 0:
C:/Users/Syf/Desktop/BS4/orbital-500/orbital-qemu/scripts/tracetool/__init__.py:457: SyntaxWarning: "is" with 'int' literal. Did you mean "=="?
  if len(backends) is 0:
  GEN     target/mips/trace.h
C:/Users/Syf/Desktop/BS4/orbital-500/orbital-qemu/scripts/tracetool/__init__.py:78: SyntaxWarning: "\*" is an invalid escape sequence. Such sequences will not work in the future. Did you mean "\\*"? A raw string is also an option.
  bit = re.sub("\*", "", bit)
C:/Users/Syf/Desktop/BS4/orbital-500/orbital-qemu/scripts/tracetool/__init__.py:205: SyntaxWarning: "\w" is an invalid escape sequence. Such sequences will not work in the future. Did you mean "\\w"? A raw string is also an option.
  _CRE = re.compile("((?P<props>[\w\s]+)\s+)?"
C:/Users/Syf/Desktop/BS4/orbital-500/orbital-qemu/scripts/tracetool/__init__.py:206: SyntaxWarning: "\w" is an invalid escape sequence. Such sequences will not work in the future. Did you mean "\\w"? A raw string is also an option.
  "(?P<name>\w+)"
C:/Users/Syf/Desktop/BS4/orbital-500/orbital-qemu/scripts/tracetool/__init__.py:207: SyntaxWarning: "\(" is an invalid escape sequence. Such sequences will not work in the future. Did you mean "\\("? A raw string is also an option.
  "\((?P<args>[^)]*)\)"
C:/Users/Syf/Desktop/BS4/orbital-500/orbital-qemu/scripts/tracetool/__init__.py:208: SyntaxWarning: "\s" is an invalid escape sequence. Such sequences will not work in the future. Did you mean "\\s"? A raw string is also an option.
  "\s*"
C:/Users/Syf/Desktop/BS4/orbital-500/orbital-qemu/scripts/tracetool/__init__.py:209: SyntaxWarning: "\s" is an invalid escape sequence. Such sequences will not work in the future. Did you mean "\\s"? A raw string is also an option.
  "(?:(?:(?P<fmt_trans>\".+),)?\s*(?P<fmt>\".+))?"
C:/Users/Syf/Desktop/BS4/orbital-500/orbital-qemu/scripts/tracetool/__init__.py:210: SyntaxWarning: "\s" is an invalid escape sequence. Such sequences will not work in the future. Did you mean "\\s"? A raw string is also an option.
  "\s*")
C:/Users/Syf/Desktop/BS4/orbital-500/orbital-qemu/scripts/tracetool/__init__.py:312: SyntaxWarning: "\d" is an invalid escape sequence. Such sequences will not work in the future. Did you mean "\\d"? A raw string is also an option.
  _FMT = re.compile("(%[\d\.]*\w+|%.*?PRI\S+)")
C:/Users/Syf/Desktop/BS4/orbital-500/orbital-qemu/scripts/tracetool/__init__.py:452: SyntaxWarning: "is" with 'int' literal. Did you mean "=="?
  if len(format) is 0:
C:/Users/Syf/Desktop/BS4/orbital-500/orbital-qemu/scripts/tracetool/__init__.py:457: SyntaxWarning: "is" with 'int' literal. Did you mean "=="?
  if len(backends) is 0:
  GEN     target/sparc/trace.h
C:/Users/Syf/Desktop/BS4/orbital-500/orbital-qemu/scripts/tracetool/__init__.py:78: SyntaxWarning: "\*" is an invalid escape sequence. Such sequences will not work in the future. Did you mean "\\*"? A raw string is also an option.
  bit = re.sub("\*", "", bit)
C:/Users/Syf/Desktop/BS4/orbital-500/orbital-qemu/scripts/tracetool/__init__.py:205: SyntaxWarning: "\w" is an invalid escape sequence. Such sequences will not work in the future. Did you mean "\\w"? A raw string is also an option.
  _CRE = re.compile("((?P<props>[\w\s]+)\s+)?"
C:/Users/Syf/Desktop/BS4/orbital-500/orbital-qemu/scripts/tracetool/__init__.py:206: SyntaxWarning: "\w" is an invalid escape sequence. Such sequences will not work in the future. Did you mean "\\w"? A raw string is also an option.
  "(?P<name>\w+)"
C:/Users/Syf/Desktop/BS4/orbital-500/orbital-qemu/scripts/tracetool/__init__.py:207: SyntaxWarning: "\(" is an invalid escape sequence. Such sequences will not work in the future. Did you mean "\\("? A raw string is also an option.
  "\((?P<args>[^)]*)\)"
C:/Users/Syf/Desktop/BS4/orbital-500/orbital-qemu/scripts/tracetool/__init__.py:208: SyntaxWarning: "\s" is an invalid escape sequence. Such sequences will not work in the future. Did you mean "\\s"? A raw string is also an option.
  "\s*"
C:/Users/Syf/Desktop/BS4/orbital-500/orbital-qemu/scripts/tracetool/__init__.py:209: SyntaxWarning: "\s" is an invalid escape sequence. Such sequences will not work in the future. Did you mean "\\s"? A raw string is also an option.
  "(?:(?:(?P<fmt_trans>\".+),)?\s*(?P<fmt>\".+))?"
C:/Users/Syf/Desktop/BS4/orbital-500/orbital-qemu/scripts/tracetool/__init__.py:210: SyntaxWarning: "\s" is an invalid escape sequence. Such sequences will not work in the future. Did you mean "\\s"? A raw string is also an option.
  "\s*")
C:/Users/Syf/Desktop/BS4/orbital-500/orbital-qemu/scripts/tracetool/__init__.py:312: SyntaxWarning: "\d" is an invalid escape sequence. Such sequences will not work in the future. Did you mean "\\d"? A raw string is also an option.
  _FMT = re.compile("(%[\d\.]*\w+|%.*?PRI\S+)")
C:/Users/Syf/Desktop/BS4/orbital-500/orbital-qemu/scripts/tracetool/__init__.py:452: SyntaxWarning: "is" with 'int' literal. Did you mean "=="?
  if len(format) is 0:
C:/Users/Syf/Desktop/BS4/orbital-500/orbital-qemu/scripts/tracetool/__init__.py:457: SyntaxWarning: "is" with 'int' literal. Did you mean "=="?
  if len(backends) is 0:
  GEN     target/s390x/trace.h
C:/Users/Syf/Desktop/BS4/orbital-500/orbital-qemu/scripts/tracetool/__init__.py:78: SyntaxWarning: "\*" is an invalid escape sequence. Such sequences will not work in the future. Did you mean "\\*"? A raw string is also an option.
  bit = re.sub("\*", "", bit)
C:/Users/Syf/Desktop/BS4/orbital-500/orbital-qemu/scripts/tracetool/__init__.py:205: SyntaxWarning: "\w" is an invalid escape sequence. Such sequences will not work in the future. Did you mean "\\w"? A raw string is also an option.
  _CRE = re.compile("((?P<props>[\w\s]+)\s+)?"
C:/Users/Syf/Desktop/BS4/orbital-500/orbital-qemu/scripts/tracetool/__init__.py:206: SyntaxWarning: "\w" is an invalid escape sequence. Such sequences will not work in the future. Did you mean "\\w"? A raw string is also an option.
  "(?P<name>\w+)"
C:/Users/Syf/Desktop/BS4/orbital-500/orbital-qemu/scripts/tracetool/__init__.py:207: SyntaxWarning: "\(" is an invalid escape sequence. Such sequences will not work in the future. Did you mean "\\("? A raw string is also an option.
  "\((?P<args>[^)]*)\)"
C:/Users/Syf/Desktop/BS4/orbital-500/orbital-qemu/scripts/tracetool/__init__.py:208: SyntaxWarning: "\s" is an invalid escape sequence. Such sequences will not work in the future. Did you mean "\\s"? A raw string is also an option.
  "\s*"
C:/Users/Syf/Desktop/BS4/orbital-500/orbital-qemu/scripts/tracetool/__init__.py:209: SyntaxWarning: "\s" is an invalid escape sequence. Such sequences will not work in the future. Did you mean "\\s"? A raw string is also an option.
  "(?:(?:(?P<fmt_trans>\".+),)?\s*(?P<fmt>\".+))?"
C:/Users/Syf/Desktop/BS4/orbital-500/orbital-qemu/scripts/tracetool/__init__.py:210: SyntaxWarning: "\s" is an invalid escape sequence. Such sequences will not work in the future. Did you mean "\\s"? A raw string is also an option.
  "\s*")
C:/Users/Syf/Desktop/BS4/orbital-500/orbital-qemu/scripts/tracetool/__init__.py:312: SyntaxWarning: "\d" is an invalid escape sequence. Such sequences will not work in the future. Did you mean "\\d"? A raw string is also an option.
  _FMT = re.compile("(%[\d\.]*\w+|%.*?PRI\S+)")
C:/Users/Syf/Desktop/BS4/orbital-500/orbital-qemu/scripts/tracetool/__init__.py:452: SyntaxWarning: "is" with 'int' literal. Did you mean "=="?
  if len(format) is 0:
C:/Users/Syf/Desktop/BS4/orbital-500/orbital-qemu/scripts/tracetool/__init__.py:457: SyntaxWarning: "is" with 'int' literal. Did you mean "=="?
  if len(backends) is 0:
  GEN     target/ppc/trace.h
C:/Users/Syf/Desktop/BS4/orbital-500/orbital-qemu/scripts/tracetool/__init__.py:78: SyntaxWarning: "\*" is an invalid escape sequence. Such sequences will not work in the future. Did you mean "\\*"? A raw string is also an option.
  bit = re.sub("\*", "", bit)
C:/Users/Syf/Desktop/BS4/orbital-500/orbital-qemu/scripts/tracetool/__init__.py:205: SyntaxWarning: "\w" is an invalid escape sequence. Such sequences will not work in the future. Did you mean "\\w"? A raw string is also an option.
  _CRE = re.compile("((?P<props>[\w\s]+)\s+)?"
C:/Users/Syf/Desktop/BS4/orbital-500/orbital-qemu/scripts/tracetool/__init__.py:206: SyntaxWarning: "\w" is an invalid escape sequence. Such sequences will not work in the future. Did you mean "\\w"? A raw string is also an option.
  "(?P<name>\w+)"
C:/Users/Syf/Desktop/BS4/orbital-500/orbital-qemu/scripts/tracetool/__init__.py:207: SyntaxWarning: "\(" is an invalid escape sequence. Such sequences will not work in the future. Did you mean "\\("? A raw string is also an option.
  "\((?P<args>[^)]*)\)"
C:/Users/Syf/Desktop/BS4/orbital-500/orbital-qemu/scripts/tracetool/__init__.py:208: SyntaxWarning: "\s" is an invalid escape sequence. Such sequences will not work in the future. Did you mean "\\s"? A raw string is also an option.
  "\s*"
C:/Users/Syf/Desktop/BS4/orbital-500/orbital-qemu/scripts/tracetool/__init__.py:209: SyntaxWarning: "\s" is an invalid escape sequence. Such sequences will not work in the future. Did you mean "\\s"? A raw string is also an option.
  "(?:(?:(?P<fmt_trans>\".+),)?\s*(?P<fmt>\".+))?"
C:/Users/Syf/Desktop/BS4/orbital-500/orbital-qemu/scripts/tracetool/__init__.py:210: SyntaxWarning: "\s" is an invalid escape sequence. Such sequences will not work in the future. Did you mean "\\s"? A raw string is also an option.
  "\s*")
C:/Users/Syf/Desktop/BS4/orbital-500/orbital-qemu/scripts/tracetool/__init__.py:312: SyntaxWarning: "\d" is an invalid escape sequence. Such sequences will not work in the future. Did you mean "\\d"? A raw string is also an option.
  _FMT = re.compile("(%[\d\.]*\w+|%.*?PRI\S+)")
C:/Users/Syf/Desktop/BS4/orbital-500/orbital-qemu/scripts/tracetool/__init__.py:452: SyntaxWarning: "is" with 'int' literal. Did you mean "=="?
  if len(format) is 0:
C:/Users/Syf/Desktop/BS4/orbital-500/orbital-qemu/scripts/tracetool/__init__.py:457: SyntaxWarning: "is" with 'int' literal. Did you mean "=="?
  if len(backends) is 0:
  GEN     qom/trace.h
C:/Users/Syf/Desktop/BS4/orbital-500/orbital-qemu/scripts/tracetool/__init__.py:78: SyntaxWarning: "\*" is an invalid escape sequence. Such sequences will not work in the future. Did you mean "\\*"? A raw string is also an option.
  bit = re.sub("\*", "", bit)
C:/Users/Syf/Desktop/BS4/orbital-500/orbital-qemu/scripts/tracetool/__init__.py:205: SyntaxWarning: "\w" is an invalid escape sequence. Such sequences will not work in the future. Did you mean "\\w"? A raw string is also an option.
  _CRE = re.compile("((?P<props>[\w\s]+)\s+)?"
C:/Users/Syf/Desktop/BS4/orbital-500/orbital-qemu/scripts/tracetool/__init__.py:206: SyntaxWarning: "\w" is an invalid escape sequence. Such sequences will not work in the future. Did you mean "\\w"? A raw string is also an option.
  "(?P<name>\w+)"
C:/Users/Syf/Desktop/BS4/orbital-500/orbital-qemu/scripts/tracetool/__init__.py:207: SyntaxWarning: "\(" is an invalid escape sequence. Such sequences will not work in the future. Did you mean "\\("? A raw string is also an option.
  "\((?P<args>[^)]*)\)"
C:/Users/Syf/Desktop/BS4/orbital-500/orbital-qemu/scripts/tracetool/__init__.py:208: SyntaxWarning: "\s" is an invalid escape sequence. Such sequences will not work in the future. Did you mean "\\s"? A raw string is also an option.
  "\s*"
C:/Users/Syf/Desktop/BS4/orbital-500/orbital-qemu/scripts/tracetool/__init__.py:209: SyntaxWarning: "\s" is an invalid escape sequence. Such sequences will not work in the future. Did you mean "\\s"? A raw string is also an option.
  "(?:(?:(?P<fmt_trans>\".+),)?\s*(?P<fmt>\".+))?"
C:/Users/Syf/Desktop/BS4/orbital-500/orbital-qemu/scripts/tracetool/__init__.py:210: SyntaxWarning: "\s" is an invalid escape sequence. Such sequences will not work in the future. Did you mean "\\s"? A raw string is also an option.
  "\s*")
C:/Users/Syf/Desktop/BS4/orbital-500/orbital-qemu/scripts/tracetool/__init__.py:312: SyntaxWarning: "\d" is an invalid escape sequence. Such sequences will not work in the future. Did you mean "\\d"? A raw string is also an option.
  _FMT = re.compile("(%[\d\.]*\w+|%.*?PRI\S+)")
C:/Users/Syf/Desktop/BS4/orbital-500/orbital-qemu/scripts/tracetool/__init__.py:452: SyntaxWarning: "is" with 'int' literal. Did you mean "=="?
  if len(format) is 0:
C:/Users/Syf/Desktop/BS4/orbital-500/orbital-qemu/scripts/tracetool/__init__.py:457: SyntaxWarning: "is" with 'int' literal. Did you mean "=="?
  if len(backends) is 0:
  GEN     linux-user/trace.h
C:/Users/Syf/Desktop/BS4/orbital-500/orbital-qemu/scripts/tracetool/__init__.py:78: SyntaxWarning: "\*" is an invalid escape sequence. Such sequences will not work in the future. Did you mean "\\*"? A raw string is also an option.
  bit = re.sub("\*", "", bit)
C:/Users/Syf/Desktop/BS4/orbital-500/orbital-qemu/scripts/tracetool/__init__.py:205: SyntaxWarning: "\w" is an invalid escape sequence. Such sequences will not work in the future. Did you mean "\\w"? A raw string is also an option.
  _CRE = re.compile("((?P<props>[\w\s]+)\s+)?"
C:/Users/Syf/Desktop/BS4/orbital-500/orbital-qemu/scripts/tracetool/__init__.py:206: SyntaxWarning: "\w" is an invalid escape sequence. Such sequences will not work in the future. Did you mean "\\w"? A raw string is also an option.
  "(?P<name>\w+)"
C:/Users/Syf/Desktop/BS4/orbital-500/orbital-qemu/scripts/tracetool/__init__.py:207: SyntaxWarning: "\(" is an invalid escape sequence. Such sequences will not work in the future. Did you mean "\\("? A raw string is also an option.
  "\((?P<args>[^)]*)\)"
C:/Users/Syf/Desktop/BS4/orbital-500/orbital-qemu/scripts/tracetool/__init__.py:208: SyntaxWarning: "\s" is an invalid escape sequence. Such sequences will not work in the future. Did you mean "\\s"? A raw string is also an option.
  "\s*"
C:/Users/Syf/Desktop/BS4/orbital-500/orbital-qemu/scripts/tracetool/__init__.py:209: SyntaxWarning: "\s" is an invalid escape sequence. Such sequences will not work in the future. Did you mean "\\s"? A raw string is also an option.
  "(?:(?:(?P<fmt_trans>\".+),)?\s*(?P<fmt>\".+))?"
C:/Users/Syf/Desktop/BS4/orbital-500/orbital-qemu/scripts/tracetool/__init__.py:210: SyntaxWarning: "\s" is an invalid escape sequence. Such sequences will not work in the future. Did you mean "\\s"? A raw string is also an option.
  "\s*")
C:/Users/Syf/Desktop/BS4/orbital-500/orbital-qemu/scripts/tracetool/__init__.py:312: SyntaxWarning: "\d" is an invalid escape sequence. Such sequences will not work in the future. Did you mean "\\d"? A raw string is also an option.
  _FMT = re.compile("(%[\d\.]*\w+|%.*?PRI\S+)")
C:/Users/Syf/Desktop/BS4/orbital-500/orbital-qemu/scripts/tracetool/__init__.py:452: SyntaxWarning: "is" with 'int' literal. Did you mean "=="?
  if len(format) is 0:
C:/Users/Syf/Desktop/BS4/orbital-500/orbital-qemu/scripts/tracetool/__init__.py:457: SyntaxWarning: "is" with 'int' literal. Did you mean "=="?
  if len(backends) is 0:
  GEN     qapi/trace.h
C:/Users/Syf/Desktop/BS4/orbital-500/orbital-qemu/scripts/tracetool/__init__.py:78: SyntaxWarning: "\*" is an invalid escape sequence. Such sequences will not work in the future. Did you mean "\\*"? A raw string is also an option.
  bit = re.sub("\*", "", bit)
C:/Users/Syf/Desktop/BS4/orbital-500/orbital-qemu/scripts/tracetool/__init__.py:205: SyntaxWarning: "\w" is an invalid escape sequence. Such sequences will not work in the future. Did you mean "\\w"? A raw string is also an option.
  _CRE = re.compile("((?P<props>[\w\s]+)\s+)?"
C:/Users/Syf/Desktop/BS4/orbital-500/orbital-qemu/scripts/tracetool/__init__.py:206: SyntaxWarning: "\w" is an invalid escape sequence. Such sequences will not work in the future. Did you mean "\\w"? A raw string is also an option.
  "(?P<name>\w+)"
C:/Users/Syf/Desktop/BS4/orbital-500/orbital-qemu/scripts/tracetool/__init__.py:207: SyntaxWarning: "\(" is an invalid escape sequence. Such sequences will not work in the future. Did you mean "\\("? A raw string is also an option.
  "\((?P<args>[^)]*)\)"
C:/Users/Syf/Desktop/BS4/orbital-500/orbital-qemu/scripts/tracetool/__init__.py:208: SyntaxWarning: "\s" is an invalid escape sequence. Such sequences will not work in the future. Did you mean "\\s"? A raw string is also an option.
  "\s*"
C:/Users/Syf/Desktop/BS4/orbital-500/orbital-qemu/scripts/tracetool/__init__.py:209: SyntaxWarning: "\s" is an invalid escape sequence. Such sequences will not work in the future. Did you mean "\\s"? A raw string is also an option.
  "(?:(?:(?P<fmt_trans>\".+),)?\s*(?P<fmt>\".+))?"
C:/Users/Syf/Desktop/BS4/orbital-500/orbital-qemu/scripts/tracetool/__init__.py:210: SyntaxWarning: "\s" is an invalid escape sequence. Such sequences will not work in the future. Did you mean "\\s"? A raw string is also an option.
  "\s*")
C:/Users/Syf/Desktop/BS4/orbital-500/orbital-qemu/scripts/tracetool/__init__.py:312: SyntaxWarning: "\d" is an invalid escape sequence. Such sequences will not work in the future. Did you mean "\\d"? A raw string is also an option.
  _FMT = re.compile("(%[\d\.]*\w+|%.*?PRI\S+)")
C:/Users/Syf/Desktop/BS4/orbital-500/orbital-qemu/scripts/tracetool/__init__.py:452: SyntaxWarning: "is" with 'int' literal. Did you mean "=="?
  if len(format) is 0:
C:/Users/Syf/Desktop/BS4/orbital-500/orbital-qemu/scripts/tracetool/__init__.py:457: SyntaxWarning: "is" with 'int' literal. Did you mean "=="?
  if len(backends) is 0:
  GEN     accel/tcg/trace.h
C:/Users/Syf/Desktop/BS4/orbital-500/orbital-qemu/scripts/tracetool/__init__.py:78: SyntaxWarning: "\*" is an invalid escape sequence. Such sequences will not work in the future. Did you mean "\\*"? A raw string is also an option.
  bit = re.sub("\*", "", bit)
C:/Users/Syf/Desktop/BS4/orbital-500/orbital-qemu/scripts/tracetool/__init__.py:205: SyntaxWarning: "\w" is an invalid escape sequence. Such sequences will not work in the future. Did you mean "\\w"? A raw string is also an option.
  _CRE = re.compile("((?P<props>[\w\s]+)\s+)?"
C:/Users/Syf/Desktop/BS4/orbital-500/orbital-qemu/scripts/tracetool/__init__.py:206: SyntaxWarning: "\w" is an invalid escape sequence. Such sequences will not work in the future. Did you mean "\\w"? A raw string is also an option.
  "(?P<name>\w+)"
C:/Users/Syf/Desktop/BS4/orbital-500/orbital-qemu/scripts/tracetool/__init__.py:207: SyntaxWarning: "\(" is an invalid escape sequence. Such sequences will not work in the future. Did you mean "\\("? A raw string is also an option.
  "\((?P<args>[^)]*)\)"
C:/Users/Syf/Desktop/BS4/orbital-500/orbital-qemu/scripts/tracetool/__init__.py:208: SyntaxWarning: "\s" is an invalid escape sequence. Such sequences will not work in the future. Did you mean "\\s"? A raw string is also an option.
  "\s*"
C:/Users/Syf/Desktop/BS4/orbital-500/orbital-qemu/scripts/tracetool/__init__.py:209: SyntaxWarning: "\s" is an invalid escape sequence. Such sequences will not work in the future. Did you mean "\\s"? A raw string is also an option.
  "(?:(?:(?P<fmt_trans>\".+),)?\s*(?P<fmt>\".+))?"
C:/Users/Syf/Desktop/BS4/orbital-500/orbital-qemu/scripts/tracetool/__init__.py:210: SyntaxWarning: "\s" is an invalid escape sequence. Such sequences will not work in the future. Did you mean "\\s"? A raw string is also an option.
  "\s*")
C:/Users/Syf/Desktop/BS4/orbital-500/orbital-qemu/scripts/tracetool/__init__.py:312: SyntaxWarning: "\d" is an invalid escape sequence. Such sequences will not work in the future. Did you mean "\\d"? A raw string is also an option.
  _FMT = re.compile("(%[\d\.]*\w+|%.*?PRI\S+)")
C:/Users/Syf/Desktop/BS4/orbital-500/orbital-qemu/scripts/tracetool/__init__.py:452: SyntaxWarning: "is" with 'int' literal. Did you mean "=="?
  if len(format) is 0:
C:/Users/Syf/Desktop/BS4/orbital-500/orbital-qemu/scripts/tracetool/__init__.py:457: SyntaxWarning: "is" with 'int' literal. Did you mean "=="?
  if len(backends) is 0:
  GEN     accel/kvm/trace.h
C:/Users/Syf/Desktop/BS4/orbital-500/orbital-qemu/scripts/tracetool/__init__.py:78: SyntaxWarning: "\*" is an invalid escape sequence. Such sequences will not work in the future. Did you mean "\\*"? A raw string is also an option.
  bit = re.sub("\*", "", bit)
C:/Users/Syf/Desktop/BS4/orbital-500/orbital-qemu/scripts/tracetool/__init__.py:205: SyntaxWarning: "\w" is an invalid escape sequence. Such sequences will not work in the future. Did you mean "\\w"? A raw string is also an option.
  _CRE = re.compile("((?P<props>[\w\s]+)\s+)?"
C:/Users/Syf/Desktop/BS4/orbital-500/orbital-qemu/scripts/tracetool/__init__.py:206: SyntaxWarning: "\w" is an invalid escape sequence. Such sequences will not work in the future. Did you mean "\\w"? A raw string is also an option.
  "(?P<name>\w+)"
C:/Users/Syf/Desktop/BS4/orbital-500/orbital-qemu/scripts/tracetool/__init__.py:207: SyntaxWarning: "\(" is an invalid escape sequence. Such sequences will not work in the future. Did you mean "\\("? A raw string is also an option.
  "\((?P<args>[^)]*)\)"
C:/Users/Syf/Desktop/BS4/orbital-500/orbital-qemu/scripts/tracetool/__init__.py:208: SyntaxWarning: "\s" is an invalid escape sequence. Such sequences will not work in the future. Did you mean "\\s"? A raw string is also an option.
  "\s*"
C:/Users/Syf/Desktop/BS4/orbital-500/orbital-qemu/scripts/tracetool/__init__.py:209: SyntaxWarning: "\s" is an invalid escape sequence. Such sequences will not work in the future. Did you mean "\\s"? A raw string is also an option.
  "(?:(?:(?P<fmt_trans>\".+),)?\s*(?P<fmt>\".+))?"
C:/Users/Syf/Desktop/BS4/orbital-500/orbital-qemu/scripts/tracetool/__init__.py:210: SyntaxWarning: "\s" is an invalid escape sequence. Such sequences will not work in the future. Did you mean "\\s"? A raw string is also an option.
  "\s*")
C:/Users/Syf/Desktop/BS4/orbital-500/orbital-qemu/scripts/tracetool/__init__.py:312: SyntaxWarning: "\d" is an invalid escape sequence. Such sequences will not work in the future. Did you mean "\\d"? A raw string is also an option.
  _FMT = re.compile("(%[\d\.]*\w+|%.*?PRI\S+)")
C:/Users/Syf/Desktop/BS4/orbital-500/orbital-qemu/scripts/tracetool/__init__.py:452: SyntaxWarning: "is" with 'int' literal. Did you mean "=="?
  if len(format) is 0:
C:/Users/Syf/Desktop/BS4/orbital-500/orbital-qemu/scripts/tracetool/__init__.py:457: SyntaxWarning: "is" with 'int' literal. Did you mean "=="?
  if len(backends) is 0:
  GEN     nbd/trace.h
C:/Users/Syf/Desktop/BS4/orbital-500/orbital-qemu/scripts/tracetool/__init__.py:78: SyntaxWarning: "\*" is an invalid escape sequence. Such sequences will not work in the future. Did you mean "\\*"? A raw string is also an option.
  bit = re.sub("\*", "", bit)
C:/Users/Syf/Desktop/BS4/orbital-500/orbital-qemu/scripts/tracetool/__init__.py:205: SyntaxWarning: "\w" is an invalid escape sequence. Such sequences will not work in the future. Did you mean "\\w"? A raw string is also an option.
  _CRE = re.compile("((?P<props>[\w\s]+)\s+)?"
C:/Users/Syf/Desktop/BS4/orbital-500/orbital-qemu/scripts/tracetool/__init__.py:206: SyntaxWarning: "\w" is an invalid escape sequence. Such sequences will not work in the future. Did you mean "\\w"? A raw string is also an option.
  "(?P<name>\w+)"
C:/Users/Syf/Desktop/BS4/orbital-500/orbital-qemu/scripts/tracetool/__init__.py:207: SyntaxWarning: "\(" is an invalid escape sequence. Such sequences will not work in the future. Did you mean "\\("? A raw string is also an option.
  "\((?P<args>[^)]*)\)"
C:/Users/Syf/Desktop/BS4/orbital-500/orbital-qemu/scripts/tracetool/__init__.py:208: SyntaxWarning: "\s" is an invalid escape sequence. Such sequences will not work in the future. Did you mean "\\s"? A raw string is also an option.
  "\s*"
C:/Users/Syf/Desktop/BS4/orbital-500/orbital-qemu/scripts/tracetool/__init__.py:209: SyntaxWarning: "\s" is an invalid escape sequence. Such sequences will not work in the future. Did you mean "\\s"? A raw string is also an option.
  "(?:(?:(?P<fmt_trans>\".+),)?\s*(?P<fmt>\".+))?"
C:/Users/Syf/Desktop/BS4/orbital-500/orbital-qemu/scripts/tracetool/__init__.py:210: SyntaxWarning: "\s" is an invalid escape sequence. Such sequences will not work in the future. Did you mean "\\s"? A raw string is also an option.
  "\s*")
C:/Users/Syf/Desktop/BS4/orbital-500/orbital-qemu/scripts/tracetool/__init__.py:312: SyntaxWarning: "\d" is an invalid escape sequence. Such sequences will not work in the future. Did you mean "\\d"? A raw string is also an option.
  _FMT = re.compile("(%[\d\.]*\w+|%.*?PRI\S+)")
C:/Users/Syf/Desktop/BS4/orbital-500/orbital-qemu/scripts/tracetool/__init__.py:452: SyntaxWarning: "is" with 'int' literal. Did you mean "=="?
  if len(format) is 0:
C:/Users/Syf/Desktop/BS4/orbital-500/orbital-qemu/scripts/tracetool/__init__.py:457: SyntaxWarning: "is" with 'int' literal. Did you mean "=="?
  if len(backends) is 0:
  GEN     scsi/trace.h
  GEN     trace-root.c
C:/Users/Syf/Desktop/BS4/orbital-500/orbital-qemu/scripts/tracetool/__init__.py:78: SyntaxWarning: "\*" is an invalid escape sequence. Such sequences will not work in the future. Did you mean "\\*"? A raw string is also an option.
  bit = re.sub("\*", "", bit)
C:/Users/Syf/Desktop/BS4/orbital-500/orbital-qemu/scripts/tracetool/__init__.py:205: SyntaxWarning: "\w" is an invalid escape sequence. Such sequences will not work in the future. Did you mean "\\w"? A raw string is also an option.
  _CRE = re.compile("((?P<props>[\w\s]+)\s+)?"
C:/Users/Syf/Desktop/BS4/orbital-500/orbital-qemu/scripts/tracetool/__init__.py:206: SyntaxWarning: "\w" is an invalid escape sequence. Such sequences will not work in the future. Did you mean "\\w"? A raw string is also an option.
  "(?P<name>\w+)"
C:/Users/Syf/Desktop/BS4/orbital-500/orbital-qemu/scripts/tracetool/__init__.py:207: SyntaxWarning: "\(" is an invalid escape sequence. Such sequences will not work in the future. Did you mean "\\("? A raw string is also an option.
  "\((?P<args>[^)]*)\)"
C:/Users/Syf/Desktop/BS4/orbital-500/orbital-qemu/scripts/tracetool/__init__.py:208: SyntaxWarning: "\s" is an invalid escape sequence. Such sequences will not work in the future. Did you mean "\\s"? A raw string is also an option.
  "\s*"
C:/Users/Syf/Desktop/BS4/orbital-500/orbital-qemu/scripts/tracetool/__init__.py:209: SyntaxWarning: "\s" is an invalid escape sequence. Such sequences will not work in the future. Did you mean "\\s"? A raw string is also an option.
  "(?:(?:(?P<fmt_trans>\".+),)?\s*(?P<fmt>\".+))?"
C:/Users/Syf/Desktop/BS4/orbital-500/orbital-qemu/scripts/tracetool/__init__.py:210: SyntaxWarning: "\s" is an invalid escape sequence. Such sequences will not work in the future. Did you mean "\\s"? A raw string is also an option.
  "\s*")
C:/Users/Syf/Desktop/BS4/orbital-500/orbital-qemu/scripts/tracetool/__init__.py:312: SyntaxWarning: "\d" is an invalid escape sequence. Such sequences will not work in the future. Did you mean "\\d"? A raw string is also an option.
  _FMT = re.compile("(%[\d\.]*\w+|%.*?PRI\S+)")
C:/Users/Syf/Desktop/BS4/orbital-500/orbital-qemu/scripts/tracetool/__init__.py:452: SyntaxWarning: "is" with 'int' literal. Did you mean "=="?
  if len(format) is 0:
C:/Users/Syf/Desktop/BS4/orbital-500/orbital-qemu/scripts/tracetool/__init__.py:457: SyntaxWarning: "is" with 'int' literal. Did you mean "=="?
  if len(backends) is 0:
C:/Users/Syf/Desktop/BS4/orbital-500/orbital-qemu/scripts/tracetool/__init__.py:78: SyntaxWarning: "\*" is an invalid escape sequence. Such sequences will not work in the future. Did you mean "\\*"? A raw string is also an option.
  bit = re.sub("\*", "", bit)
C:/Users/Syf/Desktop/BS4/orbital-500/orbital-qemu/scripts/tracetool/__init__.py:205: SyntaxWarning: "\w" is an invalid escape sequence. Such sequences will not work in the future. Did you mean "\\w"? A raw string is also an option.
  _CRE = re.compile("((?P<props>[\w\s]+)\s+)?"
C:/Users/Syf/Desktop/BS4/orbital-500/orbital-qemu/scripts/tracetool/__init__.py:206: SyntaxWarning: "\w" is an invalid escape sequence. Such sequences will not work in the future. Did you mean "\\w"? A raw string is also an option.
  "(?P<name>\w+)"
C:/Users/Syf/Desktop/BS4/orbital-500/orbital-qemu/scripts/tracetool/__init__.py:207: SyntaxWarning: "\(" is an invalid escape sequence. Such sequences will not work in the future. Did you mean "\\("? A raw string is also an option.
  "\((?P<args>[^)]*)\)"
C:/Users/Syf/Desktop/BS4/orbital-500/orbital-qemu/scripts/tracetool/__init__.py:208: SyntaxWarning: "\s" is an invalid escape sequence. Such sequences will not work in the future. Did you mean "\\s"? A raw string is also an option.
  "\s*"
C:/Users/Syf/Desktop/BS4/orbital-500/orbital-qemu/scripts/tracetool/__init__.py:209: SyntaxWarning: "\s" is an invalid escape sequence. Such sequences will not work in the future. Did you mean "\\s"? A raw string is also an option.
  "(?:(?:(?P<fmt_trans>\".+),)?\s*(?P<fmt>\".+))?"
C:/Users/Syf/Desktop/BS4/orbital-500/orbital-qemu/scripts/tracetool/__init__.py:210: SyntaxWarning: "\s" is an invalid escape sequence. Such sequences will not work in the future. Did you mean "\\s"? A raw string is also an option.
  "\s*")
C:/Users/Syf/Desktop/BS4/orbital-500/orbital-qemu/scripts/tracetool/__init__.py:312: SyntaxWarning: "\d" is an invalid escape sequence. Such sequences will not work in the future. Did you mean "\\d"? A raw string is also an option.
  _FMT = re.compile("(%[\d\.]*\w+|%.*?PRI\S+)")
C:/Users/Syf/Desktop/BS4/orbital-500/orbital-qemu/scripts/tracetool/__init__.py:452: SyntaxWarning: "is" with 'int' literal. Did you mean "=="?
  if len(format) is 0:
C:/Users/Syf/Desktop/BS4/orbital-500/orbital-qemu/scripts/tracetool/__init__.py:457: SyntaxWarning: "is" with 'int' literal. Did you mean "=="?
  if len(backends) is 0:
  GEN     util/trace.c
C:/Users/Syf/Desktop/BS4/orbital-500/orbital-qemu/scripts/tracetool/__init__.py:78: SyntaxWarning: "\*" is an invalid escape sequence. Such sequences will not work in the future. Did you mean "\\*"? A raw string is also an option.
  bit = re.sub("\*", "", bit)
C:/Users/Syf/Desktop/BS4/orbital-500/orbital-qemu/scripts/tracetool/__init__.py:205: SyntaxWarning: "\w" is an invalid escape sequence. Such sequences will not work in the future. Did you mean "\\w"? A raw string is also an option.
  _CRE = re.compile("((?P<props>[\w\s]+)\s+)?"
C:/Users/Syf/Desktop/BS4/orbital-500/orbital-qemu/scripts/tracetool/__init__.py:206: SyntaxWarning: "\w" is an invalid escape sequence. Such sequences will not work in the future. Did you mean "\\w"? A raw string is also an option.
  "(?P<name>\w+)"
C:/Users/Syf/Desktop/BS4/orbital-500/orbital-qemu/scripts/tracetool/__init__.py:207: SyntaxWarning: "\(" is an invalid escape sequence. Such sequences will not work in the future. Did you mean "\\("? A raw string is also an option.
  "\((?P<args>[^)]*)\)"
C:/Users/Syf/Desktop/BS4/orbital-500/orbital-qemu/scripts/tracetool/__init__.py:208: SyntaxWarning: "\s" is an invalid escape sequence. Such sequences will not work in the future. Did you mean "\\s"? A raw string is also an option.
  "\s*"
C:/Users/Syf/Desktop/BS4/orbital-500/orbital-qemu/scripts/tracetool/__init__.py:209: SyntaxWarning: "\s" is an invalid escape sequence. Such sequences will not work in the future. Did you mean "\\s"? A raw string is also an option.
  "(?:(?:(?P<fmt_trans>\".+),)?\s*(?P<fmt>\".+))?"
C:/Users/Syf/Desktop/BS4/orbital-500/orbital-qemu/scripts/tracetool/__init__.py:210: SyntaxWarning: "\s" is an invalid escape sequence. Such sequences will not work in the future. Did you mean "\\s"? A raw string is also an option.
  "\s*")
C:/Users/Syf/Desktop/BS4/orbital-500/orbital-qemu/scripts/tracetool/__init__.py:312: SyntaxWarning: "\d" is an invalid escape sequence. Such sequences will not work in the future. Did you mean "\\d"? A raw string is also an option.
  _FMT = re.compile("(%[\d\.]*\w+|%.*?PRI\S+)")
C:/Users/Syf/Desktop/BS4/orbital-500/orbital-qemu/scripts/tracetool/__init__.py:452: SyntaxWarning: "is" with 'int' literal. Did you mean "=="?
  if len(format) is 0:
C:/Users/Syf/Desktop/BS4/orbital-500/orbital-qemu/scripts/tracetool/__init__.py:457: SyntaxWarning: "is" with 'int' literal. Did you mean "=="?
  if len(backends) is 0:
  GEN     crypto/trace.c
C:/Users/Syf/Desktop/BS4/orbital-500/orbital-qemu/scripts/tracetool/__init__.py:78: SyntaxWarning: "\*" is an invalid escape sequence. Such sequences will not work in the future. Did you mean "\\*"? A raw string is also an option.
  bit = re.sub("\*", "", bit)
C:/Users/Syf/Desktop/BS4/orbital-500/orbital-qemu/scripts/tracetool/__init__.py:205: SyntaxWarning: "\w" is an invalid escape sequence. Such sequences will not work in the future. Did you mean "\\w"? A raw string is also an option.
  _CRE = re.compile("((?P<props>[\w\s]+)\s+)?"
C:/Users/Syf/Desktop/BS4/orbital-500/orbital-qemu/scripts/tracetool/__init__.py:206: SyntaxWarning: "\w" is an invalid escape sequence. Such sequences will not work in the future. Did you mean "\\w"? A raw string is also an option.
  "(?P<name>\w+)"
C:/Users/Syf/Desktop/BS4/orbital-500/orbital-qemu/scripts/tracetool/__init__.py:207: SyntaxWarning: "\(" is an invalid escape sequence. Such sequences will not work in the future. Did you mean "\\("? A raw string is also an option.
  "\((?P<args>[^)]*)\)"
C:/Users/Syf/Desktop/BS4/orbital-500/orbital-qemu/scripts/tracetool/__init__.py:208: SyntaxWarning: "\s" is an invalid escape sequence. Such sequences will not work in the future. Did you mean "\\s"? A raw string is also an option.
  "\s*"
C:/Users/Syf/Desktop/BS4/orbital-500/orbital-qemu/scripts/tracetool/__init__.py:209: SyntaxWarning: "\s" is an invalid escape sequence. Such sequences will not work in the future. Did you mean "\\s"? A raw string is also an option.
  "(?:(?:(?P<fmt_trans>\".+),)?\s*(?P<fmt>\".+))?"
C:/Users/Syf/Desktop/BS4/orbital-500/orbital-qemu/scripts/tracetool/__init__.py:210: SyntaxWarning: "\s" is an invalid escape sequence. Such sequences will not work in the future. Did you mean "\\s"? A raw string is also an option.
  "\s*")
C:/Users/Syf/Desktop/BS4/orbital-500/orbital-qemu/scripts/tracetool/__init__.py:312: SyntaxWarning: "\d" is an invalid escape sequence. Such sequences will not work in the future. Did you mean "\\d"? A raw string is also an option.
  _FMT = re.compile("(%[\d\.]*\w+|%.*?PRI\S+)")
C:/Users/Syf/Desktop/BS4/orbital-500/orbital-qemu/scripts/tracetool/__init__.py:452: SyntaxWarning: "is" with 'int' literal. Did you mean "=="?
  if len(format) is 0:
C:/Users/Syf/Desktop/BS4/orbital-500/orbital-qemu/scripts/tracetool/__init__.py:457: SyntaxWarning: "is" with 'int' literal. Did you mean "=="?
  if len(backends) is 0:
  GEN     io/trace.c
C:/Users/Syf/Desktop/BS4/orbital-500/orbital-qemu/scripts/tracetool/__init__.py:78: SyntaxWarning: "\*" is an invalid escape sequence. Such sequences will not work in the future. Did you mean "\\*"? A raw string is also an option.
  bit = re.sub("\*", "", bit)
C:/Users/Syf/Desktop/BS4/orbital-500/orbital-qemu/scripts/tracetool/__init__.py:205: SyntaxWarning: "\w" is an invalid escape sequence. Such sequences will not work in the future. Did you mean "\\w"? A raw string is also an option.
  _CRE = re.compile("((?P<props>[\w\s]+)\s+)?"
C:/Users/Syf/Desktop/BS4/orbital-500/orbital-qemu/scripts/tracetool/__init__.py:206: SyntaxWarning: "\w" is an invalid escape sequence. Such sequences will not work in the future. Did you mean "\\w"? A raw string is also an option.
  "(?P<name>\w+)"
C:/Users/Syf/Desktop/BS4/orbital-500/orbital-qemu/scripts/tracetool/__init__.py:207: SyntaxWarning: "\(" is an invalid escape sequence. Such sequences will not work in the future. Did you mean "\\("? A raw string is also an option.
  "\((?P<args>[^)]*)\)"
C:/Users/Syf/Desktop/BS4/orbital-500/orbital-qemu/scripts/tracetool/__init__.py:208: SyntaxWarning: "\s" is an invalid escape sequence. Such sequences will not work in the future. Did you mean "\\s"? A raw string is also an option.
  "\s*"
C:/Users/Syf/Desktop/BS4/orbital-500/orbital-qemu/scripts/tracetool/__init__.py:209: SyntaxWarning: "\s" is an invalid escape sequence. Such sequences will not work in the future. Did you mean "\\s"? A raw string is also an option.
  "(?:(?:(?P<fmt_trans>\".+),)?\s*(?P<fmt>\".+))?"
C:/Users/Syf/Desktop/BS4/orbital-500/orbital-qemu/scripts/tracetool/__init__.py:210: SyntaxWarning: "\s" is an invalid escape sequence. Such sequences will not work in the future. Did you mean "\\s"? A raw string is also an option.
  "\s*")
C:/Users/Syf/Desktop/BS4/orbital-500/orbital-qemu/scripts/tracetool/__init__.py:312: SyntaxWarning: "\d" is an invalid escape sequence. Such sequences will not work in the future. Did you mean "\\d"? A raw string is also an option.
  _FMT = re.compile("(%[\d\.]*\w+|%.*?PRI\S+)")
C:/Users/Syf/Desktop/BS4/orbital-500/orbital-qemu/scripts/tracetool/__init__.py:452: SyntaxWarning: "is" with 'int' literal. Did you mean "=="?
  if len(format) is 0:
C:/Users/Syf/Desktop/BS4/orbital-500/orbital-qemu/scripts/tracetool/__init__.py:457: SyntaxWarning: "is" with 'int' literal. Did you mean "=="?
  if len(backends) is 0:
  GEN     migration/trace.c
C:/Users/Syf/Desktop/BS4/orbital-500/orbital-qemu/scripts/tracetool/__init__.py:78: SyntaxWarning: "\*" is an invalid escape sequence. Such sequences will not work in the future. Did you mean "\\*"? A raw string is also an option.
  bit = re.sub("\*", "", bit)
C:/Users/Syf/Desktop/BS4/orbital-500/orbital-qemu/scripts/tracetool/__init__.py:205: SyntaxWarning: "\w" is an invalid escape sequence. Such sequences will not work in the future. Did you mean "\\w"? A raw string is also an option.
  _CRE = re.compile("((?P<props>[\w\s]+)\s+)?"
C:/Users/Syf/Desktop/BS4/orbital-500/orbital-qemu/scripts/tracetool/__init__.py:206: SyntaxWarning: "\w" is an invalid escape sequence. Such sequences will not work in the future. Did you mean "\\w"? A raw string is also an option.
  "(?P<name>\w+)"
C:/Users/Syf/Desktop/BS4/orbital-500/orbital-qemu/scripts/tracetool/__init__.py:207: SyntaxWarning: "\(" is an invalid escape sequence. Such sequences will not work in the future. Did you mean "\\("? A raw string is also an option.
  "\((?P<args>[^)]*)\)"
C:/Users/Syf/Desktop/BS4/orbital-500/orbital-qemu/scripts/tracetool/__init__.py:208: SyntaxWarning: "\s" is an invalid escape sequence. Such sequences will not work in the future. Did you mean "\\s"? A raw string is also an option.
  "\s*"
C:/Users/Syf/Desktop/BS4/orbital-500/orbital-qemu/scripts/tracetool/__init__.py:209: SyntaxWarning: "\s" is an invalid escape sequence. Such sequences will not work in the future. Did you mean "\\s"? A raw string is also an option.
  "(?:(?:(?P<fmt_trans>\".+),)?\s*(?P<fmt>\".+))?"
C:/Users/Syf/Desktop/BS4/orbital-500/orbital-qemu/scripts/tracetool/__init__.py:210: SyntaxWarning: "\s" is an invalid escape sequence. Such sequences will not work in the future. Did you mean "\\s"? A raw string is also an option.
  "\s*")
C:/Users/Syf/Desktop/BS4/orbital-500/orbital-qemu/scripts/tracetool/__init__.py:312: SyntaxWarning: "\d" is an invalid escape sequence. Such sequences will not work in the future. Did you mean "\\d"? A raw string is also an option.
  _FMT = re.compile("(%[\d\.]*\w+|%.*?PRI\S+)")
C:/Users/Syf/Desktop/BS4/orbital-500/orbital-qemu/scripts/tracetool/__init__.py:452: SyntaxWarning: "is" with 'int' literal. Did you mean "=="?
  if len(format) is 0:
C:/Users/Syf/Desktop/BS4/orbital-500/orbital-qemu/scripts/tracetool/__init__.py:457: SyntaxWarning: "is" with 'int' literal. Did you mean "=="?
  if len(backends) is 0:
  GEN     block/trace.c
C:/Users/Syf/Desktop/BS4/orbital-500/orbital-qemu/scripts/tracetool/__init__.py:78: SyntaxWarning: "\*" is an invalid escape sequence. Such sequences will not work in the future. Did you mean "\\*"? A raw string is also an option.
  bit = re.sub("\*", "", bit)
C:/Users/Syf/Desktop/BS4/orbital-500/orbital-qemu/scripts/tracetool/__init__.py:205: SyntaxWarning: "\w" is an invalid escape sequence. Such sequences will not work in the future. Did you mean "\\w"? A raw string is also an option.
  _CRE = re.compile("((?P<props>[\w\s]+)\s+)?"
C:/Users/Syf/Desktop/BS4/orbital-500/orbital-qemu/scripts/tracetool/__init__.py:206: SyntaxWarning: "\w" is an invalid escape sequence. Such sequences will not work in the future. Did you mean "\\w"? A raw string is also an option.
  "(?P<name>\w+)"
C:/Users/Syf/Desktop/BS4/orbital-500/orbital-qemu/scripts/tracetool/__init__.py:207: SyntaxWarning: "\(" is an invalid escape sequence. Such sequences will not work in the future. Did you mean "\\("? A raw string is also an option.
  "\((?P<args>[^)]*)\)"
C:/Users/Syf/Desktop/BS4/orbital-500/orbital-qemu/scripts/tracetool/__init__.py:208: SyntaxWarning: "\s" is an invalid escape sequence. Such sequences will not work in the future. Did you mean "\\s"? A raw string is also an option.
  "\s*"
C:/Users/Syf/Desktop/BS4/orbital-500/orbital-qemu/scripts/tracetool/__init__.py:209: SyntaxWarning: "\s" is an invalid escape sequence. Such sequences will not work in the future. Did you mean "\\s"? A raw string is also an option.
  "(?:(?:(?P<fmt_trans>\".+),)?\s*(?P<fmt>\".+))?"
C:/Users/Syf/Desktop/BS4/orbital-500/orbital-qemu/scripts/tracetool/__init__.py:210: SyntaxWarning: "\s" is an invalid escape sequence. Such sequences will not work in the future. Did you mean "\\s"? A raw string is also an option.
  "\s*")
C:/Users/Syf/Desktop/BS4/orbital-500/orbital-qemu/scripts/tracetool/__init__.py:312: SyntaxWarning: "\d" is an invalid escape sequence. Such sequences will not work in the future. Did you mean "\\d"? A raw string is also an option.
  _FMT = re.compile("(%[\d\.]*\w+|%.*?PRI\S+)")
C:/Users/Syf/Desktop/BS4/orbital-500/orbital-qemu/scripts/tracetool/__init__.py:452: SyntaxWarning: "is" with 'int' literal. Did you mean "=="?
  if len(format) is 0:
C:/Users/Syf/Desktop/BS4/orbital-500/orbital-qemu/scripts/tracetool/__init__.py:457: SyntaxWarning: "is" with 'int' literal. Did you mean "=="?
  if len(backends) is 0:
  GEN     chardev/trace.c
C:/Users/Syf/Desktop/BS4/orbital-500/orbital-qemu/scripts/tracetool/__init__.py:78: SyntaxWarning: "\*" is an invalid escape sequence. Such sequences will not work in the future. Did you mean "\\*"? A raw string is also an option.
  bit = re.sub("\*", "", bit)
C:/Users/Syf/Desktop/BS4/orbital-500/orbital-qemu/scripts/tracetool/__init__.py:205: SyntaxWarning: "\w" is an invalid escape sequence. Such sequences will not work in the future. Did you mean "\\w"? A raw string is also an option.
  _CRE = re.compile("((?P<props>[\w\s]+)\s+)?"
C:/Users/Syf/Desktop/BS4/orbital-500/orbital-qemu/scripts/tracetool/__init__.py:206: SyntaxWarning: "\w" is an invalid escape sequence. Such sequences will not work in the future. Did you mean "\\w"? A raw string is also an option.
  "(?P<name>\w+)"
C:/Users/Syf/Desktop/BS4/orbital-500/orbital-qemu/scripts/tracetool/__init__.py:207: SyntaxWarning: "\(" is an invalid escape sequence. Such sequences will not work in the future. Did you mean "\\("? A raw string is also an option.
  "\((?P<args>[^)]*)\)"
C:/Users/Syf/Desktop/BS4/orbital-500/orbital-qemu/scripts/tracetool/__init__.py:208: SyntaxWarning: "\s" is an invalid escape sequence. Such sequences will not work in the future. Did you mean "\\s"? A raw string is also an option.
  "\s*"
C:/Users/Syf/Desktop/BS4/orbital-500/orbital-qemu/scripts/tracetool/__init__.py:209: SyntaxWarning: "\s" is an invalid escape sequence. Such sequences will not work in the future. Did you mean "\\s"? A raw string is also an option.
  "(?:(?:(?P<fmt_trans>\".+),)?\s*(?P<fmt>\".+))?"
C:/Users/Syf/Desktop/BS4/orbital-500/orbital-qemu/scripts/tracetool/__init__.py:210: SyntaxWarning: "\s" is an invalid escape sequence. Such sequences will not work in the future. Did you mean "\\s"? A raw string is also an option.
  "\s*")
C:/Users/Syf/Desktop/BS4/orbital-500/orbital-qemu/scripts/tracetool/__init__.py:312: SyntaxWarning: "\d" is an invalid escape sequence. Such sequences will not work in the future. Did you mean "\\d"? A raw string is also an option.
  _FMT = re.compile("(%[\d\.]*\w+|%.*?PRI\S+)")
C:/Users/Syf/Desktop/BS4/orbital-500/orbital-qemu/scripts/tracetool/__init__.py:452: SyntaxWarning: "is" with 'int' literal. Did you mean "=="?
  if len(format) is 0:
C:/Users/Syf/Desktop/BS4/orbital-500/orbital-qemu/scripts/tracetool/__init__.py:457: SyntaxWarning: "is" with 'int' literal. Did you mean "=="?
  if len(backends) is 0:
  GEN     hw/block/trace.c
C:/Users/Syf/Desktop/BS4/orbital-500/orbital-qemu/scripts/tracetool/__init__.py:78: SyntaxWarning: "\*" is an invalid escape sequence. Such sequences will not work in the future. Did you mean "\\*"? A raw string is also an option.
  bit = re.sub("\*", "", bit)
C:/Users/Syf/Desktop/BS4/orbital-500/orbital-qemu/scripts/tracetool/__init__.py:205: SyntaxWarning: "\w" is an invalid escape sequence. Such sequences will not work in the future. Did you mean "\\w"? A raw string is also an option.
  _CRE = re.compile("((?P<props>[\w\s]+)\s+)?"
C:/Users/Syf/Desktop/BS4/orbital-500/orbital-qemu/scripts/tracetool/__init__.py:206: SyntaxWarning: "\w" is an invalid escape sequence. Such sequences will not work in the future. Did you mean "\\w"? A raw string is also an option.
  "(?P<name>\w+)"
C:/Users/Syf/Desktop/BS4/orbital-500/orbital-qemu/scripts/tracetool/__init__.py:207: SyntaxWarning: "\(" is an invalid escape sequence. Such sequences will not work in the future. Did you mean "\\("? A raw string is also an option.
  "\((?P<args>[^)]*)\)"
C:/Users/Syf/Desktop/BS4/orbital-500/orbital-qemu/scripts/tracetool/__init__.py:208: SyntaxWarning: "\s" is an invalid escape sequence. Such sequences will not work in the future. Did you mean "\\s"? A raw string is also an option.
  "\s*"
C:/Users/Syf/Desktop/BS4/orbital-500/orbital-qemu/scripts/tracetool/__init__.py:209: SyntaxWarning: "\s" is an invalid escape sequence. Such sequences will not work in the future. Did you mean "\\s"? A raw string is also an option.
  "(?:(?:(?P<fmt_trans>\".+),)?\s*(?P<fmt>\".+))?"
C:/Users/Syf/Desktop/BS4/orbital-500/orbital-qemu/scripts/tracetool/__init__.py:210: SyntaxWarning: "\s" is an invalid escape sequence. Such sequences will not work in the future. Did you mean "\\s"? A raw string is also an option.
  "\s*")
C:/Users/Syf/Desktop/BS4/orbital-500/orbital-qemu/scripts/tracetool/__init__.py:312: SyntaxWarning: "\d" is an invalid escape sequence. Such sequences will not work in the future. Did you mean "\\d"? A raw string is also an option.
  _FMT = re.compile("(%[\d\.]*\w+|%.*?PRI\S+)")
C:/Users/Syf/Desktop/BS4/orbital-500/orbital-qemu/scripts/tracetool/__init__.py:452: SyntaxWarning: "is" with 'int' literal. Did you mean "=="?
  if len(format) is 0:
C:/Users/Syf/Desktop/BS4/orbital-500/orbital-qemu/scripts/tracetool/__init__.py:457: SyntaxWarning: "is" with 'int' literal. Did you mean "=="?
  if len(backends) is 0:
  GEN     hw/block/dataplane/trace.c
C:/Users/Syf/Desktop/BS4/orbital-500/orbital-qemu/scripts/tracetool/__init__.py:78: SyntaxWarning: "\*" is an invalid escape sequence. Such sequences will not work in the future. Did you mean "\\*"? A raw string is also an option.
  bit = re.sub("\*", "", bit)
C:/Users/Syf/Desktop/BS4/orbital-500/orbital-qemu/scripts/tracetool/__init__.py:205: SyntaxWarning: "\w" is an invalid escape sequence. Such sequences will not work in the future. Did you mean "\\w"? A raw string is also an option.
  _CRE = re.compile("((?P<props>[\w\s]+)\s+)?"
C:/Users/Syf/Desktop/BS4/orbital-500/orbital-qemu/scripts/tracetool/__init__.py:206: SyntaxWarning: "\w" is an invalid escape sequence. Such sequences will not work in the future. Did you mean "\\w"? A raw string is also an option.
  "(?P<name>\w+)"
C:/Users/Syf/Desktop/BS4/orbital-500/orbital-qemu/scripts/tracetool/__init__.py:207: SyntaxWarning: "\(" is an invalid escape sequence. Such sequences will not work in the future. Did you mean "\\("? A raw string is also an option.
  "\((?P<args>[^)]*)\)"
C:/Users/Syf/Desktop/BS4/orbital-500/orbital-qemu/scripts/tracetool/__init__.py:208: SyntaxWarning: "\s" is an invalid escape sequence. Such sequences will not work in the future. Did you mean "\\s"? A raw string is also an option.
  "\s*"
C:/Users/Syf/Desktop/BS4/orbital-500/orbital-qemu/scripts/tracetool/__init__.py:209: SyntaxWarning: "\s" is an invalid escape sequence. Such sequences will not work in the future. Did you mean "\\s"? A raw string is also an option.
  "(?:(?:(?P<fmt_trans>\".+),)?\s*(?P<fmt>\".+))?"
C:/Users/Syf/Desktop/BS4/orbital-500/orbital-qemu/scripts/tracetool/__init__.py:210: SyntaxWarning: "\s" is an invalid escape sequence. Such sequences will not work in the future. Did you mean "\\s"? A raw string is also an option.
  "\s*")
C:/Users/Syf/Desktop/BS4/orbital-500/orbital-qemu/scripts/tracetool/__init__.py:312: SyntaxWarning: "\d" is an invalid escape sequence. Such sequences will not work in the future. Did you mean "\\d"? A raw string is also an option.
  _FMT = re.compile("(%[\d\.]*\w+|%.*?PRI\S+)")
C:/Users/Syf/Desktop/BS4/orbital-500/orbital-qemu/scripts/tracetool/__init__.py:452: SyntaxWarning: "is" with 'int' literal. Did you mean "=="?
  if len(format) is 0:
C:/Users/Syf/Desktop/BS4/orbital-500/orbital-qemu/scripts/tracetool/__init__.py:457: SyntaxWarning: "is" with 'int' literal. Did you mean "=="?
  if len(backends) is 0:
  GEN     hw/char/trace.c
C:/Users/Syf/Desktop/BS4/orbital-500/orbital-qemu/scripts/tracetool/__init__.py:78: SyntaxWarning: "\*" is an invalid escape sequence. Such sequences will not work in the future. Did you mean "\\*"? A raw string is also an option.
  bit = re.sub("\*", "", bit)
C:/Users/Syf/Desktop/BS4/orbital-500/orbital-qemu/scripts/tracetool/__init__.py:205: SyntaxWarning: "\w" is an invalid escape sequence. Such sequences will not work in the future. Did you mean "\\w"? A raw string is also an option.
  _CRE = re.compile("((?P<props>[\w\s]+)\s+)?"
C:/Users/Syf/Desktop/BS4/orbital-500/orbital-qemu/scripts/tracetool/__init__.py:206: SyntaxWarning: "\w" is an invalid escape sequence. Such sequences will not work in the future. Did you mean "\\w"? A raw string is also an option.
  "(?P<name>\w+)"
C:/Users/Syf/Desktop/BS4/orbital-500/orbital-qemu/scripts/tracetool/__init__.py:207: SyntaxWarning: "\(" is an invalid escape sequence. Such sequences will not work in the future. Did you mean "\\("? A raw string is also an option.
  "\((?P<args>[^)]*)\)"
C:/Users/Syf/Desktop/BS4/orbital-500/orbital-qemu/scripts/tracetool/__init__.py:208: SyntaxWarning: "\s" is an invalid escape sequence. Such sequences will not work in the future. Did you mean "\\s"? A raw string is also an option.
  "\s*"
C:/Users/Syf/Desktop/BS4/orbital-500/orbital-qemu/scripts/tracetool/__init__.py:209: SyntaxWarning: "\s" is an invalid escape sequence. Such sequences will not work in the future. Did you mean "\\s"? A raw string is also an option.
  "(?:(?:(?P<fmt_trans>\".+),)?\s*(?P<fmt>\".+))?"
C:/Users/Syf/Desktop/BS4/orbital-500/orbital-qemu/scripts/tracetool/__init__.py:210: SyntaxWarning: "\s" is an invalid escape sequence. Such sequences will not work in the future. Did you mean "\\s"? A raw string is also an option.
  "\s*")
C:/Users/Syf/Desktop/BS4/orbital-500/orbital-qemu/scripts/tracetool/__init__.py:312: SyntaxWarning: "\d" is an invalid escape sequence. Such sequences will not work in the future. Did you mean "\\d"? A raw string is also an option.
  _FMT = re.compile("(%[\d\.]*\w+|%.*?PRI\S+)")
C:/Users/Syf/Desktop/BS4/orbital-500/orbital-qemu/scripts/tracetool/__init__.py:452: SyntaxWarning: "is" with 'int' literal. Did you mean "=="?
  if len(format) is 0:
C:/Users/Syf/Desktop/BS4/orbital-500/orbital-qemu/scripts/tracetool/__init__.py:457: SyntaxWarning: "is" with 'int' literal. Did you mean "=="?
  if len(backends) is 0:
  GEN     hw/intc/trace.c
C:/Users/Syf/Desktop/BS4/orbital-500/orbital-qemu/scripts/tracetool/__init__.py:78: SyntaxWarning: "\*" is an invalid escape sequence. Such sequences will not work in the future. Did you mean "\\*"? A raw string is also an option.
  bit = re.sub("\*", "", bit)
C:/Users/Syf/Desktop/BS4/orbital-500/orbital-qemu/scripts/tracetool/__init__.py:205: SyntaxWarning: "\w" is an invalid escape sequence. Such sequences will not work in the future. Did you mean "\\w"? A raw string is also an option.
  _CRE = re.compile("((?P<props>[\w\s]+)\s+)?"
C:/Users/Syf/Desktop/BS4/orbital-500/orbital-qemu/scripts/tracetool/__init__.py:206: SyntaxWarning: "\w" is an invalid escape sequence. Such sequences will not work in the future. Did you mean "\\w"? A raw string is also an option.
  "(?P<name>\w+)"
C:/Users/Syf/Desktop/BS4/orbital-500/orbital-qemu/scripts/tracetool/__init__.py:207: SyntaxWarning: "\(" is an invalid escape sequence. Such sequences will not work in the future. Did you mean "\\("? A raw string is also an option.
  "\((?P<args>[^)]*)\)"
C:/Users/Syf/Desktop/BS4/orbital-500/orbital-qemu/scripts/tracetool/__init__.py:208: SyntaxWarning: "\s" is an invalid escape sequence. Such sequences will not work in the future. Did you mean "\\s"? A raw string is also an option.
  "\s*"
C:/Users/Syf/Desktop/BS4/orbital-500/orbital-qemu/scripts/tracetool/__init__.py:209: SyntaxWarning: "\s" is an invalid escape sequence. Such sequences will not work in the future. Did you mean "\\s"? A raw string is also an option.
  "(?:(?:(?P<fmt_trans>\".+),)?\s*(?P<fmt>\".+))?"
C:/Users/Syf/Desktop/BS4/orbital-500/orbital-qemu/scripts/tracetool/__init__.py:210: SyntaxWarning: "\s" is an invalid escape sequence. Such sequences will not work in the future. Did you mean "\\s"? A raw string is also an option.
  "\s*")
C:/Users/Syf/Desktop/BS4/orbital-500/orbital-qemu/scripts/tracetool/__init__.py:312: SyntaxWarning: "\d" is an invalid escape sequence. Such sequences will not work in the future. Did you mean "\\d"? A raw string is also an option.
  _FMT = re.compile("(%[\d\.]*\w+|%.*?PRI\S+)")
C:/Users/Syf/Desktop/BS4/orbital-500/orbital-qemu/scripts/tracetool/__init__.py:452: SyntaxWarning: "is" with 'int' literal. Did you mean "=="?
  if len(format) is 0:
C:/Users/Syf/Desktop/BS4/orbital-500/orbital-qemu/scripts/tracetool/__init__.py:457: SyntaxWarning: "is" with 'int' literal. Did you mean "=="?
  if len(backends) is 0:
  GEN     hw/net/trace.c
C:/Users/Syf/Desktop/BS4/orbital-500/orbital-qemu/scripts/tracetool/__init__.py:78: SyntaxWarning: "\*" is an invalid escape sequence. Such sequences will not work in the future. Did you mean "\\*"? A raw string is also an option.
  bit = re.sub("\*", "", bit)
C:/Users/Syf/Desktop/BS4/orbital-500/orbital-qemu/scripts/tracetool/__init__.py:205: SyntaxWarning: "\w" is an invalid escape sequence. Such sequences will not work in the future. Did you mean "\\w"? A raw string is also an option.
  _CRE = re.compile("((?P<props>[\w\s]+)\s+)?"
C:/Users/Syf/Desktop/BS4/orbital-500/orbital-qemu/scripts/tracetool/__init__.py:206: SyntaxWarning: "\w" is an invalid escape sequence. Such sequences will not work in the future. Did you mean "\\w"? A raw string is also an option.
  "(?P<name>\w+)"
C:/Users/Syf/Desktop/BS4/orbital-500/orbital-qemu/scripts/tracetool/__init__.py:207: SyntaxWarning: "\(" is an invalid escape sequence. Such sequences will not work in the future. Did you mean "\\("? A raw string is also an option.
  "\((?P<args>[^)]*)\)"
C:/Users/Syf/Desktop/BS4/orbital-500/orbital-qemu/scripts/tracetool/__init__.py:208: SyntaxWarning: "\s" is an invalid escape sequence. Such sequences will not work in the future. Did you mean "\\s"? A raw string is also an option.
  "\s*"
C:/Users/Syf/Desktop/BS4/orbital-500/orbital-qemu/scripts/tracetool/__init__.py:209: SyntaxWarning: "\s" is an invalid escape sequence. Such sequences will not work in the future. Did you mean "\\s"? A raw string is also an option.
  "(?:(?:(?P<fmt_trans>\".+),)?\s*(?P<fmt>\".+))?"
C:/Users/Syf/Desktop/BS4/orbital-500/orbital-qemu/scripts/tracetool/__init__.py:210: SyntaxWarning: "\s" is an invalid escape sequence. Such sequences will not work in the future. Did you mean "\\s"? A raw string is also an option.
  "\s*")
C:/Users/Syf/Desktop/BS4/orbital-500/orbital-qemu/scripts/tracetool/__init__.py:312: SyntaxWarning: "\d" is an invalid escape sequence. Such sequences will not work in the future. Did you mean "\\d"? A raw string is also an option.
  _FMT = re.compile("(%[\d\.]*\w+|%.*?PRI\S+)")
C:/Users/Syf/Desktop/BS4/orbital-500/orbital-qemu/scripts/tracetool/__init__.py:452: SyntaxWarning: "is" with 'int' literal. Did you mean "=="?
  if len(format) is 0:
C:/Users/Syf/Desktop/BS4/orbital-500/orbital-qemu/scripts/tracetool/__init__.py:457: SyntaxWarning: "is" with 'int' literal. Did you mean "=="?
  if len(backends) is 0:
  GEN     hw/rdma/trace.c
C:/Users/Syf/Desktop/BS4/orbital-500/orbital-qemu/scripts/tracetool/__init__.py:78: SyntaxWarning: "\*" is an invalid escape sequence. Such sequences will not work in the future. Did you mean "\\*"? A raw string is also an option.
  bit = re.sub("\*", "", bit)
C:/Users/Syf/Desktop/BS4/orbital-500/orbital-qemu/scripts/tracetool/__init__.py:205: SyntaxWarning: "\w" is an invalid escape sequence. Such sequences will not work in the future. Did you mean "\\w"? A raw string is also an option.
  _CRE = re.compile("((?P<props>[\w\s]+)\s+)?"
C:/Users/Syf/Desktop/BS4/orbital-500/orbital-qemu/scripts/tracetool/__init__.py:206: SyntaxWarning: "\w" is an invalid escape sequence. Such sequences will not work in the future. Did you mean "\\w"? A raw string is also an option.
  "(?P<name>\w+)"
C:/Users/Syf/Desktop/BS4/orbital-500/orbital-qemu/scripts/tracetool/__init__.py:207: SyntaxWarning: "\(" is an invalid escape sequence. Such sequences will not work in the future. Did you mean "\\("? A raw string is also an option.
  "\((?P<args>[^)]*)\)"
C:/Users/Syf/Desktop/BS4/orbital-500/orbital-qemu/scripts/tracetool/__init__.py:208: SyntaxWarning: "\s" is an invalid escape sequence. Such sequences will not work in the future. Did you mean "\\s"? A raw string is also an option.
  "\s*"
C:/Users/Syf/Desktop/BS4/orbital-500/orbital-qemu/scripts/tracetool/__init__.py:209: SyntaxWarning: "\s" is an invalid escape sequence. Such sequences will not work in the future. Did you mean "\\s"? A raw string is also an option.
  "(?:(?:(?P<fmt_trans>\".+),)?\s*(?P<fmt>\".+))?"
C:/Users/Syf/Desktop/BS4/orbital-500/orbital-qemu/scripts/tracetool/__init__.py:210: SyntaxWarning: "\s" is an invalid escape sequence. Such sequences will not work in the future. Did you mean "\\s"? A raw string is also an option.
  "\s*")
C:/Users/Syf/Desktop/BS4/orbital-500/orbital-qemu/scripts/tracetool/__init__.py:312: SyntaxWarning: "\d" is an invalid escape sequence. Such sequences will not work in the future. Did you mean "\\d"? A raw string is also an option.
  _FMT = re.compile("(%[\d\.]*\w+|%.*?PRI\S+)")
C:/Users/Syf/Desktop/BS4/orbital-500/orbital-qemu/scripts/tracetool/__init__.py:452: SyntaxWarning: "is" with 'int' literal. Did you mean "=="?
  if len(format) is 0:
C:/Users/Syf/Desktop/BS4/orbital-500/orbital-qemu/scripts/tracetool/__init__.py:457: SyntaxWarning: "is" with 'int' literal. Did you mean "=="?
  if len(backends) is 0:
  GEN     hw/rdma/vmw/trace.c
C:/Users/Syf/Desktop/BS4/orbital-500/orbital-qemu/scripts/tracetool/__init__.py:78: SyntaxWarning: "\*" is an invalid escape sequence. Such sequences will not work in the future. Did you mean "\\*"? A raw string is also an option.
  bit = re.sub("\*", "", bit)
C:/Users/Syf/Desktop/BS4/orbital-500/orbital-qemu/scripts/tracetool/__init__.py:205: SyntaxWarning: "\w" is an invalid escape sequence. Such sequences will not work in the future. Did you mean "\\w"? A raw string is also an option.
  _CRE = re.compile("((?P<props>[\w\s]+)\s+)?"
C:/Users/Syf/Desktop/BS4/orbital-500/orbital-qemu/scripts/tracetool/__init__.py:206: SyntaxWarning: "\w" is an invalid escape sequence. Such sequences will not work in the future. Did you mean "\\w"? A raw string is also an option.
  "(?P<name>\w+)"
C:/Users/Syf/Desktop/BS4/orbital-500/orbital-qemu/scripts/tracetool/__init__.py:207: SyntaxWarning: "\(" is an invalid escape sequence. Such sequences will not work in the future. Did you mean "\\("? A raw string is also an option.
  "\((?P<args>[^)]*)\)"
C:/Users/Syf/Desktop/BS4/orbital-500/orbital-qemu/scripts/tracetool/__init__.py:208: SyntaxWarning: "\s" is an invalid escape sequence. Such sequences will not work in the future. Did you mean "\\s"? A raw string is also an option.
  "\s*"
C:/Users/Syf/Desktop/BS4/orbital-500/orbital-qemu/scripts/tracetool/__init__.py:209: SyntaxWarning: "\s" is an invalid escape sequence. Such sequences will not work in the future. Did you mean "\\s"? A raw string is also an option.
  "(?:(?:(?P<fmt_trans>\".+),)?\s*(?P<fmt>\".+))?"
C:/Users/Syf/Desktop/BS4/orbital-500/orbital-qemu/scripts/tracetool/__init__.py:210: SyntaxWarning: "\s" is an invalid escape sequence. Such sequences will not work in the future. Did you mean "\\s"? A raw string is also an option.
  "\s*")
C:/Users/Syf/Desktop/BS4/orbital-500/orbital-qemu/scripts/tracetool/__init__.py:312: SyntaxWarning: "\d" is an invalid escape sequence. Such sequences will not work in the future. Did you mean "\\d"? A raw string is also an option.
  _FMT = re.compile("(%[\d\.]*\w+|%.*?PRI\S+)")
C:/Users/Syf/Desktop/BS4/orbital-500/orbital-qemu/scripts/tracetool/__init__.py:452: SyntaxWarning: "is" with 'int' literal. Did you mean "=="?
  if len(format) is 0:
C:/Users/Syf/Desktop/BS4/orbital-500/orbital-qemu/scripts/tracetool/__init__.py:457: SyntaxWarning: "is" with 'int' literal. Did you mean "=="?
  if len(backends) is 0:
  GEN     hw/virtio/trace.c
C:/Users/Syf/Desktop/BS4/orbital-500/orbital-qemu/scripts/tracetool/__init__.py:78: SyntaxWarning: "\*" is an invalid escape sequence. Such sequences will not work in the future. Did you mean "\\*"? A raw string is also an option.
  bit = re.sub("\*", "", bit)
C:/Users/Syf/Desktop/BS4/orbital-500/orbital-qemu/scripts/tracetool/__init__.py:205: SyntaxWarning: "\w" is an invalid escape sequence. Such sequences will not work in the future. Did you mean "\\w"? A raw string is also an option.
  _CRE = re.compile("((?P<props>[\w\s]+)\s+)?"
C:/Users/Syf/Desktop/BS4/orbital-500/orbital-qemu/scripts/tracetool/__init__.py:206: SyntaxWarning: "\w" is an invalid escape sequence. Such sequences will not work in the future. Did you mean "\\w"? A raw string is also an option.
  "(?P<name>\w+)"
C:/Users/Syf/Desktop/BS4/orbital-500/orbital-qemu/scripts/tracetool/__init__.py:207: SyntaxWarning: "\(" is an invalid escape sequence. Such sequences will not work in the future. Did you mean "\\("? A raw string is also an option.
  "\((?P<args>[^)]*)\)"
C:/Users/Syf/Desktop/BS4/orbital-500/orbital-qemu/scripts/tracetool/__init__.py:208: SyntaxWarning: "\s" is an invalid escape sequence. Such sequences will not work in the future. Did you mean "\\s"? A raw string is also an option.
  "\s*"
C:/Users/Syf/Desktop/BS4/orbital-500/orbital-qemu/scripts/tracetool/__init__.py:209: SyntaxWarning: "\s" is an invalid escape sequence. Such sequences will not work in the future. Did you mean "\\s"? A raw string is also an option.
  "(?:(?:(?P<fmt_trans>\".+),)?\s*(?P<fmt>\".+))?"
C:/Users/Syf/Desktop/BS4/orbital-500/orbital-qemu/scripts/tracetool/__init__.py:210: SyntaxWarning: "\s" is an invalid escape sequence. Such sequences will not work in the future. Did you mean "\\s"? A raw string is also an option.
  "\s*")
C:/Users/Syf/Desktop/BS4/orbital-500/orbital-qemu/scripts/tracetool/__init__.py:312: SyntaxWarning: "\d" is an invalid escape sequence. Such sequences will not work in the future. Did you mean "\\d"? A raw string is also an option.
  _FMT = re.compile("(%[\d\.]*\w+|%.*?PRI\S+)")
C:/Users/Syf/Desktop/BS4/orbital-500/orbital-qemu/scripts/tracetool/__init__.py:452: SyntaxWarning: "is" with 'int' literal. Did you mean "=="?
  if len(format) is 0:
C:/Users/Syf/Desktop/BS4/orbital-500/orbital-qemu/scripts/tracetool/__init__.py:457: SyntaxWarning: "is" with 'int' literal. Did you mean "=="?
  if len(backends) is 0:
  GEN     hw/audio/trace.c
C:/Users/Syf/Desktop/BS4/orbital-500/orbital-qemu/scripts/tracetool/__init__.py:78: SyntaxWarning: "\*" is an invalid escape sequence. Such sequences will not work in the future. Did you mean "\\*"? A raw string is also an option.
  bit = re.sub("\*", "", bit)
C:/Users/Syf/Desktop/BS4/orbital-500/orbital-qemu/scripts/tracetool/__init__.py:205: SyntaxWarning: "\w" is an invalid escape sequence. Such sequences will not work in the future. Did you mean "\\w"? A raw string is also an option.
  _CRE = re.compile("((?P<props>[\w\s]+)\s+)?"
C:/Users/Syf/Desktop/BS4/orbital-500/orbital-qemu/scripts/tracetool/__init__.py:206: SyntaxWarning: "\w" is an invalid escape sequence. Such sequences will not work in the future. Did you mean "\\w"? A raw string is also an option.
  "(?P<name>\w+)"
C:/Users/Syf/Desktop/BS4/orbital-500/orbital-qemu/scripts/tracetool/__init__.py:207: SyntaxWarning: "\(" is an invalid escape sequence. Such sequences will not work in the future. Did you mean "\\("? A raw string is also an option.
  "\((?P<args>[^)]*)\)"
C:/Users/Syf/Desktop/BS4/orbital-500/orbital-qemu/scripts/tracetool/__init__.py:208: SyntaxWarning: "\s" is an invalid escape sequence. Such sequences will not work in the future. Did you mean "\\s"? A raw string is also an option.
  "\s*"
C:/Users/Syf/Desktop/BS4/orbital-500/orbital-qemu/scripts/tracetool/__init__.py:209: SyntaxWarning: "\s" is an invalid escape sequence. Such sequences will not work in the future. Did you mean "\\s"? A raw string is also an option.
  "(?:(?:(?P<fmt_trans>\".+),)?\s*(?P<fmt>\".+))?"
C:/Users/Syf/Desktop/BS4/orbital-500/orbital-qemu/scripts/tracetool/__init__.py:210: SyntaxWarning: "\s" is an invalid escape sequence. Such sequences will not work in the future. Did you mean "\\s"? A raw string is also an option.
  "\s*")
C:/Users/Syf/Desktop/BS4/orbital-500/orbital-qemu/scripts/tracetool/__init__.py:312: SyntaxWarning: "\d" is an invalid escape sequence. Such sequences will not work in the future. Did you mean "\\d"? A raw string is also an option.
  _FMT = re.compile("(%[\d\.]*\w+|%.*?PRI\S+)")
C:/Users/Syf/Desktop/BS4/orbital-500/orbital-qemu/scripts/tracetool/__init__.py:452: SyntaxWarning: "is" with 'int' literal. Did you mean "=="?
  if len(format) is 0:
C:/Users/Syf/Desktop/BS4/orbital-500/orbital-qemu/scripts/tracetool/__init__.py:457: SyntaxWarning: "is" with 'int' literal. Did you mean "=="?
  if len(backends) is 0:
  GEN     hw/misc/trace.c
C:/Users/Syf/Desktop/BS4/orbital-500/orbital-qemu/scripts/tracetool/__init__.py:78: SyntaxWarning: "\*" is an invalid escape sequence. Such sequences will not work in the future. Did you mean "\\*"? A raw string is also an option.
  bit = re.sub("\*", "", bit)
C:/Users/Syf/Desktop/BS4/orbital-500/orbital-qemu/scripts/tracetool/__init__.py:205: SyntaxWarning: "\w" is an invalid escape sequence. Such sequences will not work in the future. Did you mean "\\w"? A raw string is also an option.
  _CRE = re.compile("((?P<props>[\w\s]+)\s+)?"
C:/Users/Syf/Desktop/BS4/orbital-500/orbital-qemu/scripts/tracetool/__init__.py:206: SyntaxWarning: "\w" is an invalid escape sequence. Such sequences will not work in the future. Did you mean "\\w"? A raw string is also an option.
  "(?P<name>\w+)"
C:/Users/Syf/Desktop/BS4/orbital-500/orbital-qemu/scripts/tracetool/__init__.py:207: SyntaxWarning: "\(" is an invalid escape sequence. Such sequences will not work in the future. Did you mean "\\("? A raw string is also an option.
  "\((?P<args>[^)]*)\)"
C:/Users/Syf/Desktop/BS4/orbital-500/orbital-qemu/scripts/tracetool/__init__.py:208: SyntaxWarning: "\s" is an invalid escape sequence. Such sequences will not work in the future. Did you mean "\\s"? A raw string is also an option.
  "\s*"
C:/Users/Syf/Desktop/BS4/orbital-500/orbital-qemu/scripts/tracetool/__init__.py:209: SyntaxWarning: "\s" is an invalid escape sequence. Such sequences will not work in the future. Did you mean "\\s"? A raw string is also an option.
  "(?:(?:(?P<fmt_trans>\".+),)?\s*(?P<fmt>\".+))?"
C:/Users/Syf/Desktop/BS4/orbital-500/orbital-qemu/scripts/tracetool/__init__.py:210: SyntaxWarning: "\s" is an invalid escape sequence. Such sequences will not work in the future. Did you mean "\\s"? A raw string is also an option.
  "\s*")
C:/Users/Syf/Desktop/BS4/orbital-500/orbital-qemu/scripts/tracetool/__init__.py:312: SyntaxWarning: "\d" is an invalid escape sequence. Such sequences will not work in the future. Did you mean "\\d"? A raw string is also an option.
  _FMT = re.compile("(%[\d\.]*\w+|%.*?PRI\S+)")
C:/Users/Syf/Desktop/BS4/orbital-500/orbital-qemu/scripts/tracetool/__init__.py:452: SyntaxWarning: "is" with 'int' literal. Did you mean "=="?
  if len(format) is 0:
C:/Users/Syf/Desktop/BS4/orbital-500/orbital-qemu/scripts/tracetool/__init__.py:457: SyntaxWarning: "is" with 'int' literal. Did you mean "=="?
  if len(backends) is 0:
  GEN     hw/misc/macio/trace.c
C:/Users/Syf/Desktop/BS4/orbital-500/orbital-qemu/scripts/tracetool/__init__.py:78: SyntaxWarning: "\*" is an invalid escape sequence. Such sequences will not work in the future. Did you mean "\\*"? A raw string is also an option.
  bit = re.sub("\*", "", bit)
C:/Users/Syf/Desktop/BS4/orbital-500/orbital-qemu/scripts/tracetool/__init__.py:205: SyntaxWarning: "\w" is an invalid escape sequence. Such sequences will not work in the future. Did you mean "\\w"? A raw string is also an option.
  _CRE = re.compile("((?P<props>[\w\s]+)\s+)?"
C:/Users/Syf/Desktop/BS4/orbital-500/orbital-qemu/scripts/tracetool/__init__.py:206: SyntaxWarning: "\w" is an invalid escape sequence. Such sequences will not work in the future. Did you mean "\\w"? A raw string is also an option.
  "(?P<name>\w+)"
C:/Users/Syf/Desktop/BS4/orbital-500/orbital-qemu/scripts/tracetool/__init__.py:207: SyntaxWarning: "\(" is an invalid escape sequence. Such sequences will not work in the future. Did you mean "\\("? A raw string is also an option.
  "\((?P<args>[^)]*)\)"
C:/Users/Syf/Desktop/BS4/orbital-500/orbital-qemu/scripts/tracetool/__init__.py:208: SyntaxWarning: "\s" is an invalid escape sequence. Such sequences will not work in the future. Did you mean "\\s"? A raw string is also an option.
  "\s*"
C:/Users/Syf/Desktop/BS4/orbital-500/orbital-qemu/scripts/tracetool/__init__.py:209: SyntaxWarning: "\s" is an invalid escape sequence. Such sequences will not work in the future. Did you mean "\\s"? A raw string is also an option.
  "(?:(?:(?P<fmt_trans>\".+),)?\s*(?P<fmt>\".+))?"
C:/Users/Syf/Desktop/BS4/orbital-500/orbital-qemu/scripts/tracetool/__init__.py:210: SyntaxWarning: "\s" is an invalid escape sequence. Such sequences will not work in the future. Did you mean "\\s"? A raw string is also an option.
  "\s*")
C:/Users/Syf/Desktop/BS4/orbital-500/orbital-qemu/scripts/tracetool/__init__.py:312: SyntaxWarning: "\d" is an invalid escape sequence. Such sequences will not work in the future. Did you mean "\\d"? A raw string is also an option.
  _FMT = re.compile("(%[\d\.]*\w+|%.*?PRI\S+)")
C:/Users/Syf/Desktop/BS4/orbital-500/orbital-qemu/scripts/tracetool/__init__.py:452: SyntaxWarning: "is" with 'int' literal. Did you mean "=="?
  if len(format) is 0:
C:/Users/Syf/Desktop/BS4/orbital-500/orbital-qemu/scripts/tracetool/__init__.py:457: SyntaxWarning: "is" with 'int' literal. Did you mean "=="?
  if len(backends) is 0:
  GEN     hw/usb/trace.c
C:/Users/Syf/Desktop/BS4/orbital-500/orbital-qemu/scripts/tracetool/__init__.py:78: SyntaxWarning: "\*" is an invalid escape sequence. Such sequences will not work in the future. Did you mean "\\*"? A raw string is also an option.
  bit = re.sub("\*", "", bit)
C:/Users/Syf/Desktop/BS4/orbital-500/orbital-qemu/scripts/tracetool/__init__.py:205: SyntaxWarning: "\w" is an invalid escape sequence. Such sequences will not work in the future. Did you mean "\\w"? A raw string is also an option.
  _CRE = re.compile("((?P<props>[\w\s]+)\s+)?"
C:/Users/Syf/Desktop/BS4/orbital-500/orbital-qemu/scripts/tracetool/__init__.py:206: SyntaxWarning: "\w" is an invalid escape sequence. Such sequences will not work in the future. Did you mean "\\w"? A raw string is also an option.
  "(?P<name>\w+)"
C:/Users/Syf/Desktop/BS4/orbital-500/orbital-qemu/scripts/tracetool/__init__.py:207: SyntaxWarning: "\(" is an invalid escape sequence. Such sequences will not work in the future. Did you mean "\\("? A raw string is also an option.
  "\((?P<args>[^)]*)\)"
C:/Users/Syf/Desktop/BS4/orbital-500/orbital-qemu/scripts/tracetool/__init__.py:208: SyntaxWarning: "\s" is an invalid escape sequence. Such sequences will not work in the future. Did you mean "\\s"? A raw string is also an option.
  "\s*"
C:/Users/Syf/Desktop/BS4/orbital-500/orbital-qemu/scripts/tracetool/__init__.py:209: SyntaxWarning: "\s" is an invalid escape sequence. Such sequences will not work in the future. Did you mean "\\s"? A raw string is also an option.
  "(?:(?:(?P<fmt_trans>\".+),)?\s*(?P<fmt>\".+))?"
C:/Users/Syf/Desktop/BS4/orbital-500/orbital-qemu/scripts/tracetool/__init__.py:210: SyntaxWarning: "\s" is an invalid escape sequence. Such sequences will not work in the future. Did you mean "\\s"? A raw string is also an option.
  "\s*")
C:/Users/Syf/Desktop/BS4/orbital-500/orbital-qemu/scripts/tracetool/__init__.py:312: SyntaxWarning: "\d" is an invalid escape sequence. Such sequences will not work in the future. Did you mean "\\d"? A raw string is also an option.
  _FMT = re.compile("(%[\d\.]*\w+|%.*?PRI\S+)")
C:/Users/Syf/Desktop/BS4/orbital-500/orbital-qemu/scripts/tracetool/__init__.py:452: SyntaxWarning: "is" with 'int' literal. Did you mean "=="?
  if len(format) is 0:
C:/Users/Syf/Desktop/BS4/orbital-500/orbital-qemu/scripts/tracetool/__init__.py:457: SyntaxWarning: "is" with 'int' literal. Did you mean "=="?
  if len(backends) is 0:
  GEN     hw/scsi/trace.c
C:/Users/Syf/Desktop/BS4/orbital-500/orbital-qemu/scripts/tracetool/__init__.py:78: SyntaxWarning: "\*" is an invalid escape sequence. Such sequences will not work in the future. Did you mean "\\*"? A raw string is also an option.
  bit = re.sub("\*", "", bit)
C:/Users/Syf/Desktop/BS4/orbital-500/orbital-qemu/scripts/tracetool/__init__.py:205: SyntaxWarning: "\w" is an invalid escape sequence. Such sequences will not work in the future. Did you mean "\\w"? A raw string is also an option.
  _CRE = re.compile("((?P<props>[\w\s]+)\s+)?"
C:/Users/Syf/Desktop/BS4/orbital-500/orbital-qemu/scripts/tracetool/__init__.py:206: SyntaxWarning: "\w" is an invalid escape sequence. Such sequences will not work in the future. Did you mean "\\w"? A raw string is also an option.
  "(?P<name>\w+)"
C:/Users/Syf/Desktop/BS4/orbital-500/orbital-qemu/scripts/tracetool/__init__.py:207: SyntaxWarning: "\(" is an invalid escape sequence. Such sequences will not work in the future. Did you mean "\\("? A raw string is also an option.
  "\((?P<args>[^)]*)\)"
C:/Users/Syf/Desktop/BS4/orbital-500/orbital-qemu/scripts/tracetool/__init__.py:208: SyntaxWarning: "\s" is an invalid escape sequence. Such sequences will not work in the future. Did you mean "\\s"? A raw string is also an option.
  "\s*"
C:/Users/Syf/Desktop/BS4/orbital-500/orbital-qemu/scripts/tracetool/__init__.py:209: SyntaxWarning: "\s" is an invalid escape sequence. Such sequences will not work in the future. Did you mean "\\s"? A raw string is also an option.
  "(?:(?:(?P<fmt_trans>\".+),)?\s*(?P<fmt>\".+))?"
C:/Users/Syf/Desktop/BS4/orbital-500/orbital-qemu/scripts/tracetool/__init__.py:210: SyntaxWarning: "\s" is an invalid escape sequence. Such sequences will not work in the future. Did you mean "\\s"? A raw string is also an option.
  "\s*")
C:/Users/Syf/Desktop/BS4/orbital-500/orbital-qemu/scripts/tracetool/__init__.py:312: SyntaxWarning: "\d" is an invalid escape sequence. Such sequences will not work in the future. Did you mean "\\d"? A raw string is also an option.
  _FMT = re.compile("(%[\d\.]*\w+|%.*?PRI\S+)")
C:/Users/Syf/Desktop/BS4/orbital-500/orbital-qemu/scripts/tracetool/__init__.py:452: SyntaxWarning: "is" with 'int' literal. Did you mean "=="?
  if len(format) is 0:
C:/Users/Syf/Desktop/BS4/orbital-500/orbital-qemu/scripts/tracetool/__init__.py:457: SyntaxWarning: "is" with 'int' literal. Did you mean "=="?
  if len(backends) is 0:
  GEN     hw/nvram/trace.c
C:/Users/Syf/Desktop/BS4/orbital-500/orbital-qemu/scripts/tracetool/__init__.py:78: SyntaxWarning: "\*" is an invalid escape sequence. Such sequences will not work in the future. Did you mean "\\*"? A raw string is also an option.
  bit = re.sub("\*", "", bit)
C:/Users/Syf/Desktop/BS4/orbital-500/orbital-qemu/scripts/tracetool/__init__.py:205: SyntaxWarning: "\w" is an invalid escape sequence. Such sequences will not work in the future. Did you mean "\\w"? A raw string is also an option.
  _CRE = re.compile("((?P<props>[\w\s]+)\s+)?"
C:/Users/Syf/Desktop/BS4/orbital-500/orbital-qemu/scripts/tracetool/__init__.py:206: SyntaxWarning: "\w" is an invalid escape sequence. Such sequences will not work in the future. Did you mean "\\w"? A raw string is also an option.
  "(?P<name>\w+)"
C:/Users/Syf/Desktop/BS4/orbital-500/orbital-qemu/scripts/tracetool/__init__.py:207: SyntaxWarning: "\(" is an invalid escape sequence. Such sequences will not work in the future. Did you mean "\\("? A raw string is also an option.
  "\((?P<args>[^)]*)\)"
C:/Users/Syf/Desktop/BS4/orbital-500/orbital-qemu/scripts/tracetool/__init__.py:208: SyntaxWarning: "\s" is an invalid escape sequence. Such sequences will not work in the future. Did you mean "\\s"? A raw string is also an option.
  "\s*"
C:/Users/Syf/Desktop/BS4/orbital-500/orbital-qemu/scripts/tracetool/__init__.py:209: SyntaxWarning: "\s" is an invalid escape sequence. Such sequences will not work in the future. Did you mean "\\s"? A raw string is also an option.
  "(?:(?:(?P<fmt_trans>\".+),)?\s*(?P<fmt>\".+))?"
C:/Users/Syf/Desktop/BS4/orbital-500/orbital-qemu/scripts/tracetool/__init__.py:210: SyntaxWarning: "\s" is an invalid escape sequence. Such sequences will not work in the future. Did you mean "\\s"? A raw string is also an option.
  "\s*")
C:/Users/Syf/Desktop/BS4/orbital-500/orbital-qemu/scripts/tracetool/__init__.py:312: SyntaxWarning: "\d" is an invalid escape sequence. Such sequences will not work in the future. Did you mean "\\d"? A raw string is also an option.
  _FMT = re.compile("(%[\d\.]*\w+|%.*?PRI\S+)")
C:/Users/Syf/Desktop/BS4/orbital-500/orbital-qemu/scripts/tracetool/__init__.py:452: SyntaxWarning: "is" with 'int' literal. Did you mean "=="?
  if len(format) is 0:
C:/Users/Syf/Desktop/BS4/orbital-500/orbital-qemu/scripts/tracetool/__init__.py:457: SyntaxWarning: "is" with 'int' literal. Did you mean "=="?
  if len(backends) is 0:
  GEN     hw/display/trace.c
C:/Users/Syf/Desktop/BS4/orbital-500/orbital-qemu/scripts/tracetool/__init__.py:78: SyntaxWarning: "\*" is an invalid escape sequence. Such sequences will not work in the future. Did you mean "\\*"? A raw string is also an option.
  bit = re.sub("\*", "", bit)
C:/Users/Syf/Desktop/BS4/orbital-500/orbital-qemu/scripts/tracetool/__init__.py:205: SyntaxWarning: "\w" is an invalid escape sequence. Such sequences will not work in the future. Did you mean "\\w"? A raw string is also an option.
  _CRE = re.compile("((?P<props>[\w\s]+)\s+)?"
C:/Users/Syf/Desktop/BS4/orbital-500/orbital-qemu/scripts/tracetool/__init__.py:206: SyntaxWarning: "\w" is an invalid escape sequence. Such sequences will not work in the future. Did you mean "\\w"? A raw string is also an option.
  "(?P<name>\w+)"
C:/Users/Syf/Desktop/BS4/orbital-500/orbital-qemu/scripts/tracetool/__init__.py:207: SyntaxWarning: "\(" is an invalid escape sequence. Such sequences will not work in the future. Did you mean "\\("? A raw string is also an option.
  "\((?P<args>[^)]*)\)"
C:/Users/Syf/Desktop/BS4/orbital-500/orbital-qemu/scripts/tracetool/__init__.py:208: SyntaxWarning: "\s" is an invalid escape sequence. Such sequences will not work in the future. Did you mean "\\s"? A raw string is also an option.
  "\s*"
C:/Users/Syf/Desktop/BS4/orbital-500/orbital-qemu/scripts/tracetool/__init__.py:209: SyntaxWarning: "\s" is an invalid escape sequence. Such sequences will not work in the future. Did you mean "\\s"? A raw string is also an option.
  "(?:(?:(?P<fmt_trans>\".+),)?\s*(?P<fmt>\".+))?"
C:/Users/Syf/Desktop/BS4/orbital-500/orbital-qemu/scripts/tracetool/__init__.py:210: SyntaxWarning: "\s" is an invalid escape sequence. Such sequences will not work in the future. Did you mean "\\s"? A raw string is also an option.
  "\s*")
C:/Users/Syf/Desktop/BS4/orbital-500/orbital-qemu/scripts/tracetool/__init__.py:312: SyntaxWarning: "\d" is an invalid escape sequence. Such sequences will not work in the future. Did you mean "\\d"? A raw string is also an option.
  _FMT = re.compile("(%[\d\.]*\w+|%.*?PRI\S+)")
C:/Users/Syf/Desktop/BS4/orbital-500/orbital-qemu/scripts/tracetool/__init__.py:452: SyntaxWarning: "is" with 'int' literal. Did you mean "=="?
  if len(format) is 0:
C:/Users/Syf/Desktop/BS4/orbital-500/orbital-qemu/scripts/tracetool/__init__.py:457: SyntaxWarning: "is" with 'int' literal. Did you mean "=="?
  if len(backends) is 0:
  GEN     hw/input/trace.c
C:/Users/Syf/Desktop/BS4/orbital-500/orbital-qemu/scripts/tracetool/__init__.py:78: SyntaxWarning: "\*" is an invalid escape sequence. Such sequences will not work in the future. Did you mean "\\*"? A raw string is also an option.
  bit = re.sub("\*", "", bit)
C:/Users/Syf/Desktop/BS4/orbital-500/orbital-qemu/scripts/tracetool/__init__.py:205: SyntaxWarning: "\w" is an invalid escape sequence. Such sequences will not work in the future. Did you mean "\\w"? A raw string is also an option.
  _CRE = re.compile("((?P<props>[\w\s]+)\s+)?"
C:/Users/Syf/Desktop/BS4/orbital-500/orbital-qemu/scripts/tracetool/__init__.py:206: SyntaxWarning: "\w" is an invalid escape sequence. Such sequences will not work in the future. Did you mean "\\w"? A raw string is also an option.
  "(?P<name>\w+)"
C:/Users/Syf/Desktop/BS4/orbital-500/orbital-qemu/scripts/tracetool/__init__.py:207: SyntaxWarning: "\(" is an invalid escape sequence. Such sequences will not work in the future. Did you mean "\\("? A raw string is also an option.
  "\((?P<args>[^)]*)\)"
C:/Users/Syf/Desktop/BS4/orbital-500/orbital-qemu/scripts/tracetool/__init__.py:208: SyntaxWarning: "\s" is an invalid escape sequence. Such sequences will not work in the future. Did you mean "\\s"? A raw string is also an option.
  "\s*"
C:/Users/Syf/Desktop/BS4/orbital-500/orbital-qemu/scripts/tracetool/__init__.py:209: SyntaxWarning: "\s" is an invalid escape sequence. Such sequences will not work in the future. Did you mean "\\s"? A raw string is also an option.
  "(?:(?:(?P<fmt_trans>\".+),)?\s*(?P<fmt>\".+))?"
C:/Users/Syf/Desktop/BS4/orbital-500/orbital-qemu/scripts/tracetool/__init__.py:210: SyntaxWarning: "\s" is an invalid escape sequence. Such sequences will not work in the future. Did you mean "\\s"? A raw string is also an option.
  "\s*")
C:/Users/Syf/Desktop/BS4/orbital-500/orbital-qemu/scripts/tracetool/__init__.py:312: SyntaxWarning: "\d" is an invalid escape sequence. Such sequences will not work in the future. Did you mean "\\d"? A raw string is also an option.
  _FMT = re.compile("(%[\d\.]*\w+|%.*?PRI\S+)")
C:/Users/Syf/Desktop/BS4/orbital-500/orbital-qemu/scripts/tracetool/__init__.py:452: SyntaxWarning: "is" with 'int' literal. Did you mean "=="?
  if len(format) is 0:
C:/Users/Syf/Desktop/BS4/orbital-500/orbital-qemu/scripts/tracetool/__init__.py:457: SyntaxWarning: "is" with 'int' literal. Did you mean "=="?
  if len(backends) is 0:
  GEN     hw/timer/trace.c
C:/Users/Syf/Desktop/BS4/orbital-500/orbital-qemu/scripts/tracetool/__init__.py:78: SyntaxWarning: "\*" is an invalid escape sequence. Such sequences will not work in the future. Did you mean "\\*"? A raw string is also an option.
  bit = re.sub("\*", "", bit)
C:/Users/Syf/Desktop/BS4/orbital-500/orbital-qemu/scripts/tracetool/__init__.py:205: SyntaxWarning: "\w" is an invalid escape sequence. Such sequences will not work in the future. Did you mean "\\w"? A raw string is also an option.
  _CRE = re.compile("((?P<props>[\w\s]+)\s+)?"
C:/Users/Syf/Desktop/BS4/orbital-500/orbital-qemu/scripts/tracetool/__init__.py:206: SyntaxWarning: "\w" is an invalid escape sequence. Such sequences will not work in the future. Did you mean "\\w"? A raw string is also an option.
  "(?P<name>\w+)"
C:/Users/Syf/Desktop/BS4/orbital-500/orbital-qemu/scripts/tracetool/__init__.py:207: SyntaxWarning: "\(" is an invalid escape sequence. Such sequences will not work in the future. Did you mean "\\("? A raw string is also an option.
  "\((?P<args>[^)]*)\)"
C:/Users/Syf/Desktop/BS4/orbital-500/orbital-qemu/scripts/tracetool/__init__.py:208: SyntaxWarning: "\s" is an invalid escape sequence. Such sequences will not work in the future. Did you mean "\\s"? A raw string is also an option.
  "\s*"
C:/Users/Syf/Desktop/BS4/orbital-500/orbital-qemu/scripts/tracetool/__init__.py:209: SyntaxWarning: "\s" is an invalid escape sequence. Such sequences will not work in the future. Did you mean "\\s"? A raw string is also an option.
  "(?:(?:(?P<fmt_trans>\".+),)?\s*(?P<fmt>\".+))?"
C:/Users/Syf/Desktop/BS4/orbital-500/orbital-qemu/scripts/tracetool/__init__.py:210: SyntaxWarning: "\s" is an invalid escape sequence. Such sequences will not work in the future. Did you mean "\\s"? A raw string is also an option.
  "\s*")
C:/Users/Syf/Desktop/BS4/orbital-500/orbital-qemu/scripts/tracetool/__init__.py:312: SyntaxWarning: "\d" is an invalid escape sequence. Such sequences will not work in the future. Did you mean "\\d"? A raw string is also an option.
  _FMT = re.compile("(%[\d\.]*\w+|%.*?PRI\S+)")
C:/Users/Syf/Desktop/BS4/orbital-500/orbital-qemu/scripts/tracetool/__init__.py:452: SyntaxWarning: "is" with 'int' literal. Did you mean "=="?
  if len(format) is 0:
C:/Users/Syf/Desktop/BS4/orbital-500/orbital-qemu/scripts/tracetool/__init__.py:457: SyntaxWarning: "is" with 'int' literal. Did you mean "=="?
  if len(backends) is 0:
  GEN     hw/dma/trace.c
C:/Users/Syf/Desktop/BS4/orbital-500/orbital-qemu/scripts/tracetool/__init__.py:78: SyntaxWarning: "\*" is an invalid escape sequence. Such sequences will not work in the future. Did you mean "\\*"? A raw string is also an option.
  bit = re.sub("\*", "", bit)
C:/Users/Syf/Desktop/BS4/orbital-500/orbital-qemu/scripts/tracetool/__init__.py:205: SyntaxWarning: "\w" is an invalid escape sequence. Such sequences will not work in the future. Did you mean "\\w"? A raw string is also an option.
  _CRE = re.compile("((?P<props>[\w\s]+)\s+)?"
C:/Users/Syf/Desktop/BS4/orbital-500/orbital-qemu/scripts/tracetool/__init__.py:206: SyntaxWarning: "\w" is an invalid escape sequence. Such sequences will not work in the future. Did you mean "\\w"? A raw string is also an option.
  "(?P<name>\w+)"
C:/Users/Syf/Desktop/BS4/orbital-500/orbital-qemu/scripts/tracetool/__init__.py:207: SyntaxWarning: "\(" is an invalid escape sequence. Such sequences will not work in the future. Did you mean "\\("? A raw string is also an option.
  "\((?P<args>[^)]*)\)"
C:/Users/Syf/Desktop/BS4/orbital-500/orbital-qemu/scripts/tracetool/__init__.py:208: SyntaxWarning: "\s" is an invalid escape sequence. Such sequences will not work in the future. Did you mean "\\s"? A raw string is also an option.
  "\s*"
C:/Users/Syf/Desktop/BS4/orbital-500/orbital-qemu/scripts/tracetool/__init__.py:209: SyntaxWarning: "\s" is an invalid escape sequence. Such sequences will not work in the future. Did you mean "\\s"? A raw string is also an option.
  "(?:(?:(?P<fmt_trans>\".+),)?\s*(?P<fmt>\".+))?"
C:/Users/Syf/Desktop/BS4/orbital-500/orbital-qemu/scripts/tracetool/__init__.py:210: SyntaxWarning: "\s" is an invalid escape sequence. Such sequences will not work in the future. Did you mean "\\s"? A raw string is also an option.
  "\s*")
C:/Users/Syf/Desktop/BS4/orbital-500/orbital-qemu/scripts/tracetool/__init__.py:312: SyntaxWarning: "\d" is an invalid escape sequence. Such sequences will not work in the future. Did you mean "\\d"? A raw string is also an option.
  _FMT = re.compile("(%[\d\.]*\w+|%.*?PRI\S+)")
C:/Users/Syf/Desktop/BS4/orbital-500/orbital-qemu/scripts/tracetool/__init__.py:452: SyntaxWarning: "is" with 'int' literal. Did you mean "=="?
  if len(format) is 0:
C:/Users/Syf/Desktop/BS4/orbital-500/orbital-qemu/scripts/tracetool/__init__.py:457: SyntaxWarning: "is" with 'int' literal. Did you mean "=="?
  if len(backends) is 0:
  GEN     hw/sparc/trace.c
C:/Users/Syf/Desktop/BS4/orbital-500/orbital-qemu/scripts/tracetool/__init__.py:78: SyntaxWarning: "\*" is an invalid escape sequence. Such sequences will not work in the future. Did you mean "\\*"? A raw string is also an option.
  bit = re.sub("\*", "", bit)
C:/Users/Syf/Desktop/BS4/orbital-500/orbital-qemu/scripts/tracetool/__init__.py:205: SyntaxWarning: "\w" is an invalid escape sequence. Such sequences will not work in the future. Did you mean "\\w"? A raw string is also an option.
  _CRE = re.compile("((?P<props>[\w\s]+)\s+)?"
C:/Users/Syf/Desktop/BS4/orbital-500/orbital-qemu/scripts/tracetool/__init__.py:206: SyntaxWarning: "\w" is an invalid escape sequence. Such sequences will not work in the future. Did you mean "\\w"? A raw string is also an option.
  "(?P<name>\w+)"
C:/Users/Syf/Desktop/BS4/orbital-500/orbital-qemu/scripts/tracetool/__init__.py:207: SyntaxWarning: "\(" is an invalid escape sequence. Such sequences will not work in the future. Did you mean "\\("? A raw string is also an option.
  "\((?P<args>[^)]*)\)"
C:/Users/Syf/Desktop/BS4/orbital-500/orbital-qemu/scripts/tracetool/__init__.py:208: SyntaxWarning: "\s" is an invalid escape sequence. Such sequences will not work in the future. Did you mean "\\s"? A raw string is also an option.
  "\s*"
C:/Users/Syf/Desktop/BS4/orbital-500/orbital-qemu/scripts/tracetool/__init__.py:209: SyntaxWarning: "\s" is an invalid escape sequence. Such sequences will not work in the future. Did you mean "\\s"? A raw string is also an option.
  "(?:(?:(?P<fmt_trans>\".+),)?\s*(?P<fmt>\".+))?"
C:/Users/Syf/Desktop/BS4/orbital-500/orbital-qemu/scripts/tracetool/__init__.py:210: SyntaxWarning: "\s" is an invalid escape sequence. Such sequences will not work in the future. Did you mean "\\s"? A raw string is also an option.
  "\s*")
C:/Users/Syf/Desktop/BS4/orbital-500/orbital-qemu/scripts/tracetool/__init__.py:312: SyntaxWarning: "\d" is an invalid escape sequence. Such sequences will not work in the future. Did you mean "\\d"? A raw string is also an option.
  _FMT = re.compile("(%[\d\.]*\w+|%.*?PRI\S+)")
C:/Users/Syf/Desktop/BS4/orbital-500/orbital-qemu/scripts/tracetool/__init__.py:452: SyntaxWarning: "is" with 'int' literal. Did you mean "=="?
  if len(format) is 0:
C:/Users/Syf/Desktop/BS4/orbital-500/orbital-qemu/scripts/tracetool/__init__.py:457: SyntaxWarning: "is" with 'int' literal. Did you mean "=="?
  if len(backends) is 0:
  GEN     hw/sparc64/trace.c
C:/Users/Syf/Desktop/BS4/orbital-500/orbital-qemu/scripts/tracetool/__init__.py:78: SyntaxWarning: "\*" is an invalid escape sequence. Such sequences will not work in the future. Did you mean "\\*"? A raw string is also an option.
  bit = re.sub("\*", "", bit)
C:/Users/Syf/Desktop/BS4/orbital-500/orbital-qemu/scripts/tracetool/__init__.py:205: SyntaxWarning: "\w" is an invalid escape sequence. Such sequences will not work in the future. Did you mean "\\w"? A raw string is also an option.
  _CRE = re.compile("((?P<props>[\w\s]+)\s+)?"
C:/Users/Syf/Desktop/BS4/orbital-500/orbital-qemu/scripts/tracetool/__init__.py:206: SyntaxWarning: "\w" is an invalid escape sequence. Such sequences will not work in the future. Did you mean "\\w"? A raw string is also an option.
  "(?P<name>\w+)"
C:/Users/Syf/Desktop/BS4/orbital-500/orbital-qemu/scripts/tracetool/__init__.py:207: SyntaxWarning: "\(" is an invalid escape sequence. Such sequences will not work in the future. Did you mean "\\("? A raw string is also an option.
  "\((?P<args>[^)]*)\)"
C:/Users/Syf/Desktop/BS4/orbital-500/orbital-qemu/scripts/tracetool/__init__.py:208: SyntaxWarning: "\s" is an invalid escape sequence. Such sequences will not work in the future. Did you mean "\\s"? A raw string is also an option.
  "\s*"
C:/Users/Syf/Desktop/BS4/orbital-500/orbital-qemu/scripts/tracetool/__init__.py:209: SyntaxWarning: "\s" is an invalid escape sequence. Such sequences will not work in the future. Did you mean "\\s"? A raw string is also an option.
  "(?:(?:(?P<fmt_trans>\".+),)?\s*(?P<fmt>\".+))?"
C:/Users/Syf/Desktop/BS4/orbital-500/orbital-qemu/scripts/tracetool/__init__.py:210: SyntaxWarning: "\s" is an invalid escape sequence. Such sequences will not work in the future. Did you mean "\\s"? A raw string is also an option.
  "\s*")
C:/Users/Syf/Desktop/BS4/orbital-500/orbital-qemu/scripts/tracetool/__init__.py:312: SyntaxWarning: "\d" is an invalid escape sequence. Such sequences will not work in the future. Did you mean "\\d"? A raw string is also an option.
  _FMT = re.compile("(%[\d\.]*\w+|%.*?PRI\S+)")
C:/Users/Syf/Desktop/BS4/orbital-500/orbital-qemu/scripts/tracetool/__init__.py:452: SyntaxWarning: "is" with 'int' literal. Did you mean "=="?
  if len(format) is 0:
C:/Users/Syf/Desktop/BS4/orbital-500/orbital-qemu/scripts/tracetool/__init__.py:457: SyntaxWarning: "is" with 'int' literal. Did you mean "=="?
  if len(backends) is 0:
  GEN     hw/sd/trace.c
C:/Users/Syf/Desktop/BS4/orbital-500/orbital-qemu/scripts/tracetool/__init__.py:78: SyntaxWarning: "\*" is an invalid escape sequence. Such sequences will not work in the future. Did you mean "\\*"? A raw string is also an option.
  bit = re.sub("\*", "", bit)
C:/Users/Syf/Desktop/BS4/orbital-500/orbital-qemu/scripts/tracetool/__init__.py:205: SyntaxWarning: "\w" is an invalid escape sequence. Such sequences will not work in the future. Did you mean "\\w"? A raw string is also an option.
  _CRE = re.compile("((?P<props>[\w\s]+)\s+)?"
C:/Users/Syf/Desktop/BS4/orbital-500/orbital-qemu/scripts/tracetool/__init__.py:206: SyntaxWarning: "\w" is an invalid escape sequence. Such sequences will not work in the future. Did you mean "\\w"? A raw string is also an option.
  "(?P<name>\w+)"
C:/Users/Syf/Desktop/BS4/orbital-500/orbital-qemu/scripts/tracetool/__init__.py:207: SyntaxWarning: "\(" is an invalid escape sequence. Such sequences will not work in the future. Did you mean "\\("? A raw string is also an option.
  "\((?P<args>[^)]*)\)"
C:/Users/Syf/Desktop/BS4/orbital-500/orbital-qemu/scripts/tracetool/__init__.py:208: SyntaxWarning: "\s" is an invalid escape sequence. Such sequences will not work in the future. Did you mean "\\s"? A raw string is also an option.
  "\s*"
C:/Users/Syf/Desktop/BS4/orbital-500/orbital-qemu/scripts/tracetool/__init__.py:209: SyntaxWarning: "\s" is an invalid escape sequence. Such sequences will not work in the future. Did you mean "\\s"? A raw string is also an option.
  "(?:(?:(?P<fmt_trans>\".+),)?\s*(?P<fmt>\".+))?"
C:/Users/Syf/Desktop/BS4/orbital-500/orbital-qemu/scripts/tracetool/__init__.py:210: SyntaxWarning: "\s" is an invalid escape sequence. Such sequences will not work in the future. Did you mean "\\s"? A raw string is also an option.
  "\s*")
C:/Users/Syf/Desktop/BS4/orbital-500/orbital-qemu/scripts/tracetool/__init__.py:312: SyntaxWarning: "\d" is an invalid escape sequence. Such sequences will not work in the future. Did you mean "\\d"? A raw string is also an option.
  _FMT = re.compile("(%[\d\.]*\w+|%.*?PRI\S+)")
C:/Users/Syf/Desktop/BS4/orbital-500/orbital-qemu/scripts/tracetool/__init__.py:452: SyntaxWarning: "is" with 'int' literal. Did you mean "=="?
  if len(format) is 0:
C:/Users/Syf/Desktop/BS4/orbital-500/orbital-qemu/scripts/tracetool/__init__.py:457: SyntaxWarning: "is" with 'int' literal. Did you mean "=="?
  if len(backends) is 0:
  GEN     hw/isa/trace.c
C:/Users/Syf/Desktop/BS4/orbital-500/orbital-qemu/scripts/tracetool/__init__.py:78: SyntaxWarning: "\*" is an invalid escape sequence. Such sequences will not work in the future. Did you mean "\\*"? A raw string is also an option.
  bit = re.sub("\*", "", bit)
C:/Users/Syf/Desktop/BS4/orbital-500/orbital-qemu/scripts/tracetool/__init__.py:205: SyntaxWarning: "\w" is an invalid escape sequence. Such sequences will not work in the future. Did you mean "\\w"? A raw string is also an option.
  _CRE = re.compile("((?P<props>[\w\s]+)\s+)?"
C:/Users/Syf/Desktop/BS4/orbital-500/orbital-qemu/scripts/tracetool/__init__.py:206: SyntaxWarning: "\w" is an invalid escape sequence. Such sequences will not work in the future. Did you mean "\\w"? A raw string is also an option.
  "(?P<name>\w+)"
C:/Users/Syf/Desktop/BS4/orbital-500/orbital-qemu/scripts/tracetool/__init__.py:207: SyntaxWarning: "\(" is an invalid escape sequence. Such sequences will not work in the future. Did you mean "\\("? A raw string is also an option.
  "\((?P<args>[^)]*)\)"
C:/Users/Syf/Desktop/BS4/orbital-500/orbital-qemu/scripts/tracetool/__init__.py:208: SyntaxWarning: "\s" is an invalid escape sequence. Such sequences will not work in the future. Did you mean "\\s"? A raw string is also an option.
  "\s*"
C:/Users/Syf/Desktop/BS4/orbital-500/orbital-qemu/scripts/tracetool/__init__.py:209: SyntaxWarning: "\s" is an invalid escape sequence. Such sequences will not work in the future. Did you mean "\\s"? A raw string is also an option.
  "(?:(?:(?P<fmt_trans>\".+),)?\s*(?P<fmt>\".+))?"
C:/Users/Syf/Desktop/BS4/orbital-500/orbital-qemu/scripts/tracetool/__init__.py:210: SyntaxWarning: "\s" is an invalid escape sequence. Such sequences will not work in the future. Did you mean "\\s"? A raw string is also an option.
  "\s*")
C:/Users/Syf/Desktop/BS4/orbital-500/orbital-qemu/scripts/tracetool/__init__.py:312: SyntaxWarning: "\d" is an invalid escape sequence. Such sequences will not work in the future. Did you mean "\\d"? A raw string is also an option.
  _FMT = re.compile("(%[\d\.]*\w+|%.*?PRI\S+)")
C:/Users/Syf/Desktop/BS4/orbital-500/orbital-qemu/scripts/tracetool/__init__.py:452: SyntaxWarning: "is" with 'int' literal. Did you mean "=="?
  if len(format) is 0:
C:/Users/Syf/Desktop/BS4/orbital-500/orbital-qemu/scripts/tracetool/__init__.py:457: SyntaxWarning: "is" with 'int' literal. Did you mean "=="?
  if len(backends) is 0:
  GEN     hw/mem/trace.c
C:/Users/Syf/Desktop/BS4/orbital-500/orbital-qemu/scripts/tracetool/__init__.py:78: SyntaxWarning: "\*" is an invalid escape sequence. Such sequences will not work in the future. Did you mean "\\*"? A raw string is also an option.
  bit = re.sub("\*", "", bit)
C:/Users/Syf/Desktop/BS4/orbital-500/orbital-qemu/scripts/tracetool/__init__.py:205: SyntaxWarning: "\w" is an invalid escape sequence. Such sequences will not work in the future. Did you mean "\\w"? A raw string is also an option.
  _CRE = re.compile("((?P<props>[\w\s]+)\s+)?"
C:/Users/Syf/Desktop/BS4/orbital-500/orbital-qemu/scripts/tracetool/__init__.py:206: SyntaxWarning: "\w" is an invalid escape sequence. Such sequences will not work in the future. Did you mean "\\w"? A raw string is also an option.
  "(?P<name>\w+)"
C:/Users/Syf/Desktop/BS4/orbital-500/orbital-qemu/scripts/tracetool/__init__.py:207: SyntaxWarning: "\(" is an invalid escape sequence. Such sequences will not work in the future. Did you mean "\\("? A raw string is also an option.
  "\((?P<args>[^)]*)\)"
C:/Users/Syf/Desktop/BS4/orbital-500/orbital-qemu/scripts/tracetool/__init__.py:208: SyntaxWarning: "\s" is an invalid escape sequence. Such sequences will not work in the future. Did you mean "\\s"? A raw string is also an option.
  "\s*"
C:/Users/Syf/Desktop/BS4/orbital-500/orbital-qemu/scripts/tracetool/__init__.py:209: SyntaxWarning: "\s" is an invalid escape sequence. Such sequences will not work in the future. Did you mean "\\s"? A raw string is also an option.
  "(?:(?:(?P<fmt_trans>\".+),)?\s*(?P<fmt>\".+))?"
C:/Users/Syf/Desktop/BS4/orbital-500/orbital-qemu/scripts/tracetool/__init__.py:210: SyntaxWarning: "\s" is an invalid escape sequence. Such sequences will not work in the future. Did you mean "\\s"? A raw string is also an option.
  "\s*")
C:/Users/Syf/Desktop/BS4/orbital-500/orbital-qemu/scripts/tracetool/__init__.py:312: SyntaxWarning: "\d" is an invalid escape sequence. Such sequences will not work in the future. Did you mean "\\d"? A raw string is also an option.
  _FMT = re.compile("(%[\d\.]*\w+|%.*?PRI\S+)")
C:/Users/Syf/Desktop/BS4/orbital-500/orbital-qemu/scripts/tracetool/__init__.py:452: SyntaxWarning: "is" with 'int' literal. Did you mean "=="?
  if len(format) is 0:
C:/Users/Syf/Desktop/BS4/orbital-500/orbital-qemu/scripts/tracetool/__init__.py:457: SyntaxWarning: "is" with 'int' literal. Did you mean "=="?
  if len(backends) is 0:
  GEN     hw/i386/trace.c
C:/Users/Syf/Desktop/BS4/orbital-500/orbital-qemu/scripts/tracetool/__init__.py:78: SyntaxWarning: "\*" is an invalid escape sequence. Such sequences will not work in the future. Did you mean "\\*"? A raw string is also an option.
  bit = re.sub("\*", "", bit)
C:/Users/Syf/Desktop/BS4/orbital-500/orbital-qemu/scripts/tracetool/__init__.py:205: SyntaxWarning: "\w" is an invalid escape sequence. Such sequences will not work in the future. Did you mean "\\w"? A raw string is also an option.
  _CRE = re.compile("((?P<props>[\w\s]+)\s+)?"
C:/Users/Syf/Desktop/BS4/orbital-500/orbital-qemu/scripts/tracetool/__init__.py:206: SyntaxWarning: "\w" is an invalid escape sequence. Such sequences will not work in the future. Did you mean "\\w"? A raw string is also an option.
  "(?P<name>\w+)"
C:/Users/Syf/Desktop/BS4/orbital-500/orbital-qemu/scripts/tracetool/__init__.py:207: SyntaxWarning: "\(" is an invalid escape sequence. Such sequences will not work in the future. Did you mean "\\("? A raw string is also an option.
  "\((?P<args>[^)]*)\)"
C:/Users/Syf/Desktop/BS4/orbital-500/orbital-qemu/scripts/tracetool/__init__.py:208: SyntaxWarning: "\s" is an invalid escape sequence. Such sequences will not work in the future. Did you mean "\\s"? A raw string is also an option.
  "\s*"
C:/Users/Syf/Desktop/BS4/orbital-500/orbital-qemu/scripts/tracetool/__init__.py:209: SyntaxWarning: "\s" is an invalid escape sequence. Such sequences will not work in the future. Did you mean "\\s"? A raw string is also an option.
  "(?:(?:(?P<fmt_trans>\".+),)?\s*(?P<fmt>\".+))?"
C:/Users/Syf/Desktop/BS4/orbital-500/orbital-qemu/scripts/tracetool/__init__.py:210: SyntaxWarning: "\s" is an invalid escape sequence. Such sequences will not work in the future. Did you mean "\\s"? A raw string is also an option.
  "\s*")
C:/Users/Syf/Desktop/BS4/orbital-500/orbital-qemu/scripts/tracetool/__init__.py:312: SyntaxWarning: "\d" is an invalid escape sequence. Such sequences will not work in the future. Did you mean "\\d"? A raw string is also an option.
  _FMT = re.compile("(%[\d\.]*\w+|%.*?PRI\S+)")
C:/Users/Syf/Desktop/BS4/orbital-500/orbital-qemu/scripts/tracetool/__init__.py:452: SyntaxWarning: "is" with 'int' literal. Did you mean "=="?
  if len(format) is 0:
C:/Users/Syf/Desktop/BS4/orbital-500/orbital-qemu/scripts/tracetool/__init__.py:457: SyntaxWarning: "is" with 'int' literal. Did you mean "=="?
  if len(backends) is 0:
  GEN     hw/i386/xen/trace.c
C:/Users/Syf/Desktop/BS4/orbital-500/orbital-qemu/scripts/tracetool/__init__.py:78: SyntaxWarning: "\*" is an invalid escape sequence. Such sequences will not work in the future. Did you mean "\\*"? A raw string is also an option.
  bit = re.sub("\*", "", bit)
C:/Users/Syf/Desktop/BS4/orbital-500/orbital-qemu/scripts/tracetool/__init__.py:205: SyntaxWarning: "\w" is an invalid escape sequence. Such sequences will not work in the future. Did you mean "\\w"? A raw string is also an option.
  _CRE = re.compile("((?P<props>[\w\s]+)\s+)?"
C:/Users/Syf/Desktop/BS4/orbital-500/orbital-qemu/scripts/tracetool/__init__.py:206: SyntaxWarning: "\w" is an invalid escape sequence. Such sequences will not work in the future. Did you mean "\\w"? A raw string is also an option.
  "(?P<name>\w+)"
C:/Users/Syf/Desktop/BS4/orbital-500/orbital-qemu/scripts/tracetool/__init__.py:207: SyntaxWarning: "\(" is an invalid escape sequence. Such sequences will not work in the future. Did you mean "\\("? A raw string is also an option.
  "\((?P<args>[^)]*)\)"
C:/Users/Syf/Desktop/BS4/orbital-500/orbital-qemu/scripts/tracetool/__init__.py:208: SyntaxWarning: "\s" is an invalid escape sequence. Such sequences will not work in the future. Did you mean "\\s"? A raw string is also an option.
  "\s*"
C:/Users/Syf/Desktop/BS4/orbital-500/orbital-qemu/scripts/tracetool/__init__.py:209: SyntaxWarning: "\s" is an invalid escape sequence. Such sequences will not work in the future. Did you mean "\\s"? A raw string is also an option.
  "(?:(?:(?P<fmt_trans>\".+),)?\s*(?P<fmt>\".+))?"
C:/Users/Syf/Desktop/BS4/orbital-500/orbital-qemu/scripts/tracetool/__init__.py:210: SyntaxWarning: "\s" is an invalid escape sequence. Such sequences will not work in the future. Did you mean "\\s"? A raw string is also an option.
  "\s*")
C:/Users/Syf/Desktop/BS4/orbital-500/orbital-qemu/scripts/tracetool/__init__.py:312: SyntaxWarning: "\d" is an invalid escape sequence. Such sequences will not work in the future. Did you mean "\\d"? A raw string is also an option.
  _FMT = re.compile("(%[\d\.]*\w+|%.*?PRI\S+)")
C:/Users/Syf/Desktop/BS4/orbital-500/orbital-qemu/scripts/tracetool/__init__.py:452: SyntaxWarning: "is" with 'int' literal. Did you mean "=="?
  if len(format) is 0:
C:/Users/Syf/Desktop/BS4/orbital-500/orbital-qemu/scripts/tracetool/__init__.py:457: SyntaxWarning: "is" with 'int' literal. Did you mean "=="?
  if len(backends) is 0:
  GEN     hw/9pfs/trace.c
C:/Users/Syf/Desktop/BS4/orbital-500/orbital-qemu/scripts/tracetool/__init__.py:78: SyntaxWarning: "\*" is an invalid escape sequence. Such sequences will not work in the future. Did you mean "\\*"? A raw string is also an option.
  bit = re.sub("\*", "", bit)
C:/Users/Syf/Desktop/BS4/orbital-500/orbital-qemu/scripts/tracetool/__init__.py:205: SyntaxWarning: "\w" is an invalid escape sequence. Such sequences will not work in the future. Did you mean "\\w"? A raw string is also an option.
  _CRE = re.compile("((?P<props>[\w\s]+)\s+)?"
C:/Users/Syf/Desktop/BS4/orbital-500/orbital-qemu/scripts/tracetool/__init__.py:206: SyntaxWarning: "\w" is an invalid escape sequence. Such sequences will not work in the future. Did you mean "\\w"? A raw string is also an option.
  "(?P<name>\w+)"
C:/Users/Syf/Desktop/BS4/orbital-500/orbital-qemu/scripts/tracetool/__init__.py:207: SyntaxWarning: "\(" is an invalid escape sequence. Such sequences will not work in the future. Did you mean "\\("? A raw string is also an option.
  "\((?P<args>[^)]*)\)"
C:/Users/Syf/Desktop/BS4/orbital-500/orbital-qemu/scripts/tracetool/__init__.py:208: SyntaxWarning: "\s" is an invalid escape sequence. Such sequences will not work in the future. Did you mean "\\s"? A raw string is also an option.
  "\s*"
C:/Users/Syf/Desktop/BS4/orbital-500/orbital-qemu/scripts/tracetool/__init__.py:209: SyntaxWarning: "\s" is an invalid escape sequence. Such sequences will not work in the future. Did you mean "\\s"? A raw string is also an option.
  "(?:(?:(?P<fmt_trans>\".+),)?\s*(?P<fmt>\".+))?"
C:/Users/Syf/Desktop/BS4/orbital-500/orbital-qemu/scripts/tracetool/__init__.py:210: SyntaxWarning: "\s" is an invalid escape sequence. Such sequences will not work in the future. Did you mean "\\s"? A raw string is also an option.
  "\s*")
C:/Users/Syf/Desktop/BS4/orbital-500/orbital-qemu/scripts/tracetool/__init__.py:312: SyntaxWarning: "\d" is an invalid escape sequence. Such sequences will not work in the future. Did you mean "\\d"? A raw string is also an option.
  _FMT = re.compile("(%[\d\.]*\w+|%.*?PRI\S+)")
C:/Users/Syf/Desktop/BS4/orbital-500/orbital-qemu/scripts/tracetool/__init__.py:452: SyntaxWarning: "is" with 'int' literal. Did you mean "=="?
  if len(format) is 0:
C:/Users/Syf/Desktop/BS4/orbital-500/orbital-qemu/scripts/tracetool/__init__.py:457: SyntaxWarning: "is" with 'int' literal. Did you mean "=="?
  if len(backends) is 0:
  GEN     hw/ppc/trace.c
C:/Users/Syf/Desktop/BS4/orbital-500/orbital-qemu/scripts/tracetool/__init__.py:78: SyntaxWarning: "\*" is an invalid escape sequence. Such sequences will not work in the future. Did you mean "\\*"? A raw string is also an option.
  bit = re.sub("\*", "", bit)
C:/Users/Syf/Desktop/BS4/orbital-500/orbital-qemu/scripts/tracetool/__init__.py:205: SyntaxWarning: "\w" is an invalid escape sequence. Such sequences will not work in the future. Did you mean "\\w"? A raw string is also an option.
  _CRE = re.compile("((?P<props>[\w\s]+)\s+)?"
C:/Users/Syf/Desktop/BS4/orbital-500/orbital-qemu/scripts/tracetool/__init__.py:206: SyntaxWarning: "\w" is an invalid escape sequence. Such sequences will not work in the future. Did you mean "\\w"? A raw string is also an option.
  "(?P<name>\w+)"
C:/Users/Syf/Desktop/BS4/orbital-500/orbital-qemu/scripts/tracetool/__init__.py:207: SyntaxWarning: "\(" is an invalid escape sequence. Such sequences will not work in the future. Did you mean "\\("? A raw string is also an option.
  "\((?P<args>[^)]*)\)"
C:/Users/Syf/Desktop/BS4/orbital-500/orbital-qemu/scripts/tracetool/__init__.py:208: SyntaxWarning: "\s" is an invalid escape sequence. Such sequences will not work in the future. Did you mean "\\s"? A raw string is also an option.
  "\s*"
C:/Users/Syf/Desktop/BS4/orbital-500/orbital-qemu/scripts/tracetool/__init__.py:209: SyntaxWarning: "\s" is an invalid escape sequence. Such sequences will not work in the future. Did you mean "\\s"? A raw string is also an option.
  "(?:(?:(?P<fmt_trans>\".+),)?\s*(?P<fmt>\".+))?"
C:/Users/Syf/Desktop/BS4/orbital-500/orbital-qemu/scripts/tracetool/__init__.py:210: SyntaxWarning: "\s" is an invalid escape sequence. Such sequences will not work in the future. Did you mean "\\s"? A raw string is also an option.
  "\s*")
C:/Users/Syf/Desktop/BS4/orbital-500/orbital-qemu/scripts/tracetool/__init__.py:312: SyntaxWarning: "\d" is an invalid escape sequence. Such sequences will not work in the future. Did you mean "\\d"? A raw string is also an option.
  _FMT = re.compile("(%[\d\.]*\w+|%.*?PRI\S+)")
C:/Users/Syf/Desktop/BS4/orbital-500/orbital-qemu/scripts/tracetool/__init__.py:452: SyntaxWarning: "is" with 'int' literal. Did you mean "=="?
  if len(format) is 0:
C:/Users/Syf/Desktop/BS4/orbital-500/orbital-qemu/scripts/tracetool/__init__.py:457: SyntaxWarning: "is" with 'int' literal. Did you mean "=="?
  if len(backends) is 0:
  GEN     hw/pci/trace.c
C:/Users/Syf/Desktop/BS4/orbital-500/orbital-qemu/scripts/tracetool/__init__.py:78: SyntaxWarning: "\*" is an invalid escape sequence. Such sequences will not work in the future. Did you mean "\\*"? A raw string is also an option.
  bit = re.sub("\*", "", bit)
C:/Users/Syf/Desktop/BS4/orbital-500/orbital-qemu/scripts/tracetool/__init__.py:205: SyntaxWarning: "\w" is an invalid escape sequence. Such sequences will not work in the future. Did you mean "\\w"? A raw string is also an option.
  _CRE = re.compile("((?P<props>[\w\s]+)\s+)?"
C:/Users/Syf/Desktop/BS4/orbital-500/orbital-qemu/scripts/tracetool/__init__.py:206: SyntaxWarning: "\w" is an invalid escape sequence. Such sequences will not work in the future. Did you mean "\\w"? A raw string is also an option.
  "(?P<name>\w+)"
C:/Users/Syf/Desktop/BS4/orbital-500/orbital-qemu/scripts/tracetool/__init__.py:207: SyntaxWarning: "\(" is an invalid escape sequence. Such sequences will not work in the future. Did you mean "\\("? A raw string is also an option.
  "\((?P<args>[^)]*)\)"
C:/Users/Syf/Desktop/BS4/orbital-500/orbital-qemu/scripts/tracetool/__init__.py:208: SyntaxWarning: "\s" is an invalid escape sequence. Such sequences will not work in the future. Did you mean "\\s"? A raw string is also an option.
  "\s*"
C:/Users/Syf/Desktop/BS4/orbital-500/orbital-qemu/scripts/tracetool/__init__.py:209: SyntaxWarning: "\s" is an invalid escape sequence. Such sequences will not work in the future. Did you mean "\\s"? A raw string is also an option.
  "(?:(?:(?P<fmt_trans>\".+),)?\s*(?P<fmt>\".+))?"
C:/Users/Syf/Desktop/BS4/orbital-500/orbital-qemu/scripts/tracetool/__init__.py:210: SyntaxWarning: "\s" is an invalid escape sequence. Such sequences will not work in the future. Did you mean "\\s"? A raw string is also an option.
  "\s*")
C:/Users/Syf/Desktop/BS4/orbital-500/orbital-qemu/scripts/tracetool/__init__.py:312: SyntaxWarning: "\d" is an invalid escape sequence. Such sequences will not work in the future. Did you mean "\\d"? A raw string is also an option.
  _FMT = re.compile("(%[\d\.]*\w+|%.*?PRI\S+)")
C:/Users/Syf/Desktop/BS4/orbital-500/orbital-qemu/scripts/tracetool/__init__.py:452: SyntaxWarning: "is" with 'int' literal. Did you mean "=="?
  if len(format) is 0:
C:/Users/Syf/Desktop/BS4/orbital-500/orbital-qemu/scripts/tracetool/__init__.py:457: SyntaxWarning: "is" with 'int' literal. Did you mean "=="?
  if len(backends) is 0:
  GEN     hw/pci-host/trace.c
C:/Users/Syf/Desktop/BS4/orbital-500/orbital-qemu/scripts/tracetool/__init__.py:78: SyntaxWarning: "\*" is an invalid escape sequence. Such sequences will not work in the future. Did you mean "\\*"? A raw string is also an option.
  bit = re.sub("\*", "", bit)
C:/Users/Syf/Desktop/BS4/orbital-500/orbital-qemu/scripts/tracetool/__init__.py:205: SyntaxWarning: "\w" is an invalid escape sequence. Such sequences will not work in the future. Did you mean "\\w"? A raw string is also an option.
  _CRE = re.compile("((?P<props>[\w\s]+)\s+)?"
C:/Users/Syf/Desktop/BS4/orbital-500/orbital-qemu/scripts/tracetool/__init__.py:206: SyntaxWarning: "\w" is an invalid escape sequence. Such sequences will not work in the future. Did you mean "\\w"? A raw string is also an option.
  "(?P<name>\w+)"
C:/Users/Syf/Desktop/BS4/orbital-500/orbital-qemu/scripts/tracetool/__init__.py:207: SyntaxWarning: "\(" is an invalid escape sequence. Such sequences will not work in the future. Did you mean "\\("? A raw string is also an option.
  "\((?P<args>[^)]*)\)"
C:/Users/Syf/Desktop/BS4/orbital-500/orbital-qemu/scripts/tracetool/__init__.py:208: SyntaxWarning: "\s" is an invalid escape sequence. Such sequences will not work in the future. Did you mean "\\s"? A raw string is also an option.
  "\s*"
C:/Users/Syf/Desktop/BS4/orbital-500/orbital-qemu/scripts/tracetool/__init__.py:209: SyntaxWarning: "\s" is an invalid escape sequence. Such sequences will not work in the future. Did you mean "\\s"? A raw string is also an option.
  "(?:(?:(?P<fmt_trans>\".+),)?\s*(?P<fmt>\".+))?"
C:/Users/Syf/Desktop/BS4/orbital-500/orbital-qemu/scripts/tracetool/__init__.py:210: SyntaxWarning: "\s" is an invalid escape sequence. Such sequences will not work in the future. Did you mean "\\s"? A raw string is also an option.
  "\s*")
  GEN     hw/s390x/trace.c
C:/Users/Syf/Desktop/BS4/orbital-500/orbital-qemu/scripts/tracetool/__init__.py:312: SyntaxWarning: "\d" is an invalid escape sequence. Such sequences will not work in the future. Did you mean "\\d"? A raw string is also an option.
  _FMT = re.compile("(%[\d\.]*\w+|%.*?PRI\S+)")
C:/Users/Syf/Desktop/BS4/orbital-500/orbital-qemu/scripts/tracetool/__init__.py:452: SyntaxWarning: "is" with 'int' literal. Did you mean "=="?
  if len(format) is 0:
C:/Users/Syf/Desktop/BS4/orbital-500/orbital-qemu/scripts/tracetool/__init__.py:457: SyntaxWarning: "is" with 'int' literal. Did you mean "=="?
  if len(backends) is 0:
C:/Users/Syf/Desktop/BS4/orbital-500/orbital-qemu/scripts/tracetool/__init__.py:78: SyntaxWarning: "\*" is an invalid escape sequence. Such sequences will not work in the future. Did you mean "\\*"? A raw string is also an option.
  bit = re.sub("\*", "", bit)
C:/Users/Syf/Desktop/BS4/orbital-500/orbital-qemu/scripts/tracetool/__init__.py:205: SyntaxWarning: "\w" is an invalid escape sequence. Such sequences will not work in the future. Did you mean "\\w"? A raw string is also an option.
  _CRE = re.compile("((?P<props>[\w\s]+)\s+)?"
C:/Users/Syf/Desktop/BS4/orbital-500/orbital-qemu/scripts/tracetool/__init__.py:206: SyntaxWarning: "\w" is an invalid escape sequence. Such sequences will not work in the future. Did you mean "\\w"? A raw string is also an option.
  "(?P<name>\w+)"
C:/Users/Syf/Desktop/BS4/orbital-500/orbital-qemu/scripts/tracetool/__init__.py:207: SyntaxWarning: "\(" is an invalid escape sequence. Such sequences will not work in the future. Did you mean "\\("? A raw string is also an option.
  "\((?P<args>[^)]*)\)"
C:/Users/Syf/Desktop/BS4/orbital-500/orbital-qemu/scripts/tracetool/__init__.py:208: SyntaxWarning: "\s" is an invalid escape sequence. Such sequences will not work in the future. Did you mean "\\s"? A raw string is also an option.
  "\s*"
C:/Users/Syf/Desktop/BS4/orbital-500/orbital-qemu/scripts/tracetool/__init__.py:209: SyntaxWarning: "\s" is an invalid escape sequence. Such sequences will not work in the future. Did you mean "\\s"? A raw string is also an option.
  "(?:(?:(?P<fmt_trans>\".+),)?\s*(?P<fmt>\".+))?"
C:/Users/Syf/Desktop/BS4/orbital-500/orbital-qemu/scripts/tracetool/__init__.py:210: SyntaxWarning: "\s" is an invalid escape sequence. Such sequences will not work in the future. Did you mean "\\s"? A raw string is also an option.
  "\s*")
C:/Users/Syf/Desktop/BS4/orbital-500/orbital-qemu/scripts/tracetool/__init__.py:312: SyntaxWarning: "\d" is an invalid escape sequence. Such sequences will not work in the future. Did you mean "\\d"? A raw string is also an option.
  _FMT = re.compile("(%[\d\.]*\w+|%.*?PRI\S+)")
C:/Users/Syf/Desktop/BS4/orbital-500/orbital-qemu/scripts/tracetool/__init__.py:452: SyntaxWarning: "is" with 'int' literal. Did you mean "=="?
  if len(format) is 0:
C:/Users/Syf/Desktop/BS4/orbital-500/orbital-qemu/scripts/tracetool/__init__.py:457: SyntaxWarning: "is" with 'int' literal. Did you mean "=="?
  if len(backends) is 0:
  GEN     hw/vfio/trace.c
C:/Users/Syf/Desktop/BS4/orbital-500/orbital-qemu/scripts/tracetool/__init__.py:78: SyntaxWarning: "\*" is an invalid escape sequence. Such sequences will not work in the future. Did you mean "\\*"? A raw string is also an option.
  bit = re.sub("\*", "", bit)
C:/Users/Syf/Desktop/BS4/orbital-500/orbital-qemu/scripts/tracetool/__init__.py:205: SyntaxWarning: "\w" is an invalid escape sequence. Such sequences will not work in the future. Did you mean "\\w"? A raw string is also an option.
  _CRE = re.compile("((?P<props>[\w\s]+)\s+)?"
C:/Users/Syf/Desktop/BS4/orbital-500/orbital-qemu/scripts/tracetool/__init__.py:206: SyntaxWarning: "\w" is an invalid escape sequence. Such sequences will not work in the future. Did you mean "\\w"? A raw string is also an option.
  "(?P<name>\w+)"
C:/Users/Syf/Desktop/BS4/orbital-500/orbital-qemu/scripts/tracetool/__init__.py:207: SyntaxWarning: "\(" is an invalid escape sequence. Such sequences will not work in the future. Did you mean "\\("? A raw string is also an option.
  "\((?P<args>[^)]*)\)"
C:/Users/Syf/Desktop/BS4/orbital-500/orbital-qemu/scripts/tracetool/__init__.py:208: SyntaxWarning: "\s" is an invalid escape sequence. Such sequences will not work in the future. Did you mean "\\s"? A raw string is also an option.
  "\s*"
C:/Users/Syf/Desktop/BS4/orbital-500/orbital-qemu/scripts/tracetool/__init__.py:209: SyntaxWarning: "\s" is an invalid escape sequence. Such sequences will not work in the future. Did you mean "\\s"? A raw string is also an option.
  "(?:(?:(?P<fmt_trans>\".+),)?\s*(?P<fmt>\".+))?"
C:/Users/Syf/Desktop/BS4/orbital-500/orbital-qemu/scripts/tracetool/__init__.py:210: SyntaxWarning: "\s" is an invalid escape sequence. Such sequences will not work in the future. Did you mean "\\s"? A raw string is also an option.
  "\s*")
C:/Users/Syf/Desktop/BS4/orbital-500/orbital-qemu/scripts/tracetool/__init__.py:312: SyntaxWarning: "\d" is an invalid escape sequence. Such sequences will not work in the future. Did you mean "\\d"? A raw string is also an option.
  _FMT = re.compile("(%[\d\.]*\w+|%.*?PRI\S+)")
C:/Users/Syf/Desktop/BS4/orbital-500/orbital-qemu/scripts/tracetool/__init__.py:452: SyntaxWarning: "is" with 'int' literal. Did you mean "=="?
  if len(format) is 0:
C:/Users/Syf/Desktop/BS4/orbital-500/orbital-qemu/scripts/tracetool/__init__.py:457: SyntaxWarning: "is" with 'int' literal. Did you mean "=="?
  if len(backends) is 0:
  GEN     hw/acpi/trace.c
C:/Users/Syf/Desktop/BS4/orbital-500/orbital-qemu/scripts/tracetool/__init__.py:78: SyntaxWarning: "\*" is an invalid escape sequence. Such sequences will not work in the future. Did you mean "\\*"? A raw string is also an option.
  bit = re.sub("\*", "", bit)
C:/Users/Syf/Desktop/BS4/orbital-500/orbital-qemu/scripts/tracetool/__init__.py:205: SyntaxWarning: "\w" is an invalid escape sequence. Such sequences will not work in the future. Did you mean "\\w"? A raw string is also an option.
  _CRE = re.compile("((?P<props>[\w\s]+)\s+)?"
C:/Users/Syf/Desktop/BS4/orbital-500/orbital-qemu/scripts/tracetool/__init__.py:206: SyntaxWarning: "\w" is an invalid escape sequence. Such sequences will not work in the future. Did you mean "\\w"? A raw string is also an option.
  "(?P<name>\w+)"
C:/Users/Syf/Desktop/BS4/orbital-500/orbital-qemu/scripts/tracetool/__init__.py:207: SyntaxWarning: "\(" is an invalid escape sequence. Such sequences will not work in the future. Did you mean "\\("? A raw string is also an option.
  "\((?P<args>[^)]*)\)"
C:/Users/Syf/Desktop/BS4/orbital-500/orbital-qemu/scripts/tracetool/__init__.py:208: SyntaxWarning: "\s" is an invalid escape sequence. Such sequences will not work in the future. Did you mean "\\s"? A raw string is also an option.
  "\s*"
C:/Users/Syf/Desktop/BS4/orbital-500/orbital-qemu/scripts/tracetool/__init__.py:209: SyntaxWarning: "\s" is an invalid escape sequence. Such sequences will not work in the future. Did you mean "\\s"? A raw string is also an option.
  "(?:(?:(?P<fmt_trans>\".+),)?\s*(?P<fmt>\".+))?"
C:/Users/Syf/Desktop/BS4/orbital-500/orbital-qemu/scripts/tracetool/__init__.py:210: SyntaxWarning: "\s" is an invalid escape sequence. Such sequences will not work in the future. Did you mean "\\s"? A raw string is also an option.
  "\s*")
C:/Users/Syf/Desktop/BS4/orbital-500/orbital-qemu/scripts/tracetool/__init__.py:312: SyntaxWarning: "\d" is an invalid escape sequence. Such sequences will not work in the future. Did you mean "\\d"? A raw string is also an option.
  _FMT = re.compile("(%[\d\.]*\w+|%.*?PRI\S+)")
C:/Users/Syf/Desktop/BS4/orbital-500/orbital-qemu/scripts/tracetool/__init__.py:452: SyntaxWarning: "is" with 'int' literal. Did you mean "=="?
  if len(format) is 0:
C:/Users/Syf/Desktop/BS4/orbital-500/orbital-qemu/scripts/tracetool/__init__.py:457: SyntaxWarning: "is" with 'int' literal. Did you mean "=="?
  if len(backends) is 0:
  GEN     hw/arm/trace.c
C:/Users/Syf/Desktop/BS4/orbital-500/orbital-qemu/scripts/tracetool/__init__.py:78: SyntaxWarning: "\*" is an invalid escape sequence. Such sequences will not work in the future. Did you mean "\\*"? A raw string is also an option.
  bit = re.sub("\*", "", bit)
C:/Users/Syf/Desktop/BS4/orbital-500/orbital-qemu/scripts/tracetool/__init__.py:205: SyntaxWarning: "\w" is an invalid escape sequence. Such sequences will not work in the future. Did you mean "\\w"? A raw string is also an option.
  _CRE = re.compile("((?P<props>[\w\s]+)\s+)?"
C:/Users/Syf/Desktop/BS4/orbital-500/orbital-qemu/scripts/tracetool/__init__.py:206: SyntaxWarning: "\w" is an invalid escape sequence. Such sequences will not work in the future. Did you mean "\\w"? A raw string is also an option.
  "(?P<name>\w+)"
C:/Users/Syf/Desktop/BS4/orbital-500/orbital-qemu/scripts/tracetool/__init__.py:207: SyntaxWarning: "\(" is an invalid escape sequence. Such sequences will not work in the future. Did you mean "\\("? A raw string is also an option.
  "\((?P<args>[^)]*)\)"
C:/Users/Syf/Desktop/BS4/orbital-500/orbital-qemu/scripts/tracetool/__init__.py:208: SyntaxWarning: "\s" is an invalid escape sequence. Such sequences will not work in the future. Did you mean "\\s"? A raw string is also an option.
  "\s*"
C:/Users/Syf/Desktop/BS4/orbital-500/orbital-qemu/scripts/tracetool/__init__.py:209: SyntaxWarning: "\s" is an invalid escape sequence. Such sequences will not work in the future. Did you mean "\\s"? A raw string is also an option.
  "(?:(?:(?P<fmt_trans>\".+),)?\s*(?P<fmt>\".+))?"
C:/Users/Syf/Desktop/BS4/orbital-500/orbital-qemu/scripts/tracetool/__init__.py:210: SyntaxWarning: "\s" is an invalid escape sequence. Such sequences will not work in the future. Did you mean "\\s"? A raw string is also an option.
  "\s*")
C:/Users/Syf/Desktop/BS4/orbital-500/orbital-qemu/scripts/tracetool/__init__.py:312: SyntaxWarning: "\d" is an invalid escape sequence. Such sequences will not work in the future. Did you mean "\\d"? A raw string is also an option.
  _FMT = re.compile("(%[\d\.]*\w+|%.*?PRI\S+)")
C:/Users/Syf/Desktop/BS4/orbital-500/orbital-qemu/scripts/tracetool/__init__.py:452: SyntaxWarning: "is" with 'int' literal. Did you mean "=="?
  if len(format) is 0:
C:/Users/Syf/Desktop/BS4/orbital-500/orbital-qemu/scripts/tracetool/__init__.py:457: SyntaxWarning: "is" with 'int' literal. Did you mean "=="?
  if len(backends) is 0:
  GEN     hw/alpha/trace.c
C:/Users/Syf/Desktop/BS4/orbital-500/orbital-qemu/scripts/tracetool/__init__.py:78: SyntaxWarning: "\*" is an invalid escape sequence. Such sequences will not work in the future. Did you mean "\\*"? A raw string is also an option.
  bit = re.sub("\*", "", bit)
C:/Users/Syf/Desktop/BS4/orbital-500/orbital-qemu/scripts/tracetool/__init__.py:205: SyntaxWarning: "\w" is an invalid escape sequence. Such sequences will not work in the future. Did you mean "\\w"? A raw string is also an option.
  _CRE = re.compile("((?P<props>[\w\s]+)\s+)?"
C:/Users/Syf/Desktop/BS4/orbital-500/orbital-qemu/scripts/tracetool/__init__.py:206: SyntaxWarning: "\w" is an invalid escape sequence. Such sequences will not work in the future. Did you mean "\\w"? A raw string is also an option.
  "(?P<name>\w+)"
C:/Users/Syf/Desktop/BS4/orbital-500/orbital-qemu/scripts/tracetool/__init__.py:207: SyntaxWarning: "\(" is an invalid escape sequence. Such sequences will not work in the future. Did you mean "\\("? A raw string is also an option.
  "\((?P<args>[^)]*)\)"
C:/Users/Syf/Desktop/BS4/orbital-500/orbital-qemu/scripts/tracetool/__init__.py:208: SyntaxWarning: "\s" is an invalid escape sequence. Such sequences will not work in the future. Did you mean "\\s"? A raw string is also an option.
  "\s*"
C:/Users/Syf/Desktop/BS4/orbital-500/orbital-qemu/scripts/tracetool/__init__.py:209: SyntaxWarning: "\s" is an invalid escape sequence. Such sequences will not work in the future. Did you mean "\\s"? A raw string is also an option.
  "(?:(?:(?P<fmt_trans>\".+),)?\s*(?P<fmt>\".+))?"
C:/Users/Syf/Desktop/BS4/orbital-500/orbital-qemu/scripts/tracetool/__init__.py:210: SyntaxWarning: "\s" is an invalid escape sequence. Such sequences will not work in the future. Did you mean "\\s"? A raw string is also an option.
  "\s*")
C:/Users/Syf/Desktop/BS4/orbital-500/orbital-qemu/scripts/tracetool/__init__.py:312: SyntaxWarning: "\d" is an invalid escape sequence. Such sequences will not work in the future. Did you mean "\\d"? A raw string is also an option.
  _FMT = re.compile("(%[\d\.]*\w+|%.*?PRI\S+)")
C:/Users/Syf/Desktop/BS4/orbital-500/orbital-qemu/scripts/tracetool/__init__.py:452: SyntaxWarning: "is" with 'int' literal. Did you mean "=="?
  if len(format) is 0:
C:/Users/Syf/Desktop/BS4/orbital-500/orbital-qemu/scripts/tracetool/__init__.py:457: SyntaxWarning: "is" with 'int' literal. Did you mean "=="?
  if len(backends) is 0:
  GEN     hw/hppa/trace.c
C:/Users/Syf/Desktop/BS4/orbital-500/orbital-qemu/scripts/tracetool/__init__.py:78: SyntaxWarning: "\*" is an invalid escape sequence. Such sequences will not work in the future. Did you mean "\\*"? A raw string is also an option.
  bit = re.sub("\*", "", bit)
C:/Users/Syf/Desktop/BS4/orbital-500/orbital-qemu/scripts/tracetool/__init__.py:205: SyntaxWarning: "\w" is an invalid escape sequence. Such sequences will not work in the future. Did you mean "\\w"? A raw string is also an option.
  _CRE = re.compile("((?P<props>[\w\s]+)\s+)?"
C:/Users/Syf/Desktop/BS4/orbital-500/orbital-qemu/scripts/tracetool/__init__.py:206: SyntaxWarning: "\w" is an invalid escape sequence. Such sequences will not work in the future. Did you mean "\\w"? A raw string is also an option.
  "(?P<name>\w+)"
C:/Users/Syf/Desktop/BS4/orbital-500/orbital-qemu/scripts/tracetool/__init__.py:207: SyntaxWarning: "\(" is an invalid escape sequence. Such sequences will not work in the future. Did you mean "\\("? A raw string is also an option.
  "\((?P<args>[^)]*)\)"
C:/Users/Syf/Desktop/BS4/orbital-500/orbital-qemu/scripts/tracetool/__init__.py:208: SyntaxWarning: "\s" is an invalid escape sequence. Such sequences will not work in the future. Did you mean "\\s"? A raw string is also an option.
  "\s*"
C:/Users/Syf/Desktop/BS4/orbital-500/orbital-qemu/scripts/tracetool/__init__.py:209: SyntaxWarning: "\s" is an invalid escape sequence. Such sequences will not work in the future. Did you mean "\\s"? A raw string is also an option.
  "(?:(?:(?P<fmt_trans>\".+),)?\s*(?P<fmt>\".+))?"
C:/Users/Syf/Desktop/BS4/orbital-500/orbital-qemu/scripts/tracetool/__init__.py:210: SyntaxWarning: "\s" is an invalid escape sequence. Such sequences will not work in the future. Did you mean "\\s"? A raw string is also an option.
  "\s*")
C:/Users/Syf/Desktop/BS4/orbital-500/orbital-qemu/scripts/tracetool/__init__.py:312: SyntaxWarning: "\d" is an invalid escape sequence. Such sequences will not work in the future. Did you mean "\\d"? A raw string is also an option.
  _FMT = re.compile("(%[\d\.]*\w+|%.*?PRI\S+)")
C:/Users/Syf/Desktop/BS4/orbital-500/orbital-qemu/scripts/tracetool/__init__.py:452: SyntaxWarning: "is" with 'int' literal. Did you mean "=="?
  if len(format) is 0:
C:/Users/Syf/Desktop/BS4/orbital-500/orbital-qemu/scripts/tracetool/__init__.py:457: SyntaxWarning: "is" with 'int' literal. Did you mean "=="?
  if len(backends) is 0:
  GEN     hw/xen/trace.c
C:/Users/Syf/Desktop/BS4/orbital-500/orbital-qemu/scripts/tracetool/__init__.py:78: SyntaxWarning: "\*" is an invalid escape sequence. Such sequences will not work in the future. Did you mean "\\*"? A raw string is also an option.
  bit = re.sub("\*", "", bit)
C:/Users/Syf/Desktop/BS4/orbital-500/orbital-qemu/scripts/tracetool/__init__.py:205: SyntaxWarning: "\w" is an invalid escape sequence. Such sequences will not work in the future. Did you mean "\\w"? A raw string is also an option.
  _CRE = re.compile("((?P<props>[\w\s]+)\s+)?"
C:/Users/Syf/Desktop/BS4/orbital-500/orbital-qemu/scripts/tracetool/__init__.py:206: SyntaxWarning: "\w" is an invalid escape sequence. Such sequences will not work in the future. Did you mean "\\w"? A raw string is also an option.
  "(?P<name>\w+)"
C:/Users/Syf/Desktop/BS4/orbital-500/orbital-qemu/scripts/tracetool/__init__.py:207: SyntaxWarning: "\(" is an invalid escape sequence. Such sequences will not work in the future. Did you mean "\\("? A raw string is also an option.
  "\((?P<args>[^)]*)\)"
C:/Users/Syf/Desktop/BS4/orbital-500/orbital-qemu/scripts/tracetool/__init__.py:208: SyntaxWarning: "\s" is an invalid escape sequence. Such sequences will not work in the future. Did you mean "\\s"? A raw string is also an option.
  "\s*"
C:/Users/Syf/Desktop/BS4/orbital-500/orbital-qemu/scripts/tracetool/__init__.py:209: SyntaxWarning: "\s" is an invalid escape sequence. Such sequences will not work in the future. Did you mean "\\s"? A raw string is also an option.
  "(?:(?:(?P<fmt_trans>\".+),)?\s*(?P<fmt>\".+))?"
C:/Users/Syf/Desktop/BS4/orbital-500/orbital-qemu/scripts/tracetool/__init__.py:210: SyntaxWarning: "\s" is an invalid escape sequence. Such sequences will not work in the future. Did you mean "\\s"? A raw string is also an option.
  "\s*")
C:/Users/Syf/Desktop/BS4/orbital-500/orbital-qemu/scripts/tracetool/__init__.py:312: SyntaxWarning: "\d" is an invalid escape sequence. Such sequences will not work in the future. Did you mean "\\d"? A raw string is also an option.
  _FMT = re.compile("(%[\d\.]*\w+|%.*?PRI\S+)")
C:/Users/Syf/Desktop/BS4/orbital-500/orbital-qemu/scripts/tracetool/__init__.py:452: SyntaxWarning: "is" with 'int' literal. Did you mean "=="?
  if len(format) is 0:
C:/Users/Syf/Desktop/BS4/orbital-500/orbital-qemu/scripts/tracetool/__init__.py:457: SyntaxWarning: "is" with 'int' literal. Did you mean "=="?
  if len(backends) is 0:
  GEN     hw/ide/trace.c
C:/Users/Syf/Desktop/BS4/orbital-500/orbital-qemu/scripts/tracetool/__init__.py:78: SyntaxWarning: "\*" is an invalid escape sequence. Such sequences will not work in the future. Did you mean "\\*"? A raw string is also an option.
  bit = re.sub("\*", "", bit)
C:/Users/Syf/Desktop/BS4/orbital-500/orbital-qemu/scripts/tracetool/__init__.py:205: SyntaxWarning: "\w" is an invalid escape sequence. Such sequences will not work in the future. Did you mean "\\w"? A raw string is also an option.
  _CRE = re.compile("((?P<props>[\w\s]+)\s+)?"
C:/Users/Syf/Desktop/BS4/orbital-500/orbital-qemu/scripts/tracetool/__init__.py:206: SyntaxWarning: "\w" is an invalid escape sequence. Such sequences will not work in the future. Did you mean "\\w"? A raw string is also an option.
  "(?P<name>\w+)"
C:/Users/Syf/Desktop/BS4/orbital-500/orbital-qemu/scripts/tracetool/__init__.py:207: SyntaxWarning: "\(" is an invalid escape sequence. Such sequences will not work in the future. Did you mean "\\("? A raw string is also an option.
  "\((?P<args>[^)]*)\)"
C:/Users/Syf/Desktop/BS4/orbital-500/orbital-qemu/scripts/tracetool/__init__.py:208: SyntaxWarning: "\s" is an invalid escape sequence. Such sequences will not work in the future. Did you mean "\\s"? A raw string is also an option.
  "\s*"
C:/Users/Syf/Desktop/BS4/orbital-500/orbital-qemu/scripts/tracetool/__init__.py:209: SyntaxWarning: "\s" is an invalid escape sequence. Such sequences will not work in the future. Did you mean "\\s"? A raw string is also an option.
  "(?:(?:(?P<fmt_trans>\".+),)?\s*(?P<fmt>\".+))?"
C:/Users/Syf/Desktop/BS4/orbital-500/orbital-qemu/scripts/tracetool/__init__.py:210: SyntaxWarning: "\s" is an invalid escape sequence. Such sequences will not work in the future. Did you mean "\\s"? A raw string is also an option.
  "\s*")
C:/Users/Syf/Desktop/BS4/orbital-500/orbital-qemu/scripts/tracetool/__init__.py:312: SyntaxWarning: "\d" is an invalid escape sequence. Such sequences will not work in the future. Did you mean "\\d"? A raw string is also an option.
  _FMT = re.compile("(%[\d\.]*\w+|%.*?PRI\S+)")
C:/Users/Syf/Desktop/BS4/orbital-500/orbital-qemu/scripts/tracetool/__init__.py:452: SyntaxWarning: "is" with 'int' literal. Did you mean "=="?
  if len(format) is 0:
C:/Users/Syf/Desktop/BS4/orbital-500/orbital-qemu/scripts/tracetool/__init__.py:457: SyntaxWarning: "is" with 'int' literal. Did you mean "=="?
  if len(backends) is 0:
  GEN     hw/tpm/trace.c
  GEN     ui/trace.c
C:/Users/Syf/Desktop/BS4/orbital-500/orbital-qemu/scripts/tracetool/__init__.py:78: SyntaxWarning: "\*" is an invalid escape sequence. Such sequences will not work in the future. Did you mean "\\*"? A raw string is also an option.
  bit = re.sub("\*", "", bit)
C:/Users/Syf/Desktop/BS4/orbital-500/orbital-qemu/scripts/tracetool/__init__.py:205: SyntaxWarning: "\w" is an invalid escape sequence. Such sequences will not work in the future. Did you mean "\\w"? A raw string is also an option.
  _CRE = re.compile("((?P<props>[\w\s]+)\s+)?"
C:/Users/Syf/Desktop/BS4/orbital-500/orbital-qemu/scripts/tracetool/__init__.py:206: SyntaxWarning: "\w" is an invalid escape sequence. Such sequences will not work in the future. Did you mean "\\w"? A raw string is also an option.
  "(?P<name>\w+)"
C:/Users/Syf/Desktop/BS4/orbital-500/orbital-qemu/scripts/tracetool/__init__.py:207: SyntaxWarning: "\(" is an invalid escape sequence. Such sequences will not work in the future. Did you mean "\\("? A raw string is also an option.
  "\((?P<args>[^)]*)\)"
C:/Users/Syf/Desktop/BS4/orbital-500/orbital-qemu/scripts/tracetool/__init__.py:208: SyntaxWarning: "\s" is an invalid escape sequence. Such sequences will not work in the future. Did you mean "\\s"? A raw string is also an option.
  "\s*"
C:/Users/Syf/Desktop/BS4/orbital-500/orbital-qemu/scripts/tracetool/__init__.py:209: SyntaxWarning: "\s" is an invalid escape sequence. Such sequences will not work in the future. Did you mean "\\s"? A raw string is also an option.
  "(?:(?:(?P<fmt_trans>\".+),)?\s*(?P<fmt>\".+))?"
C:/Users/Syf/Desktop/BS4/orbital-500/orbital-qemu/scripts/tracetool/__init__.py:210: SyntaxWarning: "\s" is an invalid escape sequence. Such sequences will not work in the future. Did you mean "\\s"? A raw string is also an option.
  "\s*")
C:/Users/Syf/Desktop/BS4/orbital-500/orbital-qemu/scripts/tracetool/__init__.py:312: SyntaxWarning: "\d" is an invalid escape sequence. Such sequences will not work in the future. Did you mean "\\d"? A raw string is also an option.
  _FMT = re.compile("(%[\d\.]*\w+|%.*?PRI\S+)")
C:/Users/Syf/Desktop/BS4/orbital-500/orbital-qemu/scripts/tracetool/__init__.py:452: SyntaxWarning: "is" with 'int' literal. Did you mean "=="?
  if len(format) is 0:
C:/Users/Syf/Desktop/BS4/orbital-500/orbital-qemu/scripts/tracetool/__init__.py:457: SyntaxWarning: "is" with 'int' literal. Did you mean "=="?
  if len(backends) is 0:
C:/Users/Syf/Desktop/BS4/orbital-500/orbital-qemu/scripts/tracetool/__init__.py:78: SyntaxWarning: "\*" is an invalid escape sequence. Such sequences will not work in the future. Did you mean "\\*"? A raw string is also an option.
  bit = re.sub("\*", "", bit)
C:/Users/Syf/Desktop/BS4/orbital-500/orbital-qemu/scripts/tracetool/__init__.py:205: SyntaxWarning: "\w" is an invalid escape sequence. Such sequences will not work in the future. Did you mean "\\w"? A raw string is also an option.
  _CRE = re.compile("((?P<props>[\w\s]+)\s+)?"
C:/Users/Syf/Desktop/BS4/orbital-500/orbital-qemu/scripts/tracetool/__init__.py:206: SyntaxWarning: "\w" is an invalid escape sequence. Such sequences will not work in the future. Did you mean "\\w"? A raw string is also an option.
  "(?P<name>\w+)"
C:/Users/Syf/Desktop/BS4/orbital-500/orbital-qemu/scripts/tracetool/__init__.py:207: SyntaxWarning: "\(" is an invalid escape sequence. Such sequences will not work in the future. Did you mean "\\("? A raw string is also an option.
  "\((?P<args>[^)]*)\)"
C:/Users/Syf/Desktop/BS4/orbital-500/orbital-qemu/scripts/tracetool/__init__.py:208: SyntaxWarning: "\s" is an invalid escape sequence. Such sequences will not work in the future. Did you mean "\\s"? A raw string is also an option.
  "\s*"
C:/Users/Syf/Desktop/BS4/orbital-500/orbital-qemu/scripts/tracetool/__init__.py:209: SyntaxWarning: "\s" is an invalid escape sequence. Such sequences will not work in the future. Did you mean "\\s"? A raw string is also an option.
  "(?:(?:(?P<fmt_trans>\".+),)?\s*(?P<fmt>\".+))?"
C:/Users/Syf/Desktop/BS4/orbital-500/orbital-qemu/scripts/tracetool/__init__.py:210: SyntaxWarning: "\s" is an invalid escape sequence. Such sequences will not work in the future. Did you mean "\\s"? A raw string is also an option.
  "\s*")
C:/Users/Syf/Desktop/BS4/orbital-500/orbital-qemu/scripts/tracetool/__init__.py:312: SyntaxWarning: "\d" is an invalid escape sequence. Such sequences will not work in the future. Did you mean "\\d"? A raw string is also an option.
  _FMT = re.compile("(%[\d\.]*\w+|%.*?PRI\S+)")
C:/Users/Syf/Desktop/BS4/orbital-500/orbital-qemu/scripts/tracetool/__init__.py:452: SyntaxWarning: "is" with 'int' literal. Did you mean "=="?
  if len(format) is 0:
C:/Users/Syf/Desktop/BS4/orbital-500/orbital-qemu/scripts/tracetool/__init__.py:457: SyntaxWarning: "is" with 'int' literal. Did you mean "=="?
  if len(backends) is 0:
  GEN     audio/trace.c
C:/Users/Syf/Desktop/BS4/orbital-500/orbital-qemu/scripts/tracetool/__init__.py:78: SyntaxWarning: "\*" is an invalid escape sequence. Such sequences will not work in the future. Did you mean "\\*"? A raw string is also an option.
  bit = re.sub("\*", "", bit)
C:/Users/Syf/Desktop/BS4/orbital-500/orbital-qemu/scripts/tracetool/__init__.py:205: SyntaxWarning: "\w" is an invalid escape sequence. Such sequences will not work in the future. Did you mean "\\w"? A raw string is also an option.
  _CRE = re.compile("((?P<props>[\w\s]+)\s+)?"
C:/Users/Syf/Desktop/BS4/orbital-500/orbital-qemu/scripts/tracetool/__init__.py:206: SyntaxWarning: "\w" is an invalid escape sequence. Such sequences will not work in the future. Did you mean "\\w"? A raw string is also an option.
  "(?P<name>\w+)"
C:/Users/Syf/Desktop/BS4/orbital-500/orbital-qemu/scripts/tracetool/__init__.py:207: SyntaxWarning: "\(" is an invalid escape sequence. Such sequences will not work in the future. Did you mean "\\("? A raw string is also an option.
  "\((?P<args>[^)]*)\)"
C:/Users/Syf/Desktop/BS4/orbital-500/orbital-qemu/scripts/tracetool/__init__.py:208: SyntaxWarning: "\s" is an invalid escape sequence. Such sequences will not work in the future. Did you mean "\\s"? A raw string is also an option.
  "\s*"
C:/Users/Syf/Desktop/BS4/orbital-500/orbital-qemu/scripts/tracetool/__init__.py:209: SyntaxWarning: "\s" is an invalid escape sequence. Such sequences will not work in the future. Did you mean "\\s"? A raw string is also an option.
  "(?:(?:(?P<fmt_trans>\".+),)?\s*(?P<fmt>\".+))?"
C:/Users/Syf/Desktop/BS4/orbital-500/orbital-qemu/scripts/tracetool/__init__.py:210: SyntaxWarning: "\s" is an invalid escape sequence. Such sequences will not work in the future. Did you mean "\\s"? A raw string is also an option.
  "\s*")
C:/Users/Syf/Desktop/BS4/orbital-500/orbital-qemu/scripts/tracetool/__init__.py:312: SyntaxWarning: "\d" is an invalid escape sequence. Such sequences will not work in the future. Did you mean "\\d"? A raw string is also an option.
  _FMT = re.compile("(%[\d\.]*\w+|%.*?PRI\S+)")
C:/Users/Syf/Desktop/BS4/orbital-500/orbital-qemu/scripts/tracetool/__init__.py:452: SyntaxWarning: "is" with 'int' literal. Did you mean "=="?
  if len(format) is 0:
C:/Users/Syf/Desktop/BS4/orbital-500/orbital-qemu/scripts/tracetool/__init__.py:457: SyntaxWarning: "is" with 'int' literal. Did you mean "=="?
  if len(backends) is 0:
  GEN     net/trace.c
C:/Users/Syf/Desktop/BS4/orbital-500/orbital-qemu/scripts/tracetool/__init__.py:78: SyntaxWarning: "\*" is an invalid escape sequence. Such sequences will not work in the future. Did you mean "\\*"? A raw string is also an option.
  bit = re.sub("\*", "", bit)
C:/Users/Syf/Desktop/BS4/orbital-500/orbital-qemu/scripts/tracetool/__init__.py:205: SyntaxWarning: "\w" is an invalid escape sequence. Such sequences will not work in the future. Did you mean "\\w"? A raw string is also an option.
  _CRE = re.compile("((?P<props>[\w\s]+)\s+)?"
C:/Users/Syf/Desktop/BS4/orbital-500/orbital-qemu/scripts/tracetool/__init__.py:206: SyntaxWarning: "\w" is an invalid escape sequence. Such sequences will not work in the future. Did you mean "\\w"? A raw string is also an option.
  "(?P<name>\w+)"
C:/Users/Syf/Desktop/BS4/orbital-500/orbital-qemu/scripts/tracetool/__init__.py:207: SyntaxWarning: "\(" is an invalid escape sequence. Such sequences will not work in the future. Did you mean "\\("? A raw string is also an option.
  "\((?P<args>[^)]*)\)"
C:/Users/Syf/Desktop/BS4/orbital-500/orbital-qemu/scripts/tracetool/__init__.py:208: SyntaxWarning: "\s" is an invalid escape sequence. Such sequences will not work in the future. Did you mean "\\s"? A raw string is also an option.
  "\s*"
C:/Users/Syf/Desktop/BS4/orbital-500/orbital-qemu/scripts/tracetool/__init__.py:209: SyntaxWarning: "\s" is an invalid escape sequence. Such sequences will not work in the future. Did you mean "\\s"? A raw string is also an option.
  "(?:(?:(?P<fmt_trans>\".+),)?\s*(?P<fmt>\".+))?"
C:/Users/Syf/Desktop/BS4/orbital-500/orbital-qemu/scripts/tracetool/__init__.py:210: SyntaxWarning: "\s" is an invalid escape sequence. Such sequences will not work in the future. Did you mean "\\s"? A raw string is also an option.
  "\s*")
C:/Users/Syf/Desktop/BS4/orbital-500/orbital-qemu/scripts/tracetool/__init__.py:312: SyntaxWarning: "\d" is an invalid escape sequence. Such sequences will not work in the future. Did you mean "\\d"? A raw string is also an option.
  _FMT = re.compile("(%[\d\.]*\w+|%.*?PRI\S+)")
C:/Users/Syf/Desktop/BS4/orbital-500/orbital-qemu/scripts/tracetool/__init__.py:452: SyntaxWarning: "is" with 'int' literal. Did you mean "=="?
  if len(format) is 0:
C:/Users/Syf/Desktop/BS4/orbital-500/orbital-qemu/scripts/tracetool/__init__.py:457: SyntaxWarning: "is" with 'int' literal. Did you mean "=="?
  if len(backends) is 0:
  GEN     target/arm/trace.c
C:/Users/Syf/Desktop/BS4/orbital-500/orbital-qemu/scripts/tracetool/__init__.py:78: SyntaxWarning: "\*" is an invalid escape sequence. Such sequences will not work in the future. Did you mean "\\*"? A raw string is also an option.
  bit = re.sub("\*", "", bit)
C:/Users/Syf/Desktop/BS4/orbital-500/orbital-qemu/scripts/tracetool/__init__.py:205: SyntaxWarning: "\w" is an invalid escape sequence. Such sequences will not work in the future. Did you mean "\\w"? A raw string is also an option.
  _CRE = re.compile("((?P<props>[\w\s]+)\s+)?"
C:/Users/Syf/Desktop/BS4/orbital-500/orbital-qemu/scripts/tracetool/__init__.py:206: SyntaxWarning: "\w" is an invalid escape sequence. Such sequences will not work in the future. Did you mean "\\w"? A raw string is also an option.
  "(?P<name>\w+)"
C:/Users/Syf/Desktop/BS4/orbital-500/orbital-qemu/scripts/tracetool/__init__.py:207: SyntaxWarning: "\(" is an invalid escape sequence. Such sequences will not work in the future. Did you mean "\\("? A raw string is also an option.
  "\((?P<args>[^)]*)\)"
C:/Users/Syf/Desktop/BS4/orbital-500/orbital-qemu/scripts/tracetool/__init__.py:208: SyntaxWarning: "\s" is an invalid escape sequence. Such sequences will not work in the future. Did you mean "\\s"? A raw string is also an option.
  "\s*"
C:/Users/Syf/Desktop/BS4/orbital-500/orbital-qemu/scripts/tracetool/__init__.py:209: SyntaxWarning: "\s" is an invalid escape sequence. Such sequences will not work in the future. Did you mean "\\s"? A raw string is also an option.
  "(?:(?:(?P<fmt_trans>\".+),)?\s*(?P<fmt>\".+))?"
C:/Users/Syf/Desktop/BS4/orbital-500/orbital-qemu/scripts/tracetool/__init__.py:210: SyntaxWarning: "\s" is an invalid escape sequence. Such sequences will not work in the future. Did you mean "\\s"? A raw string is also an option.
  "\s*")
C:/Users/Syf/Desktop/BS4/orbital-500/orbital-qemu/scripts/tracetool/__init__.py:312: SyntaxWarning: "\d" is an invalid escape sequence. Such sequences will not work in the future. Did you mean "\\d"? A raw string is also an option.
  _FMT = re.compile("(%[\d\.]*\w+|%.*?PRI\S+)")
C:/Users/Syf/Desktop/BS4/orbital-500/orbital-qemu/scripts/tracetool/__init__.py:452: SyntaxWarning: "is" with 'int' literal. Did you mean "=="?
  if len(format) is 0:
C:/Users/Syf/Desktop/BS4/orbital-500/orbital-qemu/scripts/tracetool/__init__.py:457: SyntaxWarning: "is" with 'int' literal. Did you mean "=="?
  if len(backends) is 0:
  GEN     target/i386/trace.c
C:/Users/Syf/Desktop/BS4/orbital-500/orbital-qemu/scripts/tracetool/__init__.py:78: SyntaxWarning: "\*" is an invalid escape sequence. Such sequences will not work in the future. Did you mean "\\*"? A raw string is also an option.
  bit = re.sub("\*", "", bit)
C:/Users/Syf/Desktop/BS4/orbital-500/orbital-qemu/scripts/tracetool/__init__.py:205: SyntaxWarning: "\w" is an invalid escape sequence. Such sequences will not work in the future. Did you mean "\\w"? A raw string is also an option.
  _CRE = re.compile("((?P<props>[\w\s]+)\s+)?"
C:/Users/Syf/Desktop/BS4/orbital-500/orbital-qemu/scripts/tracetool/__init__.py:206: SyntaxWarning: "\w" is an invalid escape sequence. Such sequences will not work in the future. Did you mean "\\w"? A raw string is also an option.
  "(?P<name>\w+)"
C:/Users/Syf/Desktop/BS4/orbital-500/orbital-qemu/scripts/tracetool/__init__.py:207: SyntaxWarning: "\(" is an invalid escape sequence. Such sequences will not work in the future. Did you mean "\\("? A raw string is also an option.
  "\((?P<args>[^)]*)\)"
C:/Users/Syf/Desktop/BS4/orbital-500/orbital-qemu/scripts/tracetool/__init__.py:208: SyntaxWarning: "\s" is an invalid escape sequence. Such sequences will not work in the future. Did you mean "\\s"? A raw string is also an option.
  "\s*"
C:/Users/Syf/Desktop/BS4/orbital-500/orbital-qemu/scripts/tracetool/__init__.py:209: SyntaxWarning: "\s" is an invalid escape sequence. Such sequences will not work in the future. Did you mean "\\s"? A raw string is also an option.
  "(?:(?:(?P<fmt_trans>\".+),)?\s*(?P<fmt>\".+))?"
C:/Users/Syf/Desktop/BS4/orbital-500/orbital-qemu/scripts/tracetool/__init__.py:210: SyntaxWarning: "\s" is an invalid escape sequence. Such sequences will not work in the future. Did you mean "\\s"? A raw string is also an option.
  "\s*")
C:/Users/Syf/Desktop/BS4/orbital-500/orbital-qemu/scripts/tracetool/__init__.py:312: SyntaxWarning: "\d" is an invalid escape sequence. Such sequences will not work in the future. Did you mean "\\d"? A raw string is also an option.
  _FMT = re.compile("(%[\d\.]*\w+|%.*?PRI\S+)")
C:/Users/Syf/Desktop/BS4/orbital-500/orbital-qemu/scripts/tracetool/__init__.py:452: SyntaxWarning: "is" with 'int' literal. Did you mean "=="?
  if len(format) is 0:
C:/Users/Syf/Desktop/BS4/orbital-500/orbital-qemu/scripts/tracetool/__init__.py:457: SyntaxWarning: "is" with 'int' literal. Did you mean "=="?
  if len(backends) is 0:
  GEN     target/mips/trace.c
C:/Users/Syf/Desktop/BS4/orbital-500/orbital-qemu/scripts/tracetool/__init__.py:78: SyntaxWarning: "\*" is an invalid escape sequence. Such sequences will not work in the future. Did you mean "\\*"? A raw string is also an option.
  bit = re.sub("\*", "", bit)
C:/Users/Syf/Desktop/BS4/orbital-500/orbital-qemu/scripts/tracetool/__init__.py:205: SyntaxWarning: "\w" is an invalid escape sequence. Such sequences will not work in the future. Did you mean "\\w"? A raw string is also an option.
  _CRE = re.compile("((?P<props>[\w\s]+)\s+)?"
C:/Users/Syf/Desktop/BS4/orbital-500/orbital-qemu/scripts/tracetool/__init__.py:206: SyntaxWarning: "\w" is an invalid escape sequence. Such sequences will not work in the future. Did you mean "\\w"? A raw string is also an option.
  "(?P<name>\w+)"
C:/Users/Syf/Desktop/BS4/orbital-500/orbital-qemu/scripts/tracetool/__init__.py:207: SyntaxWarning: "\(" is an invalid escape sequence. Such sequences will not work in the future. Did you mean "\\("? A raw string is also an option.
  "\((?P<args>[^)]*)\)"
C:/Users/Syf/Desktop/BS4/orbital-500/orbital-qemu/scripts/tracetool/__init__.py:208: SyntaxWarning: "\s" is an invalid escape sequence. Such sequences will not work in the future. Did you mean "\\s"? A raw string is also an option.
  "\s*"
C:/Users/Syf/Desktop/BS4/orbital-500/orbital-qemu/scripts/tracetool/__init__.py:209: SyntaxWarning: "\s" is an invalid escape sequence. Such sequences will not work in the future. Did you mean "\\s"? A raw string is also an option.
  "(?:(?:(?P<fmt_trans>\".+),)?\s*(?P<fmt>\".+))?"
C:/Users/Syf/Desktop/BS4/orbital-500/orbital-qemu/scripts/tracetool/__init__.py:210: SyntaxWarning: "\s" is an invalid escape sequence. Such sequences will not work in the future. Did you mean "\\s"? A raw string is also an option.
  "\s*")
C:/Users/Syf/Desktop/BS4/orbital-500/orbital-qemu/scripts/tracetool/__init__.py:312: SyntaxWarning: "\d" is an invalid escape sequence. Such sequences will not work in the future. Did you mean "\\d"? A raw string is also an option.
  _FMT = re.compile("(%[\d\.]*\w+|%.*?PRI\S+)")
C:/Users/Syf/Desktop/BS4/orbital-500/orbital-qemu/scripts/tracetool/__init__.py:452: SyntaxWarning: "is" with 'int' literal. Did you mean "=="?
  if len(format) is 0:
C:/Users/Syf/Desktop/BS4/orbital-500/orbital-qemu/scripts/tracetool/__init__.py:457: SyntaxWarning: "is" with 'int' literal. Did you mean "=="?
  if len(backends) is 0:
  GEN     target/sparc/trace.c
C:/Users/Syf/Desktop/BS4/orbital-500/orbital-qemu/scripts/tracetool/__init__.py:78: SyntaxWarning: "\*" is an invalid escape sequence. Such sequences will not work in the future. Did you mean "\\*"? A raw string is also an option.
  bit = re.sub("\*", "", bit)
C:/Users/Syf/Desktop/BS4/orbital-500/orbital-qemu/scripts/tracetool/__init__.py:205: SyntaxWarning: "\w" is an invalid escape sequence. Such sequences will not work in the future. Did you mean "\\w"? A raw string is also an option.
  _CRE = re.compile("((?P<props>[\w\s]+)\s+)?"
C:/Users/Syf/Desktop/BS4/orbital-500/orbital-qemu/scripts/tracetool/__init__.py:206: SyntaxWarning: "\w" is an invalid escape sequence. Such sequences will not work in the future. Did you mean "\\w"? A raw string is also an option.
  "(?P<name>\w+)"
C:/Users/Syf/Desktop/BS4/orbital-500/orbital-qemu/scripts/tracetool/__init__.py:207: SyntaxWarning: "\(" is an invalid escape sequence. Such sequences will not work in the future. Did you mean "\\("? A raw string is also an option.
  "\((?P<args>[^)]*)\)"
C:/Users/Syf/Desktop/BS4/orbital-500/orbital-qemu/scripts/tracetool/__init__.py:208: SyntaxWarning: "\s" is an invalid escape sequence. Such sequences will not work in the future. Did you mean "\\s"? A raw string is also an option.
  "\s*"
C:/Users/Syf/Desktop/BS4/orbital-500/orbital-qemu/scripts/tracetool/__init__.py:209: SyntaxWarning: "\s" is an invalid escape sequence. Such sequences will not work in the future. Did you mean "\\s"? A raw string is also an option.
  "(?:(?:(?P<fmt_trans>\".+),)?\s*(?P<fmt>\".+))?"
C:/Users/Syf/Desktop/BS4/orbital-500/orbital-qemu/scripts/tracetool/__init__.py:210: SyntaxWarning: "\s" is an invalid escape sequence. Such sequences will not work in the future. Did you mean "\\s"? A raw string is also an option.
  "\s*")
C:/Users/Syf/Desktop/BS4/orbital-500/orbital-qemu/scripts/tracetool/__init__.py:312: SyntaxWarning: "\d" is an invalid escape sequence. Such sequences will not work in the future. Did you mean "\\d"? A raw string is also an option.
  _FMT = re.compile("(%[\d\.]*\w+|%.*?PRI\S+)")
C:/Users/Syf/Desktop/BS4/orbital-500/orbital-qemu/scripts/tracetool/__init__.py:452: SyntaxWarning: "is" with 'int' literal. Did you mean "=="?
  if len(format) is 0:
C:/Users/Syf/Desktop/BS4/orbital-500/orbital-qemu/scripts/tracetool/__init__.py:457: SyntaxWarning: "is" with 'int' literal. Did you mean "=="?
  if len(backends) is 0:
  GEN     target/s390x/trace.c
C:/Users/Syf/Desktop/BS4/orbital-500/orbital-qemu/scripts/tracetool/__init__.py:78: SyntaxWarning: "\*" is an invalid escape sequence. Such sequences will not work in the future. Did you mean "\\*"? A raw string is also an option.
  bit = re.sub("\*", "", bit)
C:/Users/Syf/Desktop/BS4/orbital-500/orbital-qemu/scripts/tracetool/__init__.py:205: SyntaxWarning: "\w" is an invalid escape sequence. Such sequences will not work in the future. Did you mean "\\w"? A raw string is also an option.
  _CRE = re.compile("((?P<props>[\w\s]+)\s+)?"
C:/Users/Syf/Desktop/BS4/orbital-500/orbital-qemu/scripts/tracetool/__init__.py:206: SyntaxWarning: "\w" is an invalid escape sequence. Such sequences will not work in the future. Did you mean "\\w"? A raw string is also an option.
  "(?P<name>\w+)"
C:/Users/Syf/Desktop/BS4/orbital-500/orbital-qemu/scripts/tracetool/__init__.py:207: SyntaxWarning: "\(" is an invalid escape sequence. Such sequences will not work in the future. Did you mean "\\("? A raw string is also an option.
  "\((?P<args>[^)]*)\)"
C:/Users/Syf/Desktop/BS4/orbital-500/orbital-qemu/scripts/tracetool/__init__.py:208: SyntaxWarning: "\s" is an invalid escape sequence. Such sequences will not work in the future. Did you mean "\\s"? A raw string is also an option.
  "\s*"
C:/Users/Syf/Desktop/BS4/orbital-500/orbital-qemu/scripts/tracetool/__init__.py:209: SyntaxWarning: "\s" is an invalid escape sequence. Such sequences will not work in the future. Did you mean "\\s"? A raw string is also an option.
  "(?:(?:(?P<fmt_trans>\".+),)?\s*(?P<fmt>\".+))?"
C:/Users/Syf/Desktop/BS4/orbital-500/orbital-qemu/scripts/tracetool/__init__.py:210: SyntaxWarning: "\s" is an invalid escape sequence. Such sequences will not work in the future. Did you mean "\\s"? A raw string is also an option.
  "\s*")
C:/Users/Syf/Desktop/BS4/orbital-500/orbital-qemu/scripts/tracetool/__init__.py:312: SyntaxWarning: "\d" is an invalid escape sequence. Such sequences will not work in the future. Did you mean "\\d"? A raw string is also an option.
  _FMT = re.compile("(%[\d\.]*\w+|%.*?PRI\S+)")
C:/Users/Syf/Desktop/BS4/orbital-500/orbital-qemu/scripts/tracetool/__init__.py:452: SyntaxWarning: "is" with 'int' literal. Did you mean "=="?
  if len(format) is 0:
C:/Users/Syf/Desktop/BS4/orbital-500/orbital-qemu/scripts/tracetool/__init__.py:457: SyntaxWarning: "is" with 'int' literal. Did you mean "=="?
  if len(backends) is 0:
  GEN     target/ppc/trace.c
C:/Users/Syf/Desktop/BS4/orbital-500/orbital-qemu/scripts/tracetool/__init__.py:78: SyntaxWarning: "\*" is an invalid escape sequence. Such sequences will not work in the future. Did you mean "\\*"? A raw string is also an option.
  bit = re.sub("\*", "", bit)
C:/Users/Syf/Desktop/BS4/orbital-500/orbital-qemu/scripts/tracetool/__init__.py:205: SyntaxWarning: "\w" is an invalid escape sequence. Such sequences will not work in the future. Did you mean "\\w"? A raw string is also an option.
  _CRE = re.compile("((?P<props>[\w\s]+)\s+)?"
C:/Users/Syf/Desktop/BS4/orbital-500/orbital-qemu/scripts/tracetool/__init__.py:206: SyntaxWarning: "\w" is an invalid escape sequence. Such sequences will not work in the future. Did you mean "\\w"? A raw string is also an option.
  "(?P<name>\w+)"
C:/Users/Syf/Desktop/BS4/orbital-500/orbital-qemu/scripts/tracetool/__init__.py:207: SyntaxWarning: "\(" is an invalid escape sequence. Such sequences will not work in the future. Did you mean "\\("? A raw string is also an option.
  "\((?P<args>[^)]*)\)"
C:/Users/Syf/Desktop/BS4/orbital-500/orbital-qemu/scripts/tracetool/__init__.py:208: SyntaxWarning: "\s" is an invalid escape sequence. Such sequences will not work in the future. Did you mean "\\s"? A raw string is also an option.
  "\s*"
C:/Users/Syf/Desktop/BS4/orbital-500/orbital-qemu/scripts/tracetool/__init__.py:209: SyntaxWarning: "\s" is an invalid escape sequence. Such sequences will not work in the future. Did you mean "\\s"? A raw string is also an option.
  "(?:(?:(?P<fmt_trans>\".+),)?\s*(?P<fmt>\".+))?"
C:/Users/Syf/Desktop/BS4/orbital-500/orbital-qemu/scripts/tracetool/__init__.py:210: SyntaxWarning: "\s" is an invalid escape sequence. Such sequences will not work in the future. Did you mean "\\s"? A raw string is also an option.
  "\s*")
C:/Users/Syf/Desktop/BS4/orbital-500/orbital-qemu/scripts/tracetool/__init__.py:312: SyntaxWarning: "\d" is an invalid escape sequence. Such sequences will not work in the future. Did you mean "\\d"? A raw string is also an option.
  _FMT = re.compile("(%[\d\.]*\w+|%.*?PRI\S+)")
C:/Users/Syf/Desktop/BS4/orbital-500/orbital-qemu/scripts/tracetool/__init__.py:452: SyntaxWarning: "is" with 'int' literal. Did you mean "=="?
  if len(format) is 0:
C:/Users/Syf/Desktop/BS4/orbital-500/orbital-qemu/scripts/tracetool/__init__.py:457: SyntaxWarning: "is" with 'int' literal. Did you mean "=="?
  if len(backends) is 0:
  GEN     qom/trace.c
C:/Users/Syf/Desktop/BS4/orbital-500/orbital-qemu/scripts/tracetool/__init__.py:78: SyntaxWarning: "\*" is an invalid escape sequence. Such sequences will not work in the future. Did you mean "\\*"? A raw string is also an option.
  bit = re.sub("\*", "", bit)
C:/Users/Syf/Desktop/BS4/orbital-500/orbital-qemu/scripts/tracetool/__init__.py:205: SyntaxWarning: "\w" is an invalid escape sequence. Such sequences will not work in the future. Did you mean "\\w"? A raw string is also an option.
  _CRE = re.compile("((?P<props>[\w\s]+)\s+)?"
C:/Users/Syf/Desktop/BS4/orbital-500/orbital-qemu/scripts/tracetool/__init__.py:206: SyntaxWarning: "\w" is an invalid escape sequence. Such sequences will not work in the future. Did you mean "\\w"? A raw string is also an option.
  "(?P<name>\w+)"
C:/Users/Syf/Desktop/BS4/orbital-500/orbital-qemu/scripts/tracetool/__init__.py:207: SyntaxWarning: "\(" is an invalid escape sequence. Such sequences will not work in the future. Did you mean "\\("? A raw string is also an option.
  "\((?P<args>[^)]*)\)"
C:/Users/Syf/Desktop/BS4/orbital-500/orbital-qemu/scripts/tracetool/__init__.py:208: SyntaxWarning: "\s" is an invalid escape sequence. Such sequences will not work in the future. Did you mean "\\s"? A raw string is also an option.
  "\s*"
C:/Users/Syf/Desktop/BS4/orbital-500/orbital-qemu/scripts/tracetool/__init__.py:209: SyntaxWarning: "\s" is an invalid escape sequence. Such sequences will not work in the future. Did you mean "\\s"? A raw string is also an option.
  "(?:(?:(?P<fmt_trans>\".+),)?\s*(?P<fmt>\".+))?"
C:/Users/Syf/Desktop/BS4/orbital-500/orbital-qemu/scripts/tracetool/__init__.py:210: SyntaxWarning: "\s" is an invalid escape sequence. Such sequences will not work in the future. Did you mean "\\s"? A raw string is also an option.
  "\s*")
C:/Users/Syf/Desktop/BS4/orbital-500/orbital-qemu/scripts/tracetool/__init__.py:312: SyntaxWarning: "\d" is an invalid escape sequence. Such sequences will not work in the future. Did you mean "\\d"? A raw string is also an option.
  _FMT = re.compile("(%[\d\.]*\w+|%.*?PRI\S+)")
C:/Users/Syf/Desktop/BS4/orbital-500/orbital-qemu/scripts/tracetool/__init__.py:452: SyntaxWarning: "is" with 'int' literal. Did you mean "=="?
  if len(format) is 0:
C:/Users/Syf/Desktop/BS4/orbital-500/orbital-qemu/scripts/tracetool/__init__.py:457: SyntaxWarning: "is" with 'int' literal. Did you mean "=="?
  if len(backends) is 0:
  GEN     linux-user/trace.c
C:/Users/Syf/Desktop/BS4/orbital-500/orbital-qemu/scripts/tracetool/__init__.py:78: SyntaxWarning: "\*" is an invalid escape sequence. Such sequences will not work in the future. Did you mean "\\*"? A raw string is also an option.
  bit = re.sub("\*", "", bit)
C:/Users/Syf/Desktop/BS4/orbital-500/orbital-qemu/scripts/tracetool/__init__.py:205: SyntaxWarning: "\w" is an invalid escape sequence. Such sequences will not work in the future. Did you mean "\\w"? A raw string is also an option.
  _CRE = re.compile("((?P<props>[\w\s]+)\s+)?"
C:/Users/Syf/Desktop/BS4/orbital-500/orbital-qemu/scripts/tracetool/__init__.py:206: SyntaxWarning: "\w" is an invalid escape sequence. Such sequences will not work in the future. Did you mean "\\w"? A raw string is also an option.
  "(?P<name>\w+)"
C:/Users/Syf/Desktop/BS4/orbital-500/orbital-qemu/scripts/tracetool/__init__.py:207: SyntaxWarning: "\(" is an invalid escape sequence. Such sequences will not work in the future. Did you mean "\\("? A raw string is also an option.
  "\((?P<args>[^)]*)\)"
C:/Users/Syf/Desktop/BS4/orbital-500/orbital-qemu/scripts/tracetool/__init__.py:208: SyntaxWarning: "\s" is an invalid escape sequence. Such sequences will not work in the future. Did you mean "\\s"? A raw string is also an option.
  "\s*"
C:/Users/Syf/Desktop/BS4/orbital-500/orbital-qemu/scripts/tracetool/__init__.py:209: SyntaxWarning: "\s" is an invalid escape sequence. Such sequences will not work in the future. Did you mean "\\s"? A raw string is also an option.
  "(?:(?:(?P<fmt_trans>\".+),)?\s*(?P<fmt>\".+))?"
C:/Users/Syf/Desktop/BS4/orbital-500/orbital-qemu/scripts/tracetool/__init__.py:210: SyntaxWarning: "\s" is an invalid escape sequence. Such sequences will not work in the future. Did you mean "\\s"? A raw string is also an option.
  "\s*")
C:/Users/Syf/Desktop/BS4/orbital-500/orbital-qemu/scripts/tracetool/__init__.py:312: SyntaxWarning: "\d" is an invalid escape sequence. Such sequences will not work in the future. Did you mean "\\d"? A raw string is also an option.
  _FMT = re.compile("(%[\d\.]*\w+|%.*?PRI\S+)")
C:/Users/Syf/Desktop/BS4/orbital-500/orbital-qemu/scripts/tracetool/__init__.py:452: SyntaxWarning: "is" with 'int' literal. Did you mean "=="?
  if len(format) is 0:
C:/Users/Syf/Desktop/BS4/orbital-500/orbital-qemu/scripts/tracetool/__init__.py:457: SyntaxWarning: "is" with 'int' literal. Did you mean "=="?
  if len(backends) is 0:
  GEN     qapi/trace.c
C:/Users/Syf/Desktop/BS4/orbital-500/orbital-qemu/scripts/tracetool/__init__.py:78: SyntaxWarning: "\*" is an invalid escape sequence. Such sequences will not work in the future. Did you mean "\\*"? A raw string is also an option.
  bit = re.sub("\*", "", bit)
C:/Users/Syf/Desktop/BS4/orbital-500/orbital-qemu/scripts/tracetool/__init__.py:205: SyntaxWarning: "\w" is an invalid escape sequence. Such sequences will not work in the future. Did you mean "\\w"? A raw string is also an option.
  _CRE = re.compile("((?P<props>[\w\s]+)\s+)?"
C:/Users/Syf/Desktop/BS4/orbital-500/orbital-qemu/scripts/tracetool/__init__.py:206: SyntaxWarning: "\w" is an invalid escape sequence. Such sequences will not work in the future. Did you mean "\\w"? A raw string is also an option.
  "(?P<name>\w+)"
C:/Users/Syf/Desktop/BS4/orbital-500/orbital-qemu/scripts/tracetool/__init__.py:207: SyntaxWarning: "\(" is an invalid escape sequence. Such sequences will not work in the future. Did you mean "\\("? A raw string is also an option.
  "\((?P<args>[^)]*)\)"
C:/Users/Syf/Desktop/BS4/orbital-500/orbital-qemu/scripts/tracetool/__init__.py:208: SyntaxWarning: "\s" is an invalid escape sequence. Such sequences will not work in the future. Did you mean "\\s"? A raw string is also an option.
  "\s*"
C:/Users/Syf/Desktop/BS4/orbital-500/orbital-qemu/scripts/tracetool/__init__.py:209: SyntaxWarning: "\s" is an invalid escape sequence. Such sequences will not work in the future. Did you mean "\\s"? A raw string is also an option.
  "(?:(?:(?P<fmt_trans>\".+),)?\s*(?P<fmt>\".+))?"
C:/Users/Syf/Desktop/BS4/orbital-500/orbital-qemu/scripts/tracetool/__init__.py:210: SyntaxWarning: "\s" is an invalid escape sequence. Such sequences will not work in the future. Did you mean "\\s"? A raw string is also an option.
  "\s*")
C:/Users/Syf/Desktop/BS4/orbital-500/orbital-qemu/scripts/tracetool/__init__.py:312: SyntaxWarning: "\d" is an invalid escape sequence. Such sequences will not work in the future. Did you mean "\\d"? A raw string is also an option.
  _FMT = re.compile("(%[\d\.]*\w+|%.*?PRI\S+)")
C:/Users/Syf/Desktop/BS4/orbital-500/orbital-qemu/scripts/tracetool/__init__.py:452: SyntaxWarning: "is" with 'int' literal. Did you mean "=="?
  if len(format) is 0:
C:/Users/Syf/Desktop/BS4/orbital-500/orbital-qemu/scripts/tracetool/__init__.py:457: SyntaxWarning: "is" with 'int' literal. Did you mean "=="?
  if len(backends) is 0:
  GEN     accel/tcg/trace.c
C:/Users/Syf/Desktop/BS4/orbital-500/orbital-qemu/scripts/tracetool/__init__.py:78: SyntaxWarning: "\*" is an invalid escape sequence. Such sequences will not work in the future. Did you mean "\\*"? A raw string is also an option.
  bit = re.sub("\*", "", bit)
C:/Users/Syf/Desktop/BS4/orbital-500/orbital-qemu/scripts/tracetool/__init__.py:205: SyntaxWarning: "\w" is an invalid escape sequence. Such sequences will not work in the future. Did you mean "\\w"? A raw string is also an option.
  _CRE = re.compile("((?P<props>[\w\s]+)\s+)?"
C:/Users/Syf/Desktop/BS4/orbital-500/orbital-qemu/scripts/tracetool/__init__.py:206: SyntaxWarning: "\w" is an invalid escape sequence. Such sequences will not work in the future. Did you mean "\\w"? A raw string is also an option.
  "(?P<name>\w+)"
C:/Users/Syf/Desktop/BS4/orbital-500/orbital-qemu/scripts/tracetool/__init__.py:207: SyntaxWarning: "\(" is an invalid escape sequence. Such sequences will not work in the future. Did you mean "\\("? A raw string is also an option.
  "\((?P<args>[^)]*)\)"
C:/Users/Syf/Desktop/BS4/orbital-500/orbital-qemu/scripts/tracetool/__init__.py:208: SyntaxWarning: "\s" is an invalid escape sequence. Such sequences will not work in the future. Did you mean "\\s"? A raw string is also an option.
  "\s*"
C:/Users/Syf/Desktop/BS4/orbital-500/orbital-qemu/scripts/tracetool/__init__.py:209: SyntaxWarning: "\s" is an invalid escape sequence. Such sequences will not work in the future. Did you mean "\\s"? A raw string is also an option.
  "(?:(?:(?P<fmt_trans>\".+),)?\s*(?P<fmt>\".+))?"
C:/Users/Syf/Desktop/BS4/orbital-500/orbital-qemu/scripts/tracetool/__init__.py:210: SyntaxWarning: "\s" is an invalid escape sequence. Such sequences will not work in the future. Did you mean "\\s"? A raw string is also an option.
  "\s*")
C:/Users/Syf/Desktop/BS4/orbital-500/orbital-qemu/scripts/tracetool/__init__.py:312: SyntaxWarning: "\d" is an invalid escape sequence. Such sequences will not work in the future. Did you mean "\\d"? A raw string is also an option.
  _FMT = re.compile("(%[\d\.]*\w+|%.*?PRI\S+)")
C:/Users/Syf/Desktop/BS4/orbital-500/orbital-qemu/scripts/tracetool/__init__.py:452: SyntaxWarning: "is" with 'int' literal. Did you mean "=="?
  if len(format) is 0:
C:/Users/Syf/Desktop/BS4/orbital-500/orbital-qemu/scripts/tracetool/__init__.py:457: SyntaxWarning: "is" with 'int' literal. Did you mean "=="?
  if len(backends) is 0:
  GEN     accel/kvm/trace.c
C:/Users/Syf/Desktop/BS4/orbital-500/orbital-qemu/scripts/tracetool/__init__.py:78: SyntaxWarning: "\*" is an invalid escape sequence. Such sequences will not work in the future. Did you mean "\\*"? A raw string is also an option.
  bit = re.sub("\*", "", bit)
C:/Users/Syf/Desktop/BS4/orbital-500/orbital-qemu/scripts/tracetool/__init__.py:205: SyntaxWarning: "\w" is an invalid escape sequence. Such sequences will not work in the future. Did you mean "\\w"? A raw string is also an option.
  _CRE = re.compile("((?P<props>[\w\s]+)\s+)?"
C:/Users/Syf/Desktop/BS4/orbital-500/orbital-qemu/scripts/tracetool/__init__.py:206: SyntaxWarning: "\w" is an invalid escape sequence. Such sequences will not work in the future. Did you mean "\\w"? A raw string is also an option.
  "(?P<name>\w+)"
C:/Users/Syf/Desktop/BS4/orbital-500/orbital-qemu/scripts/tracetool/__init__.py:207: SyntaxWarning: "\(" is an invalid escape sequence. Such sequences will not work in the future. Did you mean "\\("? A raw string is also an option.
  "\((?P<args>[^)]*)\)"
C:/Users/Syf/Desktop/BS4/orbital-500/orbital-qemu/scripts/tracetool/__init__.py:208: SyntaxWarning: "\s" is an invalid escape sequence. Such sequences will not work in the future. Did you mean "\\s"? A raw string is also an option.
  "\s*"
C:/Users/Syf/Desktop/BS4/orbital-500/orbital-qemu/scripts/tracetool/__init__.py:209: SyntaxWarning: "\s" is an invalid escape sequence. Such sequences will not work in the future. Did you mean "\\s"? A raw string is also an option.
  "(?:(?:(?P<fmt_trans>\".+),)?\s*(?P<fmt>\".+))?"
C:/Users/Syf/Desktop/BS4/orbital-500/orbital-qemu/scripts/tracetool/__init__.py:210: SyntaxWarning: "\s" is an invalid escape sequence. Such sequences will not work in the future. Did you mean "\\s"? A raw string is also an option.
  "\s*")
C:/Users/Syf/Desktop/BS4/orbital-500/orbital-qemu/scripts/tracetool/__init__.py:312: SyntaxWarning: "\d" is an invalid escape sequence. Such sequences will not work in the future. Did you mean "\\d"? A raw string is also an option.
  _FMT = re.compile("(%[\d\.]*\w+|%.*?PRI\S+)")
C:/Users/Syf/Desktop/BS4/orbital-500/orbital-qemu/scripts/tracetool/__init__.py:452: SyntaxWarning: "is" with 'int' literal. Did you mean "=="?
  if len(format) is 0:
C:/Users/Syf/Desktop/BS4/orbital-500/orbital-qemu/scripts/tracetool/__init__.py:457: SyntaxWarning: "is" with 'int' literal. Did you mean "=="?
  if len(backends) is 0:
  GEN     nbd/trace.c
C:/Users/Syf/Desktop/BS4/orbital-500/orbital-qemu/scripts/tracetool/__init__.py:78: SyntaxWarning: "\*" is an invalid escape sequence. Such sequences will not work in the future. Did you mean "\\*"? A raw string is also an option.
  bit = re.sub("\*", "", bit)
C:/Users/Syf/Desktop/BS4/orbital-500/orbital-qemu/scripts/tracetool/__init__.py:205: SyntaxWarning: "\w" is an invalid escape sequence. Such sequences will not work in the future. Did you mean "\\w"? A raw string is also an option.
  _CRE = re.compile("((?P<props>[\w\s]+)\s+)?"
C:/Users/Syf/Desktop/BS4/orbital-500/orbital-qemu/scripts/tracetool/__init__.py:206: SyntaxWarning: "\w" is an invalid escape sequence. Such sequences will not work in the future. Did you mean "\\w"? A raw string is also an option.
  "(?P<name>\w+)"
C:/Users/Syf/Desktop/BS4/orbital-500/orbital-qemu/scripts/tracetool/__init__.py:207: SyntaxWarning: "\(" is an invalid escape sequence. Such sequences will not work in the future. Did you mean "\\("? A raw string is also an option.
  "\((?P<args>[^)]*)\)"
C:/Users/Syf/Desktop/BS4/orbital-500/orbital-qemu/scripts/tracetool/__init__.py:208: SyntaxWarning: "\s" is an invalid escape sequence. Such sequences will not work in the future. Did you mean "\\s"? A raw string is also an option.
  "\s*"
C:/Users/Syf/Desktop/BS4/orbital-500/orbital-qemu/scripts/tracetool/__init__.py:209: SyntaxWarning: "\s" is an invalid escape sequence. Such sequences will not work in the future. Did you mean "\\s"? A raw string is also an option.
  "(?:(?:(?P<fmt_trans>\".+),)?\s*(?P<fmt>\".+))?"
C:/Users/Syf/Desktop/BS4/orbital-500/orbital-qemu/scripts/tracetool/__init__.py:210: SyntaxWarning: "\s" is an invalid escape sequence. Such sequences will not work in the future. Did you mean "\\s"? A raw string is also an option.
  "\s*")
C:/Users/Syf/Desktop/BS4/orbital-500/orbital-qemu/scripts/tracetool/__init__.py:312: SyntaxWarning: "\d" is an invalid escape sequence. Such sequences will not work in the future. Did you mean "\\d"? A raw string is also an option.
  _FMT = re.compile("(%[\d\.]*\w+|%.*?PRI\S+)")
C:/Users/Syf/Desktop/BS4/orbital-500/orbital-qemu/scripts/tracetool/__init__.py:452: SyntaxWarning: "is" with 'int' literal. Did you mean "=="?
  if len(format) is 0:
C:/Users/Syf/Desktop/BS4/orbital-500/orbital-qemu/scripts/tracetool/__init__.py:457: SyntaxWarning: "is" with 'int' literal. Did you mean "=="?
  if len(backends) is 0:
  GEN     scsi/trace.c
  GEN     ps4-softmmu/config-devices.mak.tmp
C:/Users/Syf/Desktop/BS4/orbital-500/orbital-qemu/scripts/tracetool/__init__.py:78: SyntaxWarning: "\*" is an invalid escape sequence. Such sequences will not work in the future. Did you mean "\\*"? A raw string is also an option.
  bit = re.sub("\*", "", bit)
C:/Users/Syf/Desktop/BS4/orbital-500/orbital-qemu/scripts/tracetool/__init__.py:205: SyntaxWarning: "\w" is an invalid escape sequence. Such sequences will not work in the future. Did you mean "\\w"? A raw string is also an option.
  _CRE = re.compile("((?P<props>[\w\s]+)\s+)?"
C:/Users/Syf/Desktop/BS4/orbital-500/orbital-qemu/scripts/tracetool/__init__.py:206: SyntaxWarning: "\w" is an invalid escape sequence. Such sequences will not work in the future. Did you mean "\\w"? A raw string is also an option.
  "(?P<name>\w+)"
C:/Users/Syf/Desktop/BS4/orbital-500/orbital-qemu/scripts/tracetool/__init__.py:207: SyntaxWarning: "\(" is an invalid escape sequence. Such sequences will not work in the future. Did you mean "\\("? A raw string is also an option.
  "\((?P<args>[^)]*)\)"
C:/Users/Syf/Desktop/BS4/orbital-500/orbital-qemu/scripts/tracetool/__init__.py:208: SyntaxWarning: "\s" is an invalid escape sequence. Such sequences will not work in the future. Did you mean "\\s"? A raw string is also an option.
  "\s*"
C:/Users/Syf/Desktop/BS4/orbital-500/orbital-qemu/scripts/tracetool/__init__.py:209: SyntaxWarning: "\s" is an invalid escape sequence. Such sequences will not work in the future. Did you mean "\\s"? A raw string is also an option.
  "(?:(?:(?P<fmt_trans>\".+),)?\s*(?P<fmt>\".+))?"
C:/Users/Syf/Desktop/BS4/orbital-500/orbital-qemu/scripts/tracetool/__init__.py:210: SyntaxWarning: "\s" is an invalid escape sequence. Such sequences will not work in the future. Did you mean "\\s"? A raw string is also an option.
  "\s*")
C:/Users/Syf/Desktop/BS4/orbital-500/orbital-qemu/scripts/tracetool/__init__.py:312: SyntaxWarning: "\d" is an invalid escape sequence. Such sequences will not work in the future. Did you mean "\\d"? A raw string is also an option.
  _FMT = re.compile("(%[\d\.]*\w+|%.*?PRI\S+)")
C:/Users/Syf/Desktop/BS4/orbital-500/orbital-qemu/scripts/tracetool/__init__.py:452: SyntaxWarning: "is" with 'int' literal. Did you mean "=="?
  if len(format) is 0:
C:/Users/Syf/Desktop/BS4/orbital-500/orbital-qemu/scripts/tracetool/__init__.py:457: SyntaxWarning: "is" with 'int' literal. Did you mean "=="?
  if len(backends) is 0:
  GEN     ps4-softmmu/config-devices.mak
  GEN     ui/input-keymap-atset1-to-qcode.c
  GEN     ui/input-keymap-linux-to-qcode.c
  GEN     ui/input-keymap-qcode-to-atset1.c
  GEN     ui/input-keymap-qcode-to-atset2.c
  GEN     ui/input-keymap-qcode-to-atset3.c
  GEN     ui/input-keymap-qcode-to-linux.c
  GEN     ui/input-keymap-qcode-to-qnum.c
  GEN     ui/input-keymap-qcode-to-sun.c
  GEN     ui/input-keymap-qnum-to-qcode.c
  GEN     ui/input-keymap-usb-to-qcode.c
  GEN     ui/input-keymap-win32-to-qcode.c
  GEN     ui/input-keymap-x11-to-qcode.c
  GEN     ui/input-keymap-xorgevdev-to-qcode.c
  GEN     ui/input-keymap-xorgkbd-to-qcode.c
  GEN     ui/input-keymap-xorgxquartz-to-qcode.c
  GEN     ui/input-keymap-xorgxwin-to-qcode.c
  GEN     config-all-devices.mak
  RC      version.o
  GEN     qga/qapi-generated/qapi-gen
  CC      qapi/qapi-builtin-types.o
  CC      qapi/qapi-types.o
  CC      qapi/qapi-types-block-core.o
  CC      qapi/qapi-types-block.o
  CC      qapi/qapi-types-char.o
  CC      qapi/qapi-types-common.o
  CC      qapi/qapi-types-crypto.o
  CC      qapi/qapi-types-introspect.o
  CC      qapi/qapi-types-migration.o
  CC      qapi/qapi-types-misc.o
  CC      qapi/qapi-types-net.o
  CC      qapi/qapi-types-rocker.o
  CC      qapi/qapi-types-run-state.o
  CC      qapi/qapi-types-sockets.o
  CC      qapi/qapi-types-tpm.o
  CC      qapi/qapi-types-trace.o
  CC      qapi/qapi-types-transaction.o
  CC      qapi/qapi-types-ui.o
  CC      qapi/qapi-builtin-visit.o
  CC      qapi/qapi-visit.o
  CC      qapi/qapi-visit-block-core.o
  CC      qapi/qapi-visit-block.o
  CC      qapi/qapi-visit-char.o
  CC      qapi/qapi-visit-common.o
  CC      qapi/qapi-visit-crypto.o
  CC      qapi/qapi-visit-introspect.o
  CC      qapi/qapi-visit-migration.o
  CC      qapi/qapi-visit-misc.o
  CC      qapi/qapi-visit-net.o
  CC      qapi/qapi-visit-rocker.o
  CC      qapi/qapi-visit-run-state.o
  CC      qapi/qapi-visit-sockets.o
  CC      qapi/qapi-visit-tpm.o
  CC      qapi/qapi-visit-trace.o
  CC      qapi/qapi-visit-transaction.o
  CC      qapi/qapi-visit-ui.o
  CC      qapi/qapi-events.o
  CC      qapi/qapi-events-block-core.o
  CC      qapi/qapi-events-block.o
  CC      qapi/qapi-events-char.o
  CC      qapi/qapi-events-common.o
  CC      qapi/qapi-events-crypto.o
  CC      qapi/qapi-events-introspect.o
  CC      qapi/qapi-events-migration.o
  CC      qapi/qapi-events-misc.o
  CC      qapi/qapi-events-net.o
  CC      qapi/qapi-events-rocker.o
  CC      qapi/qapi-events-run-state.o
  CC      qapi/qapi-events-sockets.o
  CC      qapi/qapi-events-tpm.o
  CC      qapi/qapi-events-trace.o
  CC      qapi/qapi-events-transaction.o
  CC      qapi/qapi-events-ui.o
  CC      qapi/qapi-introspect.o
  CC      qapi/qapi-visit-core.o
  CC      qapi/qapi-dealloc-visitor.o
  CC      qapi/qobject-input-visitor.o
  CC      qapi/qobject-output-visitor.o
  CC      qapi/qmp-registry.o
  CC      qapi/qmp-dispatch.o
  CC      qapi/string-input-visitor.o
  CC      qapi/string-output-visitor.o
  CC      qapi/opts-visitor.o
  CC      qapi/qapi-clone-visitor.o
  CC      qapi/qmp-event.o
  CC      qapi/qapi-util.o
  CC      qobject/qnull.o
  CC      qobject/qnum.o
  CC      qobject/qstring.o
  CC      qobject/qdict.o
  CC      qobject/qlist.o
  CC      qobject/qbool.o
  CC      qobject/qlit.o
  CC      qobject/qjson.o
qapi/qapi-clone-visitor.c: In function 'qapi_clone_start_struct':
qapi/qapi-clone-visitor.c:40:5: warning: 'g_memdup' is deprecated: Use 'g_memdup2' instead [-Wdeprecated-declarations]
   40 |     *obj = g_memdup(*obj, size);
      |     ^
In file included from C:/Users/Syf/Desktop/BS4/tools/msys64/msys64/mingw64/include/glib-2.0/glib/gstring.h:37,
                 from C:/Users/Syf/Desktop/BS4/tools/msys64/msys64/mingw64/include/glib-2.0/glib/giochannel.h:36,
                 from C:/Users/Syf/Desktop/BS4/tools/msys64/msys64/mingw64/include/glib-2.0/glib.h:56,
                 from C:/Users/Syf/Desktop/BS4/orbital-500/orbital-qemu/include/glib-compat.h:19,
                 from C:/Users/Syf/Desktop/BS4/orbital-500/orbital-qemu/include/qemu/osdep.h:107,
                 from qapi/qapi-clone-visitor.c:11:
C:/Users/Syf/Desktop/BS4/tools/msys64/msys64/mingw64/include/glib-2.0/glib/gstrfuncs.h:338:23: note: declared here
  338 | gpointer              g_memdup         (gconstpointer mem,
      |                       ^~~~~~~~
qapi/qapi-clone-visitor.c: In function 'qapi_clone_next_list':
qapi/qapi-clone-visitor.c:68:5: warning: 'g_memdup' is deprecated: Use 'g_memdup2' instead [-Wdeprecated-declarations]
   68 |     tail->next = g_memdup(tail->next, size);
      |     ^~~~
C:/Users/Syf/Desktop/BS4/tools/msys64/msys64/mingw64/include/glib-2.0/glib/gstrfuncs.h:338:23: note: declared here
  338 | gpointer              g_memdup         (gconstpointer mem,
      |                       ^~~~~~~~
  CC      qobject/qobject.o
  CC      qobject/json-lexer.o
  CC      qobject/json-streamer.o
  CC      qobject/json-parser.o
  CC      trace/control.o
  CC      trace/qmp.o
  CC      util/osdep.o
  CC      util/cutils.o
  CC      util/unicode.o
  CC      util/qemu-timer-common.o
  CC      util/bufferiszero.o
  CC      util/lockcnt.o
  CC      util/aiocb.o
  CC      util/async.o
  CC      util/aio-wait.o
  CC      util/thread-pool.o
  CC      util/qemu-timer.o
  CC      util/main-loop.o
  CC      util/iohandler.o
  CC      util/aio-win32.o
  CC      util/event_notifier-win32.o
  CC      util/oslib-win32.o
  CC      util/qemu-thread-win32.o
  CC      util/envlist.o
  CC      util/path.o
  CC      util/module.o
  CC      util/host-utils.o
  CC      util/bitmap.o
  CC      util/bitops.o
  CC      util/hbitmap.o
  CC      util/fifo8.o
  CC      util/acl.o
  CC      util/cacheinfo.o
  CC      util/error.o
  CC      util/qemu-error.o
  CC      util/id.o
  CC      util/iov.o
  CC      util/qemu-config.o
  CC      util/qemu-sockets.o
  CC      util/uri.o
  CC      util/notify.o
  CC      util/qemu-option.o
  CC      util/qemu-progress.o
  CC      util/keyval.o
  CC      util/hexdump.o
  CC      util/crc32c.o
  CC      util/uuid.o
util/qemu-error.c: In function 'vreport':
util/qemu-error.c:201:5: warning: 'GTimeVal' is deprecated: Use 'GDateTime' instead [-Wdeprecated-declarations]
  201 |     GTimeVal tv;
      |     ^~~~~~~~
In file included from C:/Users/Syf/Desktop/BS4/tools/msys64/msys64/mingw64/include/glib-2.0/glib/galloca.h:34,
                 from C:/Users/Syf/Desktop/BS4/tools/msys64/msys64/mingw64/include/glib-2.0/glib.h:32,
                 from C:/Users/Syf/Desktop/BS4/orbital-500/orbital-qemu/include/glib-compat.h:19,
                 from C:/Users/Syf/Desktop/BS4/orbital-500/orbital-qemu/include/qemu/osdep.h:107,
                 from util/qemu-error.c:13:
C:/Users/Syf/Desktop/BS4/tools/msys64/msys64/mingw64/include/glib-2.0/glib/gtypes.h:622:8: note: declared here
  622 | struct _GTimeVal
      |        ^~~~~~~~~
util/qemu-error.c:205:9: warning: 'g_get_current_time' is deprecated: Use 'g_get_real_time' instead [-Wdeprecated-declarations]
  205 |         g_get_current_time(&tv);
      |         ^~~~~~~~~~~~~~~~~~
In file included from C:/Users/Syf/Desktop/BS4/tools/msys64/msys64/mingw64/include/glib-2.0/glib/giochannel.h:35,
                 from C:/Users/Syf/Desktop/BS4/tools/msys64/msys64/mingw64/include/glib-2.0/glib.h:56:
C:/Users/Syf/Desktop/BS4/tools/msys64/msys64/mingw64/include/glib-2.0/glib/gmain.h:842:8: note: declared here
  842 | void   g_get_current_time                 (GTimeVal       *result);
      |        ^~~~~~~~~~~~~~~~~~
util/qemu-error.c:206:9: warning: 'g_time_val_to_iso8601' is deprecated: Use 'g_date_time_format' instead [-Wdeprecated-declarations]
  206 |         timestr = g_time_val_to_iso8601(&tv);
      |         ^~~~~~~
In file included from C:/Users/Syf/Desktop/BS4/tools/msys64/msys64/mingw64/include/glib-2.0/glib.h:92:
C:/Users/Syf/Desktop/BS4/tools/msys64/msys64/mingw64/include/glib-2.0/glib/gtimer.h:76:10: note: declared here
   76 | gchar*   g_time_val_to_iso8601   (GTimeVal    *time_) G_GNUC_MALLOC;
      |          ^~~~~~~~~~~~~~~~~~~~~
  CC      util/throttle.o
  CC      util/getauxval.o
  CC      util/readline.o
  CC      util/rcu.o
  CC      util/qemu-coroutine.o
  CC      util/qemu-coroutine-lock.o
  CC      util/qemu-coroutine-io.o
  CC      util/qemu-coroutine-sleep.o
  CC      util/coroutine-win32.o
  CC      util/buffer.o
  CC      util/timed-average.o
  CC      util/base64.o
  CC      util/log.o
  CC      util/pagesize.o
  CC      util/qdist.o
  CC      util/qht.o
  CC      util/range.o
  CC      util/stats64.o
  CC      util/systemd.o
  CC      trace-root.o
  CC      util/trace.o
  CC      crypto/trace.o
  CC      io/trace.o
  CC      migration/trace.o
  CC      block/trace.o
  CC      chardev/trace.o
  CC      hw/block/trace.o
  CC      hw/block/dataplane/trace.o
  CC      hw/char/trace.o
  CC      hw/intc/trace.o
  CC      hw/net/trace.o
  CC      hw/rdma/trace.o
  CC      hw/rdma/vmw/trace.o
  CC      hw/virtio/trace.o
  CC      hw/audio/trace.o
  CC      hw/misc/trace.o
  CC      hw/misc/macio/trace.o
  CC      hw/usb/trace.o
  CC      hw/scsi/trace.o
  CC      hw/nvram/trace.o
  CC      hw/display/trace.o
  CC      hw/input/trace.o
  CC      hw/timer/trace.o
  CC      hw/dma/trace.o
  CC      hw/sparc/trace.o
  CC      hw/sparc64/trace.o
  CC      hw/sd/trace.o
  CC      hw/isa/trace.o
  CC      hw/mem/trace.o
  CC      hw/i386/trace.o
  CC      hw/i386/xen/trace.o
  CC      hw/9pfs/trace.o
  CC      hw/ppc/trace.o
  CC      hw/pci-host/trace.o
  CC      hw/pci/trace.o
  CC      hw/s390x/trace.o
  CC      hw/vfio/trace.o
  CC      hw/acpi/trace.o
  CC      hw/arm/trace.o
  CC      hw/alpha/trace.o
  CC      hw/hppa/trace.o
  CC      hw/xen/trace.o
  CC      hw/ide/trace.o
  CC      hw/tpm/trace.o
  CC      ui/trace.o
  CC      audio/trace.o
  CC      net/trace.o
  CC      target/arm/trace.o
  CC      target/i386/trace.o
  CC      target/mips/trace.o
  CC      target/sparc/trace.o
  CC      target/s390x/trace.o
  CC      target/ppc/trace.o
  CC      qom/trace.o
  CC      linux-user/trace.o
  CC      qapi/trace.o
  CC      accel/tcg/trace.o
  CC      accel/kvm/trace.o
  CC      nbd/trace.o
  CC      scsi/trace.o
  CC      crypto/pbkdf-stub.o
  CC      stubs/arch-query-cpu-def.o
  CC      stubs/arch-query-cpu-model-expansion.o
  CC      stubs/arch-query-cpu-model-comparison.o
  CC      stubs/arch-query-cpu-model-baseline.o
  CC      stubs/bdrv-next-monitor-owned.o
  CC      stubs/blk-commit-all.o
  CC      stubs/blockdev-close-all-bdrv-states.o
  CC      stubs/clock-warp.o
  CC      stubs/cpu-get-clock.o
  CC      stubs/cpu-get-icount.o
  CC      stubs/dump.o
  CC      stubs/error-printf.o
  CC      stubs/fdset.o
  CC      stubs/gdbstub.o
  CC      stubs/get-vm-name.o
  CC      stubs/iothread.o
  CC      stubs/iothread-lock.o
  CC      stubs/is-daemonized.o
  CC      stubs/machine-init-done.o
  CC      stubs/migr-blocker.o
  CC      stubs/change-state-handler.o
  CC      stubs/monitor.o
  CC      stubs/notify-event.o
  CC      stubs/qtest.o
  CC      stubs/replay.o
  CC      stubs/runstate-check.o
  CC      stubs/set-fd-handler.o
  CC      stubs/slirp.o
  CC      stubs/sysbus.o
  CC      stubs/tpm.o
  CC      stubs/trace-control.o
  CC      stubs/uuid.o
  CC      stubs/vm-stop.o
  CC      stubs/vmstate.o
  CC      stubs/fd-register.o
  CC      stubs/qmp_pc_dimm.o
  CC      stubs/target-monitor-defs.o
  CC      stubs/target-get-monitor-def.o
  CC      stubs/pc_madt_cpu_entry.o
  CC      stubs/vmgenid.o
stubs/replay.c:7:9: warning: conflicting types for 'replay_save_clock' due to enum/integer mismatch; have 'int64_t(unsigned int,  int64_t)' {aka 'long long int(unsigned int,  long long int)'} [-Wenum-int-mismatch]
    7 | int64_t replay_save_clock(unsigned int kind, int64_t clock)
      |         ^~~~~~~~~~~~~~~~~
In file included from stubs/replay.c:2:
C:/Users/Syf/Desktop/BS4/orbital-500/orbital-qemu/include/sysemu/replay.h:103:9: note: previous declaration of 'replay_save_clock' with type 'int64_t(ReplayClockKind,  int64_t)' {aka 'long long int(ReplayClockKind,  long long int)'}
  103 | int64_t replay_save_clock(ReplayClockKind kind, int64_t clock);
      |         ^~~~~~~~~~~~~~~~~
stubs/replay.c:13:9: warning: conflicting types for 'replay_read_clock' due to enum/integer mismatch; have 'int64_t(unsigned int)' {aka 'long long int(unsigned int)'} [-Wenum-int-mismatch]
   13 | int64_t replay_read_clock(unsigned int kind)
      |         ^~~~~~~~~~~~~~~~~
C:/Users/Syf/Desktop/BS4/orbital-500/orbital-qemu/include/sysemu/replay.h:105:9: note: previous declaration of 'replay_read_clock' with type 'int64_t(ReplayClockKind)' {aka 'long long int(ReplayClockKind)'}
  105 | int64_t replay_read_clock(ReplayClockKind kind);
      |         ^~~~~~~~~~~~~~~~~
  CC      stubs/xen-common.o
  CC      stubs/xen-hvm.o
  CC      stubs/pci-host-piix.o
  CC      stubs/ram-block.o
  GEN     qemu-img-cmds.h
  CC      block.o
  CC      blockjob.o
  CC      qemu-io-cmds.o
  CC      replication.o
  CC      block/raw-format.o
  CC      block/qcow.o
  CC      block/vdi.o
  CC      block/vmdk.o
  CC      block/cloop.o
  CC      block/bochs.o
  CC      block/vpc.o
  CC      block/vvfat.o
  CC      block/dmg.o
  CC      block/qcow2.o
  CC      block/qcow2-refcount.o
  CC      block/qcow2-cluster.o
  CC      block/qcow2-snapshot.o
  CC      block/qcow2-cache.o
  CC      block/qcow2-bitmap.o
block/qcow.c: In function 'qcow_open':
block/qcow.c:143:18: warning: taking address of packed member of 'struct QCowHeader' may result in an unaligned pointer value [-Waddress-of-packed-member]
  143 |     be32_to_cpus(&header.magic);
      |                  ^~~~~~~~~~~~~
block/qcow.c:144:18: warning: taking address of packed member of 'struct QCowHeader' may result in an unaligned pointer value [-Waddress-of-packed-member]
  144 |     be32_to_cpus(&header.version);
      |                  ^~~~~~~~~~~~~~~
block/qcow.c:145:18: warning: taking address of packed member of 'struct QCowHeader' may result in an unaligned pointer value [-Waddress-of-packed-member]
  145 |     be64_to_cpus(&header.backing_file_offset);
      |                  ^~~~~~~~~~~~~~~~~~~~~~~~~~~
block/qcow.c:146:18: warning: taking address of packed member of 'struct QCowHeader' may result in an unaligned pointer value [-Waddress-of-packed-member]
  146 |     be32_to_cpus(&header.backing_file_size);
      |                  ^~~~~~~~~~~~~~~~~~~~~~~~~
block/qcow.c:147:18: warning: taking address of packed member of 'struct QCowHeader' may result in an unaligned pointer value [-Waddress-of-packed-member]
  147 |     be32_to_cpus(&header.mtime);
      |                  ^~~~~~~~~~~~~
block/qcow.c:148:18: warning: taking address of packed member of 'struct QCowHeader' may result in an unaligned pointer value [-Waddress-of-packed-member]
  148 |     be64_to_cpus(&header.size);
      |                  ^~~~~~~~~~~~
block/qcow.c:149:18: warning: taking address of packed member of 'struct QCowHeader' may result in an unaligned pointer value [-Waddress-of-packed-member]
  149 |     be32_to_cpus(&header.crypt_method);
      |                  ^~~~~~~~~~~~~~~~~~~~
block/qcow.c:150:18: warning: taking address of packed member of 'struct QCowHeader' may result in an unaligned pointer value [-Waddress-of-packed-member]
  150 |     be64_to_cpus(&header.l1_table_offset);
      |                  ^~~~~~~~~~~~~~~~~~~~~~~
  CC      block/qed.o
block/vdi.c: In function 'vdi_header_to_cpu':
block/vdi.c:192:18: warning: taking address of packed member of 'struct <anonymous>' may result in an unaligned pointer value [-Waddress-of-packed-member]
  192 |     le32_to_cpus(&header->signature);
      |                  ^~~~~~~~~~~~~~~~~~
block/vdi.c:193:18: warning: taking address of packed member of 'struct <anonymous>' may result in an unaligned pointer value [-Waddress-of-packed-member]
  193 |     le32_to_cpus(&header->version);
      |                  ^~~~~~~~~~~~~~~~
block/vdi.c:194:18: warning: taking address of packed member of 'struct <anonymous>' may result in an unaligned pointer value [-Waddress-of-packed-member]
  194 |     le32_to_cpus(&header->header_size);
      |                  ^~~~~~~~~~~~~~~~~~~~
block/vdi.c:195:18: warning: taking address of packed member of 'struct <anonymous>' may result in an unaligned pointer value [-Waddress-of-packed-member]
  195 |     le32_to_cpus(&header->image_type);
      |                  ^~~~~~~~~~~~~~~~~~~
block/vdi.c:196:18: warning: taking address of packed member of 'struct <anonymous>' may result in an unaligned pointer value [-Waddress-of-packed-member]
  196 |     le32_to_cpus(&header->image_flags);
      |                  ^~~~~~~~~~~~~~~~~~~~
block/vdi.c:197:18: warning: taking address of packed member of 'struct <anonymous>' may result in an unaligned pointer value [-Waddress-of-packed-member]
  197 |     le32_to_cpus(&header->offset_bmap);
      |                  ^~~~~~~~~~~~~~~~~~~~
block/vdi.c:198:18: warning: taking address of packed member of 'struct <anonymous>' may result in an unaligned pointer value [-Waddress-of-packed-member]
  198 |     le32_to_cpus(&header->offset_data);
      |                  ^~~~~~~~~~~~~~~~~~~~
block/vdi.c:199:18: warning: taking address of packed member of 'struct <anonymous>' may result in an unaligned pointer value [-Waddress-of-packed-member]
  199 |     le32_to_cpus(&header->cylinders);
      |                  ^~~~~~~~~~~~~~~~~~
block/vdi.c:200:18: warning: taking address of packed member of 'struct <anonymous>' may result in an unaligned pointer value [-Waddress-of-packed-member]
  200 |     le32_to_cpus(&header->heads);
      |                  ^~~~~~~~~~~~~~
block/vdi.c:201:18: warning: taking address of packed member of 'struct <anonymous>' may result in an unaligned pointer value [-Waddress-of-packed-member]
  201 |     le32_to_cpus(&header->sectors);
      |                  ^~~~~~~~~~~~~~~~
block/vdi.c:202:18: warning: taking address of packed member of 'struct <anonymous>' may result in an unaligned pointer value [-Waddress-of-packed-member]
  202 |     le32_to_cpus(&header->sector_size);
      |                  ^~~~~~~~~~~~~~~~~~~~
block/vdi.c:203:18: warning: taking address of packed member of 'struct <anonymous>' may result in an unaligned pointer value [-Waddress-of-packed-member]
  203 |     le64_to_cpus(&header->disk_size);
      |                  ^~~~~~~~~~~~~~~~~~
block/vdi.c:204:18: warning: taking address of packed member of 'struct <anonymous>' may result in an unaligned pointer value [-Waddress-of-packed-member]
  204 |     le32_to_cpus(&header->block_size);
      |                  ^~~~~~~~~~~~~~~~~~~
block/vdi.c:205:18: warning: taking address of packed member of 'struct <anonymous>' may result in an unaligned pointer value [-Waddress-of-packed-member]
  205 |     le32_to_cpus(&header->block_extra);
      |                  ^~~~~~~~~~~~~~~~~~~~
block/vdi.c:206:18: warning: taking address of packed member of 'struct <anonymous>' may result in an unaligned pointer value [-Waddress-of-packed-member]
  206 |     le32_to_cpus(&header->blocks_in_image);
      |                  ^~~~~~~~~~~~~~~~~~~~~~~~
block/vdi.c:207:18: warning: taking address of packed member of 'struct <anonymous>' may result in an unaligned pointer value [-Waddress-of-packed-member]
  207 |     le32_to_cpus(&header->blocks_allocated);
      |                  ^~~~~~~~~~~~~~~~~~~~~~~~~
block/vdi.c:208:21: warning: taking address of packed member of 'struct <anonymous>' may result in an unaligned pointer value [-Waddress-of-packed-member]
  208 |     qemu_uuid_bswap(&header->uuid_image);
      |                     ^~~~~~~~~~~~~~~~~~~
block/vdi.c:209:21: warning: taking address of packed member of 'struct <anonymous>' may result in an unaligned pointer value [-Waddress-of-packed-member]
  209 |     qemu_uuid_bswap(&header->uuid_last_snap);
      |                     ^~~~~~~~~~~~~~~~~~~~~~~
block/vdi.c:210:21: warning: taking address of packed member of 'struct <anonymous>' may result in an unaligned pointer value [-Waddress-of-packed-member]
  210 |     qemu_uuid_bswap(&header->uuid_link);
      |                     ^~~~~~~~~~~~~~~~~~
block/vdi.c:211:21: warning: taking address of packed member of 'struct <anonymous>' may result in an unaligned pointer value [-Waddress-of-packed-member]
  211 |     qemu_uuid_bswap(&header->uuid_parent);
      |                     ^~~~~~~~~~~~~~~~~~~~
block/vdi.c: In function 'vdi_header_to_le':
block/vdi.c:216:18: warning: taking address of packed member of 'struct <anonymous>' may result in an unaligned pointer value [-Waddress-of-packed-member]
  216 |     cpu_to_le32s(&header->signature);
      |                  ^~~~~~~~~~~~~~~~~~
block/vdi.c:217:18: warning: taking address of packed member of 'struct <anonymous>' may result in an unaligned pointer value [-Waddress-of-packed-member]
  217 |     cpu_to_le32s(&header->version);
      |                  ^~~~~~~~~~~~~~~~
block/vdi.c:218:18: warning: taking address of packed member of 'struct <anonymous>' may result in an unaligned pointer value [-Waddress-of-packed-member]
  218 |     cpu_to_le32s(&header->header_size);
      |                  ^~~~~~~~~~~~~~~~~~~~
block/vdi.c:219:18: warning: taking address of packed member of 'struct <anonymous>' may result in an unaligned pointer value [-Waddress-of-packed-member]
  219 |     cpu_to_le32s(&header->image_type);
      |                  ^~~~~~~~~~~~~~~~~~~
block/vdi.c:220:18: warning: taking address of packed member of 'struct <anonymous>' may result in an unaligned pointer value [-Waddress-of-packed-member]
  220 |     cpu_to_le32s(&header->image_flags);
      |                  ^~~~~~~~~~~~~~~~~~~~
block/vdi.c:221:18: warning: taking address of packed member of 'struct <anonymous>' may result in an unaligned pointer value [-Waddress-of-packed-member]
  221 |     cpu_to_le32s(&header->offset_bmap);
      |                  ^~~~~~~~~~~~~~~~~~~~
block/vdi.c:222:18: warning: taking address of packed member of 'struct <anonymous>' may result in an unaligned pointer value [-Waddress-of-packed-member]
  222 |     cpu_to_le32s(&header->offset_data);
      |                  ^~~~~~~~~~~~~~~~~~~~
block/vdi.c:223:18: warning: taking address of packed member of 'struct <anonymous>' may result in an unaligned pointer value [-Waddress-of-packed-member]
  223 |     cpu_to_le32s(&header->cylinders);
      |                  ^~~~~~~~~~~~~~~~~~
block/vdi.c:224:18: warning: taking address of packed member of 'struct <anonymous>' may result in an unaligned pointer value [-Waddress-of-packed-member]
  224 |     cpu_to_le32s(&header->heads);
      |                  ^~~~~~~~~~~~~~
block/vdi.c:225:18: warning: taking address of packed member of 'struct <anonymous>' may result in an unaligned pointer value [-Waddress-of-packed-member]
  225 |     cpu_to_le32s(&header->sectors);
      |                  ^~~~~~~~~~~~~~~~
block/vdi.c:226:18: warning: taking address of packed member of 'struct <anonymous>' may result in an unaligned pointer value [-Waddress-of-packed-member]
  226 |     cpu_to_le32s(&header->sector_size);
      |                  ^~~~~~~~~~~~~~~~~~~~
block/vdi.c:227:18: warning: taking address of packed member of 'struct <anonymous>' may result in an unaligned pointer value [-Waddress-of-packed-member]
  227 |     cpu_to_le64s(&header->disk_size);
      |                  ^~~~~~~~~~~~~~~~~~
block/vdi.c:228:18: warning: taking address of packed member of 'struct <anonymous>' may result in an unaligned pointer value [-Waddress-of-packed-member]
  228 |     cpu_to_le32s(&header->block_size);
      |                  ^~~~~~~~~~~~~~~~~~~
block/vdi.c:229:18: warning: taking address of packed member of 'struct <anonymous>' may result in an unaligned pointer value [-Waddress-of-packed-member]
  229 |     cpu_to_le32s(&header->block_extra);
      |                  ^~~~~~~~~~~~~~~~~~~~
block/vdi.c:230:18: warning: taking address of packed member of 'struct <anonymous>' may result in an unaligned pointer value [-Waddress-of-packed-member]
  230 |     cpu_to_le32s(&header->blocks_in_image);
      |                  ^~~~~~~~~~~~~~~~~~~~~~~~
block/vdi.c:231:18: warning: taking address of packed member of 'struct <anonymous>' may result in an unaligned pointer value [-Waddress-of-packed-member]
  231 |     cpu_to_le32s(&header->blocks_allocated);
      |                  ^~~~~~~~~~~~~~~~~~~~~~~~~
block/vdi.c:232:21: warning: taking address of packed member of 'struct <anonymous>' may result in an unaligned pointer value [-Waddress-of-packed-member]
  232 |     qemu_uuid_bswap(&header->uuid_image);
      |                     ^~~~~~~~~~~~~~~~~~~
block/vdi.c:233:21: warning: taking address of packed member of 'struct <anonymous>' may result in an unaligned pointer value [-Waddress-of-packed-member]
  233 |     qemu_uuid_bswap(&header->uuid_last_snap);
      |                     ^~~~~~~~~~~~~~~~~~~~~~~
block/vdi.c:234:21: warning: taking address of packed member of 'struct <anonymous>' may result in an unaligned pointer value [-Waddress-of-packed-member]
  234 |     qemu_uuid_bswap(&header->uuid_link);
      |                     ^~~~~~~~~~~~~~~~~~
block/vdi.c:235:21: warning: taking address of packed member of 'struct <anonymous>' may result in an unaligned pointer value [-Waddress-of-packed-member]
  235 |     qemu_uuid_bswap(&header->uuid_parent);
      |                     ^~~~~~~~~~~~~~~~~~~~
block/vdi.c: In function 'vdi_header_print':
block/vdi.c:259:23: warning: taking address of packed member of 'struct <anonymous>' may result in an unaligned pointer value [-Waddress-of-packed-member]
  259 |     qemu_uuid_unparse(&header->uuid_image, uuid);
      |                       ^~~~~~~~~~~~~~~~~~~
block/vdi.c:261:23: warning: taking address of packed member of 'struct <anonymous>' may result in an unaligned pointer value [-Waddress-of-packed-member]
  261 |     qemu_uuid_unparse(&header->uuid_last_snap, uuid);
      |                       ^~~~~~~~~~~~~~~~~~~~~~~
block/vdi.c:263:23: warning: taking address of packed member of 'struct <anonymous>' may result in an unaligned pointer value [-Waddress-of-packed-member]
  263 |     qemu_uuid_unparse(&header->uuid_link, uuid);
      |                       ^~~~~~~~~~~~~~~~~~
block/vdi.c:265:23: warning: taking address of packed member of 'struct <anonymous>' may result in an unaligned pointer value [-Waddress-of-packed-member]
  265 |     qemu_uuid_unparse(&header->uuid_parent, uuid);
      |                       ^~~~~~~~~~~~~~~~~~~~
block/vdi.c: In function 'vdi_open':
block/vdi.c:448:35: warning: taking address of packed member of 'struct <anonymous>' may result in an unaligned pointer value [-Waddress-of-packed-member]
  448 |     } else if (!qemu_uuid_is_null(&header.uuid_link)) {
      |                                   ^~~~~~~~~~~~~~~~~
block/vdi.c:452:35: warning: taking address of packed member of 'struct <anonymous>' may result in an unaligned pointer value [-Waddress-of-packed-member]
  452 |     } else if (!qemu_uuid_is_null(&header.uuid_parent)) {
      |                                   ^~~~~~~~~~~~~~~~~~~
block/vdi.c: In function 'vdi_co_do_create':
block/vdi.c:823:24: warning: taking address of packed member of 'struct <anonymous>' may result in an unaligned pointer value [-Waddress-of-packed-member]
  823 |     qemu_uuid_generate(&header.uuid_image);
      |                        ^~~~~~~~~~~~~~~~~~
block/vdi.c:824:24: warning: taking address of packed member of 'struct <anonymous>' may result in an unaligned pointer value [-Waddress-of-packed-member]
  824 |     qemu_uuid_generate(&header.uuid_last_snap);
      |                        ^~~~~~~~~~~~~~~~~~~~~~
block/vpc.c: In function 'vpc_co_create':
block/vpc.c:1060:24: warning: taking address of packed member of 'struct vhd_footer' may result in an unaligned pointer value [-Waddress-of-packed-member]
 1060 |     qemu_uuid_generate(&footer->uuid);
      |                        ^~~~~~~~~~~~~
  CC      block/qed-table.o
  CC      block/qed-l2-cache.o
  CC      block/qed-cluster.o
  CC      block/qed-check.o
  CC      block/vhdx.o
  CC      block/vhdx-endian.o
  CC      block/vhdx-log.o
block/qcow2.c: In function 'qcow2_read_extensions':
block/qcow2.c:208:22: warning: taking address of packed member of 'struct <anonymous>' may result in an unaligned pointer value [-Waddress-of-packed-member]
  208 |         be32_to_cpus(&ext.magic);
      |                      ^~~~~~~~~~
block/qcow2.c:209:22: warning: taking address of packed member of 'struct <anonymous>' may result in an unaligned pointer value [-Waddress-of-packed-member]
  209 |         be32_to_cpus(&ext.len);
      |                      ^~~~~~~~
block/qcow2.c:277:26: warning: taking address of packed member of 'struct Qcow2CryptoHeaderExtension' may result in an unaligned pointer value [-Waddress-of-packed-member]
  277 |             be64_to_cpus(&s->crypto_header.offset);
      |                          ^~~~~~~~~~~~~~~~~~~~~~~~
block/qcow2.c:278:26: warning: taking address of packed member of 'struct Qcow2CryptoHeaderExtension' may result in an unaligned pointer value [-Waddress-of-packed-member]
  278 |             be64_to_cpus(&s->crypto_header.length);
      |                          ^~~~~~~~~~~~~~~~~~~~~~~~
block/qcow2.c:340:26: warning: taking address of packed member of 'struct Qcow2BitmapHeaderExt' may result in an unaligned pointer value [-Waddress-of-packed-member]
  340 |             be32_to_cpus(&bitmaps_ext.nb_bitmaps);
      |                          ^~~~~~~~~~~~~~~~~~~~~~~
block/qcow2.c:341:26: warning: taking address of packed member of 'struct Qcow2BitmapHeaderExt' may result in an unaligned pointer value [-Waddress-of-packed-member]
  341 |             be64_to_cpus(&bitmaps_ext.bitmap_directory_size);
      |                          ^~~~~~~~~~~~~~~~~~~~~~~~~~~~~~~~~~
block/qcow2.c:342:26: warning: taking address of packed member of 'struct Qcow2BitmapHeaderExt' may result in an unaligned pointer value [-Waddress-of-packed-member]
  342 |             be64_to_cpus(&bitmaps_ext.bitmap_directory_offset);
      |                          ^~~~~~~~~~~~~~~~~~~~~~~~~~~~~~~~~~~~
block/qcow2.c: In function 'qcow2_do_open':
block/qcow2.c:1151:18: warning: taking address of packed member of 'struct QCowHeader' may result in an unaligned pointer value [-Waddress-of-packed-member]
 1151 |     be32_to_cpus(&header.magic);
      |                  ^~~~~~~~~~~~~
block/qcow2.c:1152:18: warning: taking address of packed member of 'struct QCowHeader' may result in an unaligned pointer value [-Waddress-of-packed-member]
 1152 |     be32_to_cpus(&header.version);
      |                  ^~~~~~~~~~~~~~~
block/qcow2.c:1153:18: warning: taking address of packed member of 'struct QCowHeader' may result in an unaligned pointer value [-Waddress-of-packed-member]
 1153 |     be64_to_cpus(&header.backing_file_offset);
      |                  ^~~~~~~~~~~~~~~~~~~~~~~~~~~
block/qcow2.c:1154:18: warning: taking address of packed member of 'struct QCowHeader' may result in an unaligned pointer value [-Waddress-of-packed-member]
 1154 |     be32_to_cpus(&header.backing_file_size);
      |                  ^~~~~~~~~~~~~~~~~~~~~~~~~
block/qcow2.c:1155:18: warning: taking address of packed member of 'struct QCowHeader' may result in an unaligned pointer value [-Waddress-of-packed-member]
 1155 |     be64_to_cpus(&header.size);
      |                  ^~~~~~~~~~~~
block/qcow2.c:1156:18: warning: taking address of packed member of 'struct QCowHeader' may result in an unaligned pointer value [-Waddress-of-packed-member]
 1156 |     be32_to_cpus(&header.cluster_bits);
      |                  ^~~~~~~~~~~~~~~~~~~~
block/qcow2.c:1157:18: warning: taking address of packed member of 'struct QCowHeader' may result in an unaligned pointer value [-Waddress-of-packed-member]
 1157 |     be32_to_cpus(&header.crypt_method);
      |                  ^~~~~~~~~~~~~~~~~~~~
block/qcow2.c:1158:18: warning: taking address of packed member of 'struct QCowHeader' may result in an unaligned pointer value [-Waddress-of-packed-member]
 1158 |     be64_to_cpus(&header.l1_table_offset);
      |                  ^~~~~~~~~~~~~~~~~~~~~~~
block/qcow2.c:1159:18: warning: taking address of packed member of 'struct QCowHeader' may result in an unaligned pointer value [-Waddress-of-packed-member]
 1159 |     be32_to_cpus(&header.l1_size);
      |                  ^~~~~~~~~~~~~~~
block/qcow2.c:1160:18: warning: taking address of packed member of 'struct QCowHeader' may result in an unaligned pointer value [-Waddress-of-packed-member]
 1160 |     be64_to_cpus(&header.refcount_table_offset);
      |                  ^~~~~~~~~~~~~~~~~~~~~~~~~~~~~
block/qcow2.c:1161:18: warning: taking address of packed member of 'struct QCowHeader' may result in an unaligned pointer value [-Waddress-of-packed-member]
 1161 |     be32_to_cpus(&header.refcount_table_clusters);
      |                  ^~~~~~~~~~~~~~~~~~~~~~~~~~~~~~~
block/qcow2.c:1162:18: warning: taking address of packed member of 'struct QCowHeader' may result in an unaligned pointer value [-Waddress-of-packed-member]
 1162 |     be64_to_cpus(&header.snapshots_offset);
      |                  ^~~~~~~~~~~~~~~~~~~~~~~~
block/qcow2.c:1163:18: warning: taking address of packed member of 'struct QCowHeader' may result in an unaligned pointer value [-Waddress-of-packed-member]
 1163 |     be32_to_cpus(&header.nb_snapshots);
      |                  ^~~~~~~~~~~~~~~~~~~~
block/qcow2.c:1199:22: warning: taking address of packed member of 'struct QCowHeader' may result in an unaligned pointer value [-Waddress-of-packed-member]
 1199 |         be64_to_cpus(&header.incompatible_features);
      |                      ^~~~~~~~~~~~~~~~~~~~~~~~~~~~~
block/qcow2.c:1200:22: warning: taking address of packed member of 'struct QCowHeader' may result in an unaligned pointer value [-Waddress-of-packed-member]
 1200 |         be64_to_cpus(&header.compatible_features);
      |                      ^~~~~~~~~~~~~~~~~~~~~~~~~~~
block/qcow2.c:1201:22: warning: taking address of packed member of 'struct QCowHeader' may result in an unaligned pointer value [-Waddress-of-packed-member]
 1201 |         be64_to_cpus(&header.autoclear_features);
      |                      ^~~~~~~~~~~~~~~~~~~~~~~~~~
block/qcow2.c:1202:22: warning: taking address of packed member of 'struct QCowHeader' may result in an unaligned pointer value [-Waddress-of-packed-member]
 1202 |         be32_to_cpus(&header.refcount_order);
      |                      ^~~~~~~~~~~~~~~~~~~~~~
block/qcow2.c:1203:22: warning: taking address of packed member of 'struct QCowHeader' may result in an unaligned pointer value [-Waddress-of-packed-member]
 1203 |         be32_to_cpus(&header.header_length);
      |                      ^~~~~~~~~~~~~~~~~~~~~
block/qcow2.c: In function 'qcow2_update_header':
block/qcow2.c:2326:22: warning: taking address of packed member of 'struct Qcow2CryptoHeaderExtension' may result in an unaligned pointer value [-Waddress-of-packed-member]
 2326 |         cpu_to_be64s(&s->crypto_header.offset);
      |                      ^~~~~~~~~~~~~~~~~~~~~~~~
block/qcow2.c:2327:22: warning: taking address of packed member of 'struct Qcow2CryptoHeaderExtension' may result in an unaligned pointer value [-Waddress-of-packed-member]
 2327 |         cpu_to_be64s(&s->crypto_header.length);
      |                      ^~~~~~~~~~~~~~~~~~~~~~~~
block/qcow2.c:2331:22: warning: taking address of packed member of 'struct Qcow2CryptoHeaderExtension' may result in an unaligned pointer value [-Waddress-of-packed-member]
 2331 |         be64_to_cpus(&s->crypto_header.offset);
      |                      ^~~~~~~~~~~~~~~~~~~~~~~~
block/qcow2.c:2332:22: warning: taking address of packed member of 'struct Qcow2CryptoHeaderExtension' may result in an unaligned pointer value [-Waddress-of-packed-member]
 2332 |         be64_to_cpus(&s->crypto_header.length);
      |                      ^~~~~~~~~~~~~~~~~~~~~~~~
  CC      block/quorum.o
  CC      block/parallels.o
  CC      block/blkdebug.o
block/qcow2-bitmap.c: In function 'bitmap_dir_entry_to_cpu':
block/qcow2-bitmap.c:398:18: warning: taking address of packed member of 'struct Qcow2BitmapDirEntry' may result in an unaligned pointer value [-Waddress-of-packed-member]
  398 |     be64_to_cpus(&entry->bitmap_table_offset);
      |                  ^~~~~~~~~~~~~~~~~~~~~~~~~~~
block/qcow2-bitmap.c:399:18: warning: taking address of packed member of 'struct Qcow2BitmapDirEntry' may result in an unaligned pointer value [-Waddress-of-packed-member]
  399 |     be32_to_cpus(&entry->bitmap_table_size);
      |                  ^~~~~~~~~~~~~~~~~~~~~~~~~
block/qcow2-bitmap.c:400:18: warning: taking address of packed member of 'struct Qcow2BitmapDirEntry' may result in an unaligned pointer value [-Waddress-of-packed-member]
  400 |     be32_to_cpus(&entry->flags);
      |                  ^~~~~~~~~~~~~
block/qcow2-bitmap.c:401:18: warning: taking address of packed member of 'struct Qcow2BitmapDirEntry' may result in an unaligned pointer value [-Waddress-of-packed-member]
  401 |     be16_to_cpus(&entry->name_size);
      |                  ^~~~~~~~~~~~~~~~~
block/qcow2-bitmap.c:402:18: warning: taking address of packed member of 'struct Qcow2BitmapDirEntry' may result in an unaligned pointer value [-Waddress-of-packed-member]
  402 |     be32_to_cpus(&entry->extra_data_size);
      |                  ^~~~~~~~~~~~~~~~~~~~~~~
block/qcow2-bitmap.c: In function 'bitmap_dir_entry_to_be':
block/qcow2-bitmap.c:407:18: warning: taking address of packed member of 'struct Qcow2BitmapDirEntry' may result in an unaligned pointer value [-Waddress-of-packed-member]
  407 |     cpu_to_be64s(&entry->bitmap_table_offset);
      |                  ^~~~~~~~~~~~~~~~~~~~~~~~~~~
block/qcow2-bitmap.c:408:18: warning: taking address of packed member of 'struct Qcow2BitmapDirEntry' may result in an unaligned pointer value [-Waddress-of-packed-member]
  408 |     cpu_to_be32s(&entry->bitmap_table_size);
      |                  ^~~~~~~~~~~~~~~~~~~~~~~~~
block/qcow2-bitmap.c:409:18: warning: taking address of packed member of 'struct Qcow2BitmapDirEntry' may result in an unaligned pointer value [-Waddress-of-packed-member]
  409 |     cpu_to_be32s(&entry->flags);
      |                  ^~~~~~~~~~~~~
block/qcow2-bitmap.c:410:18: warning: taking address of packed member of 'struct Qcow2BitmapDirEntry' may result in an unaligned pointer value [-Waddress-of-packed-member]
  410 |     cpu_to_be16s(&entry->name_size);
      |                  ^~~~~~~~~~~~~~~~~
block/qcow2-bitmap.c:411:18: warning: taking address of packed member of 'struct Qcow2BitmapDirEntry' may result in an unaligned pointer value [-Waddress-of-packed-member]
  411 |     cpu_to_be32s(&entry->extra_data_size);
      |                  ^~~~~~~~~~~~~~~~~~~~~~~
block/qcow2-bitmap.c: In function 'qcow2_store_persistent_dirty_bitmaps':
block/qcow2-bitmap.c:1382:13: warning: 'g_memdup' is deprecated: Use 'g_memdup2' instead [-Wdeprecated-declarations]
 1382 |             tb = g_memdup(&bm->table, sizeof(bm->table));
      |             ^~
In file included from C:/Users/Syf/Desktop/BS4/tools/msys64/msys64/mingw64/include/glib-2.0/glib/gstring.h:37,
                 from C:/Users/Syf/Desktop/BS4/tools/msys64/msys64/mingw64/include/glib-2.0/glib/giochannel.h:36,
                 from C:/Users/Syf/Desktop/BS4/tools/msys64/msys64/mingw64/include/glib-2.0/glib.h:56,
                 from C:/Users/Syf/Desktop/BS4/orbital-500/orbital-qemu/include/glib-compat.h:19,
                 from C:/Users/Syf/Desktop/BS4/orbital-500/orbital-qemu/include/qemu/osdep.h:107,
                 from block/qcow2-bitmap.c:28:
C:/Users/Syf/Desktop/BS4/tools/msys64/msys64/mingw64/include/glib-2.0/glib/gstrfuncs.h:338:23: note: declared here
  338 | gpointer              g_memdup         (gconstpointer mem,
      |                       ^~~~~~~~
  CC      block/blkverify.o
  CC      block/blkreplay.o
  CC      block/block-backend.o
  CC      block/snapshot.o
  CC      block/qapi.o
  CC      block/file-win32.o
In file included from block/vhdx.c:26:
./block/vhdx.h: In function 'leguid_to_cpus':
./block/vhdx.h:423:18: warning: taking address of packed member of 'struct MSGUID' may result in an unaligned pointer value [-Waddress-of-packed-member]
  423 |     le32_to_cpus(&guid->data1);
      |                  ^~~~~~~~~~~~
./block/vhdx.h:424:18: warning: taking address of packed member of 'struct MSGUID' may result in an unaligned pointer value [-Waddress-of-packed-member]
  424 |     le16_to_cpus(&guid->data2);
      |                  ^~~~~~~~~~~~
./block/vhdx.h:425:18: warning: taking address of packed member of 'struct MSGUID' may result in an unaligned pointer value [-Waddress-of-packed-member]
  425 |     le16_to_cpus(&guid->data3);
      |                  ^~~~~~~~~~~~
./block/vhdx.h: In function 'cpu_to_leguids':
./block/vhdx.h:430:18: warning: taking address of packed member of 'struct MSGUID' may result in an unaligned pointer value [-Waddress-of-packed-member]
  430 |     cpu_to_le32s(&guid->data1);
      |                  ^~~~~~~~~~~~
./block/vhdx.h:431:18: warning: taking address of packed member of 'struct MSGUID' may result in an unaligned pointer value [-Waddress-of-packed-member]
  431 |     cpu_to_le16s(&guid->data2);
      |                  ^~~~~~~~~~~~
./block/vhdx.h:432:18: warning: taking address of packed member of 'struct MSGUID' may result in an unaligned pointer value [-Waddress-of-packed-member]
  432 |     cpu_to_le16s(&guid->data3);
      |                  ^~~~~~~~~~~~
  CC      block/win32-aio.o
block/vhdx.c: In function 'vhdx_parse_metadata':
block/vhdx.c:755:18: warning: taking address of packed member of 'struct VHDXFileParameters' may result in an unaligned pointer value [-Waddress-of-packed-member]
  755 |     le32_to_cpus(&s->params.block_size);
      |                  ^~~~~~~~~~~~~~~~~~~~~
block/vhdx.c:756:18: warning: taking address of packed member of 'struct VHDXFileParameters' may result in an unaligned pointer value [-Waddress-of-packed-member]
  756 |     le32_to_cpus(&s->params.data_bits);
      |                  ^~~~~~~~~~~~~~~~~~~~
block/vhdx.c: In function 'vhdx_create_new_metadata':
block/vhdx.c:1509:22: warning: taking address of packed member of 'struct VHDXFileParameters' may result in an unaligned pointer value [-Waddress-of-packed-member]
 1509 |         cpu_to_le32s(&mt_file_params->data_bits);
      |                      ^~~~~~~~~~~~~~~~~~~~~~~~~~
In file included from block/vhdx-endian.c:22:
./block/vhdx.h: In function 'leguid_to_cpus':
./block/vhdx.h:423:18: warning: taking address of packed member of 'struct MSGUID' may result in an unaligned pointer value [-Waddress-of-packed-member]
  423 |     le32_to_cpus(&guid->data1);
      |                  ^~~~~~~~~~~~
./block/vhdx.h:424:18: warning: taking address of packed member of 'struct MSGUID' may result in an unaligned pointer value [-Waddress-of-packed-member]
  424 |     le16_to_cpus(&guid->data2);
      |                  ^~~~~~~~~~~~
./block/vhdx.h:425:18: warning: taking address of packed member of 'struct MSGUID' may result in an unaligned pointer value [-Waddress-of-packed-member]
  425 |     le16_to_cpus(&guid->data3);
      |                  ^~~~~~~~~~~~
./block/vhdx.h: In function 'cpu_to_leguids':
./block/vhdx.h:430:18: warning: taking address of packed member of 'struct MSGUID' may result in an unaligned pointer value [-Waddress-of-packed-member]
  430 |     cpu_to_le32s(&guid->data1);
      |                  ^~~~~~~~~~~~
./block/vhdx.h:431:18: warning: taking address of packed member of 'struct MSGUID' may result in an unaligned pointer value [-Waddress-of-packed-member]
  431 |     cpu_to_le16s(&guid->data2);
      |                  ^~~~~~~~~~~~
./block/vhdx.h:432:18: warning: taking address of packed member of 'struct MSGUID' may result in an unaligned pointer value [-Waddress-of-packed-member]
  432 |     cpu_to_le16s(&guid->data3);
      |                  ^~~~~~~~~~~~
block/vhdx-endian.c: In function 'vhdx_header_le_import':
block/vhdx-endian.c:38:18: warning: taking address of packed member of 'struct VHDXHeader' may result in an unaligned pointer value [-Waddress-of-packed-member]
   38 |     le32_to_cpus(&h->signature);
      |                  ^~~~~~~~~~~~~
block/vhdx-endian.c:39:18: warning: taking address of packed member of 'struct VHDXHeader' may result in an unaligned pointer value [-Waddress-of-packed-member]
   39 |     le32_to_cpus(&h->checksum);
      |                  ^~~~~~~~~~~~
block/vhdx-endian.c:40:18: warning: taking address of packed member of 'struct VHDXHeader' may result in an unaligned pointer value [-Waddress-of-packed-member]
   40 |     le64_to_cpus(&h->sequence_number);
      |                  ^~~~~~~~~~~~~~~~~~~
block/vhdx-endian.c:46:18: warning: taking address of packed member of 'struct VHDXHeader' may result in an unaligned pointer value [-Waddress-of-packed-member]
   46 |     le16_to_cpus(&h->log_version);
      |                  ^~~~~~~~~~~~~~~
block/vhdx-endian.c:47:18: warning: taking address of packed member of 'struct VHDXHeader' may result in an unaligned pointer value [-Waddress-of-packed-member]
   47 |     le16_to_cpus(&h->version);
      |                  ^~~~~~~~~~~
block/vhdx-endian.c:48:18: warning: taking address of packed member of 'struct VHDXHeader' may result in an unaligned pointer value [-Waddress-of-packed-member]
   48 |     le32_to_cpus(&h->log_length);
      |                  ^~~~~~~~~~~~~~
block/vhdx-endian.c:49:18: warning: taking address of packed member of 'struct VHDXHeader' may result in an unaligned pointer value [-Waddress-of-packed-member]
   49 |     le64_to_cpus(&h->log_offset);
      |                  ^~~~~~~~~~~~~~
block/vhdx-endian.c: In function 'vhdx_log_desc_le_import':
block/vhdx-endian.c:83:18: warning: taking address of packed member of 'struct VHDXLogDescriptor' may result in an unaligned pointer value [-Waddress-of-packed-member]
   83 |     le32_to_cpus(&d->signature);
      |                  ^~~~~~~~~~~~~
block/vhdx-endian.c:84:18: warning: taking address of packed member of 'struct VHDXLogDescriptor' may result in an unaligned pointer value [-Waddress-of-packed-member]
   84 |     le64_to_cpus(&d->file_offset);
      |                  ^~~~~~~~~~~~~~~
block/vhdx-endian.c:85:18: warning: taking address of packed member of 'struct VHDXLogDescriptor' may result in an unaligned pointer value [-Waddress-of-packed-member]
   85 |     le64_to_cpus(&d->sequence_number);
      |                  ^~~~~~~~~~~~~~~~~~~
block/vhdx-endian.c: In function 'vhdx_log_desc_le_export':
block/vhdx-endian.c:92:18: warning: taking address of packed member of 'struct VHDXLogDescriptor' may result in an unaligned pointer value [-Waddress-of-packed-member]
   92 |     cpu_to_le32s(&d->signature);
      |                  ^~~~~~~~~~~~~
block/vhdx-endian.c:93:18: warning: taking address of packed member of 'struct VHDXLogDescriptor' may result in an unaligned pointer value [-Waddress-of-packed-member]
   93 |     cpu_to_le32s(&d->trailing_bytes);
      |                  ^~~~~~~~~~~~~~~~~~
block/vhdx-endian.c:94:18: warning: taking address of packed member of 'struct VHDXLogDescriptor' may result in an unaligned pointer value [-Waddress-of-packed-member]
   94 |     cpu_to_le64s(&d->leading_bytes);
      |                  ^~~~~~~~~~~~~~~~~
block/vhdx-endian.c:95:18: warning: taking address of packed member of 'struct VHDXLogDescriptor' may result in an unaligned pointer value [-Waddress-of-packed-member]
   95 |     cpu_to_le64s(&d->file_offset);
      |                  ^~~~~~~~~~~~~~~
block/vhdx-endian.c:96:18: warning: taking address of packed member of 'struct VHDXLogDescriptor' may result in an unaligned pointer value [-Waddress-of-packed-member]
   96 |     cpu_to_le64s(&d->sequence_number);
      |                  ^~~~~~~~~~~~~~~~~~~
block/vhdx-endian.c: In function 'vhdx_log_data_le_import':
block/vhdx-endian.c:103:18: warning: taking address of packed member of 'struct VHDXLogDataSector' may result in an unaligned pointer value [-Waddress-of-packed-member]
  103 |     le32_to_cpus(&d->data_signature);
      |                  ^~~~~~~~~~~~~~~~~~
block/vhdx-endian.c:104:18: warning: taking address of packed member of 'struct VHDXLogDataSector' may result in an unaligned pointer value [-Waddress-of-packed-member]
  104 |     le32_to_cpus(&d->sequence_high);
      |                  ^~~~~~~~~~~~~~~~~
block/vhdx-endian.c:105:18: warning: taking address of packed member of 'struct VHDXLogDataSector' may result in an unaligned pointer value [-Waddress-of-packed-member]
  105 |     le32_to_cpus(&d->sequence_low);
      |                  ^~~~~~~~~~~~~~~~
block/vhdx-endian.c: In function 'vhdx_log_data_le_export':
block/vhdx-endian.c:112:18: warning: taking address of packed member of 'struct VHDXLogDataSector' may result in an unaligned pointer value [-Waddress-of-packed-member]
  112 |     cpu_to_le32s(&d->data_signature);
      |                  ^~~~~~~~~~~~~~~~~~
block/vhdx-endian.c:113:18: warning: taking address of packed member of 'struct VHDXLogDataSector' may result in an unaligned pointer value [-Waddress-of-packed-member]
  113 |     cpu_to_le32s(&d->sequence_high);
      |                  ^~~~~~~~~~~~~~~~~
block/vhdx-endian.c:114:18: warning: taking address of packed member of 'struct VHDXLogDataSector' may result in an unaligned pointer value [-Waddress-of-packed-member]
  114 |     cpu_to_le32s(&d->sequence_low);
      |                  ^~~~~~~~~~~~~~~~
block/vhdx-endian.c: In function 'vhdx_log_entry_hdr_le_import':
block/vhdx-endian.c:121:18: warning: taking address of packed member of 'struct VHDXLogEntryHeader' may result in an unaligned pointer value [-Waddress-of-packed-member]
  121 |     le32_to_cpus(&hdr->signature);
      |                  ^~~~~~~~~~~~~~~
block/vhdx-endian.c:122:18: warning: taking address of packed member of 'struct VHDXLogEntryHeader' may result in an unaligned pointer value [-Waddress-of-packed-member]
  122 |     le32_to_cpus(&hdr->checksum);
      |                  ^~~~~~~~~~~~~~
block/vhdx-endian.c:123:18: warning: taking address of packed member of 'struct VHDXLogEntryHeader' may result in an unaligned pointer value [-Waddress-of-packed-member]
  123 |     le32_to_cpus(&hdr->entry_length);
      |                  ^~~~~~~~~~~~~~~~~~
block/vhdx-endian.c:124:18: warning: taking address of packed member of 'struct VHDXLogEntryHeader' may result in an unaligned pointer value [-Waddress-of-packed-member]
  124 |     le32_to_cpus(&hdr->tail);
      |                  ^~~~~~~~~~
block/vhdx-endian.c:125:18: warning: taking address of packed member of 'struct VHDXLogEntryHeader' may result in an unaligned pointer value [-Waddress-of-packed-member]
  125 |     le64_to_cpus(&hdr->sequence_number);
      |                  ^~~~~~~~~~~~~~~~~~~~~
block/vhdx-endian.c:126:18: warning: taking address of packed member of 'struct VHDXLogEntryHeader' may result in an unaligned pointer value [-Waddress-of-packed-member]
  126 |     le32_to_cpus(&hdr->descriptor_count);
      |                  ^~~~~~~~~~~~~~~~~~~~~~
block/vhdx-endian.c:128:18: warning: taking address of packed member of 'struct VHDXLogEntryHeader' may result in an unaligned pointer value [-Waddress-of-packed-member]
  128 |     le64_to_cpus(&hdr->flushed_file_offset);
      |                  ^~~~~~~~~~~~~~~~~~~~~~~~~
block/vhdx-endian.c:129:18: warning: taking address of packed member of 'struct VHDXLogEntryHeader' may result in an unaligned pointer value [-Waddress-of-packed-member]
  129 |     le64_to_cpus(&hdr->last_file_offset);
      |                  ^~~~~~~~~~~~~~~~~~~~~~
block/vhdx-endian.c: In function 'vhdx_log_entry_hdr_le_export':
block/vhdx-endian.c:136:18: warning: taking address of packed member of 'struct VHDXLogEntryHeader' may result in an unaligned pointer value [-Waddress-of-packed-member]
  136 |     cpu_to_le32s(&hdr->signature);
      |                  ^~~~~~~~~~~~~~~
block/vhdx-endian.c:137:18: warning: taking address of packed member of 'struct VHDXLogEntryHeader' may result in an unaligned pointer value [-Waddress-of-packed-member]
  137 |     cpu_to_le32s(&hdr->checksum);
      |                  ^~~~~~~~~~~~~~
block/vhdx-endian.c:138:18: warning: taking address of packed member of 'struct VHDXLogEntryHeader' may result in an unaligned pointer value [-Waddress-of-packed-member]
  138 |     cpu_to_le32s(&hdr->entry_length);
      |                  ^~~~~~~~~~~~~~~~~~
block/vhdx-endian.c:139:18: warning: taking address of packed member of 'struct VHDXLogEntryHeader' may result in an unaligned pointer value [-Waddress-of-packed-member]
  139 |     cpu_to_le32s(&hdr->tail);
      |                  ^~~~~~~~~~
block/vhdx-endian.c:140:18: warning: taking address of packed member of 'struct VHDXLogEntryHeader' may result in an unaligned pointer value [-Waddress-of-packed-member]
  140 |     cpu_to_le64s(&hdr->sequence_number);
      |                  ^~~~~~~~~~~~~~~~~~~~~
block/vhdx-endian.c:141:18: warning: taking address of packed member of 'struct VHDXLogEntryHeader' may result in an unaligned pointer value [-Waddress-of-packed-member]
  141 |     cpu_to_le32s(&hdr->descriptor_count);
      |                  ^~~~~~~~~~~~~~~~~~~~~~
block/vhdx-endian.c:143:18: warning: taking address of packed member of 'struct VHDXLogEntryHeader' may result in an unaligned pointer value [-Waddress-of-packed-member]
  143 |     cpu_to_le64s(&hdr->flushed_file_offset);
      |                  ^~~~~~~~~~~~~~~~~~~~~~~~~
block/vhdx-endian.c:144:18: warning: taking address of packed member of 'struct VHDXLogEntryHeader' may result in an unaligned pointer value [-Waddress-of-packed-member]
  144 |     cpu_to_le64s(&hdr->last_file_offset);
      |                  ^~~~~~~~~~~~~~~~~~~~~~
block/vhdx-endian.c: In function 'vhdx_region_header_le_import':
block/vhdx-endian.c:153:18: warning: taking address of packed member of 'struct VHDXRegionTableHeader' may result in an unaligned pointer value [-Waddress-of-packed-member]
  153 |     le32_to_cpus(&hdr->signature);
      |                  ^~~~~~~~~~~~~~~
block/vhdx-endian.c:154:18: warning: taking address of packed member of 'struct VHDXRegionTableHeader' may result in an unaligned pointer value [-Waddress-of-packed-member]
  154 |     le32_to_cpus(&hdr->checksum);
      |                  ^~~~~~~~~~~~~~
block/vhdx-endian.c:155:18: warning: taking address of packed member of 'struct VHDXRegionTableHeader' may result in an unaligned pointer value [-Waddress-of-packed-member]
  155 |     le32_to_cpus(&hdr->entry_count);
      |                  ^~~~~~~~~~~~~~~~~
block/vhdx-endian.c: In function 'vhdx_region_header_le_export':
block/vhdx-endian.c:162:18: warning: taking address of packed member of 'struct VHDXRegionTableHeader' may result in an unaligned pointer value [-Waddress-of-packed-member]
  162 |     cpu_to_le32s(&hdr->signature);
      |                  ^~~~~~~~~~~~~~~
block/vhdx-endian.c:163:18: warning: taking address of packed member of 'struct VHDXRegionTableHeader' may result in an unaligned pointer value [-Waddress-of-packed-member]
  163 |     cpu_to_le32s(&hdr->checksum);
      |                  ^~~~~~~~~~~~~~
block/vhdx-endian.c:164:18: warning: taking address of packed member of 'struct VHDXRegionTableHeader' may result in an unaligned pointer value [-Waddress-of-packed-member]
  164 |     cpu_to_le32s(&hdr->entry_count);
      |                  ^~~~~~~~~~~~~~~~~
block/vhdx-endian.c: In function 'vhdx_region_entry_le_import':
block/vhdx-endian.c:172:18: warning: taking address of packed member of 'struct VHDXRegionTableEntry' may result in an unaligned pointer value [-Waddress-of-packed-member]
  172 |     le64_to_cpus(&e->file_offset);
      |                  ^~~~~~~~~~~~~~~
block/vhdx-endian.c:173:18: warning: taking address of packed member of 'struct VHDXRegionTableEntry' may result in an unaligned pointer value [-Waddress-of-packed-member]
  173 |     le32_to_cpus(&e->length);
      |                  ^~~~~~~~~~
block/vhdx-endian.c:174:18: warning: taking address of packed member of 'struct VHDXRegionTableEntry' may result in an unaligned pointer value [-Waddress-of-packed-member]
  174 |     le32_to_cpus(&e->data_bits);
      |                  ^~~~~~~~~~~~~
block/vhdx-endian.c: In function 'vhdx_region_entry_le_export':
block/vhdx-endian.c:182:18: warning: taking address of packed member of 'struct VHDXRegionTableEntry' may result in an unaligned pointer value [-Waddress-of-packed-member]
  182 |     cpu_to_le64s(&e->file_offset);
      |                  ^~~~~~~~~~~~~~~
block/vhdx-endian.c:183:18: warning: taking address of packed member of 'struct VHDXRegionTableEntry' may result in an unaligned pointer value [-Waddress-of-packed-member]
  183 |     cpu_to_le32s(&e->length);
      |                  ^~~~~~~~~~
block/vhdx-endian.c:184:18: warning: taking address of packed member of 'struct VHDXRegionTableEntry' may result in an unaligned pointer value [-Waddress-of-packed-member]
  184 |     cpu_to_le32s(&e->data_bits);
      |                  ^~~~~~~~~~~~~
block/vhdx-endian.c: In function 'vhdx_metadata_header_le_import':
block/vhdx-endian.c:193:18: warning: taking address of packed member of 'struct VHDXMetadataTableHeader' may result in an unaligned pointer value [-Waddress-of-packed-member]
  193 |     le64_to_cpus(&hdr->signature);
      |                  ^~~~~~~~~~~~~~~
block/vhdx-endian.c:194:18: warning: taking address of packed member of 'struct VHDXMetadataTableHeader' may result in an unaligned pointer value [-Waddress-of-packed-member]
  194 |     le16_to_cpus(&hdr->entry_count);
      |                  ^~~~~~~~~~~~~~~~~
block/vhdx-endian.c: In function 'vhdx_metadata_header_le_export':
block/vhdx-endian.c:201:18: warning: taking address of packed member of 'struct VHDXMetadataTableHeader' may result in an unaligned pointer value [-Waddress-of-packed-member]
  201 |     cpu_to_le64s(&hdr->signature);
      |                  ^~~~~~~~~~~~~~~
block/vhdx-endian.c:202:18: warning: taking address of packed member of 'struct VHDXMetadataTableHeader' may result in an unaligned pointer value [-Waddress-of-packed-member]
  202 |     cpu_to_le16s(&hdr->entry_count);
      |                  ^~~~~~~~~~~~~~~~~
block/vhdx-endian.c: In function 'vhdx_metadata_entry_le_import':
block/vhdx-endian.c:210:18: warning: taking address of packed member of 'struct VHDXMetadataTableEntry' may result in an unaligned pointer value [-Waddress-of-packed-member]
  210 |     le32_to_cpus(&e->offset);
      |                  ^~~~~~~~~~
block/vhdx-endian.c:211:18: warning: taking address of packed member of 'struct VHDXMetadataTableEntry' may result in an unaligned pointer value [-Waddress-of-packed-member]
  211 |     le32_to_cpus(&e->length);
      |                  ^~~~~~~~~~
block/vhdx-endian.c:212:18: warning: taking address of packed member of 'struct VHDXMetadataTableEntry' may result in an unaligned pointer value [-Waddress-of-packed-member]
  212 |     le32_to_cpus(&e->data_bits);
      |                  ^~~~~~~~~~~~~
block/vhdx-endian.c: In function 'vhdx_metadata_entry_le_export':
block/vhdx-endian.c:219:18: warning: taking address of packed member of 'struct VHDXMetadataTableEntry' may result in an unaligned pointer value [-Waddress-of-packed-member]
  219 |     cpu_to_le32s(&e->offset);
      |                  ^~~~~~~~~~
block/vhdx-endian.c:220:18: warning: taking address of packed member of 'struct VHDXMetadataTableEntry' may result in an unaligned pointer value [-Waddress-of-packed-member]
  220 |     cpu_to_le32s(&e->length);
      |                  ^~~~~~~~~~
block/vhdx-endian.c:221:18: warning: taking address of packed member of 'struct VHDXMetadataTableEntry' may result in an unaligned pointer value [-Waddress-of-packed-member]
  221 |     cpu_to_le32s(&e->data_bits);
      |                  ^~~~~~~~~~~~~
In file included from block/vhdx-log.c:27:
./block/vhdx.h: In function 'leguid_to_cpus':
./block/vhdx.h:423:18: warning: taking address of packed member of 'struct MSGUID' may result in an unaligned pointer value [-Waddress-of-packed-member]
  423 |     le32_to_cpus(&guid->data1);
      |                  ^~~~~~~~~~~~
./block/vhdx.h:424:18: warning: taking address of packed member of 'struct MSGUID' may result in an unaligned pointer value [-Waddress-of-packed-member]
  424 |     le16_to_cpus(&guid->data2);
      |                  ^~~~~~~~~~~~
./block/vhdx.h:425:18: warning: taking address of packed member of 'struct MSGUID' may result in an unaligned pointer value [-Waddress-of-packed-member]
  425 |     le16_to_cpus(&guid->data3);
      |                  ^~~~~~~~~~~~
./block/vhdx.h: In function 'cpu_to_leguids':
./block/vhdx.h:430:18: warning: taking address of packed member of 'struct MSGUID' may result in an unaligned pointer value [-Waddress-of-packed-member]
  430 |     cpu_to_le32s(&guid->data1);
      |                  ^~~~~~~~~~~~
./block/vhdx.h:431:18: warning: taking address of packed member of 'struct MSGUID' may result in an unaligned pointer value [-Waddress-of-packed-member]
  431 |     cpu_to_le16s(&guid->data2);
      |                  ^~~~~~~~~~~~
./block/vhdx.h:432:18: warning: taking address of packed member of 'struct MSGUID' may result in an unaligned pointer value [-Waddress-of-packed-member]
  432 |     cpu_to_le16s(&guid->data3);
      |                  ^~~~~~~~~~~~
block/vhdx-log.c: In function 'vhdx_log_raw_to_le_sector':
block/vhdx-log.c:838:18: warning: taking address of packed member of 'struct VHDXLogDescriptor' may result in an unaligned pointer value [-Waddress-of-packed-member]
  838 |     cpu_to_le64s(&desc->leading_bytes);
      |                  ^~~~~~~~~~~~~~~~~~~~
block/vhdx-log.c:842:18: warning: taking address of packed member of 'struct VHDXLogDescriptor' may result in an unaligned pointer value [-Waddress-of-packed-member]
  842 |     cpu_to_le32s(&desc->trailing_bytes);
      |                  ^~~~~~~~~~~~~~~~~~~~~
  CC      block/null.o
  CC      block/mirror.o
  CC      block/commit.o
  CC      block/io.o
  CC      block/create.o
  CC      block/throttle-groups.o
  CC      block/nbd.o
  CC      block/nbd-client.o
  CC      block/sheepdog.o
  CC      block/accounting.o
  CC      block/dirty-bitmap.o
  CC      block/write-threshold.o
  CC      block/backup.o
  CC      block/replication.o
  CC      block/throttle.o
block/commit.c: In function 'commit_run':
block/commit.c:148:9: warning: variable 'bytes_written' set but not used [-Wunused-but-set-variable=]
  148 |     int bytes_written = 0;
      |         ^~~~~~~~~~~~~
  CC      block/crypto.o
  CC      nbd/server.o
  CC      nbd/client.o
  CC      nbd/common.o
  CC      scsi/utils.o
  CC      block/curl.o
  CC      block/ssh.o
  CC      block/dmg-bz2.o
  CC      crypto/init.o
  CC      crypto/hash.o
  CC      crypto/hash-gcrypt.o
  CC      crypto/hmac.o
  CC      crypto/hmac-gcrypt.o
  CC      crypto/aes.o
nbd/server.c: In function 'blockstatus_to_extent_be':
nbd/server.c:1745:18: warning: taking address of packed member of 'struct NBDExtent' may result in an unaligned pointer value [-Waddress-of-packed-member]
 1745 |     cpu_to_be32s(&extent->flags);
      |                  ^~~~~~~~~~~~~~
  CC      crypto/desrfb.o
  CC      crypto/cipher.o
nbd/client.c: In function 'nbd_receive_option_reply':
nbd/client.c:120:18: warning: taking address of packed member of 'struct NBDOptionReply' may result in an unaligned pointer value [-Waddress-of-packed-member]
  120 |     be64_to_cpus(&reply->magic);
      |                  ^~~~~~~~~~~~~
nbd/client.c:121:18: warning: taking address of packed member of 'struct NBDOptionReply' may result in an unaligned pointer value [-Waddress-of-packed-member]
  121 |     be32_to_cpus(&reply->option);
      |                  ^~~~~~~~~~~~~~
nbd/client.c:122:18: warning: taking address of packed member of 'struct NBDOptionReply' may result in an unaligned pointer value [-Waddress-of-packed-member]
  122 |     be32_to_cpus(&reply->type);
      |                  ^~~~~~~~~~~~
nbd/client.c:123:18: warning: taking address of packed member of 'struct NBDOptionReply' may result in an unaligned pointer value [-Waddress-of-packed-member]
  123 |     be32_to_cpus(&reply->length);
      |                  ^~~~~~~~~~~~~~
nbd/client.c: In function 'nbd_receive_simple_reply':
nbd/client.c:1061:18: warning: taking address of packed member of 'struct NBDSimpleReply' may result in an unaligned pointer value [-Waddress-of-packed-member]
 1061 |     be32_to_cpus(&reply->error);
      |                  ^~~~~~~~~~~~~
nbd/client.c:1062:18: warning: taking address of packed member of 'struct NBDSimpleReply' may result in an unaligned pointer value [-Waddress-of-packed-member]
 1062 |     be64_to_cpus(&reply->handle);
      |                  ^~~~~~~~~~~~~~
nbd/client.c: In function 'nbd_receive_structured_reply_chunk':
nbd/client.c:1086:18: warning: taking address of packed member of 'struct NBDStructuredReplyChunk' may result in an unaligned pointer value [-Waddress-of-packed-member]
 1086 |     be16_to_cpus(&chunk->flags);
      |                  ^~~~~~~~~~~~~
nbd/client.c:1087:18: warning: taking address of packed member of 'struct NBDStructuredReplyChunk' may result in an unaligned pointer value [-Waddress-of-packed-member]
 1087 |     be16_to_cpus(&chunk->type);
      |                  ^~~~~~~~~~~~
nbd/client.c:1088:18: warning: taking address of packed member of 'struct NBDStructuredReplyChunk' may result in an unaligned pointer value [-Waddress-of-packed-member]
 1088 |     be64_to_cpus(&chunk->handle);
      |                  ^~~~~~~~~~~~~~
nbd/client.c:1089:18: warning: taking address of packed member of 'struct NBDStructuredReplyChunk' may result in an unaligned pointer value [-Waddress-of-packed-member]
 1089 |     be32_to_cpus(&chunk->length);
      |                  ^~~~~~~~~~~~~~
nbd/client.c: In function 'nbd_receive_reply':
nbd/client.c:1109:18: warning: taking address of packed member of 'struct <anonymous>' may result in an unaligned pointer value [-Waddress-of-packed-member]
 1109 |     be32_to_cpus(&reply->magic);
      |                  ^~~~~~~~~~~~~
  CC      crypto/tlscreds.o
block/curl.c: In function 'curl_init_state':
block/curl.c:522:9: warning: 'CURLOPT_PROTOCOLS' is deprecated: since 7.85.0. Use CURLOPT_PROTOCOLS_STR [-Wdeprecated-declarations]
  522 |         curl_easy_setopt(state->curl, CURLOPT_PROTOCOLS, PROTOCOLS);
      |         ^~~~~~~~~~~~~~~~
In file included from block/curl.c:33:
C:/Users/Syf/Desktop/BS4/tools/msys64/msys64/mingw64/include/curl/curl.h:1798:3: note: declared here
 1798 |   CURLOPTDEPRECATED(CURLOPT_PROTOCOLS, CURLOPTTYPE_LONG, 181,
      |   ^~~~~~~~~~~~~~~~~
block/curl.c:523:9: warning: 'CURLOPT_REDIR_PROTOCOLS' is deprecated: since 7.85.0. Use CURLOPT_REDIR_PROTOCOLS_STR [-Wdeprecated-declarations]
  523 |         curl_easy_setopt(state->curl, CURLOPT_REDIR_PROTOCOLS, PROTOCOLS);
      |         ^~~~~~~~~~~~~~~~
C:/Users/Syf/Desktop/BS4/tools/msys64/msys64/mingw64/include/curl/curl.h:1804:3: note: declared here
 1804 |   CURLOPTDEPRECATED(CURLOPT_REDIR_PROTOCOLS, CURLOPTTYPE_LONG, 182,
      |   ^~~~~~~~~~~~~~~~~
block/curl.c: In function 'curl_open':
block/curl.c:802:5: warning: 'CURLINFO_CONTENT_LENGTH_DOWNLOAD' is deprecated: since 7.55.0. Use CURLINFO_CONTENT_LENGTH_DOWNLOAD_T [-Wdeprecated-declarations]
  802 |     if (curl_easy_getinfo(state->curl, CURLINFO_CONTENT_LENGTH_DOWNLOAD, &d)) {
      |     ^~
C:/Users/Syf/Desktop/BS4/tools/msys64/msys64/mingw64/include/curl/curl.h:2957:3: note: declared here
 2957 |   CURLINFO_CONTENT_LENGTH_DOWNLOAD
      |   ^~~~~~~~~~~~~~~~~~~~~~~~~~~~~~~~
  CC      crypto/tlscredsanon.o
  CC      crypto/tlscredsx509.o
  CC      crypto/tlssession.o
  CC      crypto/secret.o
  CC      crypto/random-gcrypt.o
  CC      crypto/pbkdf.o
  CC      crypto/pbkdf-gcrypt.o
  CC      crypto/ivgen.o
  CC      crypto/ivgen-essiv.o
  CC      crypto/ivgen-plain.o
  CC      crypto/ivgen-plain64.o
  CC      crypto/afsplit.o
  CC      crypto/xts.o
  CC      crypto/block.o
  CC      crypto/block-qcow.o
  CC      crypto/block-luks.o
  CC      io/channel.o
  CC      io/channel-buffer.o
  CC      io/channel-command.o
  CC      io/channel-file.o
  CC      io/channel-socket.o
  CC      io/channel-tls.o
  CC      io/channel-watch.o
  CC      io/channel-websock.o
  CC      io/channel-util.o
  CC      io/dns-resolver.o
  CC      io/net-listener.o
  CC      io/task.o
crypto/block-luks.c: In function 'qcrypto_block_luks_open':
crypto/block-luks.c:687:18: warning: taking address of packed member of 'struct QCryptoBlockLUKSHeader' may result in an unaligned pointer value [-Waddress-of-packed-member]
  687 |     be16_to_cpus(&luks->header.version);
      |                  ^~~~~~~~~~~~~~~~~~~~~
crypto/block-luks.c:688:18: warning: taking address of packed member of 'struct QCryptoBlockLUKSHeader' may result in an unaligned pointer value [-Waddress-of-packed-member]
  688 |     be32_to_cpus(&luks->header.payload_offset);
      |                  ^~~~~~~~~~~~~~~~~~~~~~~~~~~~
crypto/block-luks.c:689:18: warning: taking address of packed member of 'struct QCryptoBlockLUKSHeader' may result in an unaligned pointer value [-Waddress-of-packed-member]
  689 |     be32_to_cpus(&luks->header.key_bytes);
      |                  ^~~~~~~~~~~~~~~~~~~~~~~
crypto/block-luks.c:690:18: warning: taking address of packed member of 'struct QCryptoBlockLUKSHeader' may result in an unaligned pointer value [-Waddress-of-packed-member]
  690 |     be32_to_cpus(&luks->header.master_key_iterations);
      |                  ^~~~~~~~~~~~~~~~~~~~~~~~~~~~~~~~~~~
crypto/block-luks.c:693:22: warning: taking address of packed member of 'struct QCryptoBlockLUKSKeySlot' may result in an unaligned pointer value [-Waddress-of-packed-member]
  693 |         be32_to_cpus(&luks->header.key_slots[i].active);
      |                      ^~~~~~~~~~~~~~~~~~~~~~~~~~~~~~~~~
crypto/block-luks.c:694:22: warning: taking address of packed member of 'struct QCryptoBlockLUKSKeySlot' may result in an unaligned pointer value [-Waddress-of-packed-member]
  694 |         be32_to_cpus(&luks->header.key_slots[i].iterations);
      |                      ^~~~~~~~~~~~~~~~~~~~~~~~~~~~~~~~~~~~~
crypto/block-luks.c:695:22: warning: taking address of packed member of 'struct QCryptoBlockLUKSKeySlot' may result in an unaligned pointer value [-Waddress-of-packed-member]
  695 |         be32_to_cpus(&luks->header.key_slots[i].key_offset);
      |                      ^~~~~~~~~~~~~~~~~~~~~~~~~~~~~~~~~~~~~
crypto/block-luks.c:696:22: warning: taking address of packed member of 'struct QCryptoBlockLUKSKeySlot' may result in an unaligned pointer value [-Waddress-of-packed-member]
  696 |         be32_to_cpus(&luks->header.key_slots[i].stripes);
      |                      ^~~~~~~~~~~~~~~~~~~~~~~~~~~~~~~~~~
crypto/block-luks.c: In function 'qcrypto_block_luks_create':
crypto/block-luks.c:1257:18: warning: taking address of packed member of 'struct QCryptoBlockLUKSHeader' may result in an unaligned pointer value [-Waddress-of-packed-member]
 1257 |     cpu_to_be16s(&luks->header.version);
      |                  ^~~~~~~~~~~~~~~~~~~~~
crypto/block-luks.c:1258:18: warning: taking address of packed member of 'struct QCryptoBlockLUKSHeader' may result in an unaligned pointer value [-Waddress-of-packed-member]
 1258 |     cpu_to_be32s(&luks->header.payload_offset);
      |                  ^~~~~~~~~~~~~~~~~~~~~~~~~~~~
crypto/block-luks.c:1259:18: warning: taking address of packed member of 'struct QCryptoBlockLUKSHeader' may result in an unaligned pointer value [-Waddress-of-packed-member]
 1259 |     cpu_to_be32s(&luks->header.key_bytes);
      |                  ^~~~~~~~~~~~~~~~~~~~~~~
crypto/block-luks.c:1260:18: warning: taking address of packed member of 'struct QCryptoBlockLUKSHeader' may result in an unaligned pointer value [-Waddress-of-packed-member]
 1260 |     cpu_to_be32s(&luks->header.master_key_iterations);
      |                  ^~~~~~~~~~~~~~~~~~~~~~~~~~~~~~~~~~~
crypto/block-luks.c:1263:22: warning: taking address of packed member of 'struct QCryptoBlockLUKSKeySlot' may result in an unaligned pointer value [-Waddress-of-packed-member]
 1263 |         cpu_to_be32s(&luks->header.key_slots[i].active);
      |                      ^~~~~~~~~~~~~~~~~~~~~~~~~~~~~~~~~
crypto/block-luks.c:1264:22: warning: taking address of packed member of 'struct QCryptoBlockLUKSKeySlot' may result in an unaligned pointer value [-Waddress-of-packed-member]
 1264 |         cpu_to_be32s(&luks->header.key_slots[i].iterations);
      |                      ^~~~~~~~~~~~~~~~~~~~~~~~~~~~~~~~~~~~~
crypto/block-luks.c:1265:22: warning: taking address of packed member of 'struct QCryptoBlockLUKSKeySlot' may result in an unaligned pointer value [-Waddress-of-packed-member]
 1265 |         cpu_to_be32s(&luks->header.key_slots[i].key_offset);
      |                      ^~~~~~~~~~~~~~~~~~~~~~~~~~~~~~~~~~~~~
crypto/block-luks.c:1266:22: warning: taking address of packed member of 'struct QCryptoBlockLUKSKeySlot' may result in an unaligned pointer value [-Waddress-of-packed-member]
 1266 |         cpu_to_be32s(&luks->header.key_slots[i].stripes);
      |                      ^~~~~~~~~~~~~~~~~~~~~~~~~~~~~~~~~~
crypto/block-luks.c:1281:18: warning: taking address of packed member of 'struct QCryptoBlockLUKSHeader' may result in an unaligned pointer value [-Waddress-of-packed-member]
 1281 |     be16_to_cpus(&luks->header.version);
      |                  ^~~~~~~~~~~~~~~~~~~~~
crypto/block-luks.c:1282:18: warning: taking address of packed member of 'struct QCryptoBlockLUKSHeader' may result in an unaligned pointer value [-Waddress-of-packed-member]
 1282 |     be32_to_cpus(&luks->header.payload_offset);
      |                  ^~~~~~~~~~~~~~~~~~~~~~~~~~~~
crypto/block-luks.c:1283:18: warning: taking address of packed member of 'struct QCryptoBlockLUKSHeader' may result in an unaligned pointer value [-Waddress-of-packed-member]
 1283 |     be32_to_cpus(&luks->header.key_bytes);
      |                  ^~~~~~~~~~~~~~~~~~~~~~~
crypto/block-luks.c:1284:18: warning: taking address of packed member of 'struct QCryptoBlockLUKSHeader' may result in an unaligned pointer value [-Waddress-of-packed-member]
 1284 |     be32_to_cpus(&luks->header.master_key_iterations);
      |                  ^~~~~~~~~~~~~~~~~~~~~~~~~~~~~~~~~~~
crypto/block-luks.c:1287:22: warning: taking address of packed member of 'struct QCryptoBlockLUKSKeySlot' may result in an unaligned pointer value [-Waddress-of-packed-member]
 1287 |         be32_to_cpus(&luks->header.key_slots[i].active);
      |                      ^~~~~~~~~~~~~~~~~~~~~~~~~~~~~~~~~
crypto/block-luks.c:1288:22: warning: taking address of packed member of 'struct QCryptoBlockLUKSKeySlot' may result in an unaligned pointer value [-Waddress-of-packed-member]
 1288 |         be32_to_cpus(&luks->header.key_slots[i].iterations);
      |                      ^~~~~~~~~~~~~~~~~~~~~~~~~~~~~~~~~~~~~
crypto/block-luks.c:1289:22: warning: taking address of packed member of 'struct QCryptoBlockLUKSKeySlot' may result in an unaligned pointer value [-Waddress-of-packed-member]
 1289 |         be32_to_cpus(&luks->header.key_slots[i].key_offset);
      |                      ^~~~~~~~~~~~~~~~~~~~~~~~~~~~~~~~~~~~~
crypto/block-luks.c:1290:22: warning: taking address of packed member of 'struct QCryptoBlockLUKSKeySlot' may result in an unaligned pointer value [-Waddress-of-packed-member]
 1290 |         be32_to_cpus(&luks->header.key_slots[i].stripes);
      |                      ^~~~~~~~~~~~~~~~~~~~~~~~~~~~~~~~~~
  CC      qom/object.o
  CC      qom/container.o
  CC      qom/qom-qobject.o
  CC      qom/object_interfaces.o
  CC      qemu-img-ps4.o
  CC      qemu-io.o
  CC      blockdev.o
  CC      blockdev-nbd.o
  CC      bootdevice.o
  CC      iothread.o
  CC      qdev-monitor.o
  CC      device-hotplug.o
  CC      os-win32.o
  CC      bt-host.o
  CC      bt-vhci.o
  CC      dma-helpers.o
  CC      vl.o
  CC      tpm.o
  CC      device_tree.o
qemu-img-ps4.c: In function 'generate_hdd_gpt':
qemu-img-ps4.c:204:14: warning: variable 'last_lba' set but not used [-Wunused-but-set-variable=]
  204 |     uint32_t last_lba, backup_lba;
      |              ^~~~~~~~
qemu-img-ps4.c: In function 'generate_hdd_sce_partition_img':
qemu-img-ps4.c:296:12: warning: suggest parentheses around assignment used as truth value [-Wparentheses]
  296 |     while (count = fread(buffer, 1, sizeof(buffer), file)) {
      |            ^~~~~
  CC      qapi/qapi-commands.o
  CC      qapi/qapi-commands-block-core.o
  CC      qapi/qapi-commands-block.o
  CC      qapi/qapi-commands-char.o
  CC      qapi/qapi-commands-common.o
  CC      qapi/qapi-commands-crypto.o
  CC      qapi/qapi-commands-introspect.o
  CC      qapi/qapi-commands-migration.o
  CC      qapi/qapi-commands-misc.o
  CC      qapi/qapi-commands-net.o
  CC      qapi/qapi-commands-rocker.o
  CC      qapi/qapi-commands-run-state.o
  CC      qapi/qapi-commands-sockets.o
  CC      qapi/qapi-commands-tpm.o
  CC      qapi/qapi-commands-trace.o
vl.c: In function 'parse_fw_cfg':
vl.c:2332:9: warning: 'g_memdup' is deprecated: Use 'g_memdup2' instead [-Wdeprecated-declarations]
 2332 |         buf = g_memdup(str, size);
      |         ^~~
In file included from C:/Users/Syf/Desktop/BS4/tools/msys64/msys64/mingw64/include/glib-2.0/glib/gstring.h:37,
                 from C:/Users/Syf/Desktop/BS4/tools/msys64/msys64/mingw64/include/glib-2.0/glib/giochannel.h:36,
                 from C:/Users/Syf/Desktop/BS4/tools/msys64/msys64/mingw64/include/glib-2.0/glib.h:56,
                 from C:/Users/Syf/Desktop/BS4/orbital-500/orbital-qemu/include/glib-compat.h:19,
                 from C:/Users/Syf/Desktop/BS4/orbital-500/orbital-qemu/include/qemu/osdep.h:107,
                 from vl.c:25:
C:/Users/Syf/Desktop/BS4/tools/msys64/msys64/mingw64/include/glib-2.0/glib/gstrfuncs.h:338:23: note: declared here
  338 | gpointer              g_memdup         (gconstpointer mem,
      |                       ^~~~~~~~
  CC      qapi/qapi-commands-transaction.o
  CC      qapi/qapi-commands-ui.o
  CC      qmp.o
  CC      hmp.o
  CC      cpus-common.o
  CC      audio/audio.o
  CC      audio/noaudio.o
  CC      audio/wavaudio.o
  CC      audio/mixeng.o
  CC      audio/dsoundaudio.o
  CC      audio/audio_win_int.o
  CC      audio/wavcapture.o
  CC      backends/rng.o
  CC      backends/rng-egd.o
  CC      backends/tpm.o
  CC      backends/hostmem.o
  CC      backends/hostmem-ram.o
  CC      backends/cryptodev.o
  CC      backends/cryptodev-builtin.o
  CC      backends/cryptodev-vhost.o
  CC      block/stream.o
  CC      chardev/msmouse.o
  CC      chardev/testdev.o
  CC      chardev/wctablet.o
  CC      disas/i386.o
  CC      hw/acpi/core.o
  CC      hw/acpi/piix4.o
  CC      hw/acpi/pcihp.o
  CC      hw/acpi/ich9.o
  CC      hw/acpi/tco.o
  CC      hw/acpi/cpu_hotplug.o
  CC      hw/acpi/memory_hotplug.o
  CC      hw/acpi/cpu.o
  CC      hw/acpi/nvdimm.o
  CC      hw/acpi/vmgenid.o
  CC      hw/acpi/acpi_interface.o
  CC      hw/acpi/bios-linker-loader.o
hw/acpi/core.c: In function 'acpi_pm1_cnt_init':
hw/acpi/core.c:630:9: warning: 'g_memdup' is deprecated: Use 'g_memdup2' instead [-Wdeprecated-declarations]
  630 |         fw_cfg_add_file(fw_cfg, "etc/system-states", g_memdup(suspend, 6), 6);
      |         ^~~~~~~~~~~~~~~
In file included from C:/Users/Syf/Desktop/BS4/tools/msys64/msys64/mingw64/include/glib-2.0/glib/gstring.h:37,
                 from C:/Users/Syf/Desktop/BS4/tools/msys64/msys64/mingw64/include/glib-2.0/glib/giochannel.h:36,
                 from C:/Users/Syf/Desktop/BS4/tools/msys64/msys64/mingw64/include/glib-2.0/glib.h:56,
                 from C:/Users/Syf/Desktop/BS4/orbital-500/orbital-qemu/include/glib-compat.h:19,
                 from C:/Users/Syf/Desktop/BS4/orbital-500/orbital-qemu/include/qemu/osdep.h:107,
                 from hw/acpi/core.c:22:
C:/Users/Syf/Desktop/BS4/tools/msys64/msys64/mingw64/include/glib-2.0/glib/gstrfuncs.h:338:23: note: declared here
  338 | gpointer              g_memdup         (gconstpointer mem,
      |                       ^~~~~~~~
  CC      hw/acpi/aml-build.o
  CC      hw/acpi/ipmi.o
  CC      hw/acpi/acpi-stub.o
  CC      hw/acpi/ipmi-stub.o
  CC      hw/audio/sb16.o
  CC      hw/audio/es1370.o
  CC      hw/audio/ac97.o
  CC      hw/audio/adlib.o
  CC      hw/audio/fmopl.o
  CC      hw/audio/gus.o
  CC      hw/audio/gusemu_hal.o
hw/acpi/nvdimm.c: In function 'nvdimm_dsm_func_read_fit':
hw/acpi/nvdimm.c:547:18: warning: taking address of packed member of 'struct NvdimmFuncReadFITIn' may result in an unaligned pointer value [-Waddress-of-packed-member]
  547 |     le32_to_cpus(&read_fit->offset);
      |                  ^~~~~~~~~~~~~~~~~
hw/acpi/nvdimm.c: In function 'nvdimm_dsm_get_label_data':
hw/acpi/nvdimm.c:708:18: warning: taking address of packed member of 'struct NvdimmFuncGetLabelDataIn' may result in an unaligned pointer value [-Waddress-of-packed-member]
  708 |     le32_to_cpus(&get_label_data->offset);
      |                  ^~~~~~~~~~~~~~~~~~~~~~~
hw/acpi/nvdimm.c:709:18: warning: taking address of packed member of 'struct NvdimmFuncGetLabelDataIn' may result in an unaligned pointer value [-Waddress-of-packed-member]
  709 |     le32_to_cpus(&get_label_data->length);
      |                  ^~~~~~~~~~~~~~~~~~~~~~~
hw/acpi/nvdimm.c: In function 'nvdimm_dsm_set_label_data':
hw/acpi/nvdimm.c:747:18: warning: taking address of packed member of 'struct NvdimmFuncSetLabelDataIn' may result in an unaligned pointer value [-Waddress-of-packed-member]
  747 |     le32_to_cpus(&set_label_data->offset);
      |                  ^~~~~~~~~~~~~~~~~~~~~~~
hw/acpi/nvdimm.c:748:18: warning: taking address of packed member of 'struct NvdimmFuncSetLabelDataIn' may result in an unaligned pointer value [-Waddress-of-packed-member]
  748 |     le32_to_cpus(&set_label_data->length);
      |                  ^~~~~~~~~~~~~~~~~~~~~~~
hw/acpi/nvdimm.c: In function 'nvdimm_dsm_write':
hw/acpi/nvdimm.c:843:18: warning: taking address of packed member of 'struct NvdimmDsmIn' may result in an unaligned pointer value [-Waddress-of-packed-member]
  843 |     le32_to_cpus(&in->revision);
      |                  ^~~~~~~~~~~~~
hw/acpi/nvdimm.c:844:18: warning: taking address of packed member of 'struct NvdimmDsmIn' may result in an unaligned pointer value [-Waddress-of-packed-member]
  844 |     le32_to_cpus(&in->function);
      |                  ^~~~~~~~~~~~~
hw/acpi/nvdimm.c:845:18: warning: taking address of packed member of 'struct NvdimmDsmIn' may result in an unaligned pointer value [-Waddress-of-packed-member]
  845 |     le32_to_cpus(&in->handle);
      |                  ^~~~~~~~~~~
  CC      hw/audio/gusemu_mixer.o
  CC      hw/audio/cs4231a.o
  CC      hw/audio/intel-hda.o
  CC      hw/audio/hda-codec.o
  CC      hw/audio/pcspk.o
  CC      hw/audio/soundhw.o
  CC      hw/block/block.o
  CC      hw/block/cdrom.o
  CC      hw/block/hd-geometry.o
hw/audio/adlib.c: In function 'adlib_callback':
hw/audio/adlib.c:190:18: warning: variable 'net' set but not used [-Wunused-but-set-variable=]
  190 |     int samples, net = 0, to_play, written;
      |                  ^~~
  CC      hw/block/fdc.o
  CC      hw/block/pflash_cfi01.o
  CC      hw/block/nvme.o
  CC      hw/bt/core.o
  CC      hw/bt/l2cap.o
  CC      hw/bt/sdp.o
  CC      hw/bt/hci.o
  CC      hw/bt/hid.o
  CC      hw/bt/hci-csr.o
  CC      hw/char/ipoctal232.o
  CC      hw/char/parallel.o
  CC      hw/char/parallel-isa.o
  CC      hw/char/serial.o
  CC      hw/char/serial-isa.o
  CC      hw/char/serial-pci.o
  CC      hw/char/virtio-console.o
  CC      hw/char/debugcon.o
  CC      hw/core/qdev.o
  CC      hw/core/qdev-properties.o
  CC      hw/core/bus.o
  CC      hw/core/reset.o
  CC      hw/core/qdev-fw.o
  CC      hw/core/fw-path-provider.o
  CC      hw/core/irq.o
  CC      hw/core/hotplug.o
  CC      hw/core/nmi.o
  CC      hw/core/sysbus.o
  CC      hw/core/machine.o
  CC      hw/core/loader.o
  CC      hw/core/qdev-properties-system.o
  CC      hw/core/register.o
  CC      hw/core/or-irq.o
  CC      hw/core/split-irq.o
  CC      hw/cpu/core.o
  CC      hw/display/cirrus_vga.o
  CC      hw/display/vga-pci.o
  CC      hw/display/vga-isa.o
  CC      hw/display/vmware_vga.o
  CC      hw/dma/i8257.o
  CC      hw/i2c/core.o
  CC      hw/i2c/smbus.o
hw/core/machine.c: In function 'machine_query_hotpluggable_cpus':
hw/core/machine.c:409:9: warning: 'g_memdup' is deprecated: Use 'g_memdup2' instead [-Wdeprecated-declarations]
  409 |         cpu_item->props = g_memdup(&machine->possible_cpus->cpus[i].props,
      |         ^~~~~~~~
In file included from C:/Users/Syf/Desktop/BS4/tools/msys64/msys64/mingw64/include/glib-2.0/glib/gstring.h:37,
                 from C:/Users/Syf/Desktop/BS4/tools/msys64/msys64/mingw64/include/glib-2.0/glib/giochannel.h:36,
                 from C:/Users/Syf/Desktop/BS4/tools/msys64/msys64/mingw64/include/glib-2.0/glib.h:56,
                 from C:/Users/Syf/Desktop/BS4/orbital-500/orbital-qemu/include/glib-compat.h:19,
                 from C:/Users/Syf/Desktop/BS4/orbital-500/orbital-qemu/include/qemu/osdep.h:107,
                 from hw/core/machine.c:13:
C:/Users/Syf/Desktop/BS4/tools/msys64/msys64/mingw64/include/glib-2.0/glib/gstrfuncs.h:338:23: note: declared here
  338 | gpointer              g_memdup         (gconstpointer mem,
      |                       ^~~~~~~~
  CC      hw/i2c/smbus_eeprom.o
  CC      hw/i2c/smbus_ich9.o
  CC      hw/i2c/pm_smbus.o
  CC      hw/ide/core.o
  CC      hw/ide/atapi.o
  CC      hw/ide/qdev.o
  CC      hw/ide/pci.o
  CC      hw/ide/isa.o
  CC      hw/ide/piix.o
  CC      hw/ide/ahci.o
  CC      hw/ide/ich.o
  CC      hw/input/hid.o
  CC      hw/input/pckbd.o
  CC      hw/input/ps2.o
  CC      hw/input/virtio-input.o
  CC      hw/input/virtio-input-hid.o
  CC      hw/intc/i8259_common.o
  CC      hw/intc/i8259.o
  CC      hw/intc/ioapic_common.o
  CC      hw/intc/intc.o
  CC      hw/ipack/ipack.o
  CC      hw/ipack/tpci200.o
  CC      hw/ipmi/ipmi.o
  CC      hw/ipmi/ipmi_bmc_sim.o
  CC      hw/ipmi/ipmi_bmc_extern.o
  CC      hw/ipmi/isa_ipmi_kcs.o
  CC      hw/ipmi/isa_ipmi_bt.o
  CC      hw/isa/isa-bus.o
  CC      hw/isa/isa-superio.o
  CC      hw/isa/smc37c669-superio.o
  CC      hw/isa/apm.o
  CC      hw/mem/pc-dimm.o
  CC      hw/mem/nvdimm.o
  CC      hw/misc/applesmc.o
  CC      hw/misc/debugexit.o
  CC      hw/misc/sga.o
  CC      hw/misc/pc-testdev.o
  CC      hw/misc/pci-testdev.o
  CC      hw/misc/edu.o
  CC      hw/misc/unimp.o
  CC      hw/net/ne2000.o
  CC      hw/net/eepro100.o
  CC      hw/net/pcnet-pci.o
  CC      hw/net/pcnet.o
  CC      hw/net/e1000.o
  CC      hw/net/e1000x_common.o
  CC      hw/net/net_tx_pkt.o
  CC      hw/net/net_rx_pkt.o
  CC      hw/net/e1000e.o
  CC      hw/net/e1000e_core.o
  CC      hw/net/rtl8139.o
  CC      hw/net/ne2000-isa.o
  CC      hw/net/rocker/rocker.o
  CC      hw/net/rocker/rocker_fp.o
hw/net/eepro100.c: In function 'e100_nic_realize':
hw/net/eepro100.c:1873:5: warning: 'g_memdup' is deprecated: Use 'g_memdup2' instead [-Wdeprecated-declarations]
 1873 |     s->vmstate = g_memdup(&vmstate_eepro100, sizeof(vmstate_eepro100));
      |     ^
In file included from C:/Users/Syf/Desktop/BS4/tools/msys64/msys64/mingw64/include/glib-2.0/glib/gstring.h:37,
                 from C:/Users/Syf/Desktop/BS4/tools/msys64/msys64/mingw64/include/glib-2.0/glib/giochannel.h:36,
                 from C:/Users/Syf/Desktop/BS4/tools/msys64/msys64/mingw64/include/glib-2.0/glib.h:56,
                 from C:/Users/Syf/Desktop/BS4/orbital-500/orbital-qemu/include/glib-compat.h:19,
                 from C:/Users/Syf/Desktop/BS4/orbital-500/orbital-qemu/include/qemu/osdep.h:107,
                 from hw/net/eepro100.c:43:
C:/Users/Syf/Desktop/BS4/tools/msys64/msys64/mingw64/include/glib-2.0/glib/gstrfuncs.h:338:23: note: declared here
  338 | gpointer              g_memdup         (gconstpointer mem,
      |                       ^~~~~~~~
  CC      hw/net/rocker/rocker_desc.o
  CC      hw/net/rocker/rocker_world.o
  CC      hw/net/rocker/rocker_of_dpa.o
  CC      hw/net/can/can_sja1000.o
  CC      hw/net/can/can_kvaser_pci.o
  CC      hw/net/can/can_pcm3680_pci.o
  CC      hw/net/can/can_mioe3680_pci.o
  CC      hw/nvram/eeprom93xx.o
  CC      hw/nvram/eeprom_at24c.o
hw/net/rtl8139.c: In function 'rtl8139_cplus_transmit_one':
hw/net/rtl8139.c:2154:21: warning: variable 'send_count' set but not used [-Wunused-but-set-variable=]
 2154 |                 int send_count = 0;
      |                     ^~~~~~~~~~
  CC      hw/nvram/fw_cfg.o
hw/net/rocker/rocker.c: In function 'tx_consume':
hw/net/rocker/rocker.c:165:14: warning: variable 'tx_l3_csum_off' set but not used [-Wunused-but-set-variable=]
  165 |     uint16_t tx_l3_csum_off = 0;
      |              ^~~~~~~~~~~~~~
  CC      hw/nvram/chrp_nvram.o
  CC      hw/pci-bridge/pci_bridge_dev.o
  CC      hw/pci-bridge/pcie_root_port.o
  CC      hw/pci-bridge/gen_pcie_root_port.o
  CC      hw/pci-bridge/pcie_pci_bridge.o
  CC      hw/pci-bridge/pci_expander_bridge.o
  CC      hw/pci-bridge/xio3130_upstream.o
  CC      hw/pci-bridge/xio3130_downstream.o
  CC      hw/pci-bridge/ioh3420.o
  CC      hw/pci-bridge/i82801b11.o
  CC      hw/pci-host/pam.o
  CC      hw/pci-host/piix.o
  CC      hw/pci-host/q35.o
  CC      hw/pci/pci.o
  CC      hw/pci/pci_bridge.o
hw/nvram/fw_cfg.c: In function 'fw_cfg_reboot':
hw/nvram/fw_cfg.c:208:5: warning: 'g_memdup' is deprecated: Use 'g_memdup2' instead [-Wdeprecated-declarations]
  208 |     fw_cfg_add_file(s, "etc/boot-fail-wait", g_memdup(&reboot_timeout, 4), 4);
      |     ^~~~~~~~~~~~~~~
In file included from C:/Users/Syf/Desktop/BS4/tools/msys64/msys64/mingw64/include/glib-2.0/glib/gstring.h:37,
                 from C:/Users/Syf/Desktop/BS4/tools/msys64/msys64/mingw64/include/glib-2.0/glib/giochannel.h:36,
                 from C:/Users/Syf/Desktop/BS4/tools/msys64/msys64/mingw64/include/glib-2.0/glib.h:56,
                 from C:/Users/Syf/Desktop/BS4/orbital-500/orbital-qemu/include/glib-compat.h:19,
                 from C:/Users/Syf/Desktop/BS4/orbital-500/orbital-qemu/include/qemu/osdep.h:107,
                 from hw/nvram/fw_cfg.c:25:
C:/Users/Syf/Desktop/BS4/tools/msys64/msys64/mingw64/include/glib-2.0/glib/gstrfuncs.h:338:23: note: declared here
  338 | gpointer              g_memdup         (gconstpointer mem,
      |                       ^~~~~~~~
hw/nvram/fw_cfg.c: In function 'fw_cfg_add_string':
hw/nvram/fw_cfg.c:627:5: warning: 'g_memdup' is deprecated: Use 'g_memdup2' instead [-Wdeprecated-declarations]
  627 |     fw_cfg_add_bytes(s, key, g_memdup(value, sz), sz);
      |     ^~~~~~~~~~~~~~~~
C:/Users/Syf/Desktop/BS4/tools/msys64/msys64/mingw64/include/glib-2.0/glib/gstrfuncs.h:338:23: note: declared here
  338 | gpointer              g_memdup         (gconstpointer mem,
      |                       ^~~~~~~~
  CC      hw/pci/msix.o
  CC      hw/pci/msi.o
  CC      hw/pci/shpc.o
  CC      hw/pci/slotid_cap.o
  CC      hw/pci/pci_host.o
  CC      hw/pci/pcie_host.o
  CC      hw/pci/pcie.o
  CC      hw/pci/pcie_aer.o
  CC      hw/pci/pcie_port.o
  CC      hw/pci/pci-stub.o
  CC      hw/pcmcia/pcmcia.o
  CC      hw/scsi/scsi-disk.o
  CC      hw/scsi/scsi-generic.o
  CC      hw/scsi/scsi-bus.o
  CC      hw/scsi/lsi53c895a.o
  CC      hw/scsi/mptsas.o
  CC      hw/scsi/mptconfig.o
  CC      hw/scsi/mptendian.o
  CC      hw/scsi/megasas.o
  CC      hw/scsi/vmw_pvscsi.o
  CC      hw/scsi/esp-pci.o
  CC      hw/scsi/esp.o
  CC      hw/sd/sd.o
  CC      hw/sd/core.o
  CC      hw/sd/sdmmc-internal.o
  CC      hw/sd/sdhci.o
  CC      hw/smbios/smbios.o
  CC      hw/smbios/smbios_type_38.o
  CC      hw/smbios/smbios-stub.o
hw/scsi/mptsas.c: In function 'mptsas_process_scsi_task_mgmt':
hw/scsi/mptsas.c:458:17: warning: 'g_memdup' is deprecated: Use 'g_memdup2' instead [-Wdeprecated-declarations]
  458 |                 reply_async = g_memdup(&reply, sizeof(MPIMsgSCSITaskMgmtReply));
      |                 ^~~~~~~~~~~
In file included from C:/Users/Syf/Desktop/BS4/tools/msys64/msys64/mingw64/include/glib-2.0/glib/gstring.h:37,
                 from C:/Users/Syf/Desktop/BS4/tools/msys64/msys64/mingw64/include/glib-2.0/glib/giochannel.h:36,
                 from C:/Users/Syf/Desktop/BS4/tools/msys64/msys64/mingw64/include/glib-2.0/glib.h:56,
                 from C:/Users/Syf/Desktop/BS4/orbital-500/orbital-qemu/include/glib-compat.h:19,
                 from C:/Users/Syf/Desktop/BS4/orbital-500/orbital-qemu/include/qemu/osdep.h:107,
                 from hw/scsi/mptsas.c:25:
C:/Users/Syf/Desktop/BS4/tools/msys64/msys64/mingw64/include/glib-2.0/glib/gstrfuncs.h:338:23: note: declared here
  338 | gpointer              g_memdup         (gconstpointer mem,
      |                       ^~~~~~~~
hw/scsi/mptsas.c:485:9: warning: 'g_memdup' is deprecated: Use 'g_memdup2' instead [-Wdeprecated-declarations]
  485 |         reply_async = g_memdup(&reply, sizeof(MPIMsgSCSITaskMgmtReply));
      |         ^~~~~~~~~~~
C:/Users/Syf/Desktop/BS4/tools/msys64/msys64/mingw64/include/glib-2.0/glib/gstrfuncs.h:338:23: note: declared here
  338 | gpointer              g_memdup         (gconstpointer mem,
      |                       ^~~~~~~~
  CC      hw/smbios/smbios_type_38-stub.o
hw/scsi/mptendian.c: In function 'mptsas_fix_sgentry_endianness':
hw/scsi/mptendian.c:38:18: warning: taking address of packed member of 'struct MPISGEntry' may result in an unaligned pointer value [-Waddress-of-packed-member]
   38 |     le32_to_cpus(&sge->FlagsLength);
      |                  ^~~~~~~~~~~~~~~~~
hw/scsi/mptendian.c:40:21: warning: taking address of packed member of 'struct MPISGEntry' may result in an unaligned pointer value [-Waddress-of-packed-member]
   40 |        le64_to_cpus(&sge->u.Address64);
      |                     ^~~~~~~~~~~~~~~~~
hw/scsi/mptendian.c:42:21: warning: taking address of packed member of 'struct MPISGEntry' may result in an unaligned pointer value [-Waddress-of-packed-member]
   42 |        le32_to_cpus(&sge->u.Address32);
      |                     ^~~~~~~~~~~~~~~~~
hw/scsi/mptendian.c: In function 'mptsas_fix_sgentry_endianness_reply':
hw/scsi/mptendian.c:49:21: warning: taking address of packed member of 'struct MPISGEntry' may result in an unaligned pointer value [-Waddress-of-packed-member]
   49 |        cpu_to_le64s(&sge->u.Address64);
      |                     ^~~~~~~~~~~~~~~~~
hw/scsi/mptendian.c:51:21: warning: taking address of packed member of 'struct MPISGEntry' may result in an unaligned pointer value [-Waddress-of-packed-member]
   51 |        cpu_to_le32s(&sge->u.Address32);
      |                     ^~~~~~~~~~~~~~~~~
hw/scsi/mptendian.c:53:18: warning: taking address of packed member of 'struct MPISGEntry' may result in an unaligned pointer value [-Waddress-of-packed-member]
   53 |     cpu_to_le32s(&sge->FlagsLength);
      |                  ^~~~~~~~~~~~~~~~~
hw/scsi/mptendian.c: In function 'mptsas_fix_scsi_io_endianness':
hw/scsi/mptendian.c:58:18: warning: taking address of packed member of 'struct MPIMsgSCSIIORequest' may result in an unaligned pointer value [-Waddress-of-packed-member]
   58 |     le32_to_cpus(&req->MsgContext);
      |                  ^~~~~~~~~~~~~~~~
hw/scsi/mptendian.c:59:18: warning: taking address of packed member of 'struct MPIMsgSCSIIORequest' may result in an unaligned pointer value [-Waddress-of-packed-member]
   59 |     le32_to_cpus(&req->Control);
      |                  ^~~~~~~~~~~~~
hw/scsi/mptendian.c:60:18: warning: taking address of packed member of 'struct MPIMsgSCSIIORequest' may result in an unaligned pointer value [-Waddress-of-packed-member]
   60 |     le32_to_cpus(&req->DataLength);
      |                  ^~~~~~~~~~~~~~~~
hw/scsi/mptendian.c:61:18: warning: taking address of packed member of 'struct MPIMsgSCSIIORequest' may result in an unaligned pointer value [-Waddress-of-packed-member]
   61 |     le32_to_cpus(&req->SenseBufferLowAddr);
      |                  ^~~~~~~~~~~~~~~~~~~~~~~~
hw/scsi/mptendian.c: In function 'mptsas_fix_scsi_io_reply_endianness':
hw/scsi/mptendian.c:66:18: warning: taking address of packed member of 'struct MPIMsgSCSIIOReply' may result in an unaligned pointer value [-Waddress-of-packed-member]
   66 |     cpu_to_le32s(&reply->MsgContext);
      |                  ^~~~~~~~~~~~~~~~~~
hw/scsi/mptendian.c:67:18: warning: taking address of packed member of 'struct MPIMsgSCSIIOReply' may result in an unaligned pointer value [-Waddress-of-packed-member]
   67 |     cpu_to_le16s(&reply->IOCStatus);
      |                  ^~~~~~~~~~~~~~~~~
hw/scsi/mptendian.c:68:18: warning: taking address of packed member of 'struct MPIMsgSCSIIOReply' may result in an unaligned pointer value [-Waddress-of-packed-member]
   68 |     cpu_to_le32s(&reply->IOCLogInfo);
      |                  ^~~~~~~~~~~~~~~~~~
hw/scsi/mptendian.c:69:18: warning: taking address of packed member of 'struct MPIMsgSCSIIOReply' may result in an unaligned pointer value [-Waddress-of-packed-member]
   69 |     cpu_to_le32s(&reply->TransferCount);
      |                  ^~~~~~~~~~~~~~~~~~~~~
hw/scsi/mptendian.c:70:18: warning: taking address of packed member of 'struct MPIMsgSCSIIOReply' may result in an unaligned pointer value [-Waddress-of-packed-member]
   70 |     cpu_to_le32s(&reply->SenseCount);
      |                  ^~~~~~~~~~~~~~~~~~
hw/scsi/mptendian.c:71:18: warning: taking address of packed member of 'struct MPIMsgSCSIIOReply' may result in an unaligned pointer value [-Waddress-of-packed-member]
   71 |     cpu_to_le32s(&reply->ResponseInfo);
      |                  ^~~~~~~~~~~~~~~~~~~~
hw/scsi/mptendian.c:72:18: warning: taking address of packed member of 'struct MPIMsgSCSIIOReply' may result in an unaligned pointer value [-Waddress-of-packed-member]
   72 |     cpu_to_le16s(&reply->TaskTag);
      |                  ^~~~~~~~~~~~~~~
hw/scsi/mptendian.c: In function 'mptsas_fix_scsi_task_mgmt_endianness':
hw/scsi/mptendian.c:77:18: warning: taking address of packed member of 'struct MPIMsgSCSITaskMgmt' may result in an unaligned pointer value [-Waddress-of-packed-member]
   77 |     le32_to_cpus(&req->MsgContext);
      |                  ^~~~~~~~~~~~~~~~
hw/scsi/mptendian.c:78:18: warning: taking address of packed member of 'struct MPIMsgSCSITaskMgmt' may result in an unaligned pointer value [-Waddress-of-packed-member]
   78 |     le32_to_cpus(&req->TaskMsgContext);
      |                  ^~~~~~~~~~~~~~~~~~~~
hw/scsi/mptendian.c: In function 'mptsas_fix_scsi_task_mgmt_reply_endianness':
hw/scsi/mptendian.c:83:18: warning: taking address of packed member of 'struct MPIMsgSCSITaskMgmtReply' may result in an unaligned pointer value [-Waddress-of-packed-member]
   83 |     cpu_to_le32s(&reply->MsgContext);
      |                  ^~~~~~~~~~~~~~~~~~
hw/scsi/mptendian.c:84:18: warning: taking address of packed member of 'struct MPIMsgSCSITaskMgmtReply' may result in an unaligned pointer value [-Waddress-of-packed-member]
   84 |     cpu_to_le16s(&reply->IOCStatus);
      |                  ^~~~~~~~~~~~~~~~~
hw/scsi/mptendian.c:85:18: warning: taking address of packed member of 'struct MPIMsgSCSITaskMgmtReply' may result in an unaligned pointer value [-Waddress-of-packed-member]
   85 |     cpu_to_le32s(&reply->IOCLogInfo);
      |                  ^~~~~~~~~~~~~~~~~~
hw/scsi/mptendian.c:86:18: warning: taking address of packed member of 'struct MPIMsgSCSITaskMgmtReply' may result in an unaligned pointer value [-Waddress-of-packed-member]
   86 |     cpu_to_le32s(&reply->TerminationCount);
      |                  ^~~~~~~~~~~~~~~~~~~~~~~~
hw/scsi/mptendian.c: In function 'mptsas_fix_ioc_init_endianness':
hw/scsi/mptendian.c:91:18: warning: taking address of packed member of 'struct MPIMsgIOCInit' may result in an unaligned pointer value [-Waddress-of-packed-member]
   91 |     le32_to_cpus(&req->MsgContext);
      |                  ^~~~~~~~~~~~~~~~
hw/scsi/mptendian.c:92:18: warning: taking address of packed member of 'struct MPIMsgIOCInit' may result in an unaligned pointer value [-Waddress-of-packed-member]
   92 |     le16_to_cpus(&req->ReplyFrameSize);
      |                  ^~~~~~~~~~~~~~~~~~~~
hw/scsi/mptendian.c:93:18: warning: taking address of packed member of 'struct MPIMsgIOCInit' may result in an unaligned pointer value [-Waddress-of-packed-member]
   93 |     le32_to_cpus(&req->HostMfaHighAddr);
      |                  ^~~~~~~~~~~~~~~~~~~~~
hw/scsi/mptendian.c:94:18: warning: taking address of packed member of 'struct MPIMsgIOCInit' may result in an unaligned pointer value [-Waddress-of-packed-member]
   94 |     le32_to_cpus(&req->SenseBufferHighAddr);
      |                  ^~~~~~~~~~~~~~~~~~~~~~~~~
hw/scsi/mptendian.c:95:18: warning: taking address of packed member of 'struct MPIMsgIOCInit' may result in an unaligned pointer value [-Waddress-of-packed-member]
   95 |     le32_to_cpus(&req->ReplyFifoHostSignalingAddr);
      |                  ^~~~~~~~~~~~~~~~~~~~~~~~~~~~~~~~
hw/scsi/mptendian.c:97:18: warning: taking address of packed member of 'struct MPIMsgIOCInit' may result in an unaligned pointer value [-Waddress-of-packed-member]
   97 |     le16_to_cpus(&req->MsgVersion);
      |                  ^~~~~~~~~~~~~~~~
hw/scsi/mptendian.c:98:18: warning: taking address of packed member of 'struct MPIMsgIOCInit' may result in an unaligned pointer value [-Waddress-of-packed-member]
   98 |     le16_to_cpus(&req->HeaderVersion);
      |                  ^~~~~~~~~~~~~~~~~~~
hw/scsi/mptendian.c: In function 'mptsas_fix_ioc_init_reply_endianness':
hw/scsi/mptendian.c:103:18: warning: taking address of packed member of 'struct MPIMsgIOCInitReply' may result in an unaligned pointer value [-Waddress-of-packed-member]
  103 |     cpu_to_le32s(&reply->MsgContext);
      |                  ^~~~~~~~~~~~~~~~~~
hw/scsi/mptendian.c:104:18: warning: taking address of packed member of 'struct MPIMsgIOCInitReply' may result in an unaligned pointer value [-Waddress-of-packed-member]
  104 |     cpu_to_le16s(&reply->IOCStatus);
      |                  ^~~~~~~~~~~~~~~~~
hw/scsi/mptendian.c:105:18: warning: taking address of packed member of 'struct MPIMsgIOCInitReply' may result in an unaligned pointer value [-Waddress-of-packed-member]
  105 |     cpu_to_le32s(&reply->IOCLogInfo);
      |                  ^~~~~~~~~~~~~~~~~~
hw/scsi/mptendian.c: In function 'mptsas_fix_ioc_facts_endianness':
hw/scsi/mptendian.c:110:18: warning: taking address of packed member of 'struct MPIMsgIOCFacts' may result in an unaligned pointer value [-Waddress-of-packed-member]
  110 |     le32_to_cpus(&req->MsgContext);
      |                  ^~~~~~~~~~~~~~~~
hw/scsi/mptendian.c: In function 'mptsas_fix_ioc_facts_reply_endianness':
hw/scsi/mptendian.c:115:18: warning: taking address of packed member of 'struct MPIMsgIOCFactsReply' may result in an unaligned pointer value [-Waddress-of-packed-member]
  115 |     cpu_to_le16s(&reply->MsgVersion);
      |                  ^~~~~~~~~~~~~~~~~~
hw/scsi/mptendian.c:116:18: warning: taking address of packed member of 'struct MPIMsgIOCFactsReply' may result in an unaligned pointer value [-Waddress-of-packed-member]
  116 |     cpu_to_le16s(&reply->HeaderVersion);
      |                  ^~~~~~~~~~~~~~~~~~~~~
hw/scsi/mptendian.c:117:18: warning: taking address of packed member of 'struct MPIMsgIOCFactsReply' may result in an unaligned pointer value [-Waddress-of-packed-member]
  117 |     cpu_to_le32s(&reply->MsgContext);
      |                  ^~~~~~~~~~~~~~~~~~
hw/scsi/mptendian.c:118:18: warning: taking address of packed member of 'struct MPIMsgIOCFactsReply' may result in an unaligned pointer value [-Waddress-of-packed-member]
  118 |     cpu_to_le16s(&reply->IOCExceptions);
      |                  ^~~~~~~~~~~~~~~~~~~~~
hw/scsi/mptendian.c:119:18: warning: taking address of packed member of 'struct MPIMsgIOCFactsReply' may result in an unaligned pointer value [-Waddress-of-packed-member]
  119 |     cpu_to_le16s(&reply->IOCStatus);
      |                  ^~~~~~~~~~~~~~~~~
hw/scsi/mptendian.c:120:18: warning: taking address of packed member of 'struct MPIMsgIOCFactsReply' may result in an unaligned pointer value [-Waddress-of-packed-member]
  120 |     cpu_to_le32s(&reply->IOCLogInfo);
      |                  ^~~~~~~~~~~~~~~~~~
hw/scsi/mptendian.c:121:18: warning: taking address of packed member of 'struct MPIMsgIOCFactsReply' may result in an unaligned pointer value [-Waddress-of-packed-member]
  121 |     cpu_to_le16s(&reply->ReplyQueueDepth);
      |                  ^~~~~~~~~~~~~~~~~~~~~~~
hw/scsi/mptendian.c:122:18: warning: taking address of packed member of 'struct MPIMsgIOCFactsReply' may result in an unaligned pointer value [-Waddress-of-packed-member]
  122 |     cpu_to_le16s(&reply->RequestFrameSize);
      |                  ^~~~~~~~~~~~~~~~~~~~~~~~
hw/scsi/mptendian.c:123:18: warning: taking address of packed member of 'struct MPIMsgIOCFactsReply' may result in an unaligned pointer value [-Waddress-of-packed-member]
  123 |     cpu_to_le16s(&reply->ProductID);
      |                  ^~~~~~~~~~~~~~~~~
hw/scsi/mptendian.c:124:18: warning: taking address of packed member of 'struct MPIMsgIOCFactsReply' may result in an unaligned pointer value [-Waddress-of-packed-member]
  124 |     cpu_to_le32s(&reply->CurrentHostMfaHighAddr);
      |                  ^~~~~~~~~~~~~~~~~~~~~~~~~~~~~~
hw/scsi/mptendian.c:125:18: warning: taking address of packed member of 'struct MPIMsgIOCFactsReply' may result in an unaligned pointer value [-Waddress-of-packed-member]
  125 |     cpu_to_le16s(&reply->GlobalCredits);
      |                  ^~~~~~~~~~~~~~~~~~~~~
hw/scsi/mptendian.c:126:18: warning: taking address of packed member of 'struct MPIMsgIOCFactsReply' may result in an unaligned pointer value [-Waddress-of-packed-member]
  126 |     cpu_to_le32s(&reply->CurrentSenseBufferHighAddr);
      |                  ^~~~~~~~~~~~~~~~~~~~~~~~~~~~~~~~~~
hw/scsi/mptendian.c:127:18: warning: taking address of packed member of 'struct MPIMsgIOCFactsReply' may result in an unaligned pointer value [-Waddress-of-packed-member]
  127 |     cpu_to_le16s(&reply->CurReplyFrameSize);
      |                  ^~~~~~~~~~~~~~~~~~~~~~~~~
hw/scsi/mptendian.c:128:18: warning: taking address of packed member of 'struct MPIMsgIOCFactsReply' may result in an unaligned pointer value [-Waddress-of-packed-member]
  128 |     cpu_to_le32s(&reply->FWImageSize);
      |                  ^~~~~~~~~~~~~~~~~~~
hw/scsi/mptendian.c:129:18: warning: taking address of packed member of 'struct MPIMsgIOCFactsReply' may result in an unaligned pointer value [-Waddress-of-packed-member]
  129 |     cpu_to_le32s(&reply->IOCCapabilities);
      |                  ^~~~~~~~~~~~~~~~~~~~~~~
hw/scsi/mptendian.c:130:18: warning: taking address of packed member of 'struct MPIMsgIOCFactsReply' may result in an unaligned pointer value [-Waddress-of-packed-member]
  130 |     cpu_to_le16s(&reply->HighPriorityQueueDepth);
      |                  ^~~~~~~~~~~~~~~~~~~~~~~~~~~~~~
hw/scsi/mptendian.c:132:18: warning: taking address of packed member of 'struct MPIMsgIOCFactsReply' may result in an unaligned pointer value [-Waddress-of-packed-member]
  132 |     cpu_to_le32s(&reply->ReplyFifoHostSignalingAddr);
      |                  ^~~~~~~~~~~~~~~~~~~~~~~~~~~~~~~~~~
hw/scsi/mptendian.c: In function 'mptsas_fix_config_endianness':
hw/scsi/mptendian.c:137:18: warning: taking address of packed member of 'struct MPIMsgConfig' may result in an unaligned pointer value [-Waddress-of-packed-member]
  137 |     le16_to_cpus(&req->ExtPageLength);
      |                  ^~~~~~~~~~~~~~~~~~~
hw/scsi/mptendian.c:138:18: warning: taking address of packed member of 'struct MPIMsgConfig' may result in an unaligned pointer value [-Waddress-of-packed-member]
  138 |     le32_to_cpus(&req->MsgContext);
      |                  ^~~~~~~~~~~~~~~~
hw/scsi/mptendian.c:139:18: warning: taking address of packed member of 'struct MPIMsgConfig' may result in an unaligned pointer value [-Waddress-of-packed-member]
  139 |     le32_to_cpus(&req->PageAddress);
      |                  ^~~~~~~~~~~~~~~~~
hw/scsi/mptendian.c: In function 'mptsas_fix_config_reply_endianness':
hw/scsi/mptendian.c:145:18: warning: taking address of packed member of 'struct MPIMsgConfigReply' may result in an unaligned pointer value [-Waddress-of-packed-member]
  145 |     cpu_to_le16s(&reply->ExtPageLength);
      |                  ^~~~~~~~~~~~~~~~~~~~~
hw/scsi/mptendian.c:146:18: warning: taking address of packed member of 'struct MPIMsgConfigReply' may result in an unaligned pointer value [-Waddress-of-packed-member]
  146 |     cpu_to_le32s(&reply->MsgContext);
      |                  ^~~~~~~~~~~~~~~~~~
hw/scsi/mptendian.c:147:18: warning: taking address of packed member of 'struct MPIMsgConfigReply' may result in an unaligned pointer value [-Waddress-of-packed-member]
  147 |     cpu_to_le16s(&reply->IOCStatus);
      |                  ^~~~~~~~~~~~~~~~~
hw/scsi/mptendian.c:148:18: warning: taking address of packed member of 'struct MPIMsgConfigReply' may result in an unaligned pointer value [-Waddress-of-packed-member]
  148 |     cpu_to_le32s(&reply->IOCLogInfo);
      |                  ^~~~~~~~~~~~~~~~~~
hw/scsi/mptendian.c: In function 'mptsas_fix_port_facts_endianness':
hw/scsi/mptendian.c:153:18: warning: taking address of packed member of 'struct MPIMsgPortFacts' may result in an unaligned pointer value [-Waddress-of-packed-member]
  153 |     le32_to_cpus(&req->MsgContext);
      |                  ^~~~~~~~~~~~~~~~
hw/scsi/mptendian.c: In function 'mptsas_fix_port_facts_reply_endianness':
hw/scsi/mptendian.c:158:18: warning: taking address of packed member of 'struct MPIMsgPortFactsReply' may result in an unaligned pointer value [-Waddress-of-packed-member]
  158 |     cpu_to_le32s(&reply->MsgContext);
      |                  ^~~~~~~~~~~~~~~~~~
hw/scsi/mptendian.c:159:18: warning: taking address of packed member of 'struct MPIMsgPortFactsReply' may result in an unaligned pointer value [-Waddress-of-packed-member]
  159 |     cpu_to_le16s(&reply->IOCStatus);
      |                  ^~~~~~~~~~~~~~~~~
hw/scsi/mptendian.c:160:18: warning: taking address of packed member of 'struct MPIMsgPortFactsReply' may result in an unaligned pointer value [-Waddress-of-packed-member]
  160 |     cpu_to_le32s(&reply->IOCLogInfo);
      |                  ^~~~~~~~~~~~~~~~~~
hw/scsi/mptendian.c:161:18: warning: taking address of packed member of 'struct MPIMsgPortFactsReply' may result in an unaligned pointer value [-Waddress-of-packed-member]
  161 |     cpu_to_le16s(&reply->MaxDevices);
      |                  ^~~~~~~~~~~~~~~~~~
hw/scsi/mptendian.c:162:18: warning: taking address of packed member of 'struct MPIMsgPortFactsReply' may result in an unaligned pointer value [-Waddress-of-packed-member]
  162 |     cpu_to_le16s(&reply->PortSCSIID);
      |                  ^~~~~~~~~~~~~~~~~~
hw/scsi/mptendian.c:163:18: warning: taking address of packed member of 'struct MPIMsgPortFactsReply' may result in an unaligned pointer value [-Waddress-of-packed-member]
  163 |     cpu_to_le16s(&reply->ProtocolFlags);
      |                  ^~~~~~~~~~~~~~~~~~~~~
hw/scsi/mptendian.c:164:18: warning: taking address of packed member of 'struct MPIMsgPortFactsReply' may result in an unaligned pointer value [-Waddress-of-packed-member]
  164 |     cpu_to_le16s(&reply->MaxPostedCmdBuffers);
      |                  ^~~~~~~~~~~~~~~~~~~~~~~~~~~
hw/scsi/mptendian.c:165:18: warning: taking address of packed member of 'struct MPIMsgPortFactsReply' may result in an unaligned pointer value [-Waddress-of-packed-member]
  165 |     cpu_to_le16s(&reply->MaxPersistentIDs);
      |                  ^~~~~~~~~~~~~~~~~~~~~~~~
hw/scsi/mptendian.c:166:18: warning: taking address of packed member of 'struct MPIMsgPortFactsReply' may result in an unaligned pointer value [-Waddress-of-packed-member]
  166 |     cpu_to_le16s(&reply->MaxLanBuckets);
      |                  ^~~~~~~~~~~~~~~~~~~~~
hw/scsi/mptendian.c: In function 'mptsas_fix_port_enable_endianness':
hw/scsi/mptendian.c:171:18: warning: taking address of packed member of 'struct MPIMsgPortEnable' may result in an unaligned pointer value [-Waddress-of-packed-member]
  171 |     le32_to_cpus(&req->MsgContext);
      |                  ^~~~~~~~~~~~~~~~
hw/scsi/mptendian.c: In function 'mptsas_fix_port_enable_reply_endianness':
hw/scsi/mptendian.c:176:18: warning: taking address of packed member of 'struct MPIMsgPortEnableReply' may result in an unaligned pointer value [-Waddress-of-packed-member]
  176 |     cpu_to_le32s(&reply->MsgContext);
      |                  ^~~~~~~~~~~~~~~~~~
hw/scsi/mptendian.c:177:18: warning: taking address of packed member of 'struct MPIMsgPortEnableReply' may result in an unaligned pointer value [-Waddress-of-packed-member]
  177 |     cpu_to_le16s(&reply->IOCStatus);
      |                  ^~~~~~~~~~~~~~~~~
hw/scsi/mptendian.c:178:18: warning: taking address of packed member of 'struct MPIMsgPortEnableReply' may result in an unaligned pointer value [-Waddress-of-packed-member]
  178 |     cpu_to_le32s(&reply->IOCLogInfo);
      |                  ^~~~~~~~~~~~~~~~~~
hw/scsi/mptendian.c: In function 'mptsas_fix_event_notification_endianness':
hw/scsi/mptendian.c:183:18: warning: taking address of packed member of 'struct MPIMsgEventNotify' may result in an unaligned pointer value [-Waddress-of-packed-member]
  183 |     le32_to_cpus(&req->MsgContext);
      |                  ^~~~~~~~~~~~~~~~
hw/scsi/mptendian.c: In function 'mptsas_fix_event_notification_reply_endianness':
hw/scsi/mptendian.c:191:18: warning: taking address of packed member of 'struct MPIMsgEventNotifyReply' may result in an unaligned pointer value [-Waddress-of-packed-member]
  191 |     cpu_to_le16s(&reply->EventDataLength);
      |                  ^~~~~~~~~~~~~~~~~~~~~~~
hw/scsi/mptendian.c:192:18: warning: taking address of packed member of 'struct MPIMsgEventNotifyReply' may result in an unaligned pointer value [-Waddress-of-packed-member]
  192 |     cpu_to_le32s(&reply->MsgContext);
      |                  ^~~~~~~~~~~~~~~~~~
hw/scsi/mptendian.c:193:18: warning: taking address of packed member of 'struct MPIMsgEventNotifyReply' may result in an unaligned pointer value [-Waddress-of-packed-member]
  193 |     cpu_to_le16s(&reply->IOCStatus);
      |                  ^~~~~~~~~~~~~~~~~
hw/scsi/mptendian.c:194:18: warning: taking address of packed member of 'struct MPIMsgEventNotifyReply' may result in an unaligned pointer value [-Waddress-of-packed-member]
  194 |     cpu_to_le32s(&reply->IOCLogInfo);
      |                  ^~~~~~~~~~~~~~~~~~
hw/scsi/mptendian.c:195:18: warning: taking address of packed member of 'struct MPIMsgEventNotifyReply' may result in an unaligned pointer value [-Waddress-of-packed-member]
  195 |     cpu_to_le32s(&reply->Event);
      |                  ^~~~~~~~~~~~~
hw/scsi/mptendian.c:196:18: warning: taking address of packed member of 'struct MPIMsgEventNotifyReply' may result in an unaligned pointer value [-Waddress-of-packed-member]
  196 |     cpu_to_le32s(&reply->EventContext);
      |                  ^~~~~~~~~~~~~~~~~~~~
hw/scsi/mptendian.c:200:22: warning: taking address of packed member of 'struct MPIMsgEventNotifyReply' may result in an unaligned pointer value [-Waddress-of-packed-member]
  200 |         cpu_to_le32s(&reply->Data[i]);
      |                      ^~~~~~~~~~~~~~~
  CC      hw/timer/hpet.o
  CC      hw/timer/i8254_common.o
  CC      hw/timer/i8254.o
  CC      hw/tpm/tpm_util.o
  CC      hw/tpm/tpm_tis.o
  CC      hw/usb/core.o
  CC      hw/usb/combined-packet.o
  CC      hw/usb/bus.o
  CC      hw/usb/libhw.o
  CC      hw/usb/desc.o
  CC      hw/usb/desc-msos.o
  CC      hw/usb/hcd-uhci.o
  CC      hw/usb/hcd-ohci.o
  CC      hw/usb/hcd-ehci.o
  CC      hw/usb/hcd-ehci-pci.o
  CC      hw/usb/hcd-xhci.o
  CC      hw/usb/hcd-xhci-nec.o
  CC      hw/usb/dev-hub.o
  CC      hw/usb/dev-hid.o
  CC      hw/usb/dev-wacom.o
  CC      hw/usb/dev-storage.o
  CC      hw/usb/dev-uas.o
  CC      hw/usb/dev-audio.o
  CC      hw/usb/dev-serial.o
  CC      hw/usb/dev-network.o
  CC      hw/usb/dev-bluetooth.o
  CC      hw/usb/dev-smartcard-reader.o
  CC      hw/usb/host-libusb.o
  CC      hw/usb/host-stub.o
hw/usb/hcd-xhci.c: In function 'usb_xhci_init':
hw/usb/hcd-xhci.c:3314:66: warning: '%d' directive output may be truncated writing between 1 and 10 bytes into a region of size 5 [-Wformat-truncation=]
 3314 |             snprintf(port->name, sizeof(port->name), "usb2 port #%d", i+1);
      |                                                                  ^~
hw/usb/hcd-xhci.c:3314:54: note: directive argument in the range [1, 2147483647]
 3314 |             snprintf(port->name, sizeof(port->name), "usb2 port #%d", i+1);
      |                                                      ^~~~~~~~~~~~~~~
hw/usb/hcd-xhci.c:3314:13: note: 'snprintf' output between 13 and 22 bytes into a destination of size 16
 3314 |             snprintf(port->name, sizeof(port->name), "usb2 port #%d", i+1);
      |             ^~~~~~~~~~~~~~~~~~~~~~~~~~~~~~~~~~~~~~~~~~~~~~~~~~~~~~~~~~~~~~
hw/usb/hcd-xhci.c:3327:66: warning: '%d' directive output may be truncated writing between 1 and 10 bytes into a region of size 5 [-Wformat-truncation=]
 3327 |             snprintf(port->name, sizeof(port->name), "usb3 port #%d", i+1);
      |                                                                  ^~
hw/usb/hcd-xhci.c:3327:54: note: directive argument in the range [1, 2147483647]
 3327 |             snprintf(port->name, sizeof(port->name), "usb3 port #%d", i+1);
      |                                                      ^~~~~~~~~~~~~~~
hw/usb/hcd-xhci.c:3327:13: note: 'snprintf' output between 13 and 22 bytes into a destination of size 16
 3327 |             snprintf(port->name, sizeof(port->name), "usb3 port #%d", i+1);
      |             ^~~~~~~~~~~~~~~~~~~~~~~~~~~~~~~~~~~~~~~~~~~~~~~~~~~~~~~~~~~~~~
  CC      hw/virtio/virtio-rng.o
  CC      hw/virtio/virtio-pci.o
  CC      hw/virtio/virtio-bus.o
  CC      hw/virtio/virtio-mmio.o
  CC      hw/virtio/vhost-stub.o
  CC      hw/watchdog/watchdog.o
  CC      hw/watchdog/wdt_i6300esb.o
  CC      hw/watchdog/wdt_ib700.o
  CC      migration/migration.o
  CC      migration/socket.o
  CC      migration/fd.o
  CC      migration/exec.o
  CC      migration/tls.o
hw/usb/host-libusb.c: In function 'usb_host_auto_check':
hw/usb/host-libusb.c:1637:9: warning: variable 'unconnected' set but not used [-Wunused-but-set-variable=]
 1637 |     int unconnected = 0;
      |         ^~~~~~~~~~~
  CC      migration/channel.o
  CC      migration/savevm.o
  CC      migration/colo-comm.o
  CC      migration/colo.o
  CC      migration/colo-failover.o
  CC      migration/vmstate.o
  CC      migration/vmstate-types.o
  CC      migration/page_cache.o
  CC      migration/qemu-file.o
  CC      migration/global_state.o
  CC      migration/qemu-file-channel.o
  CC      migration/xbzrle.o
  CC      migration/postcopy-ram.o
  CC      migration/qjson.o
  CC      migration/block-dirty-bitmap.o
  CC      migration/block.o
  CC      net/net.o
  CC      net/queue.o
  CC      net/checksum.o
  CC      net/util.o
  CC      net/hub.o
  CC      net/socket.o
  CC      net/dump.o
  CC      net/eth.o
  CC      net/slirp.o
  CC      net/filter.o
  CC      net/filter-buffer.o
  CC      net/filter-mirror.o
  CC      net/colo-compare.o
  CC      net/colo.o
  CC      net/filter-rewriter.o
  CC      net/filter-replay.o
net/checksum.c: In function 'net_checksum_add_iov':
net/checksum.c:172:23: warning: variable 'buf_off' set but not used [-Wunused-but-set-variable=]
  172 |     size_t iovec_off, buf_off;
      |                       ^~~~~~~
  CC      net/tap-win32.o
  CC      net/can/can_core.o
  CC      net/can/can_host.o
  CC      qom/cpu.o
  CC      replay/replay.o
  CC      replay/replay-internal.o
  CC      replay/replay-events.o
  CC      replay/replay-time.o
  CC      replay/replay-input.o
  CC      replay/replay-char.o
  CC      replay/replay-snapshot.o
  CC      replay/replay-net.o
net/colo.c: In function 'packet_new':
net/colo.c:164:5: warning: 'g_memdup' is deprecated: Use 'g_memdup2' instead [-Wdeprecated-declarations]
  164 |     pkt->data = g_memdup(data, size);
      |     ^~~
In file included from C:/Users/Syf/Desktop/BS4/tools/msys64/msys64/mingw64/include/glib-2.0/glib/gstring.h:37,
                 from C:/Users/Syf/Desktop/BS4/tools/msys64/msys64/mingw64/include/glib-2.0/glib/giochannel.h:36,
                 from C:/Users/Syf/Desktop/BS4/tools/msys64/msys64/mingw64/include/glib-2.0/glib.h:56,
                 from C:/Users/Syf/Desktop/BS4/orbital-500/orbital-qemu/include/glib-compat.h:19,
                 from C:/Users/Syf/Desktop/BS4/orbital-500/orbital-qemu/include/qemu/osdep.h:107,
                 from net/colo.c:15:
C:/Users/Syf/Desktop/BS4/tools/msys64/msys64/mingw64/include/glib-2.0/glib/gstrfuncs.h:338:23: note: declared here
  338 | gpointer              g_memdup         (gconstpointer mem,
      |                       ^~~~~~~~
net/colo.c: In function 'connection_get':
net/colo.c:203:9: warning: 'g_memdup' is deprecated: Use 'g_memdup2' instead [-Wdeprecated-declarations]
  203 |         ConnectionKey *new_key = g_memdup(key, sizeof(*key));
      |         ^~~~~~~~~~~~~
C:/Users/Syf/Desktop/BS4/tools/msys64/msys64/mingw64/include/glib-2.0/glib/gstrfuncs.h:338:23: note: declared here
  338 | gpointer              g_memdup         (gconstpointer mem,
      |                       ^~~~~~~~
net/tap-win32.c: In function 'is_tap_win32_dev':
net/tap-win32.c:242:58: warning: '%s' directive output may be truncated writing up to 255 bytes into a region of size 178 [-Wformat-truncation=]
  242 |         snprintf (unit_string, sizeof(unit_string), "%s\\%s",
      |                                                          ^~
  243 |                   ADAPTER_KEY, enum_name);
      |                                ~~~~~~~~~                  
net/tap-win32.c:242:9: note: 'snprintf' output between 79 and 334 bytes into a destination of size 256
  242 |         snprintf (unit_string, sizeof(unit_string), "%s\\%s",
      |         ^~~~~~~~~~~~~~~~~~~~~~~~~~~~~~~~~~~~~~~~~~~~~~~~~~~~~
  243 |                   ADAPTER_KEY, enum_name);
      |                   ~~~~~~~~~~~~~~~~~~~~~~~
net/tap-win32.c: In function 'get_device_guid':
net/tap-win32.c:343:19: warning: '%s' directive output may be truncated writing up to 255 bytes into a region of size 176 [-Wformat-truncation=]
  343 |              "%s\\%s\\Connection",
      |                   ^~
  344 |              NETWORK_CONNECTIONS_KEY, enum_name);
      |                                       ~~~~~~~~~
net/tap-win32.c:341:9: note: 'snprintf' output between 92 and 347 bytes into a destination of size 256
  341 |         snprintf(connection_string,
      |         ^~~~~~~~~~~~~~~~~~~~~~~~~~~
  342 |              sizeof(connection_string),
      |              ~~~~~~~~~~~~~~~~~~~~~~~~~~
  343 |              "%s\\%s\\Connection",
      |              ~~~~~~~~~~~~~~~~~~~~~
  344 |              NETWORK_CONNECTIONS_KEY, enum_name);
      |              ~~~~~~~~~~~~~~~~~~~~~~~~~~~~~~~~~~~
net/tap-win32.c: In function 'tap_win32_open':
net/tap-win32.c:620:52: warning: '%s' directive output may be truncated writing up to 255 bytes into a region of size 245 [-Wformat-truncation=]
  620 |     snprintf (device_path, sizeof(device_path), "%s%s%s",
      |                                                    ^~
  621 |               USERMODEDEVICEDIR,
  622 |               device_guid,
      |               ~~~~~~~~~~~                           
net/tap-win32.c:620:5: note: 'snprintf' output between 16 and 271 bytes into a destination of size 256
  620 |     snprintf (device_path, sizeof(device_path), "%s%s%s",
      |     ^~~~~~~~~~~~~~~~~~~~~~~~~~~~~~~~~~~~~~~~~~~~~~~~~~~~~
  621 |               USERMODEDEVICEDIR,
      |               ~~~~~~~~~~~~~~~~~~
  622 |               device_guid,
      |               ~~~~~~~~~~~~
  623 |               TAPSUFFIX);
      |               ~~~~~~~~~~
  CC      replay/replay-audio.o
  CC      slirp/cksum.o
  CC      slirp/if.o
  CC      slirp/ip_icmp.o
  CC      slirp/ip6_icmp.o
replay/replay-time.c:32:6: warning: conflicting types for 'replay_read_next_clock' due to enum/integer mismatch; have 'void(ReplayClockKind)' [-Wenum-int-mismatch]
   32 | void replay_read_next_clock(ReplayClockKind kind)
      |      ^~~~~~~~~~~~~~~~~~~~~~
In file included from replay/replay-time.c:15:
replay/replay-internal.h:135:6: note: previous declaration of 'replay_read_next_clock' with type 'void(unsigned int)'
  135 | void replay_read_next_clock(unsigned int kind);
      |      ^~~~~~~~~~~~~~~~~~~~~~
  CC      slirp/ip6_input.o
  CC      slirp/ip6_output.o
  CC      slirp/ip_input.o
  CC      slirp/ip_output.o
  CC      slirp/dnssearch.o
  CC      slirp/dhcpv6.o
  CC      slirp/slirp.o
  CC      slirp/mbuf.o
  CC      slirp/misc.o
  CC      slirp/sbuf.o
  CC      slirp/socket.o
  CC      slirp/tcp_input.o
  CC      slirp/tcp_output.o
slirp/ip6_icmp.c: In function 'icmp6_send_error':
slirp/ip6_icmp.c:79:31: warning: taking address of packed member of 'struct ip6' may result in an unaligned pointer value [-Waddress-of-packed-member]
   79 |     if (IN6_IS_ADDR_MULTICAST(&ip->ip_src) ||
      |                               ^~~~~~~~~~~
In file included from slirp/slirp.h:80,
                 from slirp/ip6_icmp.c:7:
slirp/ip6_icmp.c:80:22: warning: taking address of packed member of 'struct ip6' may result in an unaligned pointer value [-Waddress-of-packed-member]
   80 |             in6_zero(&ip->ip_src)) {
      |                      ^~~~~~~~~~~
slirp/ip6.h:94:16: note: in definition of macro 'in6_zero'
   94 |     (in6_equal(a, &(struct in6_addr)ZERO_ADDR))
      |                ^
slirp/ip6_icmp.c: In function 'ndp_send_na':
slirp/ip6_icmp.c:275:18: warning: taking address of packed member of 'struct ip6' may result in an unaligned pointer value [-Waddress-of-packed-member]
  275 |     if (in6_zero(&ip->ip_src)) {
      |                  ^~~~~~~~~~~
slirp/ip6.h:94:16: note: in definition of macro 'in6_zero'
   94 |     (in6_equal(a, &(struct in6_addr)ZERO_ADDR))
      |                ^
slirp/ip6_icmp.c:294:49: warning: taking address of packed member of 'struct ip6' may result in an unaligned pointer value [-Waddress-of-packed-member]
  294 |     ricmp->icmp6_nna.S = !IN6_IS_ADDR_MULTICAST(&rip->ip_dst);
      |                                                 ^~~~~~~~~~~~
slirp/ip6_icmp.c: In function 'ndp_input':
slirp/ip6_icmp.c:351:43: warning: taking address of packed member of 'struct ndp_ns' may result in an unaligned pointer value [-Waddress-of-packed-member]
  351 |                 && !IN6_IS_ADDR_MULTICAST(&icmp->icmp6_nns.target)
      |                                           ^~~~~~~~~~~~~~~~~~~~~~~
slirp/ip6_icmp.c:353:31: warning: taking address of packed member of 'struct ip6' may result in an unaligned pointer value [-Waddress-of-packed-member]
  353 |                 && (!in6_zero(&ip->ip_src)
      |                               ^~~~~~~~~~~
slirp/ip6.h:94:16: note: in definition of macro 'in6_zero'
   94 |     (in6_equal(a, &(struct in6_addr)ZERO_ADDR))
      |                ^
slirp/ip6_icmp.c:354:52: warning: taking address of packed member of 'struct ip6' may result in an unaligned pointer value [-Waddress-of-packed-member]
  354 |                     || in6_solicitednode_multicast(&ip->ip_dst))) {
      |                                                    ^~~~~~~~~~~
slirp/ip6.h:91:20: note: in definition of macro 'in6_solicitednode_multicast'
   91 |     (in6_equal_net(a, &(struct in6_addr)SOLICITED_NODE_PREFIX, 104))
      |                    ^
slirp/ip6_icmp.c:355:32: warning: taking address of packed member of 'struct ndp_ns' may result in an unaligned pointer value [-Waddress-of-packed-member]
  355 |             if (in6_equal_host(&icmp->icmp6_nns.target)) {
      |                                ^~~~~~~~~~~~~~~~~~~~~~~
slirp/ip6.h:76:21: note: in definition of macro 'in6_equal_router'
   76 |     ((in6_equal_net(a, &slirp->vprefix_addr6, slirp->vprefix_len)\
      |                     ^
slirp/ip6_icmp.c:355:17: note: in expansion of macro 'in6_equal_host'
  355 |             if (in6_equal_host(&icmp->icmp6_nns.target)) {
      |                 ^~~~~~~~~~~~~~
slirp/ip6_icmp.c:355:32: warning: taking address of packed member of 'struct ndp_ns' may result in an unaligned pointer value [-Waddress-of-packed-member]
  355 |             if (in6_equal_host(&icmp->icmp6_nns.target)) {
      |                                ^~~~~~~~~~~~~~~~~~~~~~~
slirp/ip6.h:77:25: note: in definition of macro 'in6_equal_router'
   77 |       && in6_equal_mach(a, &slirp->vhost_addr6, slirp->vprefix_len))\
      |                         ^
slirp/ip6_icmp.c:355:17: note: in expansion of macro 'in6_equal_host'
  355 |             if (in6_equal_host(&icmp->icmp6_nns.target)) {
      |                 ^~~~~~~~~~~~~~
slirp/ip6_icmp.c:355:32: warning: taking address of packed member of 'struct ndp_ns' may result in an unaligned pointer value [-Waddress-of-packed-member]
  355 |             if (in6_equal_host(&icmp->icmp6_nns.target)) {
      |                                ^~~~~~~~~~~~~~~~~~~~~~~
slirp/ip6.h:78:21: note: in definition of macro 'in6_equal_router'
   78 |   || (in6_equal_net(a, &(struct in6_addr)LINKLOCAL_ADDR, 64)\
      |                     ^
slirp/ip6_icmp.c:355:17: note: in expansion of macro 'in6_equal_host'
  355 |             if (in6_equal_host(&icmp->icmp6_nns.target)) {
      |                 ^~~~~~~~~~~~~~
slirp/ip6_icmp.c:355:32: warning: taking address of packed member of 'struct ndp_ns' may result in an unaligned pointer value [-Waddress-of-packed-member]
  355 |             if (in6_equal_host(&icmp->icmp6_nns.target)) {
      |                                ^~~~~~~~~~~~~~~~~~~~~~~
slirp/ip6.h:79:25: note: in definition of macro 'in6_equal_router'
   79 |       && in6_equal_mach(a, &slirp->vhost_addr6, 64)))
      |                         ^
slirp/ip6_icmp.c:355:17: note: in expansion of macro 'in6_equal_host'
  355 |             if (in6_equal_host(&icmp->icmp6_nns.target)) {
      |                 ^~~~~~~~~~~~~~
slirp/ip6_icmp.c:355:32: warning: taking address of packed member of 'struct ndp_ns' may result in an unaligned pointer value [-Waddress-of-packed-member]
  355 |             if (in6_equal_host(&icmp->icmp6_nns.target)) {
      |                                ^~~~~~~~~~~~~~~~~~~~~~~
slirp/ip6.h:82:21: note: in definition of macro 'in6_equal_dns'
   82 |     ((in6_equal_net(a, &slirp->vprefix_addr6, slirp->vprefix_len)\
      |                     ^
slirp/ip6_icmp.c:355:17: note: in expansion of macro 'in6_equal_host'
  355 |             if (in6_equal_host(&icmp->icmp6_nns.target)) {
      |                 ^~~~~~~~~~~~~~
slirp/ip6_icmp.c:355:32: warning: taking address of packed member of 'struct ndp_ns' may result in an unaligned pointer value [-Waddress-of-packed-member]
  355 |             if (in6_equal_host(&icmp->icmp6_nns.target)) {
      |                                ^~~~~~~~~~~~~~~~~~~~~~~
slirp/ip6.h:83:25: note: in definition of macro 'in6_equal_dns'
   83 |       && in6_equal_mach(a, &slirp->vnameserver_addr6, slirp->vprefix_len))\
      |                         ^
slirp/ip6_icmp.c:355:17: note: in expansion of macro 'in6_equal_host'
  355 |             if (in6_equal_host(&icmp->icmp6_nns.target)) {
      |                 ^~~~~~~~~~~~~~
slirp/ip6_icmp.c:355:32: warning: taking address of packed member of 'struct ndp_ns' may result in an unaligned pointer value [-Waddress-of-packed-member]
  355 |             if (in6_equal_host(&icmp->icmp6_nns.target)) {
      |                                ^~~~~~~~~~~~~~~~~~~~~~~
slirp/ip6.h:84:21: note: in definition of macro 'in6_equal_dns'
   84 |   || (in6_equal_net(a, &(struct in6_addr)LINKLOCAL_ADDR, 64)\
      |                     ^
slirp/ip6_icmp.c:355:17: note: in expansion of macro 'in6_equal_host'
  355 |             if (in6_equal_host(&icmp->icmp6_nns.target)) {
      |                 ^~~~~~~~~~~~~~
slirp/ip6_icmp.c:355:32: warning: taking address of packed member of 'struct ndp_ns' may result in an unaligned pointer value [-Waddress-of-packed-member]
  355 |             if (in6_equal_host(&icmp->icmp6_nns.target)) {
      |                                ^~~~~~~~~~~~~~~~~~~~~~~
slirp/ip6.h:85:25: note: in definition of macro 'in6_equal_dns'
   85 |       && in6_equal_mach(a, &slirp->vnameserver_addr6, 64)))
      |                         ^
slirp/ip6_icmp.c:355:17: note: in expansion of macro 'in6_equal_host'
  355 |             if (in6_equal_host(&icmp->icmp6_nns.target)) {
      |                 ^~~~~~~~~~~~~~
slirp/ip6_icmp.c:368:43: warning: taking address of packed member of 'struct ndp_na' may result in an unaligned pointer value [-Waddress-of-packed-member]
  368 |                 && !IN6_IS_ADDR_MULTICAST(&icmp->icmp6_nna.target)
      |                                           ^~~~~~~~~~~~~~~~~~~~~~~
slirp/ip6_icmp.c:369:44: warning: taking address of packed member of 'struct ip6' may result in an unaligned pointer value [-Waddress-of-packed-member]
  369 |                 && (!IN6_IS_ADDR_MULTICAST(&ip->ip_dst)
      |                                            ^~~~~~~~~~~
slirp/ip6_icmp.c: In function 'icmp6_input':
slirp/ip6_icmp.c:414:28: warning: taking address of packed member of 'struct ip6' may result in an unaligned pointer value [-Waddress-of-packed-member]
  414 |         if (in6_equal_host(&ip->ip_dst)) {
      |                            ^~~~~~~~~~~
slirp/ip6.h:76:21: note: in definition of macro 'in6_equal_router'
   76 |     ((in6_equal_net(a, &slirp->vprefix_addr6, slirp->vprefix_len)\
      |                     ^
slirp/ip6_icmp.c:414:13: note: in expansion of macro 'in6_equal_host'
  414 |         if (in6_equal_host(&ip->ip_dst)) {
      |             ^~~~~~~~~~~~~~
slirp/ip6_icmp.c:414:28: warning: taking address of packed member of 'struct ip6' may result in an unaligned pointer value [-Waddress-of-packed-member]
  414 |         if (in6_equal_host(&ip->ip_dst)) {
      |                            ^~~~~~~~~~~
slirp/ip6.h:77:25: note: in definition of macro 'in6_equal_router'
   77 |       && in6_equal_mach(a, &slirp->vhost_addr6, slirp->vprefix_len))\
      |                         ^
slirp/ip6_icmp.c:414:13: note: in expansion of macro 'in6_equal_host'
  414 |         if (in6_equal_host(&ip->ip_dst)) {
      |             ^~~~~~~~~~~~~~
slirp/ip6_icmp.c:414:28: warning: taking address of packed member of 'struct ip6' may result in an unaligned pointer value [-Waddress-of-packed-member]
  414 |         if (in6_equal_host(&ip->ip_dst)) {
      |                            ^~~~~~~~~~~
slirp/ip6.h:78:21: note: in definition of macro 'in6_equal_router'
   78 |   || (in6_equal_net(a, &(struct in6_addr)LINKLOCAL_ADDR, 64)\
      |                     ^
slirp/ip6_icmp.c:414:13: note: in expansion of macro 'in6_equal_host'
  414 |         if (in6_equal_host(&ip->ip_dst)) {
      |             ^~~~~~~~~~~~~~
slirp/ip6_icmp.c:414:28: warning: taking address of packed member of 'struct ip6' may result in an unaligned pointer value [-Waddress-of-packed-member]
  414 |         if (in6_equal_host(&ip->ip_dst)) {
      |                            ^~~~~~~~~~~
slirp/ip6.h:79:25: note: in definition of macro 'in6_equal_router'
   79 |       && in6_equal_mach(a, &slirp->vhost_addr6, 64)))
      |                         ^
slirp/ip6_icmp.c:414:13: note: in expansion of macro 'in6_equal_host'
  414 |         if (in6_equal_host(&ip->ip_dst)) {
      |             ^~~~~~~~~~~~~~
slirp/ip6_icmp.c:414:28: warning: taking address of packed member of 'struct ip6' may result in an unaligned pointer value [-Waddress-of-packed-member]
  414 |         if (in6_equal_host(&ip->ip_dst)) {
      |                            ^~~~~~~~~~~
slirp/ip6.h:82:21: note: in definition of macro 'in6_equal_dns'
   82 |     ((in6_equal_net(a, &slirp->vprefix_addr6, slirp->vprefix_len)\
      |                     ^
slirp/ip6_icmp.c:414:13: note: in expansion of macro 'in6_equal_host'
  414 |         if (in6_equal_host(&ip->ip_dst)) {
      |             ^~~~~~~~~~~~~~
slirp/ip6_icmp.c:414:28: warning: taking address of packed member of 'struct ip6' may result in an unaligned pointer value [-Waddress-of-packed-member]
  414 |         if (in6_equal_host(&ip->ip_dst)) {
      |                            ^~~~~~~~~~~
slirp/ip6.h:83:25: note: in definition of macro 'in6_equal_dns'
   83 |       && in6_equal_mach(a, &slirp->vnameserver_addr6, slirp->vprefix_len))\
      |                         ^
slirp/ip6_icmp.c:414:13: note: in expansion of macro 'in6_equal_host'
  414 |         if (in6_equal_host(&ip->ip_dst)) {
      |             ^~~~~~~~~~~~~~
slirp/ip6_icmp.c:414:28: warning: taking address of packed member of 'struct ip6' may result in an unaligned pointer value [-Waddress-of-packed-member]
  414 |         if (in6_equal_host(&ip->ip_dst)) {
      |                            ^~~~~~~~~~~
slirp/ip6.h:84:21: note: in definition of macro 'in6_equal_dns'
   84 |   || (in6_equal_net(a, &(struct in6_addr)LINKLOCAL_ADDR, 64)\
      |                     ^
slirp/ip6_icmp.c:414:13: note: in expansion of macro 'in6_equal_host'
  414 |         if (in6_equal_host(&ip->ip_dst)) {
      |             ^~~~~~~~~~~~~~
slirp/ip6_icmp.c:414:28: warning: taking address of packed member of 'struct ip6' may result in an unaligned pointer value [-Waddress-of-packed-member]
  414 |         if (in6_equal_host(&ip->ip_dst)) {
      |                            ^~~~~~~~~~~
slirp/ip6.h:85:25: note: in definition of macro 'in6_equal_dns'
   85 |       && in6_equal_mach(a, &slirp->vnameserver_addr6, 64)))
      |                         ^
slirp/ip6_icmp.c:414:13: note: in expansion of macro 'in6_equal_host'
  414 |         if (in6_equal_host(&ip->ip_dst)) {
      |             ^~~~~~~~~~~~~~
  CC      slirp/tcp_subr.o
  CC      slirp/tcp_timer.o
  CC      slirp/udp.o
  CC      slirp/udp6.o
  CC      slirp/bootp.o
  CC      slirp/tftp.o
  CC      slirp/arp_table.o
  CC      slirp/ndp_table.o
  CC      slirp/ncsi.o
  CC      ui/orbital.o
  CXX     ui/orbital-logs.o
  CXX     ui/orbital-stats.o
  CXX     ui/orbital-debug-gpu.o
  CXX     ui/orbital-procs.o
  CXX     ui/orbital-procs-list.o
cc1plus.exe: warning: command-line option '-std=gnu11' is valid for C/ObjC but not for C++
cc1plus.exe: warning: command-line option '-std=gnu11' is valid for C/ObjC but not for C++
cc1plus.exe: warning: command-line option '-std=gnu11' is valid for C/ObjC but not for C++
cc1plus.exe: warning: command-line option '-std=gnu11' is valid for C/ObjC but not for C++
cc1plus.exe: warning: command-line option '-std=gnu11' is valid for C/ObjC but not for C++
  CXX     ui/orbital-style.o
cc1plus.exe: warning: command-line option '-std=gnu11' is valid for C/ObjC but not for C++
slirp/udp6.c: In function 'udp6_input':
slirp/udp6.c:67:20: warning: taking address of packed member of 'struct ip6' may result in an unaligned pointer value [-Waddress-of-packed-member]
   67 |         (in6_equal(&ip->ip_dst, &slirp->vhost_addr6) ||
      |                    ^~~~~~~~~~~
In file included from slirp/udp6.c:10:
slirp/udp6.c:68:29: warning: taking address of packed member of 'struct ip6' may result in an unaligned pointer value [-Waddress-of-packed-member]
   68 |          in6_dhcp_multicast(&ip->ip_dst))) {
      |                             ^~~~~~~~~~~
slirp/dhcpv6.h:21:15: note: in definition of macro 'in6_dhcp_multicast'
   21 |     in6_equal(a, &(struct in6_addr)ALLDHCP_MULTICAST)
      |               ^
  CC      ui/keymaps.o
  CC      ui/console.o
slirp/ndp_table.c: In function 'ndp_table_add':
slirp/ndp_table.c:34:23: warning: taking address of packed member of 'struct ndpentry' may result in an unaligned pointer value [-Waddress-of-packed-member]
   34 |         if (in6_equal(&ndp_table->table[i].ip_addr, &ip_addr)) {
      |                       ^~~~~~~~~~~~~~~~~~~~~~~~~~~~
slirp/ndp_table.c: In function 'ndp_table_search':
slirp/ndp_table.c:79:23: warning: taking address of packed member of 'struct ndpentry' may result in an unaligned pointer value [-Waddress-of-packed-member]
   79 |         if (in6_equal(&ndp_table->table[i].ip_addr, &ip_addr)) {
      |                       ^~~~~~~~~~~~~~~~~~~~~~~~~~~~
  CC      ui/cursor.o
  CC      ui/qemu-pixman.o
  CC      ui/input.o
In file included from ui/orbital.c:49:
ui/orbital-style.h:33:1: warning: function declaration isn't a prototype [-Wstrict-prototypes]
   33 | void orbital_style_initialize();
      | ^~~~
ui/orbital.c:175:6: warning: function declaration isn't a prototype [-Wstrict-prototypes]
  175 | void orbital_update_cpu_procs_list_done()
      |      ^~~~~~~~~~~~~~~~~~~~~~~~~~~~~~~~~~
ui/orbital.c: In function 'orbital_update_cpu_procs_list_done':
ui/orbital.c:175:6: warning: old-style function definition [-Wold-style-definition]
ui/orbital.c:177:5: warning: implicit declaration of function 'orbital_procs_list_done'; did you mean 'orbital_procs_list_draw'? [-Wimplicit-function-declaration]
  177 |     orbital_procs_list_done(ui.procs_list);
      |     ^~~~~~~~~~~~~~~~~~~~~~~
      |     orbital_procs_list_draw
ui/orbital.c:177:5: warning: nested extern declaration of 'orbital_procs_list_done' [-Wnested-externs]
  CC      ui/input-keymap.o
  CC      ui/input-legacy.o
  CC      ui/vnc.o
  CC      ui/vnc-enc-zlib.o
  CC      ui/vnc-enc-hextile.o
  CC      ui/vnc-enc-tight.o
  CC      ui/vnc-enc-zrle.o
  CC      ui/vnc-palette.o
ui/orbital-procs.cpp: In member function 'void orbital_procs_t::Draw(const char*, bool*)':
ui/orbital-procs.cpp:76:28: warning: comparison of integer expressions of different signedness: 'int' and 'uint32_t' {aka 'unsigned int'} [-Wsign-compare]
   76 |         for (auto i = 0; i < cpu_count; ++i) {
      |                          ~~^~~~~~~~~~~
  CC      ui/vnc-auth-vencrypt.o
  CC      ui/vnc-ws.o
  CC      ui/vnc-jobs.o
  CC      ui/vk-helpers.o
  CXX     ui/imgui/imgui.o
  CXX     ui/imgui/imgui_draw.o
  CXX     ui/imgui/imgui_demo.o
  CXX     ui/imgui/imgui_widgets.o
cc1plus.exe: warning: command-line option '-std=gnu11' is valid for C/ObjC but not for C++
cc1plus.exe: warning: command-line option '-std=gnu11' is valid for C/ObjC but not for C++
cc1plus.exe: warning: command-line option '-std=gnu11' is valid for C/ObjC but not for C++
  CXX     ui/imgui/imgui_impl_vulkan.o
  CXX     ui/imgui/cimgui_auto.o
cc1plus.exe: warning: command-line option '-std=gnu11' is valid for C/ObjC but not for C++
cc1plus.exe: warning: command-line option '-std=gnu11' is valid for C/ObjC but not for C++
cc1plus.exe: warning: command-line option '-std=gnu11' is valid for C/ObjC but not for C++
  CXX     ui/imgui/imgui_impl_sdl.o
cc1plus.exe: warning: command-line option '-std=gnu11' is valid for C/ObjC but not for C++
ui/orbital-procs-list.cpp: In member function 'void orbital_procs_list_t::Draw(const char*, bool*)':
ui/orbital-procs-list.cpp:250:25: warning: loop variable 'data' creates a copy from type 'const orbital_proc_data' [-Wrange-loop-construct]
  250 |         for (const auto data : proc_data_list) {
      |                         ^~~~
ui/orbital-procs-list.cpp:250:25: note: use reference type to prevent copying
  250 |         for (const auto data : proc_data_list) {
      |                         ^~~~
      |                         &
  CC      ui/sdl2.o
In file included from ui/imgui/imgui_draw.cpp:31:
ui/imgui/imgui_internal.h: In constructor 'ImGuiInputTextState::ImGuiInputTextState()':
ui/imgui/imgui_internal.h:520:61: warning: 'void* memset(void*, int, size_t)' clearing an object of type 'struct ImGuiInputTextState' with no trivial copy-assignment; use assignment or value-initialization instead [-Wclass-memaccess]
  520 |     ImGuiInputTextState()                           { memset(this, 0, sizeof(*this)); }
      |                                                       ~~~~~~^~~~~~~~~~~~~~~~~~~~~~~~
ui/imgui/imgui_internal.h:501:18: note: 'struct ImGuiInputTextState' declared here
  501 | struct IMGUI_API ImGuiInputTextState
      |                  ^~~~~~~~~~~~~~~~~~~
In file included from ui/imgui/imgui_widgets.cpp:38:
ui/imgui/imgui_internal.h: In constructor 'ImGuiInputTextState::ImGuiInputTextState()':
ui/imgui/imgui_internal.h:520:61: warning: 'void* memset(void*, int, size_t)' clearing an object of type 'struct ImGuiInputTextState' with no trivial copy-assignment; use assignment or value-initialization instead [-Wclass-memaccess]
  520 |     ImGuiInputTextState()                           { memset(this, 0, sizeof(*this)); }
      |                                                       ~~~~~~^~~~~~~~~~~~~~~~~~~~~~~~
ui/imgui/imgui_internal.h:501:18: note: 'struct ImGuiInputTextState' declared here
  501 | struct IMGUI_API ImGuiInputTextState
      |                  ^~~~~~~~~~~~~~~~~~~
In file included from ui/imgui/cimgui_auto.cpp:5:
ui/imgui/imgui_internal.h: In constructor 'ImGuiInputTextState::ImGuiInputTextState()':
ui/imgui/imgui_internal.h:520:61: warning: 'void* memset(void*, int, size_t)' clearing an object of type 'struct ImGuiInputTextState' with no trivial copy-assignment; use assignment or value-initialization instead [-Wclass-memaccess]
  520 |     ImGuiInputTextState()                           { memset(this, 0, sizeof(*this)); }
      |                                                       ~~~~~~^~~~~~~~~~~~~~~~~~~~~~~~
ui/imgui/imgui_internal.h:501:18: note: 'struct ImGuiInputTextState' declared here
  501 | struct IMGUI_API ImGuiInputTextState
      |                  ^~~~~~~~~~~~~~~~~~~
In file included from ui/imgui/imgui.cpp:858:
ui/imgui/imgui_internal.h: In constructor 'ImGuiInputTextState::ImGuiInputTextState()':
ui/imgui/imgui_internal.h:520:61: warning: 'void* memset(void*, int, size_t)' clearing an object of type 'struct ImGuiInputTextState' with no trivial copy-assignment; use assignment or value-initialization instead [-Wclass-memaccess]
  520 |     ImGuiInputTextState()                           { memset(this, 0, sizeof(*this)); }
      |                                                       ~~~~~~^~~~~~~~~~~~~~~~~~~~~~~~
ui/imgui/imgui_internal.h:501:18: note: 'struct ImGuiInputTextState' declared here
  501 | struct IMGUI_API ImGuiInputTextState
      |                  ^~~~~~~~~~~~~~~~~~~
  CC      ui/sdl2-input.o
  CC      ui/sdl2-2d.o
  CC      chardev/char.o
  CC      chardev/char-console.o
  CC      chardev/char-fe.o
  CC      chardev/char-file.o
  CC      chardev/char-io.o
  CC      chardev/char-mux.o
  CC      chardev/char-null.o
  CC      chardev/char-pipe.o
  CC      chardev/char-ringbuf.o
  CC      chardev/char-serial.o
  CC      chardev/char-socket.o
  CC      chardev/char-stdio.o
  CC      chardev/char-udp.o
  CC      chardev/char-win.o
  CC      chardev/char-win-stdio.o
  CC      qga/commands.o
  CC      qga/guest-agent-command-state.o
  CC      qga/main.o
  CC      qga/commands-win32.o
  CC      qga/channel-win32.o
  CC      qga/vss-win32.o
  CC      qga/service-win32.o
  CC      qga/qapi-generated/qga-qapi-types.o
  CC      qga/qapi-generated/qga-qapi-visit.o
  CC      qga/qapi-generated/qga-qapi-commands.o
  AS      optionrom/multiboot.o
  AR      libqemuutil.a
  AS      optionrom/linuxboot.o
  CC      qemu-img.o
  CC      optionrom/linuxboot_dma.o
  AS      optionrom/kvmvapic.o
  BUILD   optionrom/multiboot.img
  BUILD   optionrom/linuxboot.img
qga/main.c: In function 'ga_log':
qga/main.c:304:5: warning: 'GTimeVal' is deprecated: Use 'GDateTime' instead [-Wdeprecated-declarations]
  304 |     GTimeVal time;
      |     ^~~~~~~~
In file included from C:/Users/Syf/Desktop/BS4/tools/msys64/msys64/mingw64/include/glib-2.0/glib/galloca.h:34,
                 from C:/Users/Syf/Desktop/BS4/tools/msys64/msys64/mingw64/include/glib-2.0/glib.h:32,
                 from C:/Users/Syf/Desktop/BS4/orbital-500/orbital-qemu/include/glib-compat.h:19,
                 from C:/Users/Syf/Desktop/BS4/orbital-500/orbital-qemu/include/qemu/osdep.h:107,
                 from qga/main.c:14:
C:/Users/Syf/Desktop/BS4/tools/msys64/msys64/mingw64/include/glib-2.0/glib/gtypes.h:622:8: note: declared here
  622 | struct _GTimeVal
      |        ^~~~~~~~~
qga/main.c:319:9: warning: 'g_get_current_time' is deprecated: Use 'g_get_real_time' instead [-Wdeprecated-declarations]
  319 |         g_get_current_time(&time);
      |         ^~~~~~~~~~~~~~~~~~
In file included from C:/Users/Syf/Desktop/BS4/tools/msys64/msys64/mingw64/include/glib-2.0/glib/giochannel.h:35,
                 from C:/Users/Syf/Desktop/BS4/tools/msys64/msys64/mingw64/include/glib-2.0/glib.h:56:
C:/Users/Syf/Desktop/BS4/tools/msys64/msys64/mingw64/include/glib-2.0/glib/gmain.h:842:8: note: declared here
  842 | void   g_get_current_time                 (GTimeVal       *result);
      |        ^~~~~~~~~~~~~~~~~~
C:\Users\Syf\Desktop\BS4\tools\msys64\msys64\mingw64\bin\ld.exe: multiboot.img:.text: section below image base
C:\Users\Syf\Desktop\BS4\tools\msys64\msys64\mingw64\bin\ld.exe: linuxboot.img:.text: section below image base
  BUILD   optionrom/kvmvapic.img
C:\Users\Syf\Desktop\BS4\tools\msys64\msys64\mingw64\bin\ld.exe: kvmvapic.img:.text: section below image base
  BUILD   optionrom/multiboot.raw
  BUILD   optionrom/linuxboot.raw
  BUILD   optionrom/linuxboot_dma.img
C:\Users\Syf\Desktop\BS4\tools\msys64\msys64\mingw64\bin\ld.exe: linuxboot_dma.img:.text: section below image base
C:\Users\Syf\Desktop\BS4\tools\msys64\msys64\mingw64\bin\ld.exe: linuxboot_dma.img:.rdata: section below image base
  BUILD   optionrom/kvmvapic.raw
  SIGN    optionrom/multiboot.bin
  SIGN    optionrom/linuxboot.bin
  BUILD   optionrom/linuxboot_dma.raw
  SIGN    optionrom/kvmvapic.bin
  SIGN    optionrom/linuxboot_dma.bin
qemu-img.c: In function 'img_dd':
qemu-img.c:4321:13: warning: variable 'block_count' set but not used [-Wunused-but-set-variable=]
 4321 |     int64_t block_count = 0, out_pos, in_pos;
      |             ^~~~~~~~~~~
  LINK    qemu-io.exe
  LINK    qemu-ga.exe
  LINK    qemu-img.exe
  GEN     ps4-softmmu/hmp-commands.h
  GEN     ps4-softmmu/hmp-commands-info.h
  GEN     ps4-softmmu/config-target.h
  CC      ps4-softmmu/exec.o
  CC      ps4-softmmu/tcg/tcg.o
  CC      ps4-softmmu/tcg/tcg-op.o
  CC      ps4-softmmu/tcg/tcg-op-vec.o
  CC      ps4-softmmu/tcg/tcg-op-gvec.o
  CC      ps4-softmmu/tcg/tcg-common.o
  CC      ps4-softmmu/tcg/optimize.o
  CC      ps4-softmmu/fpu/softfloat.o
  CC      ps4-softmmu/disas.o
  GEN     ps4-softmmu/gdbstub-xml.c
  CC      ps4-softmmu/arch_init.o
  CC      ps4-softmmu/cpus.o
  CC      ps4-softmmu/monitor.o
  CC      ps4-softmmu/gdbstub.o
  CC      ps4-softmmu/balloon.o
  CC      ps4-softmmu/ioport.o
  CC      ps4-softmmu/numa.o
  CC      ps4-softmmu/qtest.o
  CC      ps4-softmmu/memory.o
  CC      ps4-softmmu/memory_mapping.o
  CC      ps4-softmmu/dump.o
  CC      ps4-softmmu/migration/ram.o
  CC      ps4-softmmu/accel/accel.o
  CC      ps4-softmmu/accel/stubs/hvf-stub.o
  CC      ps4-softmmu/accel/stubs/whpx-stub.o
  CC      ps4-softmmu/accel/stubs/kvm-stub.o
  CC      ps4-softmmu/accel/tcg/tcg-all.o
  CC      ps4-softmmu/accel/tcg/cputlb.o
  CC      ps4-softmmu/accel/tcg/tcg-runtime.o
  CC      ps4-softmmu/accel/tcg/tcg-runtime-gvec.o
  CC      ps4-softmmu/accel/tcg/cpu-exec.o
  CC      ps4-softmmu/accel/tcg/cpu-exec-common.o
  CC      ps4-softmmu/accel/tcg/translate-all.o
C:/Users/Syf/Desktop/BS4/orbital-500/orbital-qemu/memory.c: In function 'memory_region_escape_name':
C:/Users/Syf/Desktop/BS4/orbital-500/orbital-qemu/memory.c:1100:8: warning: 'g_memdup' is deprecated: Use 'g_memdup2' instead [-Wdeprecated-declarations]
 1100 |        return g_memdup(name, bytes + 1);
      |        ^~~~~~
In file included from C:/Users/Syf/Desktop/BS4/tools/msys64/msys64/mingw64/include/glib-2.0/glib/gstring.h:37,
                 from C:/Users/Syf/Desktop/BS4/tools/msys64/msys64/mingw64/include/glib-2.0/glib/giochannel.h:36,
                 from C:/Users/Syf/Desktop/BS4/tools/msys64/msys64/mingw64/include/glib-2.0/glib.h:56,
                 from C:/Users/Syf/Desktop/BS4/orbital-500/orbital-qemu/include/glib-compat.h:19,
                 from C:/Users/Syf/Desktop/BS4/orbital-500/orbital-qemu/include/qemu/osdep.h:107,
                 from C:/Users/Syf/Desktop/BS4/orbital-500/orbital-qemu/memory.c:16:
C:/Users/Syf/Desktop/BS4/tools/msys64/msys64/mingw64/include/glib-2.0/glib/gstrfuncs.h:338:23: note: declared here
  338 | gpointer              g_memdup         (gconstpointer mem,
      |                       ^~~~~~~~
  CC      ps4-softmmu/accel/tcg/translator.o
  CC      ps4-softmmu/hw/block/virtio-blk.o
C:/Users/Syf/Desktop/BS4/orbital-500/orbital-qemu/dump.c: In function 'create_header32':
C:/Users/Syf/Desktop/BS4/orbital-500/orbital-qemu/dump.c:817:5: warning: 'strncpy' output truncated before terminating nul copying 8 bytes from a string of the same length [-Wstringop-truncation]
  817 |     strncpy(dh->signature, KDUMP_SIGNATURE, strlen(KDUMP_SIGNATURE));
      |     ^~~~~~~~~~~~~~~~~~~~~~~~~~~~~~~~~~~~~~~~~~~~~~~~~~~~~~~~~~~~~~~~
C:/Users/Syf/Desktop/BS4/orbital-500/orbital-qemu/dump.c: In function 'create_header64':
C:/Users/Syf/Desktop/BS4/orbital-500/orbital-qemu/dump.c:929:5: warning: 'strncpy' output truncated before terminating nul copying 8 bytes from a string of the same length [-Wstringop-truncation]
  929 |     strncpy(dh->signature, KDUMP_SIGNATURE, strlen(KDUMP_SIGNATURE));
      |     ^~~~~~~~~~~~~~~~~~~~~~~~~~~~~~~~~~~~~~~~~~~~~~~~~~~~~~~~~~~~~~~~
  CC      ps4-softmmu/hw/block/dataplane/virtio-blk.o
  CC      ps4-softmmu/hw/char/virtio-serial-bus.o
  CC      ps4-softmmu/hw/core/generic-loader.o
  CC      ps4-softmmu/hw/core/null-machine.o
  CC      ps4-softmmu/hw/display/vga.o
  CC      ps4-softmmu/hw/display/virtio-gpu.o
  CC      ps4-softmmu/hw/display/virtio-gpu-3d.o
  CC      ps4-softmmu/hw/display/virtio-gpu-pci.o
  CC      ps4-softmmu/hw/display/virtio-vga.o
  CC      ps4-softmmu/hw/intc/apic.o
  CC      ps4-softmmu/hw/intc/apic_common.o
  CC      ps4-softmmu/hw/intc/ioapic.o
  CC      ps4-softmmu/hw/isa/lpc_ich9.o
  CC      ps4-softmmu/hw/misc/pvpanic.o
  CC      ps4-softmmu/hw/misc/mmio_interface.o
C:/Users/Syf/Desktop/BS4/orbital-500/orbital-qemu/hw/char/virtio-serial-bus.c: In function 'virtio_serial_save_device':
C:/Users/Syf/Desktop/BS4/orbital-500/orbital-qemu/hw/char/virtio-serial-bus.c:667:23: warning: taking address of packed member of 'struct virtio_console_config' may result in an unaligned pointer value [-Waddress-of-packed-member]
  667 |     qemu_put_be16s(f, &config.cols);
      |                       ^~~~~~~~~~~~
C:/Users/Syf/Desktop/BS4/orbital-500/orbital-qemu/hw/char/virtio-serial-bus.c:668:23: warning: taking address of packed member of 'struct virtio_console_config' may result in an unaligned pointer value [-Waddress-of-packed-member]
  668 |     qemu_put_be16s(f, &config.rows);
      |                       ^~~~~~~~~~~~
C:/Users/Syf/Desktop/BS4/orbital-500/orbital-qemu/hw/char/virtio-serial-bus.c:669:23: warning: taking address of packed member of 'struct virtio_console_config' may result in an unaligned pointer value [-Waddress-of-packed-member]
  669 |     qemu_put_be32s(f, &config.max_nr_ports);
      |                       ^~~~~~~~~~~~~~~~~~~~
  CC      ps4-softmmu/hw/net/virtio-net.o
  CC      ps4-softmmu/hw/net/vhost_net.o
  CC      ps4-softmmu/hw/ps4/aeolia_acpi.o
  CC      ps4-softmmu/hw/ps4/aeolia_ahci.o
  CC      ps4-softmmu/hw/ps4/aeolia_dmac.o
  CC      ps4-softmmu/hw/ps4/aeolia_gbe.o
  CC      ps4-softmmu/hw/ps4/aeolia_mem.o
  CC      ps4-softmmu/hw/ps4/aeolia_pcie.o
  CC      ps4-softmmu/hw/ps4/aeolia_sdhci.o
  CC      ps4-softmmu/hw/ps4/aeolia_uart.o
  CC      ps4-softmmu/hw/ps4/aeolia_xhci.o
  CC      ps4-softmmu/hw/ps4/liverpool_func.o
  CC      ps4-softmmu/hw/ps4/liverpool_gc.o
  CC      ps4-softmmu/hw/ps4/liverpool_hdac.o
  CC      ps4-softmmu/hw/ps4/liverpool_iommu.o
C:/Users/Syf/Desktop/BS4/orbital-500/orbital-qemu/hw/net/virtio-net.c: In function 'virtio_net_handle_ctrl':
C:/Users/Syf/Desktop/BS4/orbital-500/orbital-qemu/hw/net/virtio-net.c:999:9: warning: 'g_memdup' is deprecated: Use 'g_memdup2' instead [-Wdeprecated-declarations]
  999 |         iov2 = iov = g_memdup(elem->out_sg, sizeof(struct iovec) * elem->out_num);
      |         ^~~~
In file included from C:/Users/Syf/Desktop/BS4/tools/msys64/msys64/mingw64/include/glib-2.0/glib/gstring.h:37,
                 from C:/Users/Syf/Desktop/BS4/tools/msys64/msys64/mingw64/include/glib-2.0/glib/giochannel.h:36,
                 from C:/Users/Syf/Desktop/BS4/tools/msys64/msys64/mingw64/include/glib-2.0/glib.h:56,
                 from C:/Users/Syf/Desktop/BS4/orbital-500/orbital-qemu/include/glib-compat.h:19,
                 from C:/Users/Syf/Desktop/BS4/orbital-500/orbital-qemu/include/qemu/osdep.h:107,
                 from C:/Users/Syf/Desktop/BS4/orbital-500/orbital-qemu/hw/net/virtio-net.c:14:
C:/Users/Syf/Desktop/BS4/tools/msys64/msys64/mingw64/include/glib-2.0/glib/gstrfuncs.h:338:23: note: declared here
  338 | gpointer              g_memdup         (gconstpointer mem,
      |                       ^~~~~~~~
  CC      ps4-softmmu/hw/ps4/liverpool_rootc.o
  CC      ps4-softmmu/hw/ps4/liverpool_rootp.o
  CC      ps4-softmmu/hw/ps4/ps4.o
  CC      ps4-softmmu/hw/ps4/aeolia/aeolia_hpet.o
  CC      ps4-softmmu/hw/ps4/aeolia/aeolia_msi.o
C:/Users/Syf/Desktop/BS4/orbital-500/orbital-qemu/hw/ps4/aeolia_mem.c: In function 'aeolia_mem_read':
C:/Users/Syf/Desktop/BS4/orbital-500/orbital-qemu/hw/ps4/aeolia_mem.c:50:41: warning: format '%lX' expects argument of type 'long unsigned int', but argument 2 has type 'hwaddr' {aka 'long long unsigned int'} [-Wformat=]
   50 |     printf("aeolia_mem_read:  { addr: %lX, size: %X }\n", addr, size);
      |                                       ~~^                 ~~~~
      |                                         |                 |
      |                                         long unsigned int hwaddr {aka long long unsigned int}
      |                                       %llX
C:/Users/Syf/Desktop/BS4/orbital-500/orbital-qemu/hw/ps4/aeolia_mem.c: In function 'aeolia_mem_write':
C:/Users/Syf/Desktop/BS4/orbital-500/orbital-qemu/hw/ps4/aeolia_mem.c:57:41: warning: format '%lX' expects argument of type 'long unsigned int', but argument 2 has type 'hwaddr' {aka 'long long unsigned int'} [-Wformat=]
   57 |     printf("aeolia_mem_write: { addr: %lX, size: %X, value: %lX }\n", addr, size, value);
      |                                       ~~^                             ~~~~
      |                                         |                             |
      |                                         long unsigned int             hwaddr {aka long long unsigned int}
      |                                       %llX
C:/Users/Syf/Desktop/BS4/orbital-500/orbital-qemu/hw/ps4/aeolia_mem.c:57:63: warning: format '%lX' expects argument of type 'long unsigned int', but argument 4 has type 'uint64_t' {aka 'long long unsigned int'} [-Wformat=]
   57 |     printf("aeolia_mem_write: { addr: %lX, size: %X, value: %lX }\n", addr, size, value);
      |                                                             ~~^                   ~~~~~
      |                                                               |                   |
      |                                                               long unsigned int   uint64_t {aka long long unsigned int}
      |                                                             %llX
  CC      ps4-softmmu/hw/ps4/liverpool/lvp_dce.o
C:/Users/Syf/Desktop/BS4/orbital-500/orbital-qemu/hw/ps4/aeolia_pcie.c:297:13: warning: 'sflash_erase' defined but not used [-Wunused-function]
  297 | static void sflash_erase(AeoliaPCIEState *s, uint32_t offset, uint32_t size)
      |             ^~~~~~~~~~~~
  CC      ps4-softmmu/hw/ps4/liverpool/lvp_dce_d.o
  CC      ps4-softmmu/hw/ps4/liverpool/lvp_gart.o
C:/Users/Syf/Desktop/BS4/orbital-500/orbital-qemu/hw/ps4/aeolia_xhci.c: In function 'xhci_kick_epctx':
C:/Users/Syf/Desktop/BS4/orbital-500/orbital-qemu/hw/ps4/aeolia_xhci.c:2005:21: warning: variable 'type' set but not used [-Wunused-but-set-variable=]
 2005 |             TRBType type;
      |                     ^~~~
C:/Users/Syf/Desktop/BS4/orbital-500/orbital-qemu/hw/ps4/aeolia_xhci.c: At top level:
C:/Users/Syf/Desktop/BS4/orbital-500/orbital-qemu/hw/ps4/aeolia_xhci.c:493:20: warning: 'ep_state_name' defined but not used [-Wunused-function]
  493 | static const char *ep_state_name(uint32_t state)
      |                    ^~~~~~~~~~~~~
C:/Users/Syf/Desktop/BS4/orbital-500/orbital-qemu/hw/ps4/aeolia_xhci.c:487:20: warning: 'event_name' defined but not used [-Wunused-function]
  487 | static const char *event_name(XHCIEvent *event)
      |                    ^~~~~~~~~~
C:/Users/Syf/Desktop/BS4/orbital-500/orbital-qemu/hw/ps4/aeolia_xhci.c:481:20: warning: 'trb_name' defined but not used [-Wunused-function]
  481 | static const char *trb_name(XHCITRB *trb)
      |                    ^~~~~~~~
C:/Users/Syf/Desktop/BS4/orbital-500/orbital-qemu/hw/ps4/aeolia_xhci.c: In function 'usb_xhci_init':
C:/Users/Syf/Desktop/BS4/orbital-500/orbital-qemu/hw/ps4/aeolia_xhci.c:3327:66: warning: '%d' directive output may be truncated writing between 1 and 10 bytes into a region of size 5 [-Wformat-truncation=]
 3327 |             snprintf(port->name, sizeof(port->name), "usb2 port #%d", i+1);
      |                                                                  ^~
C:/Users/Syf/Desktop/BS4/orbital-500/orbital-qemu/hw/ps4/aeolia_xhci.c:3327:54: note: directive argument in the range [1, 2147483647]
 3327 |             snprintf(port->name, sizeof(port->name), "usb2 port #%d", i+1);
      |                                                      ^~~~~~~~~~~~~~~
C:/Users/Syf/Desktop/BS4/orbital-500/orbital-qemu/hw/ps4/aeolia_xhci.c:3327:13: note: 'snprintf' output between 13 and 22 bytes into a destination of size 16
 3327 |             snprintf(port->name, sizeof(port->name), "usb2 port #%d", i+1);
      |             ^~~~~~~~~~~~~~~~~~~~~~~~~~~~~~~~~~~~~~~~~~~~~~~~~~~~~~~~~~~~~~
C:/Users/Syf/Desktop/BS4/orbital-500/orbital-qemu/hw/ps4/aeolia_xhci.c:3340:66: warning: '%d' directive output may be truncated writing between 1 and 10 bytes into a region of size 5 [-Wformat-truncation=]
 3340 |             snprintf(port->name, sizeof(port->name), "usb3 port #%d", i+1);
      |                                                                  ^~
C:/Users/Syf/Desktop/BS4/orbital-500/orbital-qemu/hw/ps4/aeolia_xhci.c:3340:54: note: directive argument in the range [1, 2147483647]
 3340 |             snprintf(port->name, sizeof(port->name), "usb3 port #%d", i+1);
      |                                                      ^~~~~~~~~~~~~~~
C:/Users/Syf/Desktop/BS4/orbital-500/orbital-qemu/hw/ps4/aeolia_xhci.c:3340:13: note: 'snprintf' output between 13 and 22 bytes into a destination of size 16
 3340 |             snprintf(port->name, sizeof(port->name), "usb3 port #%d", i+1);
      |             ^~~~~~~~~~~~~~~~~~~~~~~~~~~~~~~~~~~~~~~~~~~~~~~~~~~~~~~~~~~~~~
  CC      ps4-softmmu/hw/ps4/liverpool/lvp_gfx.o
  CC      ps4-softmmu/hw/ps4/liverpool/lvp_gfx_d.o
  CC      ps4-softmmu/hw/ps4/liverpool/lvp_gfx_format.o
  CC      ps4-softmmu/hw/ps4/liverpool/lvp_gfx_framebuffer.o
C:/Users/Syf/Desktop/BS4/orbital-500/orbital-qemu/hw/ps4/liverpool_hdac.c: In function 'liverpool_hdac_read':
C:/Users/Syf/Desktop/BS4/orbital-500/orbital-qemu/hw/ps4/liverpool_hdac.c:60:45: warning: format '%lX' expects argument of type 'long unsigned int', but argument 2 has type 'hwaddr' {aka 'long long unsigned int'} [-Wformat=]
   60 |     printf("liverpool_hdac_read:  { addr: %lX, size: %X }\n", addr, size);
      |                                           ~~^                 ~~~~
      |                                             |                 |
      |                                             long unsigned int hwaddr {aka long long unsigned int}
      |                                           %llX
C:/Users/Syf/Desktop/BS4/orbital-500/orbital-qemu/hw/ps4/liverpool_hdac.c: In function 'liverpool_hdac_write':
C:/Users/Syf/Desktop/BS4/orbital-500/orbital-qemu/hw/ps4/liverpool_hdac.c:70:45: warning: format '%lX' expects argument of type 'long unsigned int', but argument 2 has type 'hwaddr' {aka 'long long unsigned int'} [-Wformat=]
   70 |     printf("liverpool_hdac_write: { addr: %lX, size: %X, value: %lX }\n", addr, size, value);
      |                                           ~~^                             ~~~~
      |                                             |                             |
      |                                             long unsigned int             hwaddr {aka long long unsigned int}
      |                                           %llX
C:/Users/Syf/Desktop/BS4/orbital-500/orbital-qemu/hw/ps4/liverpool_hdac.c:70:67: warning: format '%lX' expects argument of type 'long unsigned int', but argument 4 has type 'uint64_t' {aka 'long long unsigned int'} [-Wformat=]
   70 |     printf("liverpool_hdac_write: { addr: %lX, size: %X, value: %lX }\n", addr, size, value);
      |                                                                 ~~^                   ~~~~~
      |                                                                   |                   |
      |                                                                   long unsigned int   uint64_t {aka long long unsigned int}
      |                                                                 %llX
C:/Users/Syf/Desktop/BS4/orbital-500/orbital-qemu/hw/ps4/liverpool/lvp_gfx_format.c: In function 'gcnMapToCompSwizzle':
C:/Users/Syf/Desktop/BS4/orbital-500/orbital-qemu/hw/ps4/liverpool/lvp_gfx_format.c:31:1: warning: control reaches end of non-void function [-Wreturn-type]
   31 | }
      | ^
  CC      ps4-softmmu/hw/ps4/liverpool/lvp_gfx_pipeline.o
C:/Users/Syf/Desktop/BS4/orbital-500/orbital-qemu/hw/ps4/liverpool_iommu.c: In function 'liverpool_iommu_inval_devtab_entry':
C:/Users/Syf/Desktop/BS4/orbital-500/orbital-qemu/hw/ps4/liverpool_iommu.c:472:14: warning: unused variable 'devid' [-Wunused-variable]
  472 |     uint16_t devid = cpu_to_le16((uint16_t)extract64(cmd[0], 0, 16));
      |              ^~~~~
  CC      ps4-softmmu/hw/ps4/liverpool/lvp_gfx_shader.o
  CC      ps4-softmmu/hw/ps4/liverpool/lvp_ih.o
  CC      ps4-softmmu/hw/ps4/liverpool/lvp_samu.o
  CC      ps4-softmmu/hw/ps4/liverpool/lvp_samu_d.o
  CC      ps4-softmmu/hw/ps4/liverpool/gca/gcn_analyzer.o
  CC      ps4-softmmu/hw/ps4/liverpool/gca/gcn_disasm.o
C:/Users/Syf/Desktop/BS4/orbital-500/orbital-qemu/hw/ps4/liverpool/gca/gcn_disasm.c: In function 'disasm_operand':
C:/Users/Syf/Desktop/BS4/orbital-500/orbital-qemu/hw/ps4/liverpool/gca/gcn_disasm.c:237:43: warning: format '%ld' expects argument of type 'long int', but argument 4 has type 'uint64_t' {aka 'long long unsigned int'} [-Wformat=]
  237 |             snprintf(tmp, sizeof(tmp), "%ld", op->const_u64);
      |                                         ~~^   ~~~~~~~~~~~~~
      |                                           |     |
      |                                           |     uint64_t {aka long long unsigned int}
      |                                           long int
      |                                         %lld
C:/Users/Syf/Desktop/BS4/orbital-500/orbital-qemu/hw/ps4/liverpool/gca/gcn_disasm.c:244:47: warning: format '%ld' expects argument of type 'long int', but argument 4 has type 'uint64_t' {aka 'long long unsigned int'} [-Wformat=]
  244 |             snprintf(tmp, sizeof(tmp), "lit(%ld)", op->const_u64);
      |                                             ~~^    ~~~~~~~~~~~~~
      |                                               |      |
      |                                               |      uint64_t {aka long long unsigned int}
      |                                               long int
      |                                             %lld
  CC      ps4-softmmu/hw/ps4/liverpool/gca/gcn_parser.o
  CC      ps4-softmmu/hw/ps4/liverpool/gca/gcn_resource.o
C:/Users/Syf/Desktop/BS4/orbital-500/orbital-qemu/hw/ps4/liverpool/lvp_gfx.c: In function 'cp_handle_pm4_it_wait_reg_mem':
C:/Users/Syf/Desktop/BS4/orbital-500/orbital-qemu/hw/ps4/liverpool/lvp_gfx.c:377:14: warning: variable 'poll_interval' set but not used [-Wunused-but-set-variable=]
  377 |     uint32_t poll_interval, reference, mask;
      |              ^~~~~~~~~~~~~
C:/Users/Syf/Desktop/BS4/orbital-500/orbital-qemu/hw/ps4/liverpool/lvp_gfx.c: In function 'cp_handle_pm4_type0':
C:/Users/Syf/Desktop/BS4/orbital-500/orbital-qemu/hw/ps4/liverpool/lvp_gfx.c:453:14: warning: variable 'reg' set but not used [-Wunused-but-set-variable=]
  453 |     uint32_t reg, count;
      |              ^~~
C:/Users/Syf/Desktop/BS4/orbital-500/orbital-qemu/hw/ps4/liverpool/lvp_gfx.c: In function 'cp_handle_pm4_type3':
C:/Users/Syf/Desktop/BS4/orbital-500/orbital-qemu/hw/ps4/liverpool/lvp_gfx.c:476:20: warning: variable 'shtype' set but not used [-Wunused-but-set-variable=]
  476 |     uint32_t pred, shtype, itop, count;
      |                    ^~~~~~
C:/Users/Syf/Desktop/BS4/orbital-500/orbital-qemu/hw/ps4/liverpool/lvp_gfx.c:476:14: warning: variable 'pred' set but not used [-Wunused-but-set-variable=]
  476 |     uint32_t pred, shtype, itop, count;
      |              ^~~~
  CC      ps4-softmmu/hw/ps4/liverpool/sam/modules/sbl_pupmgr.o
  CC      ps4-softmmu/hw/ps4/liverpool/sam/modules/sbl_authmgr.o
  CXX     ps4-softmmu/hw/ps4/liverpool/gca/gcn_translator.o
  CC      ps4-softmmu/hw/scsi/virtio-scsi.o
  CC      ps4-softmmu/hw/scsi/virtio-scsi-dataplane.o
  CC      ps4-softmmu/hw/timer/mc146818rtc.o
cc1plus.exe: warning: command-line option '-std=gnu11' is valid for C/ObjC but not for C++
C:/Users/Syf/Desktop/BS4/orbital-500/orbital-qemu/hw/ps4/liverpool/gca/gcn_resource.c:58:6: warning: no previous prototype for 'gcn_dependency_refcount_inc' [-Wmissing-prototypes]
   58 | void gcn_dependency_refcount_inc(gcn_dependency_t *dep)
      |      ^~~~~~~~~~~~~~~~~~~~~~~~~~~
C:/Users/Syf/Desktop/BS4/orbital-500/orbital-qemu/hw/ps4/liverpool/gca/gcn_resource.c:63:6: warning: no previous prototype for 'gcn_dependency_refcount_dec' [-Wmissing-prototypes]
   63 | void gcn_dependency_refcount_dec(gcn_dependency_t *dep)
      |      ^~~~~~~~~~~~~~~~~~~~~~~~~~~
  CC      ps4-softmmu/hw/virtio/virtio.o
  CC      ps4-softmmu/hw/virtio/virtio-balloon.o
  CC      ps4-softmmu/hw/virtio/virtio-crypto.o
  CC      ps4-softmmu/hw/virtio/virtio-crypto-pci.o
  CC      ps4-softmmu/hw/i386/multiboot.o
C:/Users/Syf/Desktop/BS4/orbital-500/orbital-qemu/hw/ps4/liverpool/lvp_samu_d.c: In function 'trace_hexdump':
C:/Users/Syf/Desktop/BS4/orbital-500/orbital-qemu/hw/ps4/liverpool/lvp_samu_d.c:59:9: warning: format not a string literal and no format arguments [-Wformat-security]
   59 |         TRACE_HEXDUMP_PREFIX;
      |         ^~~~~~~~~~~~~~~~~~~~
C:/Users/Syf/Desktop/BS4/orbital-500/orbital-qemu/hw/ps4/liverpool/lvp_samu_d.c:59:9: warning: format not a string literal and no format arguments [-Wformat-security]
C:/Users/Syf/Desktop/BS4/orbital-500/orbital-qemu/hw/ps4/liverpool/lvp_samu_d.c:67:9: warning: format not a string literal and no format arguments [-Wformat-security]
   67 |         TRACE_HEXDUMP_PREFIX;
      |         ^~~~~~~~~~~~~~~~~~~~
C:/Users/Syf/Desktop/BS4/orbital-500/orbital-qemu/hw/ps4/liverpool/lvp_samu_d.c:67:9: warning: format not a string literal and no format arguments [-Wformat-security]
C:/Users/Syf/Desktop/BS4/orbital-500/orbital-qemu/hw/ps4/liverpool/lvp_samu_d.c: In function 'trace_samu_packet_ccp_aes':
C:/Users/Syf/Desktop/BS4/orbital-500/orbital-qemu/hw/ps4/liverpool/lvp_samu_d.c:41:34: warning: passing argument 2 of 'trace_hexdump' discards 'const' qualifier from pointer target type [-Wdiscarded-qualifiers]
   41 | #define TRACE_PREFIX_SUBCOMMAND  "      "
      |                                  ^~~~~~~~
C:/Users/Syf/Desktop/BS4/orbital-500/orbital-qemu/hw/ps4/liverpool/lvp_samu_d.c:244:34: note: in expansion of macro 'TRACE_PREFIX_SUBCOMMAND'
  244 |         trace_hexdump("key:   ", TRACE_PREFIX_SUBCOMMAND, command->aes.key, 0x20);
      |                                  ^~~~~~~~~~~~~~~~~~~~~~~
C:/Users/Syf/Desktop/BS4/orbital-500/orbital-qemu/hw/ps4/liverpool/lvp_samu_d.c:54:51: note: expected 'char *' but argument is of type 'const char *'
   54 | static void trace_hexdump(const char* name, char* prefix, uint8_t* data, size_t size)
      |                                             ~~~~~~^~~~~~
C:/Users/Syf/Desktop/BS4/orbital-500/orbital-qemu/hw/ps4/liverpool/lvp_samu_d.c:244:71: warning: passing argument 3 of 'trace_hexdump' discards 'const' qualifier from pointer target type [-Wdiscarded-qualifiers]
  244 |         trace_hexdump("key:   ", TRACE_PREFIX_SUBCOMMAND, command->aes.key, 0x20);
      |                                                           ~~~~~~~~~~~~^~~~
C:/Users/Syf/Desktop/BS4/orbital-500/orbital-qemu/hw/ps4/liverpool/lvp_samu_d.c:54:68: note: expected 'uint8_t *' {aka 'unsigned char *'} but argument is of type 'const uint8_t *' {aka 'const unsigned char *'}
   54 | static void trace_hexdump(const char* name, char* prefix, uint8_t* data, size_t size)
      |                                                           ~~~~~~~~~^~~~
C:/Users/Syf/Desktop/BS4/orbital-500/orbital-qemu/hw/ps4/liverpool/lvp_samu_d.c:41:34: warning: passing argument 2 of 'trace_hexdump' discards 'const' qualifier from pointer target type [-Wdiscarded-qualifiers]
   41 | #define TRACE_PREFIX_SUBCOMMAND  "      "
      |                                  ^~~~~~~~
C:/Users/Syf/Desktop/BS4/orbital-500/orbital-qemu/hw/ps4/liverpool/lvp_samu_d.c:246:30: note: in expansion of macro 'TRACE_PREFIX_SUBCOMMAND'
  246 |     trace_hexdump("iv:    ", TRACE_PREFIX_SUBCOMMAND, command->aes.iv, 0x10);
      |                              ^~~~~~~~~~~~~~~~~~~~~~~
C:/Users/Syf/Desktop/BS4/orbital-500/orbital-qemu/hw/ps4/liverpool/lvp_samu_d.c:54:51: note: expected 'char *' but argument is of type 'const char *'
   54 | static void trace_hexdump(const char* name, char* prefix, uint8_t* data, size_t size)
      |                                             ~~~~~~^~~~~~
C:/Users/Syf/Desktop/BS4/orbital-500/orbital-qemu/hw/ps4/liverpool/lvp_samu_d.c:246:67: warning: passing argument 3 of 'trace_hexdump' discards 'const' qualifier from pointer target type [-Wdiscarded-qualifiers]
  246 |     trace_hexdump("iv:    ", TRACE_PREFIX_SUBCOMMAND, command->aes.iv, 0x10);
      |                                                       ~~~~~~~~~~~~^~~
C:/Users/Syf/Desktop/BS4/orbital-500/orbital-qemu/hw/ps4/liverpool/lvp_samu_d.c:54:68: note: expected 'uint8_t *' {aka 'unsigned char *'} but argument is of type 'const uint8_t *' {aka 'const unsigned char *'}
   54 | static void trace_hexdump(const char* name, char* prefix, uint8_t* data, size_t size)
      |                                                           ~~~~~~~~~^~~~
C:/Users/Syf/Desktop/BS4/orbital-500/orbital-qemu/hw/ps4/liverpool/lvp_samu_d.c: In function 'trace_samu_packet_ccp_xts':
C:/Users/Syf/Desktop/BS4/orbital-500/orbital-qemu/hw/ps4/liverpool/lvp_samu_d.c:41:34: warning: passing argument 2 of 'trace_hexdump' discards 'const' qualifier from pointer target type [-Wdiscarded-qualifiers]
   41 | #define TRACE_PREFIX_SUBCOMMAND  "      "
      |                                  ^~~~~~~~
C:/Users/Syf/Desktop/BS4/orbital-500/orbital-qemu/hw/ps4/liverpool/lvp_samu_d.c:262:27: note: in expansion of macro 'TRACE_PREFIX_SUBCOMMAND'
  262 |     trace_hexdump("key:", TRACE_PREFIX_SUBCOMMAND,
      |                           ^~~~~~~~~~~~~~~~~~~~~~~
C:/Users/Syf/Desktop/BS4/orbital-500/orbital-qemu/hw/ps4/liverpool/lvp_samu_d.c:54:51: note: expected 'char *' but argument is of type 'const char *'
   54 | static void trace_hexdump(const char* name, char* prefix, uint8_t* data, size_t size)
      |                                             ~~~~~~^~~~~~
C:/Users/Syf/Desktop/BS4/orbital-500/orbital-qemu/hw/ps4/liverpool/lvp_samu_d.c:263:21: warning: passing argument 3 of 'trace_hexdump' discards 'const' qualifier from pointer target type [-Wdiscarded-qualifiers]
  263 |         command->xts.key, 0x20);
      |         ~~~~~~~~~~~~^~~~
C:/Users/Syf/Desktop/BS4/orbital-500/orbital-qemu/hw/ps4/liverpool/lvp_samu_d.c:54:68: note: expected 'uint8_t *' {aka 'unsigned char *'} but argument is of type 'const uint8_t *' {aka 'const unsigned char *'}
   54 | static void trace_hexdump(const char* name, char* prefix, uint8_t* data, size_t size)
      |                                                           ~~~~~~~~~^~~~
C:/Users/Syf/Desktop/BS4/orbital-500/orbital-qemu/hw/ps4/liverpool/lvp_samu_d.c: In function 'trace_samu_packet_ccp_sha':
C:/Users/Syf/Desktop/BS4/orbital-500/orbital-qemu/hw/ps4/liverpool/lvp_samu_d.c:41:34: warning: passing argument 2 of 'trace_hexdump' discards 'const' qualifier from pointer target type [-Wdiscarded-qualifiers]
   41 | #define TRACE_PREFIX_SUBCOMMAND  "      "
      |                                  ^~~~~~~~
C:/Users/Syf/Desktop/BS4/orbital-500/orbital-qemu/hw/ps4/liverpool/lvp_samu_d.c:272:28: note: in expansion of macro 'TRACE_PREFIX_SUBCOMMAND'
  272 |     trace_hexdump("hash:", TRACE_PREFIX_SUBCOMMAND,
      |                            ^~~~~~~~~~~~~~~~~~~~~~~
C:/Users/Syf/Desktop/BS4/orbital-500/orbital-qemu/hw/ps4/liverpool/lvp_samu_d.c:54:51: note: expected 'char *' but argument is of type 'const char *'
   54 | static void trace_hexdump(const char* name, char* prefix, uint8_t* data, size_t size)
      |                                             ~~~~~~^~~~~~
C:/Users/Syf/Desktop/BS4/orbital-500/orbital-qemu/hw/ps4/liverpool/lvp_samu_d.c:273:21: warning: passing argument 3 of 'trace_hexdump' discards 'const' qualifier from pointer target type [-Wdiscarded-qualifiers]
  273 |         command->sha.hash, 0x20);
      |         ~~~~~~~~~~~~^~~~~
C:/Users/Syf/Desktop/BS4/orbital-500/orbital-qemu/hw/ps4/liverpool/lvp_samu_d.c:54:68: note: expected 'uint8_t *' {aka 'unsigned char *'} but argument is of type 'const uint8_t *' {aka 'const unsigned char *'}
   54 | static void trace_hexdump(const char* name, char* prefix, uint8_t* data, size_t size)
      |                                                           ~~~~~~~~~^~~~
C:/Users/Syf/Desktop/BS4/orbital-500/orbital-qemu/hw/ps4/liverpool/lvp_samu_d.c: In function 'trace_samu_packet_ccp_hmac':
C:/Users/Syf/Desktop/BS4/orbital-500/orbital-qemu/hw/ps4/liverpool/lvp_samu_d.c:41:34: warning: passing argument 2 of 'trace_hexdump' discards 'const' qualifier from pointer target type [-Wdiscarded-qualifiers]
   41 | #define TRACE_PREFIX_SUBCOMMAND  "      "
      |                                  ^~~~~~~~
C:/Users/Syf/Desktop/BS4/orbital-500/orbital-qemu/hw/ps4/liverpool/lvp_samu_d.c:315:28: note: in expansion of macro 'TRACE_PREFIX_SUBCOMMAND'
  315 |     trace_hexdump("hash:", TRACE_PREFIX_SUBCOMMAND,
      |                            ^~~~~~~~~~~~~~~~~~~~~~~
C:/Users/Syf/Desktop/BS4/orbital-500/orbital-qemu/hw/ps4/liverpool/lvp_samu_d.c:54:51: note: expected 'char *' but argument is of type 'const char *'
   54 | static void trace_hexdump(const char* name, char* prefix, uint8_t* data, size_t size)
      |                                             ~~~~~~^~~~~~
C:/Users/Syf/Desktop/BS4/orbital-500/orbital-qemu/hw/ps4/liverpool/lvp_samu_d.c:316:22: warning: passing argument 3 of 'trace_hexdump' discards 'const' qualifier from pointer target type [-Wdiscarded-qualifiers]
  316 |         command->hmac.hash, 0x20);
      |         ~~~~~~~~~~~~~^~~~~
C:/Users/Syf/Desktop/BS4/orbital-500/orbital-qemu/hw/ps4/liverpool/lvp_samu_d.c:54:68: note: expected 'uint8_t *' {aka 'unsigned char *'} but argument is of type 'const uint8_t *' {aka 'const unsigned char *'}
   54 | static void trace_hexdump(const char* name, char* prefix, uint8_t* data, size_t size)
      |                                                           ~~~~~~~~~^~~~
C:/Users/Syf/Desktop/BS4/orbital-500/orbital-qemu/hw/ps4/liverpool/lvp_samu_d.c:41:34: warning: passing argument 2 of 'trace_hexdump' discards 'const' qualifier from pointer target type [-Wdiscarded-qualifiers]
   41 | #define TRACE_PREFIX_SUBCOMMAND  "      "
      |                                  ^~~~~~~~
C:/Users/Syf/Desktop/BS4/orbital-500/orbital-qemu/hw/ps4/liverpool/lvp_samu_d.c:317:28: note: in expansion of macro 'TRACE_PREFIX_SUBCOMMAND'
  317 |     trace_hexdump("key: ", TRACE_PREFIX_SUBCOMMAND,
      |                            ^~~~~~~~~~~~~~~~~~~~~~~
C:/Users/Syf/Desktop/BS4/orbital-500/orbital-qemu/hw/ps4/liverpool/lvp_samu_d.c:54:51: note: expected 'char *' but argument is of type 'const char *'
   54 | static void trace_hexdump(const char* name, char* prefix, uint8_t* data, size_t size)
      |                                             ~~~~~~^~~~~~
C:/Users/Syf/Desktop/BS4/orbital-500/orbital-qemu/hw/ps4/liverpool/lvp_samu_d.c:318:22: warning: passing argument 3 of 'trace_hexdump' discards 'const' qualifier from pointer target type [-Wdiscarded-qualifiers]
  318 |         command->hmac.key, command->hmac.key_size);
      |         ~~~~~~~~~~~~~^~~~
C:/Users/Syf/Desktop/BS4/orbital-500/orbital-qemu/hw/ps4/liverpool/lvp_samu_d.c:54:68: note: expected 'uint8_t *' {aka 'unsigned char *'} but argument is of type 'const uint8_t *' {aka 'const unsigned char *'}
   54 | static void trace_hexdump(const char* name, char* prefix, uint8_t* data, size_t size)
      |                                                           ~~~~~~~~~^~~~
C:/Users/Syf/Desktop/BS4/orbital-500/orbital-qemu/hw/ps4/liverpool/lvp_samu_d.c: In function 'trace_samu_packet_mailbox':
C:/Users/Syf/Desktop/BS4/orbital-500/orbital-qemu/hw/ps4/liverpool/lvp_samu_d.c:40:34: warning: format '%llX' expects argument of type 'long long unsigned int', but argument 2 has type 'uint32_t' {aka 'unsigned int'} [-Wformat=]
   40 | #define TRACE_PREFIX_COMMAND     "    "
      |                                  ^~~~~~
C:/Users/Syf/Desktop/BS4/orbital-500/orbital-qemu/hw/ps4/liverpool/lvp_samu_d.c:45:39: note: in expansion of macro 'TRACE_PREFIX_COMMAND'
   45 | #define TRACE_COMMAND(...)     printf(TRACE_PREFIX_COMMAND __VA_ARGS__)
      |                                       ^~~~~~~~~~~~~~~~~~~~
C:/Users/Syf/Desktop/BS4/orbital-500/orbital-qemu/hw/ps4/liverpool/lvp_samu_d.c:403:5: note: in expansion of macro 'TRACE_COMMAND'
  403 |     TRACE_COMMAND("function_id: %llX\n", command->function_id);
      |     ^~~~~~~~~~~~~
In file included from C:/Users/Syf/Desktop/BS4/orbital-500/orbital-qemu/hw/ps4/liverpool/lvp_samu.c:45:
C:/Users/Syf/Desktop/BS4/orbital-500/orbital-qemu/hw/ps4/liverpool/sam/modules/sbl_pupmgr.h:91:1: warning: function declaration isn't a prototype [-Wstrict-prototypes]
   91 | void sbl_pupmgr_spawn();
      | ^~~~
C:/Users/Syf/Desktop/BS4/orbital-500/orbital-qemu/hw/ps4/liverpool/sam/modules/sbl_pupmgr.h:92:1: warning: function declaration isn't a prototype [-Wstrict-prototypes]
   92 | bool sbl_pupmgr_spawned();
      | ^~~~
C:/Users/Syf/Desktop/BS4/orbital-500/orbital-qemu/hw/ps4/liverpool/lvp_samu.c: In function 'liverpool_gc_samu_fakedecrypt':
C:/Users/Syf/Desktop/BS4/orbital-500/orbital-qemu/hw/ps4/liverpool/lvp_samu.c:78:9: warning: pointer targets in passing argument 2 of 'qcrypto_hash_bytes' differ in signedness [-Wpointer-sign]
   78 |         in_buffer, in_length, &hash, &hashlen, NULL);
      |         ^~~~~~~~~
      |         |
      |         const uint8_t * {aka const unsigned char *}
In file included from C:/Users/Syf/Desktop/BS4/orbital-500/orbital-qemu/hw/ps4/liverpool/lvp_samu.c:23:
C:/Users/Syf/Desktop/BS4/orbital-500/orbital-qemu/include/crypto/hash.h:94:36: note: expected 'const char *' but argument is of type 'const uint8_t *' {aka 'const unsigned char *'}
   94 |                        const char *buf,
      |                        ~~~~~~~~~~~~^~~
C:/Users/Syf/Desktop/BS4/orbital-500/orbital-qemu/hw/ps4/liverpool/lvp_samu.c:95:22: warning: pointer targets in passing argument 1 of 'qemu_hexdump' differ in signedness [-Wpointer-sign]
   95 |         qemu_hexdump(in_buffer, stdout, "", in_length > 0x80 ? 0x80 : in_length);
      |                      ^~~~~~~~~
      |                      |
      |                      const uint8_t * {aka const unsigned char *}
In file included from C:/Users/Syf/Desktop/BS4/orbital-500/orbital-qemu/include/crypto/random.h:24,
                 from C:/Users/Syf/Desktop/BS4/orbital-500/orbital-qemu/hw/ps4/liverpool/lvp_samu.c:24:
C:/Users/Syf/Desktop/BS4/orbital-500/orbital-qemu/include/qemu-common.h:148:31: note: expected 'const char *' but argument is of type 'const uint8_t *' {aka 'const unsigned char *'}
  148 | void qemu_hexdump(const char *buf, FILE *fp, const char *prefix, size_t size);
      |                   ~~~~~~~~~~~~^~~
C:/Users/Syf/Desktop/BS4/orbital-500/orbital-qemu/hw/ps4/liverpool/lvp_samu.c: In function 'samu_packet_ccp_aes':
C:/Users/Syf/Desktop/BS4/orbital-500/orbital-qemu/hw/ps4/liverpool/lvp_samu.c:191:18: warning: assignment discards 'const' qualifier from pointer target type [-Wdiscarded-qualifiers]
  191 |         key_data = query_ccp->aes.key;
      |                  ^
C:/Users/Syf/Desktop/BS4/orbital-500/orbital-qemu/hw/ps4/liverpool/lvp_samu.c:170:43: warning: unused variable 'iv_size' [-Wunused-variable]
  170 |     hwaddr   in_size, out_size, key_size, iv_size;
      |                                           ^~~~~~~
C:/Users/Syf/Desktop/BS4/orbital-500/orbital-qemu/hw/ps4/liverpool/lvp_samu.c:170:33: warning: unused variable 'key_size' [-Wunused-variable]
  170 |     hwaddr   in_size, out_size, key_size, iv_size;
      |                                 ^~~~~~~~
C:/Users/Syf/Desktop/BS4/orbital-500/orbital-qemu/hw/ps4/liverpool/lvp_samu.c:169:43: warning: unused variable 'iv_data' [-Wunused-variable]
  169 |     void    *in_data,*out_data,*key_data,*iv_data;
      |                                           ^~~~~~~
C:/Users/Syf/Desktop/BS4/orbital-500/orbital-qemu/hw/ps4/liverpool/lvp_samu.c:169:33: warning: variable 'key_data' set but not used [-Wunused-but-set-variable=]
  169 |     void    *in_data,*out_data,*key_data,*iv_data;
      |                                 ^~~~~~~~
C:/Users/Syf/Desktop/BS4/orbital-500/orbital-qemu/hw/ps4/liverpool/lvp_samu.c:168:43: warning: unused variable 'iv_slot' [-Wunused-variable]
  168 |     uint32_t in_slot, out_slot, key_slot, iv_slot;
      |                                           ^~~~~~~
C:/Users/Syf/Desktop/BS4/orbital-500/orbital-qemu/hw/ps4/liverpool/lvp_samu.c:168:14: warning: unused variable 'in_slot' [-Wunused-variable]
  168 |     uint32_t in_slot, out_slot, key_slot, iv_slot;
      |              ^~~~~~~
C:/Users/Syf/Desktop/BS4/orbital-500/orbital-qemu/hw/ps4/liverpool/lvp_samu.c: In function 'samu_packet_ccp_xts':
C:/Users/Syf/Desktop/BS4/orbital-500/orbital-qemu/hw/ps4/liverpool/lvp_samu.c:237:18: warning: assignment discards 'const' qualifier from pointer target type [-Wdiscarded-qualifiers]
  237 |         key_data = query_ccp->xts.key;
      |                  ^
C:/Users/Syf/Desktop/BS4/orbital-500/orbital-qemu/hw/ps4/liverpool/lvp_samu.c:216:33: warning: unused variable 'key_size' [-Wunused-variable]
  216 |     hwaddr   in_size, out_size, key_size;
      |                                 ^~~~~~~~
C:/Users/Syf/Desktop/BS4/orbital-500/orbital-qemu/hw/ps4/liverpool/lvp_samu.c:215:33: warning: variable 'key_data' set but not used [-Wunused-but-set-variable=]
  215 |     void    *in_data,*out_data,*key_data;
      |                                 ^~~~~~~~
C:/Users/Syf/Desktop/BS4/orbital-500/orbital-qemu/hw/ps4/liverpool/lvp_samu.c:214:14: warning: unused variable 'in_slot' [-Wunused-variable]
  214 |     uint32_t in_slot, out_slot, key_slot;
      |              ^~~~~~~
C:/Users/Syf/Desktop/BS4/orbital-500/orbital-qemu/hw/ps4/liverpool/lvp_samu.c: In function 'samu_packet_rand':
C:/Users/Syf/Desktop/BS4/orbital-500/orbital-qemu/hw/ps4/liverpool/lvp_samu.c:478:47: warning: initialization discards 'const' qualifier from pointer target type [-Wdiscarded-qualifiers]
  478 |     samu_command_service_rand_t *reply_rand = &query->data.service_rand; // TODO: Why is the same address reused?
      |                                               ^
C:/Users/Syf/Desktop/BS4/orbital-500/orbital-qemu/hw/ps4/liverpool/lvp_samu.c:477:34: warning: unused variable 'query_rand' [-Wunused-variable]
  477 |     samu_command_service_rand_t *query_rand = &query->data.service_rand;
      |                                  ^~~~~~~~~~
  CC      ps4-softmmu/hw/i386/pc.o
  CC      ps4-softmmu/hw/i386/pc_piix.o
  CC      ps4-softmmu/hw/i386/pc_q35.o
  CC      ps4-softmmu/hw/i386/pc_sysfw.o
  CC      ps4-softmmu/hw/i386/x86-iommu.o
In file included from C:/Users/Syf/Desktop/BS4/orbital-500/orbital-qemu/hw/ps4/liverpool/sam/modules/sbl_pupmgr.c:22:
C:/Users/Syf/Desktop/BS4/orbital-500/orbital-qemu/hw/ps4/liverpool/sam/modules/sbl_pupmgr.h:91:1: warning: function declaration isn't a prototype [-Wstrict-prototypes]
   91 | void sbl_pupmgr_spawn();
      | ^~~~
C:/Users/Syf/Desktop/BS4/orbital-500/orbital-qemu/hw/ps4/liverpool/sam/modules/sbl_pupmgr.h:92:1: warning: function declaration isn't a prototype [-Wstrict-prototypes]
   92 | bool sbl_pupmgr_spawned();
      | ^~~~
C:/Users/Syf/Desktop/BS4/orbital-500/orbital-qemu/hw/ps4/liverpool/sam/modules/sbl_pupmgr.c:99:6: warning: function declaration isn't a prototype [-Wstrict-prototypes]
   99 | void sbl_pupmgr_spawn() {
      |      ^~~~~~~~~~~~~~~~
C:/Users/Syf/Desktop/BS4/orbital-500/orbital-qemu/hw/ps4/liverpool/sam/modules/sbl_pupmgr.c: In function 'sbl_pupmgr_spawn':
C:/Users/Syf/Desktop/BS4/orbital-500/orbital-qemu/hw/ps4/liverpool/sam/modules/sbl_pupmgr.c:99:6: warning: old-style function definition [-Wold-style-definition]
C:/Users/Syf/Desktop/BS4/orbital-500/orbital-qemu/hw/ps4/liverpool/sam/modules/sbl_pupmgr.c: At top level:
C:/Users/Syf/Desktop/BS4/orbital-500/orbital-qemu/hw/ps4/liverpool/sam/modules/sbl_pupmgr.c:103:6: warning: function declaration isn't a prototype [-Wstrict-prototypes]
  103 | bool sbl_pupmgr_spawned() {
      |      ^~~~~~~~~~~~~~~~~~
C:/Users/Syf/Desktop/BS4/orbital-500/orbital-qemu/hw/ps4/liverpool/sam/modules/sbl_pupmgr.c: In function 'sbl_pupmgr_spawned':
C:/Users/Syf/Desktop/BS4/orbital-500/orbital-qemu/hw/ps4/liverpool/sam/modules/sbl_pupmgr.c:103:6: warning: old-style function definition [-Wold-style-definition]
C:/Users/Syf/Desktop/BS4/orbital-500/orbital-qemu/hw/scsi/virtio-scsi.c: In function 'virtio_scsi_do_tmf':
C:/Users/Syf/Desktop/BS4/orbital-500/orbital-qemu/hw/scsi/virtio-scsi.c:265:39: warning: taking address of packed member of 'struct virtio_scsi_ctrl_tmf_req' may result in an unaligned pointer value [-Waddress-of-packed-member]
  265 |     virtio_tswap32s(VIRTIO_DEVICE(s), &req->req.tmf.subtype);
      |                                       ^~~~~~~~~~~~~~~~~~~~~
  CC      ps4-softmmu/hw/i386/intel_iommu.o
  CC      ps4-softmmu/hw/i386/amd_iommu.o
C:/Users/Syf/Desktop/BS4/orbital-500/orbital-qemu/hw/ps4/liverpool/gca/gcn_translator.cpp: In function 'void gcn_translator_init(gcn_translator_t*, gcn_analyzer_t*, gcn_stage_t)':
C:/Users/Syf/Desktop/BS4/orbital-500/orbital-qemu/hw/ps4/liverpool/gca/gcn_translator.cpp:223:21: warning: variable 'res' set but not used [-Wunused-but-set-variable=]
  223 |     gcn_resource_t *res;
      |                     ^~~
  CC      ps4-softmmu/hw/i386/vmport.o
  CC      ps4-softmmu/hw/i386/vmmouse.o
C:/Users/Syf/Desktop/BS4/orbital-500/orbital-qemu/hw/i386/multiboot.c: In function 'load_multiboot':
C:/Users/Syf/Desktop/BS4/orbital-500/orbital-qemu/hw/i386/multiboot.c:381:5: warning: 'g_memdup' is deprecated: Use 'g_memdup2' instead [-Wdeprecated-declarations]
  381 |     mb_bootinfo_data = g_memdup(bootinfo, sizeof(bootinfo));
      |     ^~~~~~~~~~~~~~~~
In file included from C:/Users/Syf/Desktop/BS4/tools/msys64/msys64/mingw64/include/glib-2.0/glib/gstring.h:37,
                 from C:/Users/Syf/Desktop/BS4/tools/msys64/msys64/mingw64/include/glib-2.0/glib/giochannel.h:36,
                 from C:/Users/Syf/Desktop/BS4/tools/msys64/msys64/mingw64/include/glib-2.0/glib.h:56,
                 from C:/Users/Syf/Desktop/BS4/orbital-500/orbital-qemu/include/glib-compat.h:19,
                 from C:/Users/Syf/Desktop/BS4/orbital-500/orbital-qemu/include/qemu/osdep.h:107,
                 from C:/Users/Syf/Desktop/BS4/orbital-500/orbital-qemu/hw/i386/multiboot.c:25:
C:/Users/Syf/Desktop/BS4/tools/msys64/msys64/mingw64/include/glib-2.0/glib/gstrfuncs.h:338:23: note: declared here
  338 | gpointer              g_memdup         (gconstpointer mem,
      |                       ^~~~~~~~
  CC      ps4-softmmu/hw/i386/kvmvapic.o
  CC      ps4-softmmu/hw/i386/acpi-build.o
  CC      ps4-softmmu/target/i386/helper.o
  CC      ps4-softmmu/target/i386/cpu.o
  CC      ps4-softmmu/target/i386/gdbstub.o
  CC      ps4-softmmu/target/i386/xsave_helper.o
C:/Users/Syf/Desktop/BS4/orbital-500/orbital-qemu/hw/i386/pc_piix.c:1106:13: warning: 'isapc_machine_options' defined but not used [-Wunused-function]
 1106 | static void isapc_machine_options(MachineClass *m)
      |             ^~~~~~~~~~~~~~~~~~~~~
C:/Users/Syf/Desktop/BS4/orbital-500/orbital-qemu/hw/i386/pc_piix.c:406:17: warning: 'pc_init_v0_10' defined but not used [-Wunused-function]
  406 |     static void pc_init_##suffix(MachineState *machine) \
      |                 ^~~~~~~~
C:/Users/Syf/Desktop/BS4/orbital-500/orbital-qemu/hw/i386/pc_piix.c:986:1: note: in expansion of macro 'DEFINE_I440FX_MACHINE'
  986 | DEFINE_I440FX_MACHINE(v0_10, "pc-0.10", pc_compat_0_13,
      | ^~~~~~~~~~~~~~~~~~~~~
C:/Users/Syf/Desktop/BS4/orbital-500/orbital-qemu/hw/i386/pc_piix.c:979:13: warning: 'pc_i440fx_0_10_machine_options' defined but not used [-Wunused-function]
  979 | static void pc_i440fx_0_10_machine_options(MachineClass *m)
      |             ^~~~~~~~~~~~~~~~~~~~~~~~~~~~~~
C:/Users/Syf/Desktop/BS4/orbital-500/orbital-qemu/hw/i386/pc_piix.c:406:17: warning: 'pc_init_v0_11' defined but not used [-Wunused-function]
  406 |     static void pc_init_##suffix(MachineState *machine) \
      |                 ^~~~~~~~
C:/Users/Syf/Desktop/BS4/orbital-500/orbital-qemu/hw/i386/pc_piix.c:951:1: note: in expansion of macro 'DEFINE_I440FX_MACHINE'
  951 | DEFINE_I440FX_MACHINE(v0_11, "pc-0.11", pc_compat_0_13,
      | ^~~~~~~~~~~~~~~~~~~~~
C:/Users/Syf/Desktop/BS4/orbital-500/orbital-qemu/hw/i386/pc_piix.c:406:17: warning: 'pc_init_v0_12' defined but not used [-Wunused-function]
  406 |     static void pc_init_##suffix(MachineState *machine) \
      |                 ^~~~~~~~
C:/Users/Syf/Desktop/BS4/orbital-500/orbital-qemu/hw/i386/pc_piix.c:920:1: note: in expansion of macro 'DEFINE_I440FX_MACHINE'
  920 | DEFINE_I440FX_MACHINE(v0_12, "pc-0.12", pc_compat_0_13,
      | ^~~~~~~~~~~~~~~~~~~~~
C:/Users/Syf/Desktop/BS4/orbital-500/orbital-qemu/hw/i386/pc_piix.c:406:17: warning: 'pc_init_v0_13' defined but not used [-Wunused-function]
  406 |     static void pc_init_##suffix(MachineState *machine) \
      |                 ^~~~~~~~
C:/Users/Syf/Desktop/BS4/orbital-500/orbital-qemu/hw/i386/pc_piix.c:885:1: note: in expansion of macro 'DEFINE_I440FX_MACHINE'
  885 | DEFINE_I440FX_MACHINE(v0_13, "pc-0.13", pc_compat_0_13,
      | ^~~~~~~~~~~~~~~~~~~~~
C:/Users/Syf/Desktop/BS4/orbital-500/orbital-qemu/hw/i386/pc_piix.c:406:17: warning: 'pc_init_v0_14' defined but not used [-Wunused-function]
  406 |     static void pc_init_##suffix(MachineState *machine) \
      |                 ^~~~~~~~
C:/Users/Syf/Desktop/BS4/orbital-500/orbital-qemu/hw/i386/pc_piix.c:848:1: note: in expansion of macro 'DEFINE_I440FX_MACHINE'
  848 | DEFINE_I440FX_MACHINE(v0_14, "pc-0.14", pc_compat_1_2,
      | ^~~~~~~~~~~~~~~~~~~~~
C:/Users/Syf/Desktop/BS4/orbital-500/orbital-qemu/hw/i386/pc_piix.c:406:17: warning: 'pc_init_v0_15' defined but not used [-Wunused-function]
  406 |     static void pc_init_##suffix(MachineState *machine) \
      |                 ^~~~~~~~
C:/Users/Syf/Desktop/BS4/orbital-500/orbital-qemu/hw/i386/pc_piix.c:809:1: note: in expansion of macro 'DEFINE_I440FX_MACHINE'
  809 | DEFINE_I440FX_MACHINE(v0_15, "pc-0.15", pc_compat_1_2,
      | ^~~~~~~~~~~~~~~~~~~~~
C:/Users/Syf/Desktop/BS4/orbital-500/orbital-qemu/hw/i386/pc_piix.c:406:17: warning: 'pc_init_v1_0' defined but not used [-Wunused-function]
  406 |     static void pc_init_##suffix(MachineState *machine) \
      |                 ^~~~~~~~
C:/Users/Syf/Desktop/BS4/orbital-500/orbital-qemu/hw/i386/pc_piix.c:795:1: note: in expansion of macro 'DEFINE_I440FX_MACHINE'
  795 | DEFINE_I440FX_MACHINE(v1_0, "pc-1.0", pc_compat_1_2,
      | ^~~~~~~~~~~~~~~~~~~~~
C:/Users/Syf/Desktop/BS4/orbital-500/orbital-qemu/hw/i386/pc_piix.c:406:17: warning: 'pc_init_v1_1' defined but not used [-Wunused-function]
  406 |     static void pc_init_##suffix(MachineState *machine) \
      |                 ^~~~~~~~
C:/Users/Syf/Desktop/BS4/orbital-500/orbital-qemu/hw/i386/pc_piix.c:764:1: note: in expansion of macro 'DEFINE_I440FX_MACHINE'
  764 | DEFINE_I440FX_MACHINE(v1_1, "pc-1.1", pc_compat_1_2,
      | ^~~~~~~~~~~~~~~~~~~~~
C:/Users/Syf/Desktop/BS4/orbital-500/orbital-qemu/hw/i386/pc_piix.c:406:17: warning: 'pc_init_v1_2' defined but not used [-Wunused-function]
  406 |     static void pc_init_##suffix(MachineState *machine) \
      |                 ^~~~~~~~
C:/Users/Syf/Desktop/BS4/orbital-500/orbital-qemu/hw/i386/pc_piix.c:721:1: note: in expansion of macro 'DEFINE_I440FX_MACHINE'
  721 | DEFINE_I440FX_MACHINE(v1_2, "pc-1.2", pc_compat_1_2,
      | ^~~~~~~~~~~~~~~~~~~~~
C:/Users/Syf/Desktop/BS4/orbital-500/orbital-qemu/hw/i386/pc_piix.c:406:17: warning: 'pc_init_v1_3' defined but not used [-Wunused-function]
  406 |     static void pc_init_##suffix(MachineState *machine) \
      |                 ^~~~~~~~
C:/Users/Syf/Desktop/BS4/orbital-500/orbital-qemu/hw/i386/pc_piix.c:682:1: note: in expansion of macro 'DEFINE_I440FX_MACHINE'
  682 | DEFINE_I440FX_MACHINE(v1_3, "pc-1.3", pc_compat_1_3,
      | ^~~~~~~~~~~~~~~~~~~~~
C:/Users/Syf/Desktop/BS4/orbital-500/orbital-qemu/hw/i386/pc_piix.c:406:17: warning: 'pc_init_v1_4' defined but not used [-Wunused-function]
  406 |     static void pc_init_##suffix(MachineState *machine) \
      |                 ^~~~~~~~
C:/Users/Syf/Desktop/BS4/orbital-500/orbital-qemu/hw/i386/pc_piix.c:650:1: note: in expansion of macro 'DEFINE_I440FX_MACHINE'
  650 | DEFINE_I440FX_MACHINE(v1_4, "pc-i440fx-1.4", pc_compat_1_4,
      | ^~~~~~~~~~~~~~~~~~~~~
C:/Users/Syf/Desktop/BS4/orbital-500/orbital-qemu/hw/i386/pc_piix.c:406:17: warning: 'pc_init_v1_5' defined but not used [-Wunused-function]
  406 |     static void pc_init_##suffix(MachineState *machine) \
      |                 ^~~~~~~~
C:/Users/Syf/Desktop/BS4/orbital-500/orbital-qemu/hw/i386/pc_piix.c:638:1: note: in expansion of macro 'DEFINE_I440FX_MACHINE'
  638 | DEFINE_I440FX_MACHINE(v1_5, "pc-i440fx-1.5", pc_compat_1_5,
      | ^~~~~~~~~~~~~~~~~~~~~
C:/Users/Syf/Desktop/BS4/orbital-500/orbital-qemu/hw/i386/pc_piix.c:406:17: warning: 'pc_init_v1_6' defined but not used [-Wunused-function]
  406 |     static void pc_init_##suffix(MachineState *machine) \
      |                 ^~~~~~~~
C:/Users/Syf/Desktop/BS4/orbital-500/orbital-qemu/hw/i386/pc_piix.c:627:1: note: in expansion of macro 'DEFINE_I440FX_MACHINE'
  627 | DEFINE_I440FX_MACHINE(v1_6, "pc-i440fx-1.6", pc_compat_1_6,
      | ^~~~~~~~~~~~~~~~~~~~~
C:/Users/Syf/Desktop/BS4/orbital-500/orbital-qemu/hw/i386/pc_piix.c:406:17: warning: 'pc_init_v1_7' defined but not used [-Wunused-function]
  406 |     static void pc_init_##suffix(MachineState *machine) \
      |                 ^~~~~~~~
C:/Users/Syf/Desktop/BS4/orbital-500/orbital-qemu/hw/i386/pc_piix.c:613:1: note: in expansion of macro 'DEFINE_I440FX_MACHINE'
  613 | DEFINE_I440FX_MACHINE(v1_7, "pc-i440fx-1.7", pc_compat_1_7,
      | ^~~~~~~~~~~~~~~~~~~~~
C:/Users/Syf/Desktop/BS4/orbital-500/orbital-qemu/hw/i386/pc_piix.c:406:17: warning: 'pc_init_v2_0' defined but not used [-Wunused-function]
  406 |     static void pc_init_##suffix(MachineState *machine) \
      |                 ^~~~~~~~
C:/Users/Syf/Desktop/BS4/orbital-500/orbital-qemu/hw/i386/pc_piix.c:596:1: note: in expansion of macro 'DEFINE_I440FX_MACHINE'
  596 | DEFINE_I440FX_MACHINE(v2_0, "pc-i440fx-2.0", pc_compat_2_0,
      | ^~~~~~~~~~~~~~~~~~~~~
C:/Users/Syf/Desktop/BS4/orbital-500/orbital-qemu/hw/i386/pc_piix.c:406:17: warning: 'pc_init_v2_1' defined but not used [-Wunused-function]
  406 |     static void pc_init_##suffix(MachineState *machine) \
      |                 ^~~~~~~~
C:/Users/Syf/Desktop/BS4/orbital-500/orbital-qemu/hw/i386/pc_piix.c:563:1: note: in expansion of macro 'DEFINE_I440FX_MACHINE'
  563 | DEFINE_I440FX_MACHINE(v2_1, "pc-i440fx-2.1", pc_compat_2_1,
      | ^~~~~~~~~~~~~~~~~~~~~
C:/Users/Syf/Desktop/BS4/orbital-500/orbital-qemu/hw/i386/pc_piix.c:406:17: warning: 'pc_init_v2_2' defined but not used [-Wunused-function]
  406 |     static void pc_init_##suffix(MachineState *machine) \
      |                 ^~~~~~~~
C:/Users/Syf/Desktop/BS4/orbital-500/orbital-qemu/hw/i386/pc_piix.c:548:1: note: in expansion of macro 'DEFINE_I440FX_MACHINE'
  548 | DEFINE_I440FX_MACHINE(v2_2, "pc-i440fx-2.2", pc_compat_2_2,
      | ^~~~~~~~~~~~~~~~~~~~~
C:/Users/Syf/Desktop/BS4/orbital-500/orbital-qemu/hw/i386/pc_piix.c:406:17: warning: 'pc_init_v2_3' defined but not used [-Wunused-function]
  406 |     static void pc_init_##suffix(MachineState *machine) \
      |                 ^~~~~~~~
C:/Users/Syf/Desktop/BS4/orbital-500/orbital-qemu/hw/i386/pc_piix.c:535:1: note: in expansion of macro 'DEFINE_I440FX_MACHINE'
  535 | DEFINE_I440FX_MACHINE(v2_3, "pc-i440fx-2.3", pc_compat_2_3,
      | ^~~~~~~~~~~~~~~~~~~~~
C:/Users/Syf/Desktop/BS4/orbital-500/orbital-qemu/hw/i386/pc_piix.c:406:17: warning: 'pc_init_v2_4' defined but not used [-Wunused-function]
  406 |     static void pc_init_##suffix(MachineState *machine) \
      |                 ^~~~~~~~
C:/Users/Syf/Desktop/BS4/orbital-500/orbital-qemu/hw/i386/pc_piix.c:524:1: note: in expansion of macro 'DEFINE_I440FX_MACHINE'
  524 | DEFINE_I440FX_MACHINE(v2_4, "pc-i440fx-2.4", NULL,
      | ^~~~~~~~~~~~~~~~~~~~~
C:/Users/Syf/Desktop/BS4/orbital-500/orbital-qemu/hw/i386/pc_piix.c:406:17: warning: 'pc_init_v2_5' defined but not used [-Wunused-function]
  406 |     static void pc_init_##suffix(MachineState *machine) \
      |                 ^~~~~~~~
C:/Users/Syf/Desktop/BS4/orbital-500/orbital-qemu/hw/i386/pc_piix.c:511:1: note: in expansion of macro 'DEFINE_I440FX_MACHINE'
  511 | DEFINE_I440FX_MACHINE(v2_5, "pc-i440fx-2.5", NULL,
      | ^~~~~~~~~~~~~~~~~~~~~
C:/Users/Syf/Desktop/BS4/orbital-500/orbital-qemu/hw/i386/pc_piix.c:406:17: warning: 'pc_init_v2_6' defined but not used [-Wunused-function]
  406 |     static void pc_init_##suffix(MachineState *machine) \
      |                 ^~~~~~~~
C:/Users/Syf/Desktop/BS4/orbital-500/orbital-qemu/hw/i386/pc_piix.c:498:1: note: in expansion of macro 'DEFINE_I440FX_MACHINE'
  498 | DEFINE_I440FX_MACHINE(v2_6, "pc-i440fx-2.6", NULL,
      | ^~~~~~~~~~~~~~~~~~~~~
C:/Users/Syf/Desktop/BS4/orbital-500/orbital-qemu/hw/i386/pc_piix.c:406:17: warning: 'pc_init_v2_7' defined but not used [-Wunused-function]
  406 |     static void pc_init_##suffix(MachineState *machine) \
      |                 ^~~~~~~~
C:/Users/Syf/Desktop/BS4/orbital-500/orbital-qemu/hw/i386/pc_piix.c:485:1: note: in expansion of macro 'DEFINE_I440FX_MACHINE'
  485 | DEFINE_I440FX_MACHINE(v2_7, "pc-i440fx-2.7", NULL,
      | ^~~~~~~~~~~~~~~~~~~~~
C:/Users/Syf/Desktop/BS4/orbital-500/orbital-qemu/hw/i386/pc_piix.c:406:17: warning: 'pc_init_v2_8' defined but not used [-Wunused-function]
  406 |     static void pc_init_##suffix(MachineState *machine) \
      |                 ^~~~~~~~
C:/Users/Syf/Desktop/BS4/orbital-500/orbital-qemu/hw/i386/pc_piix.c:475:1: note: in expansion of macro 'DEFINE_I440FX_MACHINE'
  475 | DEFINE_I440FX_MACHINE(v2_8, "pc-i440fx-2.8", NULL,
      | ^~~~~~~~~~~~~~~~~~~~~
C:/Users/Syf/Desktop/BS4/orbital-500/orbital-qemu/hw/i386/pc_piix.c:406:17: warning: 'pc_init_v2_9' defined but not used [-Wunused-function]
  406 |     static void pc_init_##suffix(MachineState *machine) \
      |                 ^~~~~~~~
C:/Users/Syf/Desktop/BS4/orbital-500/orbital-qemu/hw/i386/pc_piix.c:466:1: note: in expansion of macro 'DEFINE_I440FX_MACHINE'
  466 | DEFINE_I440FX_MACHINE(v2_9, "pc-i440fx-2.9", NULL,
      | ^~~~~~~~~~~~~~~~~~~~~
C:/Users/Syf/Desktop/BS4/orbital-500/orbital-qemu/hw/i386/pc_piix.c:406:17: warning: 'pc_init_v2_10' defined but not used [-Wunused-function]
  406 |     static void pc_init_##suffix(MachineState *machine) \
      |                 ^~~~~~~~
C:/Users/Syf/Desktop/BS4/orbital-500/orbital-qemu/hw/i386/pc_piix.c:456:1: note: in expansion of macro 'DEFINE_I440FX_MACHINE'
  456 | DEFINE_I440FX_MACHINE(v2_10, "pc-i440fx-2.10", NULL,
      | ^~~~~~~~~~~~~~~~~~~~~
C:/Users/Syf/Desktop/BS4/orbital-500/orbital-qemu/hw/i386/pc_piix.c:406:17: warning: 'pc_init_v2_11' defined but not used [-Wunused-function]
  406 |     static void pc_init_##suffix(MachineState *machine) \
      |                 ^~~~~~~~
C:/Users/Syf/Desktop/BS4/orbital-500/orbital-qemu/hw/i386/pc_piix.c:446:1: note: in expansion of macro 'DEFINE_I440FX_MACHINE'
  446 | DEFINE_I440FX_MACHINE(v2_11, "pc-i440fx-2.11", NULL,
      | ^~~~~~~~~~~~~~~~~~~~~
C:/Users/Syf/Desktop/BS4/orbital-500/orbital-qemu/hw/i386/pc_piix.c:406:17: warning: 'pc_init_v2_12' defined but not used [-Wunused-function]
  406 |     static void pc_init_##suffix(MachineState *machine) \
      |                 ^~~~~~~~
C:/Users/Syf/Desktop/BS4/orbital-500/orbital-qemu/hw/i386/pc_piix.c:435:1: note: in expansion of macro 'DEFINE_I440FX_MACHINE'
  435 | DEFINE_I440FX_MACHINE(v2_12, "pc-i440fx-2.12", NULL,
      | ^~~~~~~~~~~~~~~~~~~~~
C:/Users/Syf/Desktop/BS4/orbital-500/orbital-qemu/hw/i386/pc_piix.c:375:13: warning: 'pc_init_isa' defined but not used [-Wunused-function]
  375 | static void pc_init_isa(MachineState *machine)
      |             ^~~~~~~~~~~
C:/Users/Syf/Desktop/BS4/orbital-500/orbital-qemu/hw/i386/pc_q35.c:284:17: warning: 'pc_init_v2_4' defined but not used [-Wunused-function]
  284 |     static void pc_init_##suffix(MachineState *machine) \
      |                 ^~~~~~~~
C:/Users/Syf/Desktop/BS4/orbital-500/orbital-qemu/hw/i386/pc_q35.c:405:1: note: in expansion of macro 'DEFINE_Q35_MACHINE'
  405 | DEFINE_Q35_MACHINE(v2_4, "pc-q35-2.4", NULL,
      | ^~~~~~~~~~~~~~~~~~
C:/Users/Syf/Desktop/BS4/orbital-500/orbital-qemu/hw/i386/pc_q35.c:396:13: warning: 'pc_q35_2_4_machine_options' defined but not used [-Wunused-function]
  396 | static void pc_q35_2_4_machine_options(MachineClass *m)
      |             ^~~~~~~~~~~~~~~~~~~~~~~~~~
C:/Users/Syf/Desktop/BS4/orbital-500/orbital-qemu/hw/i386/pc_q35.c:284:17: warning: 'pc_init_v2_5' defined but not used [-Wunused-function]
  284 |     static void pc_init_##suffix(MachineState *machine) \
      |                 ^~~~~~~~
C:/Users/Syf/Desktop/BS4/orbital-500/orbital-qemu/hw/i386/pc_q35.c:393:1: note: in expansion of macro 'DEFINE_Q35_MACHINE'
  393 | DEFINE_Q35_MACHINE(v2_5, "pc-q35-2.5", NULL,
      | ^~~~~~~~~~~~~~~~~~
C:/Users/Syf/Desktop/BS4/orbital-500/orbital-qemu/hw/i386/pc_q35.c:284:17: warning: 'pc_init_v2_6' defined but not used [-Wunused-function]
  284 |     static void pc_init_##suffix(MachineState *machine) \
      |                 ^~~~~~~~
C:/Users/Syf/Desktop/BS4/orbital-500/orbital-qemu/hw/i386/pc_q35.c:381:1: note: in expansion of macro 'DEFINE_Q35_MACHINE'
  381 | DEFINE_Q35_MACHINE(v2_6, "pc-q35-2.6", NULL,
      | ^~~~~~~~~~~~~~~~~~
C:/Users/Syf/Desktop/BS4/orbital-500/orbital-qemu/hw/i386/pc_q35.c:284:17: warning: 'pc_init_v2_7' defined but not used [-Wunused-function]
  284 |     static void pc_init_##suffix(MachineState *machine) \
      |                 ^~~~~~~~
C:/Users/Syf/Desktop/BS4/orbital-500/orbital-qemu/hw/i386/pc_q35.c:369:1: note: in expansion of macro 'DEFINE_Q35_MACHINE'
  369 | DEFINE_Q35_MACHINE(v2_7, "pc-q35-2.7", NULL,
      | ^~~~~~~~~~~~~~~~~~
C:/Users/Syf/Desktop/BS4/orbital-500/orbital-qemu/hw/i386/pc_q35.c:284:17: warning: 'pc_init_v2_8' defined but not used [-Wunused-function]
  284 |     static void pc_init_##suffix(MachineState *machine) \
      |                 ^~~~~~~~
C:/Users/Syf/Desktop/BS4/orbital-500/orbital-qemu/hw/i386/pc_q35.c:359:1: note: in expansion of macro 'DEFINE_Q35_MACHINE'
  359 | DEFINE_Q35_MACHINE(v2_8, "pc-q35-2.8", NULL,
      | ^~~~~~~~~~~~~~~~~~
C:/Users/Syf/Desktop/BS4/orbital-500/orbital-qemu/hw/i386/pc_q35.c:284:17: warning: 'pc_init_v2_9' defined but not used [-Wunused-function]
  284 |     static void pc_init_##suffix(MachineState *machine) \
      |                 ^~~~~~~~
C:/Users/Syf/Desktop/BS4/orbital-500/orbital-qemu/hw/i386/pc_q35.c:350:1: note: in expansion of macro 'DEFINE_Q35_MACHINE'
  350 | DEFINE_Q35_MACHINE(v2_9, "pc-q35-2.9", NULL,
      | ^~~~~~~~~~~~~~~~~~
C:/Users/Syf/Desktop/BS4/orbital-500/orbital-qemu/hw/i386/pc_q35.c:284:17: warning: 'pc_init_v2_10' defined but not used [-Wunused-function]
  284 |     static void pc_init_##suffix(MachineState *machine) \
      |                 ^~~~~~~~
C:/Users/Syf/Desktop/BS4/orbital-500/orbital-qemu/hw/i386/pc_q35.c:341:1: note: in expansion of macro 'DEFINE_Q35_MACHINE'
  341 | DEFINE_Q35_MACHINE(v2_10, "pc-q35-2.10", NULL,
      | ^~~~~~~~~~~~~~~~~~
C:/Users/Syf/Desktop/BS4/orbital-500/orbital-qemu/hw/i386/pc_q35.c:284:17: warning: 'pc_init_v2_11' defined but not used [-Wunused-function]
  284 |     static void pc_init_##suffix(MachineState *machine) \
      |                 ^~~~~~~~
C:/Users/Syf/Desktop/BS4/orbital-500/orbital-qemu/hw/i386/pc_q35.c:330:1: note: in expansion of macro 'DEFINE_Q35_MACHINE'
  330 | DEFINE_Q35_MACHINE(v2_11, "pc-q35-2.11", NULL,
      | ^~~~~~~~~~~~~~~~~~
C:/Users/Syf/Desktop/BS4/orbital-500/orbital-qemu/hw/i386/pc_q35.c:284:17: warning: 'pc_init_v2_12' defined but not used [-Wunused-function]
  284 |     static void pc_init_##suffix(MachineState *machine) \
      |                 ^~~~~~~~
C:/Users/Syf/Desktop/BS4/orbital-500/orbital-qemu/hw/i386/pc_q35.c:317:1: note: in expansion of macro 'DEFINE_Q35_MACHINE'
  317 | DEFINE_Q35_MACHINE(v2_12, "pc-q35-2.12", NULL,
      | ^~~~~~~~~~~~~~~~~~
  CC      ps4-softmmu/target/i386/translate.o
  CC      ps4-softmmu/target/i386/bpt_helper.o
  CC      ps4-softmmu/target/i386/cc_helper.o
  CC      ps4-softmmu/target/i386/excp_helper.o
  CC      ps4-softmmu/target/i386/fpu_helper.o
  CC      ps4-softmmu/target/i386/int_helper.o
  CC      ps4-softmmu/target/i386/mem_helper.o
  CC      ps4-softmmu/target/i386/misc_helper.o
  CC      ps4-softmmu/target/i386/mpx_helper.o
C:/Users/Syf/Desktop/BS4/orbital-500/orbital-qemu/hw/i386/acpi-build.c: In function 'acpi_setup':
C:/Users/Syf/Desktop/BS4/orbital-500/orbital-qemu/hw/i386/acpi-build.c:2923:9: warning: 'g_memdup' is deprecated: Use 'g_memdup2' instead [-Wdeprecated-declarations]
 2923 |         build_state->rsdp = g_memdup(tables.rsdp->data, rsdp_size);
      |         ^~~~~~~~~~~
In file included from C:/Users/Syf/Desktop/BS4/tools/msys64/msys64/mingw64/include/glib-2.0/glib/gstring.h:37,
                 from C:/Users/Syf/Desktop/BS4/tools/msys64/msys64/mingw64/include/glib-2.0/glib/giochannel.h:36,
                 from C:/Users/Syf/Desktop/BS4/tools/msys64/msys64/mingw64/include/glib-2.0/glib.h:56,
                 from C:/Users/Syf/Desktop/BS4/orbital-500/orbital-qemu/include/glib-compat.h:19,
                 from C:/Users/Syf/Desktop/BS4/orbital-500/orbital-qemu/include/qemu/osdep.h:107,
                 from C:/Users/Syf/Desktop/BS4/orbital-500/orbital-qemu/hw/i386/acpi-build.c:23:
C:/Users/Syf/Desktop/BS4/tools/msys64/msys64/mingw64/include/glib-2.0/glib/gstrfuncs.h:338:23: note: declared here
  338 | gpointer              g_memdup         (gconstpointer mem,
      |                       ^~~~~~~~
  CC      ps4-softmmu/target/i386/seg_helper.o
  CC      ps4-softmmu/target/i386/smm_helper.o
  CC      ps4-softmmu/target/i386/svm_helper.o
  CC      ps4-softmmu/target/i386/machine.o
  CC      ps4-softmmu/target/i386/arch_memory_mapping.o
  CC      ps4-softmmu/target/i386/arch_dump.o
  CC      ps4-softmmu/target/i386/monitor.o
  CC      ps4-softmmu/target/i386/kvm-stub.o
  CC      ps4-softmmu/target/i386/sev-stub.o
  CC      ps4-softmmu/target/i386/hax-all.o
  CC      ps4-softmmu/target/i386/hax-mem.o
  CC      ps4-softmmu/target/i386/hax-windows.o
  GEN     trace/generated-helpers.c
  CC      ps4-softmmu/trace/control-target.o
C:/Users/Syf/Desktop/BS4/orbital-500/orbital-qemu/scripts/tracetool/__init__.py:78: SyntaxWarning: "\*" is an invalid escape sequence. Such sequences will not work in the future. Did you mean "\\*"? A raw string is also an option.
  bit = re.sub("\*", "", bit)
C:/Users/Syf/Desktop/BS4/orbital-500/orbital-qemu/scripts/tracetool/__init__.py:205: SyntaxWarning: "\w" is an invalid escape sequence. Such sequences will not work in the future. Did you mean "\\w"? A raw string is also an option.
  _CRE = re.compile("((?P<props>[\w\s]+)\s+)?"
C:/Users/Syf/Desktop/BS4/orbital-500/orbital-qemu/scripts/tracetool/__init__.py:206: SyntaxWarning: "\w" is an invalid escape sequence. Such sequences will not work in the future. Did you mean "\\w"? A raw string is also an option.
  "(?P<name>\w+)"
C:/Users/Syf/Desktop/BS4/orbital-500/orbital-qemu/scripts/tracetool/__init__.py:207: SyntaxWarning: "\(" is an invalid escape sequence. Such sequences will not work in the future. Did you mean "\\("? A raw string is also an option.
  "\((?P<args>[^)]*)\)"
C:/Users/Syf/Desktop/BS4/orbital-500/orbital-qemu/scripts/tracetool/__init__.py:208: SyntaxWarning: "\s" is an invalid escape sequence. Such sequences will not work in the future. Did you mean "\\s"? A raw string is also an option.
  "\s*"
C:/Users/Syf/Desktop/BS4/orbital-500/orbital-qemu/scripts/tracetool/__init__.py:209: SyntaxWarning: "\s" is an invalid escape sequence. Such sequences will not work in the future. Did you mean "\\s"? A raw string is also an option.
  "(?:(?:(?P<fmt_trans>\".+),)?\s*(?P<fmt>\".+))?"
C:/Users/Syf/Desktop/BS4/orbital-500/orbital-qemu/scripts/tracetool/__init__.py:210: SyntaxWarning: "\s" is an invalid escape sequence. Such sequences will not work in the future. Did you mean "\\s"? A raw string is also an option.
  "\s*")
C:/Users/Syf/Desktop/BS4/orbital-500/orbital-qemu/scripts/tracetool/__init__.py:312: SyntaxWarning: "\d" is an invalid escape sequence. Such sequences will not work in the future. Did you mean "\\d"? A raw string is also an option.
  _FMT = re.compile("(%[\d\.]*\w+|%.*?PRI\S+)")
C:/Users/Syf/Desktop/BS4/orbital-500/orbital-qemu/scripts/tracetool/__init__.py:452: SyntaxWarning: "is" with 'int' literal. Did you mean "=="?
  if len(format) is 0:
C:/Users/Syf/Desktop/BS4/orbital-500/orbital-qemu/scripts/tracetool/__init__.py:457: SyntaxWarning: "is" with 'int' literal. Did you mean "=="?
  if len(backends) is 0:
  CC      ps4-softmmu/gdbstub-xml.o
  CC      ps4-softmmu/trace/generated-helpers.o
C:/Users/Syf/Desktop/BS4/orbital-500/orbital-qemu/target/i386/hax-all.c: In function 'hax_update_process_list':
C:/Users/Syf/Desktop/BS4/orbital-500/orbital-qemu/target/i386/hax-all.c:713:5: warning: implicit declaration of function 'orbital_update_cpu_procs_list_done'; did you mean 'orbital_update_cpu_procs_list_clear'? [-Wimplicit-function-declaration]
  713 |     orbital_update_cpu_procs_list_done();
      |     ^~~~~~~~~~~~~~~~~~~~~~~~~~~~~~~~~~
      |     orbital_update_cpu_procs_list_clear
C:/Users/Syf/Desktop/BS4/orbital-500/orbital-qemu/target/i386/hax-all.c:713:5: warning: nested extern declaration of 'orbital_update_cpu_procs_list_done' [-Wnested-externs]
C:/Users/Syf/Desktop/BS4/orbital-500/orbital-qemu/target/i386/hax-all.c: In function 'hax_vcpu_hax_exec':
C:/Users/Syf/Desktop/BS4/orbital-500/orbital-qemu/target/i386/hax-all.c:850:41: warning: taking address of packed member of 'struct hax_tunnel' may result in an unaligned pointer value [-Waddress-of-packed-member]
  850 |             ret = hax_handle_debug(cpu, &ht->debug);
      |                                         ^~~~~~~~~~
C:/Users/Syf/Desktop/BS4/orbital-500/orbital-qemu/target/i386/hax-all.c: At top level:
C:/Users/Syf/Desktop/BS4/orbital-500/orbital-qemu/target/i386/hax-all.c:607:13: warning: 'dump_bin' defined but not used [-Wunused-function]
  607 | static void dump_bin(const char *filename, const void* data, size_t size)
      |             ^~~~~~~~
C:/Users/Syf/Desktop/BS4/orbital-500/orbital-qemu/target/i386/hax-all.c:599:12: warning: 'makedir' defined but not used [-Wunused-function]
  599 | static int makedir(const char *path) {
      |            ^~~~~~~
C:/Users/Syf/Desktop/BS4/orbital-500/orbital-qemu/target/i386/hax-windows.c: In function 'hax_vm_devfs_string':
C:/Users/Syf/Desktop/BS4/orbital-500/orbital-qemu/target/i386/hax-windows.c:202:55: warning: '%02d' directive output may be truncated writing between 2 and 11 bytes into a region of size 3 [-Wformat-truncation=]
  202 |     snprintf(name, sizeof HAX_VM_DEVFS, "\\\\.\\hax_vm%02d", vm_id);
      |                                                       ^~~~
C:/Users/Syf/Desktop/BS4/orbital-500/orbital-qemu/target/i386/hax-windows.c:202:41: note: directive argument in the range [-2147483648, 64]
  202 |     snprintf(name, sizeof HAX_VM_DEVFS, "\\\\.\\hax_vm%02d", vm_id);
      |                                         ^~~~~~~~~~~~~~~~~~~
C:/Users/Syf/Desktop/BS4/orbital-500/orbital-qemu/target/i386/hax-windows.c:202:5: note: 'snprintf' output between 13 and 22 bytes into a destination of size 13
  202 |     snprintf(name, sizeof HAX_VM_DEVFS, "\\\\.\\hax_vm%02d", vm_id);
      |     ^~~~~~~~~~~~~~~~~~~~~~~~~~~~~~~~~~~~~~~~~~~~~~~~~~~~~~~~~~~~~~~
C:/Users/Syf/Desktop/BS4/orbital-500/orbital-qemu/target/i386/hax-windows.c: In function 'hax_vcpu_devfs_string':
C:/Users/Syf/Desktop/BS4/orbital-500/orbital-qemu/target/i386/hax-windows.c:221:57: warning: '%02d' directive output may be truncated writing between 2 and 11 bytes into a region of size 10 [-Wformat-truncation=]
  221 |     snprintf(name, sizeof HAX_VCPU_DEVFS, "\\\\.\\hax_vm%02d_vcpu%02d",
      |                                                         ^~~~
C:/Users/Syf/Desktop/BS4/orbital-500/orbital-qemu/target/i386/hax-windows.c:221:43: note: directive argument in the range [-2147483648, 64]
  221 |     snprintf(name, sizeof HAX_VCPU_DEVFS, "\\\\.\\hax_vm%02d_vcpu%02d",
      |                                           ^~~~~~~~~~~~~~~~~~~~~~~~~~~~
C:/Users/Syf/Desktop/BS4/orbital-500/orbital-qemu/target/i386/hax-windows.c:221:43: note: directive argument in the range [-2147483648, 64]
C:/Users/Syf/Desktop/BS4/orbital-500/orbital-qemu/target/i386/hax-windows.c:221:5: note: 'snprintf' output between 20 and 38 bytes into a destination of size 20
  221 |     snprintf(name, sizeof HAX_VCPU_DEVFS, "\\\\.\\hax_vm%02d_vcpu%02d",
      |     ^~~~~~~~~~~~~~~~~~~~~~~~~~~~~~~~~~~~~~~~~~~~~~~~~~~~~~~~~~~~~~~~~~~
  222 |              vm_id, vcpu_id);
      |              ~~~~~~~~~~~~~~~
  LINK    ps4-softmmu/qemu-system-ps4.exe
